timestamp,service_type,container_id,avg_p_latency,s_config,cores,rps,throughput,cooldown
2025-07-03 08:37:17.994390,elastic-workbench-qr-detector,elastic-workbench-qr-detector-1,26,"{'data_quality': 550, 'parallelism': 1}",2.67,-1,40,-1
2025-07-03 08:37:17.998084,elastic-workbench-cv-analyzer,elastic-workbench-cv-analyzer-1,475,"{'data_quality': 224, 'model_size': 3, 'parallelism': 1}",2.67,-1,1,-1
2025-07-03 08:37:18.004808,elastic-workbench-pc-visualizer,elastic-workbench-pc-visualizer-1,20,"{'data_quality': 30, 'model_size': 1, 'parallelism': 1}",2.67,-1,47,-1
2025-07-03 08:37:27.990156,elastic-workbench-qr-detector,elastic-workbench-qr-detector-1,28,"{'data_quality': 551, 'parallelism': 1}",1.71,-1,50,-1
2025-07-03 08:37:27.994276,elastic-workbench-cv-analyzer,elastic-workbench-cv-analyzer-1,189,"{'data_quality': 224, 'model_size': 2, 'parallelism': 1}",5.29,-1,4,-1
2025-07-03 08:37:28.001577,elastic-workbench-pc-visualizer,elastic-workbench-pc-visualizer-1,20,"{'data_quality': 40, 'model_size': 1, 'parallelism': 1}",1.0,-1,46,-1
2025-07-03 08:37:37.990999,elastic-workbench-qr-detector,elastic-workbench-qr-detector-1,26,"{'data_quality': 551, 'parallelism': 1}",1.82,-1,47,-1
2025-07-03 08:37:37.997302,elastic-workbench-cv-analyzer,elastic-workbench-cv-analyzer-1,220,"{'data_quality': 224, 'model_size': 2, 'parallelism': 1}",5.18,-1,4,-1
2025-07-03 08:37:38.001417,elastic-workbench-pc-visualizer,elastic-workbench-pc-visualizer-1,20,"{'data_quality': 40, 'model_size': 1, 'parallelism': 1}",1.0,-1,48,-1
2025-07-03 08:37:47.991525,elastic-workbench-qr-detector,elastic-workbench-qr-detector-1,26,"{'data_quality': 551, 'parallelism': 1}",1.79,-1,47,-1
2025-07-03 08:37:47.997637,elastic-workbench-cv-analyzer,elastic-workbench-cv-analyzer-1,214,"{'data_quality': 224, 'model_size': 2, 'parallelism': 1}",5.21,-1,4,-1
2025-07-03 08:37:48.001170,elastic-workbench-pc-visualizer,elastic-workbench-pc-visualizer-1,20,"{'data_quality': 40, 'model_size': 1, 'parallelism': 1}",1.0,-1,47,-1
2025-07-03 08:37:57.996437,elastic-workbench-qr-detector,elastic-workbench-qr-detector-1,25,"{'data_quality': 551, 'parallelism': 1}",1.79,-1,46,-1
2025-07-03 08:37:57.999404,elastic-workbench-cv-analyzer,elastic-workbench-cv-analyzer-1,229,"{'data_quality': 224, 'model_size': 2, 'parallelism': 1}",5.21,-1,4,-1
2025-07-03 08:37:58.002227,elastic-workbench-pc-visualizer,elastic-workbench-pc-visualizer-1,20,"{'data_quality': 40, 'model_size': 1, 'parallelism': 1}",1.0,-1,47,-1
2025-07-03 08:38:07.997436,elastic-workbench-qr-detector,elastic-workbench-qr-detector-1,26,"{'data_quality': 551, 'parallelism': 1}",1.76,-1,47,-1
2025-07-03 08:38:08.001471,elastic-workbench-cv-analyzer,elastic-workbench-cv-analyzer-1,173,"{'data_quality': 224, 'model_size': 2, 'parallelism': 1}",5.24,-1,4,-1
2025-07-03 08:38:08.004535,elastic-workbench-pc-visualizer,elastic-workbench-pc-visualizer-1,19,"{'data_quality': 40, 'model_size': 1, 'parallelism': 1}",1.0,-1,50,-1
2025-07-03 08:38:18.001545,elastic-workbench-qr-detector,elastic-workbench-qr-detector-1,26,"{'data_quality': 551, 'parallelism': 1}",1.77,-1,46,-1
2025-07-03 08:38:18.004596,elastic-workbench-cv-analyzer,elastic-workbench-cv-analyzer-1,211,"{'data_quality': 224, 'model_size': 2, 'parallelism': 1}",5.23,-1,4,-1
2025-07-03 08:38:18.007114,elastic-workbench-pc-visualizer,elastic-workbench-pc-visualizer-1,19,"{'data_quality': 40, 'model_size': 1, 'parallelism': 1}",1.0,-1,49,-1
2025-07-03 08:38:27.997492,elastic-workbench-qr-detector,elastic-workbench-qr-detector-1,28,"{'data_quality': 551, 'parallelism': 1}",1.74,-1,47,-1
2025-07-03 08:38:28.000549,elastic-workbench-cv-analyzer,elastic-workbench-cv-analyzer-1,164,"{'data_quality': 224, 'model_size': 2, 'parallelism': 1}",5.26,-1,5,-1
2025-07-03 08:38:28.003884,elastic-workbench-pc-visualizer,elastic-workbench-pc-visualizer-1,20,"{'data_quality': 40, 'model_size': 1, 'parallelism': 1}",1.0,-1,47,-1
2025-07-03 08:38:37.994513,elastic-workbench-qr-detector,elastic-workbench-qr-detector-1,27,"{'data_quality': 551, 'parallelism': 1}",1.75,-1,47,-1
2025-07-03 08:38:37.997865,elastic-workbench-cv-analyzer,elastic-workbench-cv-analyzer-1,218,"{'data_quality': 224, 'model_size': 2, 'parallelism': 1}",5.25,-1,4,-1
2025-07-03 08:38:38.001596,elastic-workbench-pc-visualizer,elastic-workbench-pc-visualizer-1,19,"{'data_quality': 40, 'model_size': 1, 'parallelism': 1}",1.0,-1,48,-1
2025-07-03 08:38:47.995161,elastic-workbench-qr-detector,elastic-workbench-qr-detector-1,27,"{'data_quality': 551, 'parallelism': 1}",1.72,-1,48,-1
2025-07-03 08:38:47.997921,elastic-workbench-cv-analyzer,elastic-workbench-cv-analyzer-1,161,"{'data_quality': 224, 'model_size': 2, 'parallelism': 1}",5.28,-1,5,-1
2025-07-03 08:38:48.001392,elastic-workbench-pc-visualizer,elastic-workbench-pc-visualizer-1,20,"{'data_quality': 40, 'model_size': 1, 'parallelism': 1}",1.0,-1,47,-1
2025-07-03 08:38:57.995828,elastic-workbench-qr-detector,elastic-workbench-qr-detector-1,28,"{'data_quality': 551, 'parallelism': 1}",1.74,-1,50,-1
2025-07-03 08:38:57.998745,elastic-workbench-cv-analyzer,elastic-workbench-cv-analyzer-1,165,"{'data_quality': 224, 'model_size': 2, 'parallelism': 1}",5.26,-1,4,-1
2025-07-03 08:38:58.015734,elastic-workbench-pc-visualizer,elastic-workbench-pc-visualizer-1,19,"{'data_quality': 40, 'model_size': 1, 'parallelism': 1}",1.0,-1,48,-1
2025-07-03 08:39:07.996575,elastic-workbench-qr-detector,elastic-workbench-qr-detector-1,27,"{'data_quality': 551, 'parallelism': 1}",1.73,-1,50,-1
2025-07-03 08:39:07.999678,elastic-workbench-cv-analyzer,elastic-workbench-cv-analyzer-1,177,"{'data_quality': 224, 'model_size': 2, 'parallelism': 1}",5.27,-1,4,-1
2025-07-03 08:39:08.006178,elastic-workbench-pc-visualizer,elastic-workbench-pc-visualizer-1,20,"{'data_quality': 40, 'model_size': 1, 'parallelism': 1}",1.0,-1,47,-1
2025-07-03 08:39:17.998035,elastic-workbench-qr-detector,elastic-workbench-qr-detector-1,27,"{'data_quality': 551, 'parallelism': 1}",1.73,-1,50,-1
2025-07-03 08:39:18.000911,elastic-workbench-cv-analyzer,elastic-workbench-cv-analyzer-1,169,"{'data_quality': 224, 'model_size': 2, 'parallelism': 1}",5.27,-1,4,-1
2025-07-03 08:39:18.005786,elastic-workbench-pc-visualizer,elastic-workbench-pc-visualizer-1,20,"{'data_quality': 40, 'model_size': 1, 'parallelism': 1}",1.0,-1,47,-1
2025-07-03 08:39:28.000660,elastic-workbench-qr-detector,elastic-workbench-qr-detector-1,28,"{'data_quality': 551, 'parallelism': 1}",1.7,-1,50,-1
2025-07-03 08:39:28.003584,elastic-workbench-cv-analyzer,elastic-workbench-cv-analyzer-1,261,"{'data_quality': 224, 'model_size': 2, 'parallelism': 1}",5.3,-1,3,-1
2025-07-03 08:39:28.013768,elastic-workbench-pc-visualizer,elastic-workbench-pc-visualizer-1,20,"{'data_quality': 40, 'model_size': 1, 'parallelism': 1}",1.0,-1,47,-1
2025-07-03 08:39:37.998536,elastic-workbench-qr-detector,elastic-workbench-qr-detector-1,29,"{'data_quality': 551, 'parallelism': 1}",1.73,-1,50,-1
2025-07-03 08:39:38.001387,elastic-workbench-cv-analyzer,elastic-workbench-cv-analyzer-1,156,"{'data_quality': 224, 'model_size': 2, 'parallelism': 1}",5.27,-1,5,-1
2025-07-03 08:39:38.008249,elastic-workbench-pc-visualizer,elastic-workbench-pc-visualizer-1,19,"{'data_quality': 40, 'model_size': 1, 'parallelism': 1}",1.0,-1,49,-1
2025-07-03 08:39:47.998614,elastic-workbench-qr-detector,elastic-workbench-qr-detector-1,28,"{'data_quality': 551, 'parallelism': 1}",1.74,-1,50,-1
2025-07-03 08:39:48.001398,elastic-workbench-cv-analyzer,elastic-workbench-cv-analyzer-1,277,"{'data_quality': 224, 'model_size': 2, 'parallelism': 1}",5.26,-1,3,-1
2025-07-03 08:39:48.013336,elastic-workbench-pc-visualizer,elastic-workbench-pc-visualizer-1,20,"{'data_quality': 40, 'model_size': 1, 'parallelism': 1}",1.0,-1,47,-1
2025-07-03 08:39:58.001949,elastic-workbench-qr-detector,elastic-workbench-qr-detector-1,28,"{'data_quality': 551, 'parallelism': 1}",1.7,-1,50,-1
2025-07-03 08:39:58.006277,elastic-workbench-cv-analyzer,elastic-workbench-cv-analyzer-1,202,"{'data_quality': 224, 'model_size': 2, 'parallelism': 1}",5.3,-1,4,-1
2025-07-03 08:39:58.024335,elastic-workbench-pc-visualizer,elastic-workbench-pc-visualizer-1,20,"{'data_quality': 40, 'model_size': 1, 'parallelism': 1}",1.0,-1,46,-1
2025-07-03 08:40:07.999985,elastic-workbench-qr-detector,elastic-workbench-qr-detector-1,28,"{'data_quality': 551, 'parallelism': 1}",1.74,-1,50,-1
2025-07-03 08:40:08.006996,elastic-workbench-cv-analyzer,elastic-workbench-cv-analyzer-1,197,"{'data_quality': 224, 'model_size': 2, 'parallelism': 1}",5.26,-1,4,-1
2025-07-03 08:40:08.015262,elastic-workbench-pc-visualizer,elastic-workbench-pc-visualizer-1,20,"{'data_quality': 40, 'model_size': 1, 'parallelism': 1}",1.0,-1,47,-1
2025-07-03 08:40:18.000208,elastic-workbench-qr-detector,elastic-workbench-qr-detector-1,27,"{'data_quality': 551, 'parallelism': 1}",1.71,-1,50,-1
2025-07-03 08:40:18.004885,elastic-workbench-cv-analyzer,elastic-workbench-cv-analyzer-1,175,"{'data_quality': 224, 'model_size': 2, 'parallelism': 1}",5.29,-1,5,-1
2025-07-03 08:40:18.017250,elastic-workbench-pc-visualizer,elastic-workbench-pc-visualizer-1,20,"{'data_quality': 40, 'model_size': 1, 'parallelism': 1}",1.0,-1,48,-1
2025-07-03 08:40:28.000774,elastic-workbench-qr-detector,elastic-workbench-qr-detector-1,28,"{'data_quality': 551, 'parallelism': 1}",1.71,-1,51,-1
2025-07-03 08:40:28.005685,elastic-workbench-cv-analyzer,elastic-workbench-cv-analyzer-1,169,"{'data_quality': 224, 'model_size': 2, 'parallelism': 1}",5.29,-1,5,-1
2025-07-03 08:40:28.019503,elastic-workbench-pc-visualizer,elastic-workbench-pc-visualizer-1,20,"{'data_quality': 40, 'model_size': 1, 'parallelism': 1}",1.0,-1,47,-1
2025-07-03 08:40:38.005009,elastic-workbench-qr-detector,elastic-workbench-qr-detector-1,26,"{'data_quality': 551, 'parallelism': 1}",1.72,-1,50,-1
2025-07-03 08:40:38.014905,elastic-workbench-cv-analyzer,elastic-workbench-cv-analyzer-1,146,"{'data_quality': 224, 'model_size': 2, 'parallelism': 1}",5.28,-1,5,-1
2025-07-03 08:40:38.019957,elastic-workbench-pc-visualizer,elastic-workbench-pc-visualizer-1,20,"{'data_quality': 40, 'model_size': 1, 'parallelism': 1}",1.0,-1,47,-1
2025-07-03 08:40:48.002900,elastic-workbench-qr-detector,elastic-workbench-qr-detector-1,27,"{'data_quality': 551, 'parallelism': 1}",1.72,-1,51,-1
2025-07-03 08:40:48.005792,elastic-workbench-cv-analyzer,elastic-workbench-cv-analyzer-1,169,"{'data_quality': 224, 'model_size': 2, 'parallelism': 1}",5.28,-1,4,-1
2025-07-03 08:40:48.015904,elastic-workbench-pc-visualizer,elastic-workbench-pc-visualizer-1,20,"{'data_quality': 40, 'model_size': 1, 'parallelism': 1}",1.0,-1,47,-1
2025-07-03 08:40:58.003907,elastic-workbench-qr-detector,elastic-workbench-qr-detector-1,27,"{'data_quality': 551, 'parallelism': 1}",1.72,-1,51,-1
2025-07-03 08:40:58.010302,elastic-workbench-cv-analyzer,elastic-workbench-cv-analyzer-1,171,"{'data_quality': 224, 'model_size': 2, 'parallelism': 1}",5.28,-1,4,-1
2025-07-03 08:40:58.017202,elastic-workbench-pc-visualizer,elastic-workbench-pc-visualizer-1,20,"{'data_quality': 40, 'model_size': 1, 'parallelism': 1}",1.0,-1,46,-1
2025-07-03 08:41:08.004876,elastic-workbench-qr-detector,elastic-workbench-qr-detector-1,28,"{'data_quality': 551, 'parallelism': 1}",1.71,-1,51,-1
2025-07-03 08:41:08.014248,elastic-workbench-cv-analyzer,elastic-workbench-cv-analyzer-1,177,"{'data_quality': 224, 'model_size': 2, 'parallelism': 1}",5.29,-1,4,-1
2025-07-03 08:41:08.027290,elastic-workbench-pc-visualizer,elastic-workbench-pc-visualizer-1,19,"{'data_quality': 40, 'model_size': 1, 'parallelism': 1}",1.0,-1,48,-1
2025-07-03 08:41:18.005400,elastic-workbench-qr-detector,elastic-workbench-qr-detector-1,28,"{'data_quality': 551, 'parallelism': 1}",1.72,-1,50,-1
2025-07-03 08:41:18.020264,elastic-workbench-cv-analyzer,elastic-workbench-cv-analyzer-1,184,"{'data_quality': 224, 'model_size': 2, 'parallelism': 1}",5.28,-1,4,-1
2025-07-03 08:41:18.025551,elastic-workbench-pc-visualizer,elastic-workbench-pc-visualizer-1,20,"{'data_quality': 40, 'model_size': 1, 'parallelism': 1}",1.0,-1,47,-1
2025-07-03 08:41:28.010361,elastic-workbench-qr-detector,elastic-workbench-qr-detector-1,28,"{'data_quality': 551, 'parallelism': 1}",1.7,-1,51,-1
2025-07-03 08:41:28.027930,elastic-workbench-cv-analyzer,elastic-workbench-cv-analyzer-1,179,"{'data_quality': 224, 'model_size': 2, 'parallelism': 1}",5.3,-1,4,-1
2025-07-03 08:41:28.034749,elastic-workbench-pc-visualizer,elastic-workbench-pc-visualizer-1,21,"{'data_quality': 40, 'model_size': 1, 'parallelism': 1}",1.0,-1,45,-1
2025-07-03 08:41:38.009380,elastic-workbench-qr-detector,elastic-workbench-qr-detector-1,28,"{'data_quality': 551, 'parallelism': 1}",1.69,-1,50,-1
2025-07-03 08:41:38.016386,elastic-workbench-cv-analyzer,elastic-workbench-cv-analyzer-1,184,"{'data_quality': 224, 'model_size': 2, 'parallelism': 1}",5.31,-1,4,-1
2025-07-03 08:41:38.020402,elastic-workbench-pc-visualizer,elastic-workbench-pc-visualizer-1,19,"{'data_quality': 40, 'model_size': 1, 'parallelism': 1}",1.0,-1,48,-1
2025-07-03 08:41:48.010343,elastic-workbench-qr-detector,elastic-workbench-qr-detector-1,28,"{'data_quality': 551, 'parallelism': 1}",1.68,-1,51,-1
2025-07-03 08:41:48.018781,elastic-workbench-cv-analyzer,elastic-workbench-cv-analyzer-1,189,"{'data_quality': 224, 'model_size': 2, 'parallelism': 1}",5.32,-1,4,-1
2025-07-03 08:41:48.022853,elastic-workbench-pc-visualizer,elastic-workbench-pc-visualizer-1,20,"{'data_quality': 40, 'model_size': 1, 'parallelism': 1}",1.0,-1,47,-1
2025-07-03 08:41:58.014324,elastic-workbench-qr-detector,elastic-workbench-qr-detector-1,28,"{'data_quality': 551, 'parallelism': 1}",1.7,-1,52,-1
2025-07-03 08:41:58.031212,elastic-workbench-cv-analyzer,elastic-workbench-cv-analyzer-1,196,"{'data_quality': 224, 'model_size': 2, 'parallelism': 1}",5.3,-1,4,-1
2025-07-03 08:41:58.034104,elastic-workbench-pc-visualizer,elastic-workbench-pc-visualizer-1,20,"{'data_quality': 40, 'model_size': 1, 'parallelism': 1}",1.0,-1,46,-1
2025-07-03 08:42:08.017317,elastic-workbench-qr-detector,elastic-workbench-qr-detector-1,27,"{'data_quality': 551, 'parallelism': 1}",1.7,-1,52,-1
2025-07-03 08:42:08.025548,elastic-workbench-cv-analyzer,elastic-workbench-cv-analyzer-1,170,"{'data_quality': 224, 'model_size': 2, 'parallelism': 1}",5.3,-1,5,-1
2025-07-03 08:42:08.031763,elastic-workbench-pc-visualizer,elastic-workbench-pc-visualizer-1,19,"{'data_quality': 40, 'model_size': 1, 'parallelism': 1}",1.0,-1,49,-1
2025-07-03 08:42:18.014881,elastic-workbench-qr-detector,elastic-workbench-qr-detector-1,27,"{'data_quality': 551, 'parallelism': 1}",1.69,-1,52,-1
2025-07-03 08:42:18.023122,elastic-workbench-cv-analyzer,elastic-workbench-cv-analyzer-1,252,"{'data_quality': 224, 'model_size': 2, 'parallelism': 1}",5.31,-1,3,-1
2025-07-03 08:42:18.026310,elastic-workbench-pc-visualizer,elastic-workbench-pc-visualizer-1,20,"{'data_quality': 40, 'model_size': 1, 'parallelism': 1}",1.0,-1,47,-1
2025-07-03 08:42:28.012027,elastic-workbench-qr-detector,elastic-workbench-qr-detector-1,28,"{'data_quality': 551, 'parallelism': 1}",1.69,-1,52,-1
2025-07-03 08:42:28.014859,elastic-workbench-cv-analyzer,elastic-workbench-cv-analyzer-1,181,"{'data_quality': 224, 'model_size': 2, 'parallelism': 1}",5.31,-1,4,-1
2025-07-03 08:42:28.024286,elastic-workbench-pc-visualizer,elastic-workbench-pc-visualizer-1,20,"{'data_quality': 40, 'model_size': 1, 'parallelism': 1}",1.0,-1,47,-1
2025-07-03 08:42:38.011485,elastic-workbench-qr-detector,elastic-workbench-qr-detector-1,28,"{'data_quality': 551, 'parallelism': 1}",1.69,-1,52,-1
2025-07-03 08:42:38.018463,elastic-workbench-cv-analyzer,elastic-workbench-cv-analyzer-1,284,"{'data_quality': 224, 'model_size': 2, 'parallelism': 1}",5.31,-1,3,-1
2025-07-03 08:42:38.023972,elastic-workbench-pc-visualizer,elastic-workbench-pc-visualizer-1,19,"{'data_quality': 40, 'model_size': 1, 'parallelism': 1}",1.0,-1,50,-1
2025-07-03 08:42:48.009723,elastic-workbench-qr-detector,elastic-workbench-qr-detector-1,27,"{'data_quality': 551, 'parallelism': 1}",1.69,-1,54,-1
2025-07-03 08:42:48.017529,elastic-workbench-cv-analyzer,elastic-workbench-cv-analyzer-1,168,"{'data_quality': 224, 'model_size': 2, 'parallelism': 1}",5.31,-1,5,-1
2025-07-03 08:42:48.020605,elastic-workbench-pc-visualizer,elastic-workbench-pc-visualizer-1,19,"{'data_quality': 40, 'model_size': 1, 'parallelism': 1}",1.0,-1,48,-1
2025-07-03 08:42:58.020424,elastic-workbench-qr-detector,elastic-workbench-qr-detector-1,28,"{'data_quality': 551, 'parallelism': 1}",1.68,-1,57,-1
2025-07-03 08:42:58.026222,elastic-workbench-cv-analyzer,elastic-workbench-cv-analyzer-1,207,"{'data_quality': 224, 'model_size': 2, 'parallelism': 1}",5.32,-1,5,-1
2025-07-03 08:42:58.029036,elastic-workbench-pc-visualizer,elastic-workbench-pc-visualizer-1,20,"{'data_quality': 40, 'model_size': 1, 'parallelism': 1}",1.0,-1,46,-1
2025-07-03 08:43:08.017306,elastic-workbench-qr-detector,elastic-workbench-qr-detector-1,28,"{'data_quality': 551, 'parallelism': 1}",1.71,-1,58,-1
2025-07-03 08:43:08.025709,elastic-workbench-cv-analyzer,elastic-workbench-cv-analyzer-1,169,"{'data_quality': 224, 'model_size': 2, 'parallelism': 1}",5.29,-1,5,-1
2025-07-03 08:43:08.030913,elastic-workbench-pc-visualizer,elastic-workbench-pc-visualizer-1,20,"{'data_quality': 40, 'model_size': 1, 'parallelism': 1}",1.0,-1,47,-1
2025-07-03 08:43:18.025074,elastic-workbench-qr-detector,elastic-workbench-qr-detector-1,27,"{'data_quality': 551, 'parallelism': 1}",1.73,-1,59,-1
2025-07-03 08:43:18.028726,elastic-workbench-cv-analyzer,elastic-workbench-cv-analyzer-1,170,"{'data_quality': 224, 'model_size': 2, 'parallelism': 1}",5.27,-1,5,-1
2025-07-03 08:43:18.033061,elastic-workbench-pc-visualizer,elastic-workbench-pc-visualizer-1,19,"{'data_quality': 40, 'model_size': 1, 'parallelism': 1}",1.0,-1,48,-1
2025-07-03 08:43:28.017738,elastic-workbench-qr-detector,elastic-workbench-qr-detector-1,27,"{'data_quality': 551, 'parallelism': 1}",1.74,-1,60,-1
2025-07-03 08:43:28.023266,elastic-workbench-cv-analyzer,elastic-workbench-cv-analyzer-1,191,"{'data_quality': 224, 'model_size': 2, 'parallelism': 1}",5.26,-1,4,-1
2025-07-03 08:43:28.027061,elastic-workbench-pc-visualizer,elastic-workbench-pc-visualizer-1,20,"{'data_quality': 40, 'model_size': 1, 'parallelism': 1}",1.0,-1,46,-1
2025-07-03 08:43:38.020533,elastic-workbench-qr-detector,elastic-workbench-qr-detector-1,27,"{'data_quality': 551, 'parallelism': 1}",1.73,-1,60,-1
2025-07-03 08:43:38.023096,elastic-workbench-cv-analyzer,elastic-workbench-cv-analyzer-1,175,"{'data_quality': 224, 'model_size': 2, 'parallelism': 1}",5.27,-1,5,-1
2025-07-03 08:43:38.030492,elastic-workbench-pc-visualizer,elastic-workbench-pc-visualizer-1,20,"{'data_quality': 40, 'model_size': 1, 'parallelism': 1}",1.0,-1,47,-1
2025-07-03 08:43:48.021304,elastic-workbench-qr-detector,elastic-workbench-qr-detector-1,27,"{'data_quality': 551, 'parallelism': 1}",1.73,-1,60,-1
2025-07-03 08:43:48.027787,elastic-workbench-cv-analyzer,elastic-workbench-cv-analyzer-1,178,"{'data_quality': 224, 'model_size': 2, 'parallelism': 1}",5.27,-1,5,-1
2025-07-03 08:43:48.033854,elastic-workbench-pc-visualizer,elastic-workbench-pc-visualizer-1,20,"{'data_quality': 40, 'model_size': 1, 'parallelism': 1}",1.0,-1,46,-1
2025-07-03 08:43:58.022421,elastic-workbench-qr-detector,elastic-workbench-qr-detector-1,27,"{'data_quality': 551, 'parallelism': 1}",1.74,-1,60,-1
2025-07-03 08:43:58.025199,elastic-workbench-cv-analyzer,elastic-workbench-cv-analyzer-1,151,"{'data_quality': 224, 'model_size': 2, 'parallelism': 1}",5.26,-1,5,-1
2025-07-03 08:43:58.030941,elastic-workbench-pc-visualizer,elastic-workbench-pc-visualizer-1,20,"{'data_quality': 40, 'model_size': 1, 'parallelism': 1}",1.0,-1,46,-1
2025-07-03 08:44:08.031048,elastic-workbench-qr-detector,elastic-workbench-qr-detector-1,26,"{'data_quality': 551, 'parallelism': 1}",1.74,-1,60,-1
2025-07-03 08:44:08.033869,elastic-workbench-cv-analyzer,elastic-workbench-cv-analyzer-1,180,"{'data_quality': 224, 'model_size': 2, 'parallelism': 1}",5.26,-1,4,-1
2025-07-03 08:44:08.043904,elastic-workbench-pc-visualizer,elastic-workbench-pc-visualizer-1,20,"{'data_quality': 40, 'model_size': 1, 'parallelism': 1}",1.0,-1,46,-1
2025-07-03 08:44:18.026292,elastic-workbench-qr-detector,elastic-workbench-qr-detector-1,27,"{'data_quality': 551, 'parallelism': 1}",1.74,-1,61,-1
2025-07-03 08:44:18.029194,elastic-workbench-cv-analyzer,elastic-workbench-cv-analyzer-1,196,"{'data_quality': 224, 'model_size': 2, 'parallelism': 1}",5.26,-1,4,-1
2025-07-03 08:44:18.033941,elastic-workbench-pc-visualizer,elastic-workbench-pc-visualizer-1,20,"{'data_quality': 40, 'model_size': 1, 'parallelism': 1}",1.0,-1,46,-1
2025-07-03 08:44:28.021997,elastic-workbench-qr-detector,elastic-workbench-qr-detector-1,27,"{'data_quality': 551, 'parallelism': 1}",1.74,-1,62,-1
2025-07-03 08:44:28.027603,elastic-workbench-cv-analyzer,elastic-workbench-cv-analyzer-1,227,"{'data_quality': 224, 'model_size': 2, 'parallelism': 1}",5.26,-1,4,-1
2025-07-03 08:44:28.034019,elastic-workbench-pc-visualizer,elastic-workbench-pc-visualizer-1,20,"{'data_quality': 40, 'model_size': 1, 'parallelism': 1}",1.0,-1,46,-1
2025-07-03 08:44:38.024131,elastic-workbench-qr-detector,elastic-workbench-qr-detector-1,27,"{'data_quality': 551, 'parallelism': 1}",1.75,-1,61,-1
2025-07-03 08:44:38.027858,elastic-workbench-cv-analyzer,elastic-workbench-cv-analyzer-1,219,"{'data_quality': 224, 'model_size': 2, 'parallelism': 1}",5.25,-1,4,-1
2025-07-03 08:44:38.036108,elastic-workbench-pc-visualizer,elastic-workbench-pc-visualizer-1,20,"{'data_quality': 40, 'model_size': 1, 'parallelism': 1}",1.0,-1,47,-1
2025-07-03 08:44:48.027794,elastic-workbench-qr-detector,elastic-workbench-qr-detector-1,27,"{'data_quality': 551, 'parallelism': 1}",1.72,-1,61,-1
2025-07-03 08:44:48.031694,elastic-workbench-cv-analyzer,elastic-workbench-cv-analyzer-1,201,"{'data_quality': 224, 'model_size': 2, 'parallelism': 1}",5.28,-1,4,-1
2025-07-03 08:44:48.034621,elastic-workbench-pc-visualizer,elastic-workbench-pc-visualizer-1,20,"{'data_quality': 40, 'model_size': 1, 'parallelism': 1}",1.0,-1,47,-1
2025-07-03 08:44:58.029318,elastic-workbench-qr-detector,elastic-workbench-qr-detector-1,27,"{'data_quality': 551, 'parallelism': 1}",1.73,-1,62,-1
2025-07-03 08:44:58.031869,elastic-workbench-cv-analyzer,elastic-workbench-cv-analyzer-1,162,"{'data_quality': 224, 'model_size': 2, 'parallelism': 1}",5.27,-1,5,-1
2025-07-03 08:44:58.038589,elastic-workbench-pc-visualizer,elastic-workbench-pc-visualizer-1,20,"{'data_quality': 40, 'model_size': 1, 'parallelism': 1}",1.0,-1,47,-1
2025-07-03 08:45:08.028597,elastic-workbench-qr-detector,elastic-workbench-qr-detector-1,27,"{'data_quality': 551, 'parallelism': 1}",1.73,-1,62,-1
2025-07-03 08:45:08.031264,elastic-workbench-cv-analyzer,elastic-workbench-cv-analyzer-1,170,"{'data_quality': 224, 'model_size': 2, 'parallelism': 1}",5.27,-1,4,-1
2025-07-03 08:45:08.036724,elastic-workbench-pc-visualizer,elastic-workbench-pc-visualizer-1,20,"{'data_quality': 40, 'model_size': 1, 'parallelism': 1}",1.0,-1,46,-1
2025-07-03 08:45:18.031315,elastic-workbench-qr-detector,elastic-workbench-qr-detector-1,27,"{'data_quality': 551, 'parallelism': 1}",1.72,-1,62,-1
2025-07-03 08:45:18.036792,elastic-workbench-cv-analyzer,elastic-workbench-cv-analyzer-1,171,"{'data_quality': 224, 'model_size': 2, 'parallelism': 1}",5.28,-1,5,-1
2025-07-03 08:45:18.042322,elastic-workbench-pc-visualizer,elastic-workbench-pc-visualizer-1,19,"{'data_quality': 40, 'model_size': 1, 'parallelism': 1}",1.0,-1,50,-1
2025-07-03 08:45:28.026847,elastic-workbench-qr-detector,elastic-workbench-qr-detector-1,28,"{'data_quality': 551, 'parallelism': 1}",1.73,-1,61,-1
2025-07-03 08:45:28.029688,elastic-workbench-cv-analyzer,elastic-workbench-cv-analyzer-1,156,"{'data_quality': 224, 'model_size': 2, 'parallelism': 1}",5.27,-1,5,-1
2025-07-03 08:45:28.041545,elastic-workbench-pc-visualizer,elastic-workbench-pc-visualizer-1,20,"{'data_quality': 40, 'model_size': 1, 'parallelism': 1}",1.0,-1,47,-1
2025-07-03 08:45:38.031149,elastic-workbench-qr-detector,elastic-workbench-qr-detector-1,28,"{'data_quality': 551, 'parallelism': 1}",1.71,-1,61,-1
2025-07-03 08:45:38.033683,elastic-workbench-cv-analyzer,elastic-workbench-cv-analyzer-1,191,"{'data_quality': 224, 'model_size': 2, 'parallelism': 1}",5.29,-1,4,-1
2025-07-03 08:45:38.040459,elastic-workbench-pc-visualizer,elastic-workbench-pc-visualizer-1,19,"{'data_quality': 40, 'model_size': 1, 'parallelism': 1}",1.0,-1,48,-1
2025-07-03 08:45:48.032014,elastic-workbench-qr-detector,elastic-workbench-qr-detector-1,28,"{'data_quality': 551, 'parallelism': 1}",1.71,-1,60,-1
2025-07-03 08:45:48.034808,elastic-workbench-cv-analyzer,elastic-workbench-cv-analyzer-1,221,"{'data_quality': 224, 'model_size': 2, 'parallelism': 1}",5.29,-1,4,-1
2025-07-03 08:45:48.041923,elastic-workbench-pc-visualizer,elastic-workbench-pc-visualizer-1,20,"{'data_quality': 40, 'model_size': 1, 'parallelism': 1}",1.0,-1,46,-1
2025-07-03 08:45:58.037086,elastic-workbench-qr-detector,elastic-workbench-qr-detector-1,28,"{'data_quality': 551, 'parallelism': 1}",1.7,-1,60,-1
2025-07-03 08:45:58.039956,elastic-workbench-cv-analyzer,elastic-workbench-cv-analyzer-1,246,"{'data_quality': 224, 'model_size': 2, 'parallelism': 1}",5.3,-1,3,-1
2025-07-03 08:45:58.046071,elastic-workbench-pc-visualizer,elastic-workbench-pc-visualizer-1,20,"{'data_quality': 40, 'model_size': 1, 'parallelism': 1}",1.0,-1,46,-1
2025-07-03 08:46:08.038895,elastic-workbench-qr-detector,elastic-workbench-qr-detector-1,28,"{'data_quality': 551, 'parallelism': 1}",1.69,-1,61,-1
2025-07-03 08:46:08.041814,elastic-workbench-cv-analyzer,elastic-workbench-cv-analyzer-1,178,"{'data_quality': 224, 'model_size': 2, 'parallelism': 1}",5.31,-1,5,-1
2025-07-03 08:46:08.048370,elastic-workbench-pc-visualizer,elastic-workbench-pc-visualizer-1,20,"{'data_quality': 40, 'model_size': 1, 'parallelism': 1}",1.0,-1,47,-1
2025-07-03 08:46:18.034595,elastic-workbench-qr-detector,elastic-workbench-qr-detector-1,27,"{'data_quality': 551, 'parallelism': 1}",1.72,-1,60,-1
2025-07-03 08:46:18.037695,elastic-workbench-cv-analyzer,elastic-workbench-cv-analyzer-1,186,"{'data_quality': 224, 'model_size': 2, 'parallelism': 1}",5.28,-1,5,-1
2025-07-03 08:46:18.044497,elastic-workbench-pc-visualizer,elastic-workbench-pc-visualizer-1,20,"{'data_quality': 40, 'model_size': 1, 'parallelism': 1}",1.0,-1,46,-1
2025-07-03 08:46:28.037078,elastic-workbench-qr-detector,elastic-workbench-qr-detector-1,28,"{'data_quality': 551, 'parallelism': 1}",1.7,-1,60,-1
2025-07-03 08:46:28.040702,elastic-workbench-cv-analyzer,elastic-workbench-cv-analyzer-1,186,"{'data_quality': 224, 'model_size': 2, 'parallelism': 1}",5.3,-1,4,-1
2025-07-03 08:46:28.045387,elastic-workbench-pc-visualizer,elastic-workbench-pc-visualizer-1,20,"{'data_quality': 40, 'model_size': 1, 'parallelism': 1}",1.0,-1,47,-1
2025-07-03 08:46:38.039150,elastic-workbench-qr-detector,elastic-workbench-qr-detector-1,28,"{'data_quality': 551, 'parallelism': 1}",1.7,-1,60,-1
2025-07-03 08:46:38.045307,elastic-workbench-cv-analyzer,elastic-workbench-cv-analyzer-1,250,"{'data_quality': 224, 'model_size': 2, 'parallelism': 1}",5.3,-1,4,-1
2025-07-03 08:46:38.048803,elastic-workbench-pc-visualizer,elastic-workbench-pc-visualizer-1,21,"{'data_quality': 40, 'model_size': 1, 'parallelism': 1}",1.0,-1,46,-1
2025-07-03 08:46:48.042300,elastic-workbench-qr-detector,elastic-workbench-qr-detector-1,28,"{'data_quality': 551, 'parallelism': 1}",1.69,-1,63,-1
2025-07-03 08:46:48.048640,elastic-workbench-cv-analyzer,elastic-workbench-cv-analyzer-1,201,"{'data_quality': 224, 'model_size': 2, 'parallelism': 1}",5.31,-1,4,-1
2025-07-03 08:46:48.051800,elastic-workbench-pc-visualizer,elastic-workbench-pc-visualizer-1,21,"{'data_quality': 40, 'model_size': 1, 'parallelism': 1}",1.0,-1,46,-1
2025-07-03 08:46:58.038675,elastic-workbench-qr-detector,elastic-workbench-qr-detector-1,27,"{'data_quality': 551, 'parallelism': 1}",1.73,-1,63,-1
2025-07-03 08:46:58.046075,elastic-workbench-cv-analyzer,elastic-workbench-cv-analyzer-1,242,"{'data_quality': 224, 'model_size': 2, 'parallelism': 1}",5.27,-1,3,-1
2025-07-03 08:46:58.048642,elastic-workbench-pc-visualizer,elastic-workbench-pc-visualizer-1,20,"{'data_quality': 40, 'model_size': 1, 'parallelism': 1}",1.0,-1,48,-1
2025-07-03 08:47:08.039110,elastic-workbench-qr-detector,elastic-workbench-qr-detector-1,27,"{'data_quality': 551, 'parallelism': 1}",1.73,-1,65,-1
2025-07-03 08:47:08.047478,elastic-workbench-cv-analyzer,elastic-workbench-cv-analyzer-1,235,"{'data_quality': 224, 'model_size': 2, 'parallelism': 1}",5.27,-1,4,-1
2025-07-03 08:47:08.050687,elastic-workbench-pc-visualizer,elastic-workbench-pc-visualizer-1,20,"{'data_quality': 40, 'model_size': 1, 'parallelism': 1}",1.0,-1,47,-1
2025-07-03 08:47:18.041731,elastic-workbench-qr-detector,elastic-workbench-qr-detector-1,27,"{'data_quality': 551, 'parallelism': 1}",1.75,-1,66,-1
2025-07-03 08:47:18.047882,elastic-workbench-cv-analyzer,elastic-workbench-cv-analyzer-1,225,"{'data_quality': 224, 'model_size': 2, 'parallelism': 1}",5.25,-1,4,-1
2025-07-03 08:47:18.052713,elastic-workbench-pc-visualizer,elastic-workbench-pc-visualizer-1,21,"{'data_quality': 40, 'model_size': 1, 'parallelism': 1}",1.0,-1,46,-1
2025-07-03 08:47:28.039983,elastic-workbench-qr-detector,elastic-workbench-qr-detector-1,27,"{'data_quality': 551, 'parallelism': 1}",1.75,-1,66,-1
2025-07-03 08:47:28.049723,elastic-workbench-cv-analyzer,elastic-workbench-cv-analyzer-1,176,"{'data_quality': 224, 'model_size': 2, 'parallelism': 1}",5.25,-1,4,-1
2025-07-03 08:47:28.053167,elastic-workbench-pc-visualizer,elastic-workbench-pc-visualizer-1,21,"{'data_quality': 40, 'model_size': 1, 'parallelism': 1}",1.0,-1,46,-1
2025-07-03 08:47:38.045251,elastic-workbench-qr-detector,elastic-workbench-qr-detector-1,27,"{'data_quality': 551, 'parallelism': 1}",1.75,-1,66,-1
2025-07-03 08:47:38.050840,elastic-workbench-cv-analyzer,elastic-workbench-cv-analyzer-1,191,"{'data_quality': 224, 'model_size': 2, 'parallelism': 1}",5.25,-1,5,-1
2025-07-03 08:47:38.053796,elastic-workbench-pc-visualizer,elastic-workbench-pc-visualizer-1,20,"{'data_quality': 40, 'model_size': 1, 'parallelism': 1}",1.0,-1,48,-1
2025-07-03 08:47:48.048324,elastic-workbench-qr-detector,elastic-workbench-qr-detector-1,28,"{'data_quality': 551, 'parallelism': 1}",1.74,-1,67,-1
2025-07-03 08:47:48.051481,elastic-workbench-cv-analyzer,elastic-workbench-cv-analyzer-1,272,"{'data_quality': 224, 'model_size': 2, 'parallelism': 1}",5.26,-1,3,-1
2025-07-03 08:47:48.054402,elastic-workbench-pc-visualizer,elastic-workbench-pc-visualizer-1,20,"{'data_quality': 40, 'model_size': 1, 'parallelism': 1}",1.0,-1,47,-1
2025-07-03 08:47:58.048845,elastic-workbench-qr-detector,elastic-workbench-qr-detector-1,27,"{'data_quality': 551, 'parallelism': 1}",1.76,-1,68,-1
2025-07-03 08:47:58.051929,elastic-workbench-cv-analyzer,elastic-workbench-cv-analyzer-1,240,"{'data_quality': 224, 'model_size': 2, 'parallelism': 1}",5.24,-1,4,-1
2025-07-03 08:47:58.054518,elastic-workbench-pc-visualizer,elastic-workbench-pc-visualizer-1,20,"{'data_quality': 40, 'model_size': 1, 'parallelism': 1}",1.0,-1,47,-1
2025-07-03 08:48:08.043726,elastic-workbench-qr-detector,elastic-workbench-qr-detector-1,27,"{'data_quality': 551, 'parallelism': 1}",1.77,-1,67,-1
2025-07-03 08:48:08.049768,elastic-workbench-cv-analyzer,elastic-workbench-cv-analyzer-1,182,"{'data_quality': 224, 'model_size': 2, 'parallelism': 1}",5.23,-1,5,-1
2025-07-03 08:48:08.053457,elastic-workbench-pc-visualizer,elastic-workbench-pc-visualizer-1,20,"{'data_quality': 40, 'model_size': 1, 'parallelism': 1}",1.0,-1,46,-1
2025-07-03 08:48:18.047335,elastic-workbench-qr-detector,elastic-workbench-qr-detector-1,26,"{'data_quality': 551, 'parallelism': 1}",1.75,-1,66,-1
2025-07-03 08:48:18.050086,elastic-workbench-cv-analyzer,elastic-workbench-cv-analyzer-1,191,"{'data_quality': 224, 'model_size': 2, 'parallelism': 1}",5.25,-1,4,-1
2025-07-03 08:48:18.052902,elastic-workbench-pc-visualizer,elastic-workbench-pc-visualizer-1,20,"{'data_quality': 40, 'model_size': 1, 'parallelism': 1}",1.0,-1,47,-1
2025-07-03 08:48:28.047230,elastic-workbench-qr-detector,elastic-workbench-qr-detector-1,27,"{'data_quality': 551, 'parallelism': 1}",1.75,-1,65,-1
2025-07-03 08:48:28.050718,elastic-workbench-cv-analyzer,elastic-workbench-cv-analyzer-1,250,"{'data_quality': 224, 'model_size': 2, 'parallelism': 1}",5.25,-1,4,-1
2025-07-03 08:48:28.056581,elastic-workbench-pc-visualizer,elastic-workbench-pc-visualizer-1,20,"{'data_quality': 40, 'model_size': 1, 'parallelism': 1}",1.0,-1,47,-1
2025-07-03 08:48:38.046443,elastic-workbench-qr-detector,elastic-workbench-qr-detector-1,27,"{'data_quality': 551, 'parallelism': 1}",1.75,-1,66,-1
2025-07-03 08:48:38.050268,elastic-workbench-cv-analyzer,elastic-workbench-cv-analyzer-1,146,"{'data_quality': 224, 'model_size': 2, 'parallelism': 1}",5.25,-1,6,-1
2025-07-03 08:48:38.054708,elastic-workbench-pc-visualizer,elastic-workbench-pc-visualizer-1,20,"{'data_quality': 40, 'model_size': 1, 'parallelism': 1}",1.0,-1,46,-1
2025-07-03 08:48:48.045929,elastic-workbench-qr-detector,elastic-workbench-qr-detector-1,27,"{'data_quality': 551, 'parallelism': 1}",1.74,-1,66,-1
2025-07-03 08:48:48.048851,elastic-workbench-cv-analyzer,elastic-workbench-cv-analyzer-1,132,"{'data_quality': 224, 'model_size': 2, 'parallelism': 1}",5.26,-1,6,-1
2025-07-03 08:48:48.054346,elastic-workbench-pc-visualizer,elastic-workbench-pc-visualizer-1,21,"{'data_quality': 40, 'model_size': 1, 'parallelism': 1}",1.0,-1,46,-1
2025-07-03 08:48:58.048851,elastic-workbench-qr-detector,elastic-workbench-qr-detector-1,28,"{'data_quality': 551, 'parallelism': 1}",1.74,-1,66,-1
2025-07-03 08:48:58.054862,elastic-workbench-cv-analyzer,elastic-workbench-cv-analyzer-1,156,"{'data_quality': 224, 'model_size': 2, 'parallelism': 1}",5.26,-1,5,-1
2025-07-03 08:48:58.058141,elastic-workbench-pc-visualizer,elastic-workbench-pc-visualizer-1,20,"{'data_quality': 40, 'model_size': 1, 'parallelism': 1}",1.0,-1,47,-1
2025-07-03 08:49:08.050191,elastic-workbench-qr-detector,elastic-workbench-qr-detector-1,28,"{'data_quality': 551, 'parallelism': 1}",1.74,-1,66,-1
2025-07-03 08:49:08.055070,elastic-workbench-cv-analyzer,elastic-workbench-cv-analyzer-1,194,"{'data_quality': 224, 'model_size': 2, 'parallelism': 1}",5.26,-1,4,-1
2025-07-03 08:49:08.058003,elastic-workbench-pc-visualizer,elastic-workbench-pc-visualizer-1,20,"{'data_quality': 40, 'model_size': 1, 'parallelism': 1}",1.0,-1,47,-1
2025-07-03 08:49:18.051805,elastic-workbench-qr-detector,elastic-workbench-qr-detector-1,27,"{'data_quality': 551, 'parallelism': 1}",1.75,-1,66,-1
2025-07-03 08:49:18.054783,elastic-workbench-cv-analyzer,elastic-workbench-cv-analyzer-1,203,"{'data_quality': 224, 'model_size': 2, 'parallelism': 1}",5.25,-1,4,-1
2025-07-03 08:49:18.057547,elastic-workbench-pc-visualizer,elastic-workbench-pc-visualizer-1,20,"{'data_quality': 40, 'model_size': 1, 'parallelism': 1}",1.0,-1,46,-1
2025-07-03 08:49:28.051952,elastic-workbench-qr-detector,elastic-workbench-qr-detector-1,28,"{'data_quality': 551, 'parallelism': 1}",1.76,-1,69,-1
2025-07-03 08:49:28.054916,elastic-workbench-cv-analyzer,elastic-workbench-cv-analyzer-1,181,"{'data_quality': 224, 'model_size': 2, 'parallelism': 1}",5.24,-1,5,-1
2025-07-03 08:49:28.057912,elastic-workbench-pc-visualizer,elastic-workbench-pc-visualizer-1,19,"{'data_quality': 40, 'model_size': 1, 'parallelism': 1}",1.0,-1,50,-1
2025-07-03 08:49:38.051067,elastic-workbench-qr-detector,elastic-workbench-qr-detector-1,27,"{'data_quality': 551, 'parallelism': 1}",1.78,-1,69,-1
2025-07-03 08:49:38.054254,elastic-workbench-cv-analyzer,elastic-workbench-cv-analyzer-1,206,"{'data_quality': 224, 'model_size': 2, 'parallelism': 1}",5.22,-1,4,-1
2025-07-03 08:49:38.057041,elastic-workbench-pc-visualizer,elastic-workbench-pc-visualizer-1,19,"{'data_quality': 40, 'model_size': 1, 'parallelism': 1}",1.0,-1,49,-1
2025-07-03 08:49:48.050009,elastic-workbench-qr-detector,elastic-workbench-qr-detector-1,27,"{'data_quality': 551, 'parallelism': 1}",1.77,-1,69,-1
2025-07-03 08:49:48.052934,elastic-workbench-cv-analyzer,elastic-workbench-cv-analyzer-1,212,"{'data_quality': 224, 'model_size': 2, 'parallelism': 1}",5.23,-1,4,-1
2025-07-03 08:49:48.056027,elastic-workbench-pc-visualizer,elastic-workbench-pc-visualizer-1,20,"{'data_quality': 40, 'model_size': 1, 'parallelism': 1}",1.0,-1,48,-1
2025-07-03 08:49:58.050878,elastic-workbench-qr-detector,elastic-workbench-qr-detector-1,28,"{'data_quality': 551, 'parallelism': 1}",1.76,-1,68,-1
2025-07-03 08:49:58.054175,elastic-workbench-cv-analyzer,elastic-workbench-cv-analyzer-1,173,"{'data_quality': 224, 'model_size': 2, 'parallelism': 1}",5.24,-1,5,-1
2025-07-03 08:49:58.057693,elastic-workbench-pc-visualizer,elastic-workbench-pc-visualizer-1,20,"{'data_quality': 40, 'model_size': 1, 'parallelism': 1}",1.0,-1,47,-1
2025-07-03 08:50:08.051700,elastic-workbench-qr-detector,elastic-workbench-qr-detector-1,28,"{'data_quality': 551, 'parallelism': 1}",1.77,-1,67,-1
2025-07-03 08:50:08.054572,elastic-workbench-cv-analyzer,elastic-workbench-cv-analyzer-1,244,"{'data_quality': 224, 'model_size': 2, 'parallelism': 1}",5.23,-1,4,-1
2025-07-03 08:50:08.057198,elastic-workbench-pc-visualizer,elastic-workbench-pc-visualizer-1,19,"{'data_quality': 40, 'model_size': 1, 'parallelism': 1}",1.0,-1,50,-1
2025-07-03 08:50:18.051582,elastic-workbench-qr-detector,elastic-workbench-qr-detector-1,28,"{'data_quality': 551, 'parallelism': 1}",1.77,-1,68,-1
2025-07-03 08:50:18.054777,elastic-workbench-cv-analyzer,elastic-workbench-cv-analyzer-1,177,"{'data_quality': 224, 'model_size': 2, 'parallelism': 1}",5.23,-1,5,-1
2025-07-03 08:50:18.057658,elastic-workbench-pc-visualizer,elastic-workbench-pc-visualizer-1,21,"{'data_quality': 40, 'model_size': 1, 'parallelism': 1}",1.0,-1,45,-1
2025-07-03 08:50:28.052937,elastic-workbench-qr-detector,elastic-workbench-qr-detector-1,28,"{'data_quality': 551, 'parallelism': 1}",1.77,-1,66,-1
2025-07-03 08:50:28.056029,elastic-workbench-cv-analyzer,elastic-workbench-cv-analyzer-1,213,"{'data_quality': 224, 'model_size': 2, 'parallelism': 1}",5.23,-1,4,-1
2025-07-03 08:50:28.061698,elastic-workbench-pc-visualizer,elastic-workbench-pc-visualizer-1,20,"{'data_quality': 40, 'model_size': 1, 'parallelism': 1}",1.0,-1,46,-1
2025-07-03 08:50:38.053207,elastic-workbench-qr-detector,elastic-workbench-qr-detector-1,27,"{'data_quality': 551, 'parallelism': 1}",1.77,-1,70,-1
2025-07-03 08:50:38.056250,elastic-workbench-cv-analyzer,elastic-workbench-cv-analyzer-1,211,"{'data_quality': 224, 'model_size': 2, 'parallelism': 1}",5.23,-1,4,-1
2025-07-03 08:50:38.061933,elastic-workbench-pc-visualizer,elastic-workbench-pc-visualizer-1,20,"{'data_quality': 40, 'model_size': 1, 'parallelism': 1}",1.0,-1,46,-1
2025-07-03 08:50:48.053477,elastic-workbench-qr-detector,elastic-workbench-qr-detector-1,27,"{'data_quality': 551, 'parallelism': 1}",1.78,-1,69,-1
2025-07-03 08:50:48.059310,elastic-workbench-cv-analyzer,elastic-workbench-cv-analyzer-1,165,"{'data_quality': 224, 'model_size': 2, 'parallelism': 1}",5.22,-1,5,-1
2025-07-03 08:50:48.063243,elastic-workbench-pc-visualizer,elastic-workbench-pc-visualizer-1,20,"{'data_quality': 40, 'model_size': 1, 'parallelism': 1}",1.0,-1,47,-1
2025-07-03 08:50:58.054147,elastic-workbench-qr-detector,elastic-workbench-qr-detector-1,27,"{'data_quality': 551, 'parallelism': 1}",1.77,-1,70,-1
2025-07-03 08:50:58.059939,elastic-workbench-cv-analyzer,elastic-workbench-cv-analyzer-1,161,"{'data_quality': 224, 'model_size': 2, 'parallelism': 1}",5.23,-1,5,-1
2025-07-03 08:50:58.062918,elastic-workbench-pc-visualizer,elastic-workbench-pc-visualizer-1,20,"{'data_quality': 40, 'model_size': 1, 'parallelism': 1}",1.0,-1,47,-1
2025-07-03 08:51:08.056352,elastic-workbench-qr-detector,elastic-workbench-qr-detector-1,28,"{'data_quality': 551, 'parallelism': 1}",1.77,-1,67,-1
2025-07-03 08:51:08.059976,elastic-workbench-cv-analyzer,elastic-workbench-cv-analyzer-1,175,"{'data_quality': 224, 'model_size': 2, 'parallelism': 1}",5.23,-1,5,-1
2025-07-03 08:51:08.062885,elastic-workbench-pc-visualizer,elastic-workbench-pc-visualizer-1,20,"{'data_quality': 40, 'model_size': 1, 'parallelism': 1}",1.0,-1,48,-1
2025-07-03 08:51:18.060081,elastic-workbench-qr-detector,elastic-workbench-qr-detector-1,28,"{'data_quality': 551, 'parallelism': 1}",1.76,-1,67,-1
2025-07-03 08:51:18.063205,elastic-workbench-cv-analyzer,elastic-workbench-cv-analyzer-1,180,"{'data_quality': 224, 'model_size': 2, 'parallelism': 1}",5.24,-1,5,-1
2025-07-03 08:51:18.066087,elastic-workbench-pc-visualizer,elastic-workbench-pc-visualizer-1,20,"{'data_quality': 40, 'model_size': 1, 'parallelism': 1}",1.0,-1,47,-1
2025-07-03 08:51:28.055172,elastic-workbench-qr-detector,elastic-workbench-qr-detector-1,28,"{'data_quality': 551, 'parallelism': 1}",1.78,-1,68,-1
2025-07-03 08:51:28.057900,elastic-workbench-cv-analyzer,elastic-workbench-cv-analyzer-1,249,"{'data_quality': 224, 'model_size': 2, 'parallelism': 1}",5.22,-1,3,-1
2025-07-03 08:51:28.061403,elastic-workbench-pc-visualizer,elastic-workbench-pc-visualizer-1,20,"{'data_quality': 40, 'model_size': 1, 'parallelism': 1}",1.0,-1,47,-1
2025-07-03 08:51:38.055934,elastic-workbench-qr-detector,elastic-workbench-qr-detector-1,28,"{'data_quality': 551, 'parallelism': 1}",1.79,-1,69,-1
2025-07-03 08:51:38.058798,elastic-workbench-cv-analyzer,elastic-workbench-cv-analyzer-1,160,"{'data_quality': 224, 'model_size': 2, 'parallelism': 1}",5.21,-1,5,-1
2025-07-03 08:51:38.061913,elastic-workbench-pc-visualizer,elastic-workbench-pc-visualizer-1,21,"{'data_quality': 40, 'model_size': 1, 'parallelism': 1}",1.0,-1,46,-1
2025-07-03 08:51:48.056992,elastic-workbench-qr-detector,elastic-workbench-qr-detector-1,27,"{'data_quality': 551, 'parallelism': 1}",1.82,-1,71,-1
2025-07-03 08:51:48.059751,elastic-workbench-cv-analyzer,elastic-workbench-cv-analyzer-1,187,"{'data_quality': 224, 'model_size': 2, 'parallelism': 1}",5.18,-1,4,-1
2025-07-03 08:51:48.062574,elastic-workbench-pc-visualizer,elastic-workbench-pc-visualizer-1,21,"{'data_quality': 40, 'model_size': 1, 'parallelism': 1}",1.0,-1,46,-1
2025-07-03 08:51:58.058106,elastic-workbench-qr-detector,elastic-workbench-qr-detector-1,27,"{'data_quality': 551, 'parallelism': 1}",1.83,-1,71,-1
2025-07-03 08:51:58.064259,elastic-workbench-cv-analyzer,elastic-workbench-cv-analyzer-1,194,"{'data_quality': 224, 'model_size': 2, 'parallelism': 1}",5.17,-1,4,-1
2025-07-03 08:51:58.067588,elastic-workbench-pc-visualizer,elastic-workbench-pc-visualizer-1,18,"{'data_quality': 40, 'model_size': 1, 'parallelism': 1}",1.0,-1,50,-1
2025-07-03 08:52:08.058688,elastic-workbench-qr-detector,elastic-workbench-qr-detector-1,28,"{'data_quality': 551, 'parallelism': 1}",1.83,-1,69,-1
2025-07-03 08:52:08.064638,elastic-workbench-cv-analyzer,elastic-workbench-cv-analyzer-1,113,"{'data_quality': 224, 'model_size': 1, 'parallelism': 1}",5.17,-1,7,-1
2025-07-03 08:52:08.067444,elastic-workbench-pc-visualizer,elastic-workbench-pc-visualizer-1,20,"{'data_quality': 40, 'model_size': 1, 'parallelism': 1}",1.0,-1,48,-1
2025-07-03 08:52:18.058985,elastic-workbench-qr-detector,elastic-workbench-qr-detector-1,27,"{'data_quality': 551, 'parallelism': 1}",1.86,-1,70,-1
2025-07-03 08:52:18.062161,elastic-workbench-cv-analyzer,elastic-workbench-cv-analyzer-1,108,"{'data_quality': 224, 'model_size': 1, 'parallelism': 1}",5.14,-1,7,-1
2025-07-03 08:52:18.069487,elastic-workbench-pc-visualizer,elastic-workbench-pc-visualizer-1,20,"{'data_quality': 40, 'model_size': 1, 'parallelism': 1}",1.0,-1,47,-1
2025-07-03 08:52:28.059515,elastic-workbench-qr-detector,elastic-workbench-qr-detector-1,27,"{'data_quality': 551, 'parallelism': 1}",1.85,-1,71,-1
2025-07-03 08:52:28.062454,elastic-workbench-cv-analyzer,elastic-workbench-cv-analyzer-1,119,"{'data_quality': 224, 'model_size': 1, 'parallelism': 1}",5.15,-1,7,-1
2025-07-03 08:52:28.069899,elastic-workbench-pc-visualizer,elastic-workbench-pc-visualizer-1,19,"{'data_quality': 40, 'model_size': 1, 'parallelism': 1}",1.0,-1,50,-1
2025-07-03 08:52:38.059584,elastic-workbench-qr-detector,elastic-workbench-qr-detector-1,27,"{'data_quality': 551, 'parallelism': 1}",1.84,-1,71,-1
2025-07-03 08:52:38.062433,elastic-workbench-cv-analyzer,elastic-workbench-cv-analyzer-1,102,"{'data_quality': 224, 'model_size': 1, 'parallelism': 1}",5.16,-1,8,-1
2025-07-03 08:52:38.068778,elastic-workbench-pc-visualizer,elastic-workbench-pc-visualizer-1,20,"{'data_quality': 40, 'model_size': 1, 'parallelism': 1}",1.0,-1,47,-1
2025-07-03 08:52:48.063696,elastic-workbench-qr-detector,elastic-workbench-qr-detector-1,28,"{'data_quality': 551, 'parallelism': 1}",1.84,-1,69,-1
2025-07-03 08:52:48.066408,elastic-workbench-cv-analyzer,elastic-workbench-cv-analyzer-1,118,"{'data_quality': 224, 'model_size': 1, 'parallelism': 1}",5.16,-1,7,-1
2025-07-03 08:52:48.072205,elastic-workbench-pc-visualizer,elastic-workbench-pc-visualizer-1,19,"{'data_quality': 40, 'model_size': 1, 'parallelism': 1}",1.0,-1,49,-1
2025-07-03 08:52:58.064144,elastic-workbench-qr-detector,elastic-workbench-qr-detector-1,26,"{'data_quality': 551, 'parallelism': 1}",1.86,-1,71,-1
2025-07-03 08:52:58.067338,elastic-workbench-cv-analyzer,elastic-workbench-cv-analyzer-1,144,"{'data_quality': 224, 'model_size': 1, 'parallelism': 1}",5.14,-1,6,-1
2025-07-03 08:52:58.074310,elastic-workbench-pc-visualizer,elastic-workbench-pc-visualizer-1,19,"{'data_quality': 40, 'model_size': 1, 'parallelism': 1}",1.0,-1,49,-1
2025-07-03 08:53:08.064912,elastic-workbench-qr-detector,elastic-workbench-qr-detector-1,27,"{'data_quality': 551, 'parallelism': 1}",1.86,-1,70,-1
2025-07-03 08:53:08.067889,elastic-workbench-cv-analyzer,elastic-workbench-cv-analyzer-1,91,"{'data_quality': 224, 'model_size': 1, 'parallelism': 1}",5.14,-1,8,-1
2025-07-03 08:53:08.078023,elastic-workbench-pc-visualizer,elastic-workbench-pc-visualizer-1,20,"{'data_quality': 40, 'model_size': 1, 'parallelism': 1}",1.0,-1,48,-1
2025-07-03 08:53:18.064716,elastic-workbench-qr-detector,elastic-workbench-qr-detector-1,27,"{'data_quality': 551, 'parallelism': 1}",1.87,-1,71,-1
2025-07-03 08:53:18.070475,elastic-workbench-cv-analyzer,elastic-workbench-cv-analyzer-1,122,"{'data_quality': 224, 'model_size': 1, 'parallelism': 1}",5.13,-1,7,-1
2025-07-03 08:53:18.073367,elastic-workbench-pc-visualizer,elastic-workbench-pc-visualizer-1,19,"{'data_quality': 40, 'model_size': 1, 'parallelism': 1}",1.0,-1,49,-1
2025-07-03 08:53:28.065617,elastic-workbench-qr-detector,elastic-workbench-qr-detector-1,27,"{'data_quality': 551, 'parallelism': 1}",1.87,-1,70,-1
2025-07-03 08:53:28.072423,elastic-workbench-cv-analyzer,elastic-workbench-cv-analyzer-1,92,"{'data_quality': 224, 'model_size': 1, 'parallelism': 1}",5.13,-1,7,-1
2025-07-03 08:53:28.075521,elastic-workbench-pc-visualizer,elastic-workbench-pc-visualizer-1,19,"{'data_quality': 40, 'model_size': 1, 'parallelism': 1}",1.0,-1,49,-1
2025-07-03 08:53:38.065999,elastic-workbench-qr-detector,elastic-workbench-qr-detector-1,26,"{'data_quality': 551, 'parallelism': 1}",1.88,-1,73,-1
2025-07-03 08:53:38.069774,elastic-workbench-cv-analyzer,elastic-workbench-cv-analyzer-1,117,"{'data_quality': 224, 'model_size': 1, 'parallelism': 1}",5.12,-1,7,-1
2025-07-03 08:53:38.074336,elastic-workbench-pc-visualizer,elastic-workbench-pc-visualizer-1,19,"{'data_quality': 40, 'model_size': 1, 'parallelism': 1}",1.0,-1,48,-1
2025-07-03 08:53:48.066895,elastic-workbench-qr-detector,elastic-workbench-qr-detector-1,27,"{'data_quality': 551, 'parallelism': 1}",1.88,-1,71,-1
2025-07-03 08:53:48.073219,elastic-workbench-cv-analyzer,elastic-workbench-cv-analyzer-1,91,"{'data_quality': 224, 'model_size': 1, 'parallelism': 1}",5.12,-1,8,-1
2025-07-03 08:53:48.075946,elastic-workbench-pc-visualizer,elastic-workbench-pc-visualizer-1,19,"{'data_quality': 40, 'model_size': 1, 'parallelism': 1}",1.0,-1,49,-1
2025-07-03 08:53:58.067216,elastic-workbench-qr-detector,elastic-workbench-qr-detector-1,26,"{'data_quality': 551, 'parallelism': 1}",1.87,-1,72,-1
2025-07-03 08:53:58.072067,elastic-workbench-cv-analyzer,elastic-workbench-cv-analyzer-1,112,"{'data_quality': 224, 'model_size': 1, 'parallelism': 1}",5.13,-1,7,-1
2025-07-03 08:53:58.074944,elastic-workbench-pc-visualizer,elastic-workbench-pc-visualizer-1,19,"{'data_quality': 40, 'model_size': 1, 'parallelism': 1}",1.0,-1,49,-1
2025-07-03 08:54:08.067778,elastic-workbench-qr-detector,elastic-workbench-qr-detector-1,27,"{'data_quality': 551, 'parallelism': 1}",1.88,-1,72,-1
2025-07-03 08:54:08.076917,elastic-workbench-cv-analyzer,elastic-workbench-cv-analyzer-1,99,"{'data_quality': 224, 'model_size': 1, 'parallelism': 1}",5.12,-1,7,-1
2025-07-03 08:54:08.079847,elastic-workbench-pc-visualizer,elastic-workbench-pc-visualizer-1,20,"{'data_quality': 40, 'model_size': 1, 'parallelism': 1}",1.0,-1,47,-1
2025-07-03 08:54:18.070850,elastic-workbench-qr-detector,elastic-workbench-qr-detector-1,27,"{'data_quality': 551, 'parallelism': 1}",1.89,-1,72,-1
2025-07-03 08:54:18.074092,elastic-workbench-cv-analyzer,elastic-workbench-cv-analyzer-1,117,"{'data_quality': 224, 'model_size': 1, 'parallelism': 1}",5.11,-1,7,-1
2025-07-03 08:54:18.076981,elastic-workbench-pc-visualizer,elastic-workbench-pc-visualizer-1,19,"{'data_quality': 40, 'model_size': 1, 'parallelism': 1}",1.0,-1,49,-1
2025-07-03 08:54:28.071484,elastic-workbench-qr-detector,elastic-workbench-qr-detector-1,27,"{'data_quality': 551, 'parallelism': 1}",1.87,-1,70,-1
2025-07-03 08:54:28.077996,elastic-workbench-cv-analyzer,elastic-workbench-cv-analyzer-1,90,"{'data_quality': 224, 'model_size': 1, 'parallelism': 1}",5.13,-1,8,-1
2025-07-03 08:54:28.080851,elastic-workbench-pc-visualizer,elastic-workbench-pc-visualizer-1,20,"{'data_quality': 40, 'model_size': 1, 'parallelism': 1}",1.0,-1,46,-1
2025-07-03 08:54:38.069660,elastic-workbench-qr-detector,elastic-workbench-qr-detector-1,27,"{'data_quality': 551, 'parallelism': 1}",1.87,-1,70,-1
2025-07-03 08:54:38.073082,elastic-workbench-cv-analyzer,elastic-workbench-cv-analyzer-1,109,"{'data_quality': 224, 'model_size': 1, 'parallelism': 1}",5.13,-1,7,-1
2025-07-03 08:54:38.076654,elastic-workbench-pc-visualizer,elastic-workbench-pc-visualizer-1,19,"{'data_quality': 40, 'model_size': 1, 'parallelism': 1}",1.0,-1,50,-1
2025-07-03 08:54:48.070598,elastic-workbench-qr-detector,elastic-workbench-qr-detector-1,27,"{'data_quality': 551, 'parallelism': 1}",1.87,-1,72,-1
2025-07-03 08:54:48.073583,elastic-workbench-cv-analyzer,elastic-workbench-cv-analyzer-1,112,"{'data_quality': 224, 'model_size': 1, 'parallelism': 1}",5.13,-1,7,-1
2025-07-03 08:54:48.076142,elastic-workbench-pc-visualizer,elastic-workbench-pc-visualizer-1,20,"{'data_quality': 40, 'model_size': 1, 'parallelism': 1}",1.0,-1,47,-1
2025-07-03 08:54:58.075278,elastic-workbench-qr-detector,elastic-workbench-qr-detector-1,27,"{'data_quality': 551, 'parallelism': 1}",1.86,-1,71,-1
2025-07-03 08:54:58.078080,elastic-workbench-cv-analyzer,elastic-workbench-cv-analyzer-1,145,"{'data_quality': 224, 'model_size': 1, 'parallelism': 1}",5.14,-1,6,-1
2025-07-03 08:54:58.080580,elastic-workbench-pc-visualizer,elastic-workbench-pc-visualizer-1,19,"{'data_quality': 40, 'model_size': 1, 'parallelism': 1}",1.0,-1,49,-1
2025-07-03 08:55:08.072436,elastic-workbench-qr-detector,elastic-workbench-qr-detector-1,27,"{'data_quality': 551, 'parallelism': 1}",1.86,-1,70,-1
2025-07-03 08:55:08.075654,elastic-workbench-cv-analyzer,elastic-workbench-cv-analyzer-1,100,"{'data_quality': 224, 'model_size': 1, 'parallelism': 1}",5.14,-1,7,-1
2025-07-03 08:55:08.078450,elastic-workbench-pc-visualizer,elastic-workbench-pc-visualizer-1,20,"{'data_quality': 40, 'model_size': 1, 'parallelism': 1}",1.0,-1,47,-1
2025-07-03 08:55:18.073316,elastic-workbench-qr-detector,elastic-workbench-qr-detector-1,28,"{'data_quality': 551, 'parallelism': 1}",1.87,-1,70,-1
2025-07-03 08:55:18.076805,elastic-workbench-cv-analyzer,elastic-workbench-cv-analyzer-1,99,"{'data_quality': 224, 'model_size': 1, 'parallelism': 1}",5.13,-1,7,-1
2025-07-03 08:55:18.079679,elastic-workbench-pc-visualizer,elastic-workbench-pc-visualizer-1,19,"{'data_quality': 40, 'model_size': 1, 'parallelism': 1}",1.0,-1,49,-1
2025-07-03 08:55:28.076135,elastic-workbench-qr-detector,elastic-workbench-qr-detector-1,27,"{'data_quality': 551, 'parallelism': 1}",1.88,-1,72,-1
2025-07-03 08:55:28.079751,elastic-workbench-cv-analyzer,elastic-workbench-cv-analyzer-1,88,"{'data_quality': 224, 'model_size': 1, 'parallelism': 1}",5.12,-1,8,-1
2025-07-03 08:55:28.084133,elastic-workbench-pc-visualizer,elastic-workbench-pc-visualizer-1,19,"{'data_quality': 40, 'model_size': 1, 'parallelism': 1}",1.0,-1,47,-1
2025-07-03 08:55:38.074224,elastic-workbench-qr-detector,elastic-workbench-qr-detector-1,28,"{'data_quality': 551, 'parallelism': 1}",1.88,-1,69,-1
2025-07-03 08:55:38.077114,elastic-workbench-cv-analyzer,elastic-workbench-cv-analyzer-1,100,"{'data_quality': 224, 'model_size': 1, 'parallelism': 1}",5.12,-1,7,-1
2025-07-03 08:55:38.080331,elastic-workbench-pc-visualizer,elastic-workbench-pc-visualizer-1,20,"{'data_quality': 40, 'model_size': 1, 'parallelism': 1}",1.0,-1,46,-1
2025-07-03 08:55:48.075643,elastic-workbench-qr-detector,elastic-workbench-qr-detector-1,28,"{'data_quality': 551, 'parallelism': 1}",1.9,-1,69,-1
2025-07-03 08:55:48.079012,elastic-workbench-cv-analyzer,elastic-workbench-cv-analyzer-1,99,"{'data_quality': 224, 'model_size': 1, 'parallelism': 1}",5.1,-1,8,-1
2025-07-03 08:55:48.082643,elastic-workbench-pc-visualizer,elastic-workbench-pc-visualizer-1,20,"{'data_quality': 40, 'model_size': 1, 'parallelism': 1}",1.0,-1,46,-1
2025-07-03 08:55:58.075690,elastic-workbench-qr-detector,elastic-workbench-qr-detector-1,27,"{'data_quality': 551, 'parallelism': 1}",1.91,-1,72,-1
2025-07-03 08:55:58.078482,elastic-workbench-cv-analyzer,elastic-workbench-cv-analyzer-1,116,"{'data_quality': 224, 'model_size': 1, 'parallelism': 1}",5.09,-1,7,-1
2025-07-03 08:55:58.086531,elastic-workbench-pc-visualizer,elastic-workbench-pc-visualizer-1,20,"{'data_quality': 40, 'model_size': 1, 'parallelism': 1}",1.0,-1,46,-1
2025-07-03 08:56:08.080183,elastic-workbench-qr-detector,elastic-workbench-qr-detector-1,26,"{'data_quality': 551, 'parallelism': 1}",1.91,-1,73,-1
2025-07-03 08:56:08.083106,elastic-workbench-cv-analyzer,elastic-workbench-cv-analyzer-1,123,"{'data_quality': 224, 'model_size': 1, 'parallelism': 1}",5.09,-1,7,-1
2025-07-03 08:56:08.089344,elastic-workbench-pc-visualizer,elastic-workbench-pc-visualizer-1,19,"{'data_quality': 40, 'model_size': 1, 'parallelism': 1}",1.0,-1,48,-1
2025-07-03 08:56:18.078752,elastic-workbench-qr-detector,elastic-workbench-qr-detector-1,26,"{'data_quality': 551, 'parallelism': 1}",1.92,-1,74,-1
2025-07-03 08:56:18.082229,elastic-workbench-cv-analyzer,elastic-workbench-cv-analyzer-1,101,"{'data_quality': 224, 'model_size': 1, 'parallelism': 1}",5.08,-1,7,-1
2025-07-03 08:56:18.088774,elastic-workbench-pc-visualizer,elastic-workbench-pc-visualizer-1,20,"{'data_quality': 40, 'model_size': 1, 'parallelism': 1}",1.0,-1,47,-1
2025-07-03 08:56:28.079296,elastic-workbench-qr-detector,elastic-workbench-qr-detector-1,27,"{'data_quality': 551, 'parallelism': 1}",1.92,-1,72,-1
2025-07-03 08:56:28.082147,elastic-workbench-cv-analyzer,elastic-workbench-cv-analyzer-1,89,"{'data_quality': 224, 'model_size': 1, 'parallelism': 1}",5.08,-1,8,-1
2025-07-03 08:56:28.088646,elastic-workbench-pc-visualizer,elastic-workbench-pc-visualizer-1,20,"{'data_quality': 40, 'model_size': 1, 'parallelism': 1}",1.0,-1,48,-1
2025-07-03 08:56:38.080932,elastic-workbench-qr-detector,elastic-workbench-qr-detector-1,27,"{'data_quality': 551, 'parallelism': 1}",1.91,-1,71,-1
2025-07-03 08:56:38.084162,elastic-workbench-cv-analyzer,elastic-workbench-cv-analyzer-1,117,"{'data_quality': 224, 'model_size': 1, 'parallelism': 1}",5.09,-1,7,-1
2025-07-03 08:56:38.088768,elastic-workbench-pc-visualizer,elastic-workbench-pc-visualizer-1,20,"{'data_quality': 40, 'model_size': 1, 'parallelism': 1}",1.0,-1,46,-1
2025-07-03 08:56:48.082183,elastic-workbench-qr-detector,elastic-workbench-qr-detector-1,26,"{'data_quality': 551, 'parallelism': 1}",1.93,-1,73,-1
2025-07-03 08:56:48.085796,elastic-workbench-cv-analyzer,elastic-workbench-cv-analyzer-1,114,"{'data_quality': 224, 'model_size': 1, 'parallelism': 1}",5.07,-1,7,-1
2025-07-03 08:56:48.088384,elastic-workbench-pc-visualizer,elastic-workbench-pc-visualizer-1,20,"{'data_quality': 40, 'model_size': 1, 'parallelism': 1}",1.0,-1,46,-1
2025-07-03 08:56:58.080865,elastic-workbench-qr-detector,elastic-workbench-qr-detector-1,26,"{'data_quality': 551, 'parallelism': 1}",1.94,-1,73,-1
2025-07-03 08:56:58.083669,elastic-workbench-cv-analyzer,elastic-workbench-cv-analyzer-1,139,"{'data_quality': 224, 'model_size': 1, 'parallelism': 1}",5.06,-1,6,-1
2025-07-03 08:56:58.089388,elastic-workbench-pc-visualizer,elastic-workbench-pc-visualizer-1,20,"{'data_quality': 40, 'model_size': 1, 'parallelism': 1}",1.0,-1,46,-1
2025-07-03 08:57:08.081259,elastic-workbench-qr-detector,elastic-workbench-qr-detector-1,26,"{'data_quality': 551, 'parallelism': 1}",1.93,-1,73,-1
2025-07-03 08:57:08.085307,elastic-workbench-cv-analyzer,elastic-workbench-cv-analyzer-1,71,"{'data_quality': 224, 'model_size': 1, 'parallelism': 1}",5.07,-1,8,-1
2025-07-03 08:57:08.088511,elastic-workbench-pc-visualizer,elastic-workbench-pc-visualizer-1,20,"{'data_quality': 40, 'model_size': 1, 'parallelism': 1}",1.0,-1,47,-1
2025-07-03 08:57:18.081643,elastic-workbench-qr-detector,elastic-workbench-qr-detector-1,26,"{'data_quality': 551, 'parallelism': 1}",1.91,-1,72,-1
2025-07-03 08:57:18.084702,elastic-workbench-cv-analyzer,elastic-workbench-cv-analyzer-1,118,"{'data_quality': 224, 'model_size': 1, 'parallelism': 1}",5.09,-1,6,-1
2025-07-03 08:57:18.090781,elastic-workbench-pc-visualizer,elastic-workbench-pc-visualizer-1,20,"{'data_quality': 40, 'model_size': 1, 'parallelism': 1}",1.0,-1,46,-1
2025-07-03 08:57:28.082562,elastic-workbench-qr-detector,elastic-workbench-qr-detector-1,26,"{'data_quality': 551, 'parallelism': 1}",1.91,-1,73,-1
2025-07-03 08:57:28.085519,elastic-workbench-cv-analyzer,elastic-workbench-cv-analyzer-1,111,"{'data_quality': 224, 'model_size': 1, 'parallelism': 1}",5.09,-1,7,-1
2025-07-03 08:57:28.091897,elastic-workbench-pc-visualizer,elastic-workbench-pc-visualizer-1,20,"{'data_quality': 40, 'model_size': 1, 'parallelism': 1}",1.0,-1,47,-1
2025-07-03 08:57:38.082804,elastic-workbench-qr-detector,elastic-workbench-qr-detector-1,26,"{'data_quality': 551, 'parallelism': 1}",1.91,-1,73,-1
2025-07-03 08:57:38.085642,elastic-workbench-cv-analyzer,elastic-workbench-cv-analyzer-1,131,"{'data_quality': 224, 'model_size': 1, 'parallelism': 1}",5.09,-1,7,-1
2025-07-03 08:57:38.092952,elastic-workbench-pc-visualizer,elastic-workbench-pc-visualizer-1,19,"{'data_quality': 40, 'model_size': 1, 'parallelism': 1}",1.0,-1,48,-1
2025-07-03 08:57:48.083200,elastic-workbench-qr-detector,elastic-workbench-qr-detector-1,26,"{'data_quality': 551, 'parallelism': 1}",1.93,-1,74,-1
2025-07-03 08:57:48.086738,elastic-workbench-cv-analyzer,elastic-workbench-cv-analyzer-1,84,"{'data_quality': 224, 'model_size': 1, 'parallelism': 1}",5.07,-1,8,-1
2025-07-03 08:57:48.093152,elastic-workbench-pc-visualizer,elastic-workbench-pc-visualizer-1,19,"{'data_quality': 40, 'model_size': 1, 'parallelism': 1}",1.0,-1,49,-1
2025-07-03 08:57:58.083690,elastic-workbench-qr-detector,elastic-workbench-qr-detector-1,27,"{'data_quality': 551, 'parallelism': 1}",1.93,-1,71,-1
2025-07-03 08:57:58.086528,elastic-workbench-cv-analyzer,elastic-workbench-cv-analyzer-1,83,"{'data_quality': 224, 'model_size': 1, 'parallelism': 1}",5.07,-1,7,-1
2025-07-03 08:57:58.089106,elastic-workbench-pc-visualizer,elastic-workbench-pc-visualizer-1,20,"{'data_quality': 40, 'model_size': 1, 'parallelism': 1}",1.0,-1,47,-1
2025-07-03 08:58:08.085236,elastic-workbench-qr-detector,elastic-workbench-qr-detector-1,27,"{'data_quality': 551, 'parallelism': 1}",1.93,-1,71,-1
2025-07-03 08:58:08.088430,elastic-workbench-cv-analyzer,elastic-workbench-cv-analyzer-1,95,"{'data_quality': 224, 'model_size': 1, 'parallelism': 1}",5.07,-1,7,-1
2025-07-03 08:58:08.094561,elastic-workbench-pc-visualizer,elastic-workbench-pc-visualizer-1,20,"{'data_quality': 40, 'model_size': 1, 'parallelism': 1}",1.0,-1,47,-1
2025-07-03 08:58:18.086404,elastic-workbench-qr-detector,elastic-workbench-qr-detector-1,26,"{'data_quality': 551, 'parallelism': 1}",1.92,-1,73,-1
2025-07-03 08:58:18.089253,elastic-workbench-cv-analyzer,elastic-workbench-cv-analyzer-1,126,"{'data_quality': 224, 'model_size': 1, 'parallelism': 1}",5.08,-1,6,-1
2025-07-03 08:58:18.092307,elastic-workbench-pc-visualizer,elastic-workbench-pc-visualizer-1,20,"{'data_quality': 40, 'model_size': 1, 'parallelism': 1}",1.0,-1,46,-1
2025-07-03 08:58:28.087209,elastic-workbench-qr-detector,elastic-workbench-qr-detector-1,25,"{'data_quality': 551, 'parallelism': 1}",1.94,-1,75,-1
2025-07-03 08:58:28.089808,elastic-workbench-cv-analyzer,elastic-workbench-cv-analyzer-1,121,"{'data_quality': 224, 'model_size': 1, 'parallelism': 1}",5.06,-1,7,-1
2025-07-03 08:58:28.092287,elastic-workbench-pc-visualizer,elastic-workbench-pc-visualizer-1,20,"{'data_quality': 40, 'model_size': 1, 'parallelism': 1}",1.0,-1,47,-1
2025-07-03 08:58:38.087240,elastic-workbench-qr-detector,elastic-workbench-qr-detector-1,25,"{'data_quality': 551, 'parallelism': 1}",1.95,-1,75,-1
2025-07-03 08:58:38.090010,elastic-workbench-cv-analyzer,elastic-workbench-cv-analyzer-1,116,"{'data_quality': 224, 'model_size': 1, 'parallelism': 1}",5.05,-1,7,-1
2025-07-03 08:58:38.092574,elastic-workbench-pc-visualizer,elastic-workbench-pc-visualizer-1,20,"{'data_quality': 40, 'model_size': 1, 'parallelism': 1}",1.0,-1,47,-1
2025-07-03 08:58:48.087278,elastic-workbench-qr-detector,elastic-workbench-qr-detector-1,26,"{'data_quality': 551, 'parallelism': 1}",1.96,-1,74,-1
2025-07-03 08:58:48.091898,elastic-workbench-cv-analyzer,elastic-workbench-cv-analyzer-1,88,"{'data_quality': 224, 'model_size': 1, 'parallelism': 1}",5.04,-1,8,-1
2025-07-03 08:58:48.098675,elastic-workbench-pc-visualizer,elastic-workbench-pc-visualizer-1,20,"{'data_quality': 40, 'model_size': 1, 'parallelism': 1}",1.0,-1,47,-1
2025-07-03 08:58:58.088173,elastic-workbench-qr-detector,elastic-workbench-qr-detector-1,26,"{'data_quality': 551, 'parallelism': 1}",1.96,-1,74,-1
2025-07-03 08:58:58.091072,elastic-workbench-cv-analyzer,elastic-workbench-cv-analyzer-1,101,"{'data_quality': 224, 'model_size': 1, 'parallelism': 1}",5.04,-1,8,-1
2025-07-03 08:58:58.094235,elastic-workbench-pc-visualizer,elastic-workbench-pc-visualizer-1,20,"{'data_quality': 40, 'model_size': 1, 'parallelism': 1}",1.0,-1,48,-1
2025-07-03 08:59:08.088826,elastic-workbench-qr-detector,elastic-workbench-qr-detector-1,25,"{'data_quality': 551, 'parallelism': 1}",1.96,-1,75,-1
2025-07-03 08:59:08.091752,elastic-workbench-cv-analyzer,elastic-workbench-cv-analyzer-1,152,"{'data_quality': 224, 'model_size': 1, 'parallelism': 1}",5.04,-1,6,-1
2025-07-03 08:59:08.094601,elastic-workbench-pc-visualizer,elastic-workbench-pc-visualizer-1,20,"{'data_quality': 40, 'model_size': 1, 'parallelism': 1}",1.0,-1,47,-1
2025-07-03 08:59:18.090460,elastic-workbench-qr-detector,elastic-workbench-qr-detector-1,25,"{'data_quality': 551, 'parallelism': 1}",1.96,-1,76,-1
2025-07-03 08:59:18.093461,elastic-workbench-cv-analyzer,elastic-workbench-cv-analyzer-1,97,"{'data_quality': 224, 'model_size': 1, 'parallelism': 1}",5.04,-1,8,-1
2025-07-03 08:59:18.096734,elastic-workbench-pc-visualizer,elastic-workbench-pc-visualizer-1,19,"{'data_quality': 40, 'model_size': 1, 'parallelism': 1}",1.0,-1,49,-1
2025-07-03 08:59:28.090592,elastic-workbench-qr-detector,elastic-workbench-qr-detector-1,25,"{'data_quality': 551, 'parallelism': 1}",1.96,-1,76,-1
2025-07-03 08:59:28.093521,elastic-workbench-cv-analyzer,elastic-workbench-cv-analyzer-1,101,"{'data_quality': 224, 'model_size': 1, 'parallelism': 1}",5.04,-1,8,-1
2025-07-03 08:59:28.096147,elastic-workbench-pc-visualizer,elastic-workbench-pc-visualizer-1,20,"{'data_quality': 40, 'model_size': 1, 'parallelism': 1}",1.0,-1,47,-1
2025-07-03 08:59:38.091693,elastic-workbench-qr-detector,elastic-workbench-qr-detector-1,25,"{'data_quality': 551, 'parallelism': 1}",1.96,-1,74,-1
2025-07-03 08:59:38.094724,elastic-workbench-cv-analyzer,elastic-workbench-cv-analyzer-1,103,"{'data_quality': 224, 'model_size': 1, 'parallelism': 1}",5.04,-1,8,-1
2025-07-03 08:59:38.100608,elastic-workbench-pc-visualizer,elastic-workbench-pc-visualizer-1,20,"{'data_quality': 40, 'model_size': 1, 'parallelism': 1}",1.0,-1,47,-1
2025-07-03 08:59:48.092086,elastic-workbench-qr-detector,elastic-workbench-qr-detector-1,25,"{'data_quality': 551, 'parallelism': 1}",1.95,-1,75,-1
2025-07-03 08:59:48.094931,elastic-workbench-cv-analyzer,elastic-workbench-cv-analyzer-1,141,"{'data_quality': 224, 'model_size': 1, 'parallelism': 1}",5.05,-1,6,-1
2025-07-03 08:59:48.101565,elastic-workbench-pc-visualizer,elastic-workbench-pc-visualizer-1,20,"{'data_quality': 40, 'model_size': 1, 'parallelism': 1}",1.0,-1,46,-1
2025-07-03 08:59:58.094992,elastic-workbench-qr-detector,elastic-workbench-qr-detector-1,26,"{'data_quality': 551, 'parallelism': 1}",1.95,-1,75,-1
2025-07-03 08:59:58.097914,elastic-workbench-cv-analyzer,elastic-workbench-cv-analyzer-1,97,"{'data_quality': 224, 'model_size': 1, 'parallelism': 1}",5.05,-1,8,-1
2025-07-03 08:59:58.100537,elastic-workbench-pc-visualizer,elastic-workbench-pc-visualizer-1,20,"{'data_quality': 40, 'model_size': 1, 'parallelism': 1}",1.0,-1,46,-1
2025-07-03 09:00:08.094275,elastic-workbench-qr-detector,elastic-workbench-qr-detector-1,26,"{'data_quality': 551, 'parallelism': 1}",1.97,-1,75,-1
2025-07-03 09:00:08.098238,elastic-workbench-cv-analyzer,elastic-workbench-cv-analyzer-1,111,"{'data_quality': 224, 'model_size': 1, 'parallelism': 1}",5.03,-1,8,-1
2025-07-03 09:00:08.101984,elastic-workbench-pc-visualizer,elastic-workbench-pc-visualizer-1,20,"{'data_quality': 40, 'model_size': 1, 'parallelism': 1}",1.0,-1,47,-1
2025-07-03 09:00:18.095565,elastic-workbench-qr-detector,elastic-workbench-qr-detector-1,25,"{'data_quality': 551, 'parallelism': 1}",1.99,-1,76,-1
2025-07-03 09:00:18.099659,elastic-workbench-cv-analyzer,elastic-workbench-cv-analyzer-1,102,"{'data_quality': 224, 'model_size': 1, 'parallelism': 1}",5.01,-1,8,-1
2025-07-03 09:00:18.103389,elastic-workbench-pc-visualizer,elastic-workbench-pc-visualizer-1,20,"{'data_quality': 40, 'model_size': 1, 'parallelism': 1}",1.0,-1,46,-1
2025-07-03 09:00:28.096762,elastic-workbench-qr-detector,elastic-workbench-qr-detector-1,25,"{'data_quality': 551, 'parallelism': 1}",2.0,-1,77,-1
2025-07-03 09:00:28.099859,elastic-workbench-cv-analyzer,elastic-workbench-cv-analyzer-1,107,"{'data_quality': 224, 'model_size': 1, 'parallelism': 1}",5.0,-1,8,-1
2025-07-03 09:00:28.102493,elastic-workbench-pc-visualizer,elastic-workbench-pc-visualizer-1,20,"{'data_quality': 40, 'model_size': 1, 'parallelism': 1}",1.0,-1,47,-1
2025-07-03 09:00:38.095718,elastic-workbench-qr-detector,elastic-workbench-qr-detector-1,25,"{'data_quality': 551, 'parallelism': 1}",2.01,-1,78,-1
2025-07-03 09:00:38.099714,elastic-workbench-cv-analyzer,elastic-workbench-cv-analyzer-1,143,"{'data_quality': 224, 'model_size': 1, 'parallelism': 1}",4.99,-1,6,-1
2025-07-03 09:00:38.103283,elastic-workbench-pc-visualizer,elastic-workbench-pc-visualizer-1,20,"{'data_quality': 40, 'model_size': 1, 'parallelism': 1}",1.0,-1,48,-1
2025-07-03 09:00:48.096918,elastic-workbench-qr-detector,elastic-workbench-qr-detector-1,24,"{'data_quality': 551, 'parallelism': 1}",2.02,-1,79,-1
2025-07-03 09:00:48.100442,elastic-workbench-cv-analyzer,elastic-workbench-cv-analyzer-1,111,"{'data_quality': 224, 'model_size': 1, 'parallelism': 1}",4.98,-1,8,-1
2025-07-03 09:00:48.104050,elastic-workbench-pc-visualizer,elastic-workbench-pc-visualizer-1,19,"{'data_quality': 40, 'model_size': 1, 'parallelism': 1}",1.0,-1,50,-1
2025-07-03 09:00:58.098020,elastic-workbench-qr-detector,elastic-workbench-qr-detector-1,24,"{'data_quality': 551, 'parallelism': 1}",2.02,-1,78,-1
2025-07-03 09:00:58.100979,elastic-workbench-cv-analyzer,elastic-workbench-cv-analyzer-1,108,"{'data_quality': 224, 'model_size': 1, 'parallelism': 1}",4.98,-1,8,-1
2025-07-03 09:00:58.106614,elastic-workbench-pc-visualizer,elastic-workbench-pc-visualizer-1,20,"{'data_quality': 40, 'model_size': 1, 'parallelism': 1}",1.0,-1,48,-1
2025-07-03 09:01:08.098302,elastic-workbench-qr-detector,elastic-workbench-qr-detector-1,25,"{'data_quality': 551, 'parallelism': 1}",2.01,-1,75,-1
2025-07-03 09:01:08.101460,elastic-workbench-cv-analyzer,elastic-workbench-cv-analyzer-1,109,"{'data_quality': 224, 'model_size': 1, 'parallelism': 1}",4.99,-1,8,-1
2025-07-03 09:01:08.111751,elastic-workbench-pc-visualizer,elastic-workbench-pc-visualizer-1,20,"{'data_quality': 40, 'model_size': 1, 'parallelism': 1}",1.0,-1,46,-1
2025-07-03 09:01:18.100521,elastic-workbench-qr-detector,elastic-workbench-qr-detector-1,25,"{'data_quality': 551, 'parallelism': 1}",2.01,-1,76,-1
2025-07-03 09:01:18.117338,elastic-workbench-cv-analyzer,elastic-workbench-cv-analyzer-1,103,"{'data_quality': 224, 'model_size': 1, 'parallelism': 1}",4.99,-1,8,-1
2025-07-03 09:01:18.123929,elastic-workbench-pc-visualizer,elastic-workbench-pc-visualizer-1,19,"{'data_quality': 40, 'model_size': 1, 'parallelism': 1}",1.0,-1,48,-1
2025-07-03 09:01:28.099764,elastic-workbench-qr-detector,elastic-workbench-qr-detector-1,24,"{'data_quality': 551, 'parallelism': 1}",2.01,-1,78,-1
2025-07-03 09:01:28.106586,elastic-workbench-cv-analyzer,elastic-workbench-cv-analyzer-1,103,"{'data_quality': 224, 'model_size': 1, 'parallelism': 1}",4.99,-1,8,-1
2025-07-03 09:01:28.117711,elastic-workbench-pc-visualizer,elastic-workbench-pc-visualizer-1,20,"{'data_quality': 40, 'model_size': 1, 'parallelism': 1}",1.0,-1,47,-1
2025-07-03 09:01:38.100952,elastic-workbench-qr-detector,elastic-workbench-qr-detector-1,25,"{'data_quality': 551, 'parallelism': 1}",2.01,-1,77,-1
2025-07-03 09:01:38.113308,elastic-workbench-cv-analyzer,elastic-workbench-cv-analyzer-1,109,"{'data_quality': 224, 'model_size': 1, 'parallelism': 1}",4.99,-1,8,-1
2025-07-03 09:01:38.121549,elastic-workbench-pc-visualizer,elastic-workbench-pc-visualizer-1,20,"{'data_quality': 40, 'model_size': 1, 'parallelism': 1}",1.0,-1,47,-1
2025-07-03 09:01:48.104479,elastic-workbench-qr-detector,elastic-workbench-qr-detector-1,24,"{'data_quality': 551, 'parallelism': 1}",2.0,-1,76,-1
2025-07-03 09:01:48.114274,elastic-workbench-cv-analyzer,elastic-workbench-cv-analyzer-1,145,"{'data_quality': 224, 'model_size': 1, 'parallelism': 1}",5.0,-1,6,-1
2025-07-03 09:01:48.120686,elastic-workbench-pc-visualizer,elastic-workbench-pc-visualizer-1,20,"{'data_quality': 40, 'model_size': 1, 'parallelism': 1}",1.0,-1,47,-1
2025-07-03 09:01:58.104604,elastic-workbench-qr-detector,elastic-workbench-qr-detector-1,24,"{'data_quality': 551, 'parallelism': 1}",2.0,-1,78,-1
2025-07-03 09:01:58.113268,elastic-workbench-cv-analyzer,elastic-workbench-cv-analyzer-1,116,"{'data_quality': 224, 'model_size': 1, 'parallelism': 1}",5.0,-1,7,-1
2025-07-03 09:01:58.120823,elastic-workbench-pc-visualizer,elastic-workbench-pc-visualizer-1,19,"{'data_quality': 40, 'model_size': 1, 'parallelism': 1}",1.0,-1,50,-1
2025-07-03 09:02:08.105555,elastic-workbench-qr-detector,elastic-workbench-qr-detector-1,25,"{'data_quality': 551, 'parallelism': 1}",2.01,-1,77,-1
2025-07-03 09:02:08.108426,elastic-workbench-cv-analyzer,elastic-workbench-cv-analyzer-1,103,"{'data_quality': 224, 'model_size': 1, 'parallelism': 1}",4.99,-1,8,-1
2025-07-03 09:02:08.111053,elastic-workbench-pc-visualizer,elastic-workbench-pc-visualizer-1,20,"{'data_quality': 40, 'model_size': 1, 'parallelism': 1}",1.0,-1,48,-1
2025-07-03 09:02:18.110311,elastic-workbench-qr-detector,elastic-workbench-qr-detector-1,24,"{'data_quality': 551, 'parallelism': 1}",2.03,-1,78,-1
2025-07-03 09:02:18.113325,elastic-workbench-cv-analyzer,elastic-workbench-cv-analyzer-1,118,"{'data_quality': 224, 'model_size': 1, 'parallelism': 1}",4.97,-1,7,-1
2025-07-03 09:02:18.120532,elastic-workbench-pc-visualizer,elastic-workbench-pc-visualizer-1,20,"{'data_quality': 40, 'model_size': 1, 'parallelism': 1}",1.0,-1,46,-1
2025-07-03 09:02:28.103864,elastic-workbench-qr-detector,elastic-workbench-qr-detector-1,24,"{'data_quality': 551, 'parallelism': 1}",2.01,-1,77,-1
2025-07-03 09:02:28.114342,elastic-workbench-cv-analyzer,elastic-workbench-cv-analyzer-1,95,"{'data_quality': 224, 'model_size': 1, 'parallelism': 1}",4.99,-1,8,-1
2025-07-03 09:02:28.121237,elastic-workbench-pc-visualizer,elastic-workbench-pc-visualizer-1,20,"{'data_quality': 40, 'model_size': 1, 'parallelism': 1}",1.0,-1,47,-1
2025-07-03 09:02:38.104637,elastic-workbench-qr-detector,elastic-workbench-qr-detector-1,25,"{'data_quality': 551, 'parallelism': 1}",2.03,-1,77,-1
2025-07-03 09:02:38.114937,elastic-workbench-cv-analyzer,elastic-workbench-cv-analyzer-1,101,"{'data_quality': 224, 'model_size': 1, 'parallelism': 1}",4.97,-1,8,-1
2025-07-03 09:02:38.120568,elastic-workbench-pc-visualizer,elastic-workbench-pc-visualizer-1,20,"{'data_quality': 40, 'model_size': 1, 'parallelism': 1}",1.0,-1,46,-1
2025-07-03 09:02:48.105535,elastic-workbench-qr-detector,elastic-workbench-qr-detector-1,24,"{'data_quality': 551, 'parallelism': 1}",2.03,-1,78,-1
2025-07-03 09:02:48.113597,elastic-workbench-cv-analyzer,elastic-workbench-cv-analyzer-1,111,"{'data_quality': 224, 'model_size': 1, 'parallelism': 1}",4.97,-1,7,-1
2025-07-03 09:02:48.130923,elastic-workbench-pc-visualizer,elastic-workbench-pc-visualizer-1,20,"{'data_quality': 40, 'model_size': 1, 'parallelism': 1}",1.0,-1,47,-1
2025-07-03 09:02:58.105216,elastic-workbench-qr-detector,elastic-workbench-qr-detector-1,24,"{'data_quality': 551, 'parallelism': 1}",2.04,-1,78,-1
2025-07-03 09:02:58.114256,elastic-workbench-cv-analyzer,elastic-workbench-cv-analyzer-1,121,"{'data_quality': 224, 'model_size': 1, 'parallelism': 1}",4.96,-1,7,-1
2025-07-03 09:02:58.123853,elastic-workbench-pc-visualizer,elastic-workbench-pc-visualizer-1,20,"{'data_quality': 40, 'model_size': 1, 'parallelism': 1}",1.0,-1,46,-1
2025-07-03 09:03:08.105459,elastic-workbench-qr-detector,elastic-workbench-qr-detector-1,25,"{'data_quality': 551, 'parallelism': 1}",2.03,-1,78,-1
2025-07-03 09:03:08.111556,elastic-workbench-cv-analyzer,elastic-workbench-cv-analyzer-1,117,"{'data_quality': 224, 'model_size': 1, 'parallelism': 1}",4.97,-1,8,-1
2025-07-03 09:03:08.122503,elastic-workbench-pc-visualizer,elastic-workbench-pc-visualizer-1,20,"{'data_quality': 40, 'model_size': 1, 'parallelism': 1}",1.0,-1,46,-1
2025-07-03 09:03:18.110379,elastic-workbench-qr-detector,elastic-workbench-qr-detector-1,25,"{'data_quality': 551, 'parallelism': 1}",2.04,-1,77,-1
2025-07-03 09:03:18.117258,elastic-workbench-cv-analyzer,elastic-workbench-cv-analyzer-1,98,"{'data_quality': 224, 'model_size': 1, 'parallelism': 1}",4.96,-1,8,-1
2025-07-03 09:03:18.124178,elastic-workbench-pc-visualizer,elastic-workbench-pc-visualizer-1,21,"{'data_quality': 40, 'model_size': 1, 'parallelism': 1}",1.0,-1,45,-1
2025-07-03 09:03:28.110343,elastic-workbench-qr-detector,elastic-workbench-qr-detector-1,24,"{'data_quality': 551, 'parallelism': 1}",2.03,-1,78,-1
2025-07-03 09:03:28.116647,elastic-workbench-cv-analyzer,elastic-workbench-cv-analyzer-1,126,"{'data_quality': 224, 'model_size': 1, 'parallelism': 1}",4.97,-1,7,-1
2025-07-03 09:03:28.125202,elastic-workbench-pc-visualizer,elastic-workbench-pc-visualizer-1,21,"{'data_quality': 40, 'model_size': 1, 'parallelism': 1}",1.0,-1,45,-1
2025-07-03 09:03:38.114983,elastic-workbench-qr-detector,elastic-workbench-qr-detector-1,24,"{'data_quality': 551, 'parallelism': 1}",2.03,-1,78,-1
2025-07-03 09:03:38.119460,elastic-workbench-cv-analyzer,elastic-workbench-cv-analyzer-1,119,"{'data_quality': 224, 'model_size': 1, 'parallelism': 1}",4.97,-1,7,-1
2025-07-03 09:03:38.127466,elastic-workbench-pc-visualizer,elastic-workbench-pc-visualizer-1,20,"{'data_quality': 40, 'model_size': 1, 'parallelism': 1}",1.0,-1,46,-1
2025-07-03 09:03:48.110971,elastic-workbench-qr-detector,elastic-workbench-qr-detector-1,24,"{'data_quality': 551, 'parallelism': 1}",2.04,-1,78,-1
2025-07-03 09:03:48.124001,elastic-workbench-cv-analyzer,elastic-workbench-cv-analyzer-1,116,"{'data_quality': 224, 'model_size': 1, 'parallelism': 1}",4.96,-1,7,-1
2025-07-03 09:03:48.126906,elastic-workbench-pc-visualizer,elastic-workbench-pc-visualizer-1,19,"{'data_quality': 40, 'model_size': 1, 'parallelism': 1}",1.0,-1,49,-1
2025-07-03 09:03:58.120299,elastic-workbench-qr-detector,elastic-workbench-qr-detector-1,24,"{'data_quality': 551, 'parallelism': 1}",2.03,-1,78,-1
2025-07-03 09:03:58.125677,elastic-workbench-cv-analyzer,elastic-workbench-cv-analyzer-1,107,"{'data_quality': 224, 'model_size': 1, 'parallelism': 1}",4.97,-1,8,-1
2025-07-03 09:03:58.128534,elastic-workbench-pc-visualizer,elastic-workbench-pc-visualizer-1,20,"{'data_quality': 40, 'model_size': 1, 'parallelism': 1}",1.0,-1,46,-1
2025-07-03 09:04:08.119557,elastic-workbench-qr-detector,elastic-workbench-qr-detector-1,25,"{'data_quality': 551, 'parallelism': 1}",2.03,-1,78,-1
2025-07-03 09:04:08.126016,elastic-workbench-cv-analyzer,elastic-workbench-cv-analyzer-1,101,"{'data_quality': 224, 'model_size': 1, 'parallelism': 1}",4.97,-1,9,-1
2025-07-03 09:04:08.128633,elastic-workbench-pc-visualizer,elastic-workbench-pc-visualizer-1,20,"{'data_quality': 40, 'model_size': 1, 'parallelism': 1}",1.0,-1,48,-1
2025-07-03 09:04:18.121715,elastic-workbench-qr-detector,elastic-workbench-qr-detector-1,25,"{'data_quality': 551, 'parallelism': 1}",2.04,-1,77,-1
2025-07-03 09:04:18.125462,elastic-workbench-cv-analyzer,elastic-workbench-cv-analyzer-1,119,"{'data_quality': 224, 'model_size': 1, 'parallelism': 1}",4.96,-1,7,-1
2025-07-03 09:04:18.128329,elastic-workbench-pc-visualizer,elastic-workbench-pc-visualizer-1,21,"{'data_quality': 40, 'model_size': 1, 'parallelism': 1}",1.0,-1,46,-1
2025-07-03 09:04:28.128456,elastic-workbench-qr-detector,elastic-workbench-qr-detector-1,24,"{'data_quality': 551, 'parallelism': 1}",2.06,-1,79,-1
2025-07-03 09:04:28.131721,elastic-workbench-cv-analyzer,elastic-workbench-cv-analyzer-1,102,"{'data_quality': 224, 'model_size': 1, 'parallelism': 1}",4.94,-1,8,-1
2025-07-03 09:04:28.134318,elastic-workbench-pc-visualizer,elastic-workbench-pc-visualizer-1,19,"{'data_quality': 40, 'model_size': 1, 'parallelism': 1}",1.0,-1,49,-1
2025-07-03 09:04:38.132307,elastic-workbench-qr-detector,elastic-workbench-qr-detector-1,24,"{'data_quality': 551, 'parallelism': 1}",2.04,-1,78,-1
2025-07-03 09:04:38.135822,elastic-workbench-cv-analyzer,elastic-workbench-cv-analyzer-1,112,"{'data_quality': 224, 'model_size': 1, 'parallelism': 1}",4.96,-1,8,-1
2025-07-03 09:04:38.138825,elastic-workbench-pc-visualizer,elastic-workbench-pc-visualizer-1,20,"{'data_quality': 40, 'model_size': 1, 'parallelism': 1}",1.0,-1,47,-1
2025-07-03 09:04:48.129428,elastic-workbench-qr-detector,elastic-workbench-qr-detector-1,24,"{'data_quality': 551, 'parallelism': 1}",2.04,-1,78,-1
2025-07-03 09:04:48.143090,elastic-workbench-cv-analyzer,elastic-workbench-cv-analyzer-1,107,"{'data_quality': 224, 'model_size': 1, 'parallelism': 1}",4.96,-1,8,-1
2025-07-03 09:04:48.146201,elastic-workbench-pc-visualizer,elastic-workbench-pc-visualizer-1,20,"{'data_quality': 40, 'model_size': 1, 'parallelism': 1}",1.0,-1,46,-1
2025-07-03 09:04:58.139069,elastic-workbench-qr-detector,elastic-workbench-qr-detector-1,24,"{'data_quality': 551, 'parallelism': 1}",2.05,-1,77,-1
2025-07-03 09:04:58.143949,elastic-workbench-cv-analyzer,elastic-workbench-cv-analyzer-1,137,"{'data_quality': 224, 'model_size': 1, 'parallelism': 1}",4.95,-1,7,-1
2025-07-03 09:04:58.147567,elastic-workbench-pc-visualizer,elastic-workbench-pc-visualizer-1,20,"{'data_quality': 40, 'model_size': 1, 'parallelism': 1}",1.0,-1,47,-1
2025-07-03 09:05:08.119712,elastic-workbench-qr-detector,elastic-workbench-qr-detector-1,25,"{'data_quality': 551, 'parallelism': 1}",2.06,-1,77,-1
2025-07-03 09:05:08.127044,elastic-workbench-cv-analyzer,elastic-workbench-cv-analyzer-1,106,"{'data_quality': 224, 'model_size': 1, 'parallelism': 1}",4.94,-1,8,-1
2025-07-03 09:05:08.130921,elastic-workbench-pc-visualizer,elastic-workbench-pc-visualizer-1,20,"{'data_quality': 40, 'model_size': 1, 'parallelism': 1}",1.0,-1,47,-1
2025-07-03 09:05:18.122319,elastic-workbench-qr-detector,elastic-workbench-qr-detector-1,25,"{'data_quality': 551, 'parallelism': 1}",2.04,-1,79,-1
2025-07-03 09:05:18.134679,elastic-workbench-cv-analyzer,elastic-workbench-cv-analyzer-1,99,"{'data_quality': 224, 'model_size': 1, 'parallelism': 1}",4.96,-1,8,-1
2025-07-03 09:05:18.141084,elastic-workbench-pc-visualizer,elastic-workbench-pc-visualizer-1,20,"{'data_quality': 40, 'model_size': 1, 'parallelism': 1}",1.0,-1,46,-1
2025-07-03 09:05:28.128676,elastic-workbench-qr-detector,elastic-workbench-qr-detector-1,24,"{'data_quality': 551, 'parallelism': 1}",2.07,-1,80,-1
2025-07-03 09:05:28.131563,elastic-workbench-cv-analyzer,elastic-workbench-cv-analyzer-1,135,"{'data_quality': 224, 'model_size': 1, 'parallelism': 1}",4.93,-1,7,-1
2025-07-03 09:05:28.135508,elastic-workbench-pc-visualizer,elastic-workbench-pc-visualizer-1,19,"{'data_quality': 40, 'model_size': 1, 'parallelism': 1}",1.0,-1,49,-1
2025-07-03 09:05:38.130720,elastic-workbench-qr-detector,elastic-workbench-qr-detector-1,24,"{'data_quality': 551, 'parallelism': 1}",2.06,-1,79,-1
2025-07-03 09:05:38.133859,elastic-workbench-cv-analyzer,elastic-workbench-cv-analyzer-1,126,"{'data_quality': 224, 'model_size': 1, 'parallelism': 1}",4.94,-1,7,-1
2025-07-03 09:05:38.137268,elastic-workbench-pc-visualizer,elastic-workbench-pc-visualizer-1,20,"{'data_quality': 40, 'model_size': 1, 'parallelism': 1}",1.0,-1,46,-1
2025-07-03 09:05:48.124772,elastic-workbench-qr-detector,elastic-workbench-qr-detector-1,24,"{'data_quality': 551, 'parallelism': 1}",2.05,-1,78,-1
2025-07-03 09:05:48.127610,elastic-workbench-cv-analyzer,elastic-workbench-cv-analyzer-1,104,"{'data_quality': 224, 'model_size': 1, 'parallelism': 1}",4.95,-1,8,-1
2025-07-03 09:05:48.131309,elastic-workbench-pc-visualizer,elastic-workbench-pc-visualizer-1,20,"{'data_quality': 40, 'model_size': 1, 'parallelism': 1}",1.0,-1,48,-1
2025-07-03 09:05:58.129651,elastic-workbench-qr-detector,elastic-workbench-qr-detector-1,25,"{'data_quality': 551, 'parallelism': 1}",2.05,-1,78,-1
2025-07-03 09:05:58.132380,elastic-workbench-cv-analyzer,elastic-workbench-cv-analyzer-1,111,"{'data_quality': 224, 'model_size': 1, 'parallelism': 1}",4.95,-1,8,-1
2025-07-03 09:05:58.134904,elastic-workbench-pc-visualizer,elastic-workbench-pc-visualizer-1,20,"{'data_quality': 40, 'model_size': 1, 'parallelism': 1}",1.0,-1,46,-1
2025-07-03 09:06:08.129785,elastic-workbench-qr-detector,elastic-workbench-qr-detector-1,24,"{'data_quality': 551, 'parallelism': 1}",2.05,-1,78,-1
2025-07-03 09:06:08.132227,elastic-workbench-cv-analyzer,elastic-workbench-cv-analyzer-1,102,"{'data_quality': 224, 'model_size': 1, 'parallelism': 1}",4.95,-1,8,-1
2025-07-03 09:06:08.135138,elastic-workbench-pc-visualizer,elastic-workbench-pc-visualizer-1,20,"{'data_quality': 40, 'model_size': 1, 'parallelism': 1}",1.0,-1,46,-1
2025-07-03 09:06:18.132337,elastic-workbench-qr-detector,elastic-workbench-qr-detector-1,24,"{'data_quality': 551, 'parallelism': 1}",2.04,-1,79,-1
2025-07-03 09:06:18.137923,elastic-workbench-cv-analyzer,elastic-workbench-cv-analyzer-1,107,"{'data_quality': 224, 'model_size': 1, 'parallelism': 1}",4.96,-1,8,-1
2025-07-03 09:06:18.148486,elastic-workbench-pc-visualizer,elastic-workbench-pc-visualizer-1,20,"{'data_quality': 40, 'model_size': 1, 'parallelism': 1}",1.0,-1,48,-1
2025-07-03 09:06:28.135996,elastic-workbench-qr-detector,elastic-workbench-qr-detector-1,24,"{'data_quality': 551, 'parallelism': 1}",2.03,-1,78,-1
2025-07-03 09:06:28.142674,elastic-workbench-cv-analyzer,elastic-workbench-cv-analyzer-1,125,"{'data_quality': 224, 'model_size': 1, 'parallelism': 1}",4.97,-1,7,-1
2025-07-03 09:06:28.149394,elastic-workbench-pc-visualizer,elastic-workbench-pc-visualizer-1,19,"{'data_quality': 40, 'model_size': 1, 'parallelism': 1}",1.0,-1,49,-1
2025-07-03 09:06:38.132492,elastic-workbench-qr-detector,elastic-workbench-qr-detector-1,24,"{'data_quality': 551, 'parallelism': 1}",2.05,-1,78,-1
2025-07-03 09:06:38.135023,elastic-workbench-cv-analyzer,elastic-workbench-cv-analyzer-1,100,"{'data_quality': 224, 'model_size': 1, 'parallelism': 1}",4.95,-1,8,-1
2025-07-03 09:06:38.144749,elastic-workbench-pc-visualizer,elastic-workbench-pc-visualizer-1,20,"{'data_quality': 40, 'model_size': 1, 'parallelism': 1}",1.0,-1,46,-1
2025-07-03 09:06:48.140204,elastic-workbench-qr-detector,elastic-workbench-qr-detector-1,24,"{'data_quality': 551, 'parallelism': 1}",2.04,-1,79,-1
2025-07-03 09:06:48.145736,elastic-workbench-cv-analyzer,elastic-workbench-cv-analyzer-1,131,"{'data_quality': 224, 'model_size': 1, 'parallelism': 1}",4.96,-1,7,-1
2025-07-03 09:06:48.152628,elastic-workbench-pc-visualizer,elastic-workbench-pc-visualizer-1,20,"{'data_quality': 40, 'model_size': 1, 'parallelism': 1}",1.0,-1,47,-1
2025-07-03 09:06:58.140883,elastic-workbench-qr-detector,elastic-workbench-qr-detector-1,24,"{'data_quality': 551, 'parallelism': 1}",2.04,-1,78,-1
2025-07-03 09:06:58.145422,elastic-workbench-cv-analyzer,elastic-workbench-cv-analyzer-1,107,"{'data_quality': 224, 'model_size': 1, 'parallelism': 1}",4.96,-1,8,-1
2025-07-03 09:06:58.148721,elastic-workbench-pc-visualizer,elastic-workbench-pc-visualizer-1,19,"{'data_quality': 40, 'model_size': 1, 'parallelism': 1}",1.0,-1,47,-1
2025-07-03 09:07:08.140835,elastic-workbench-qr-detector,elastic-workbench-qr-detector-1,24,"{'data_quality': 551, 'parallelism': 1}",2.03,-1,78,-1
2025-07-03 09:07:08.143692,elastic-workbench-cv-analyzer,elastic-workbench-cv-analyzer-1,118,"{'data_quality': 224, 'model_size': 1, 'parallelism': 1}",4.97,-1,7,-1
2025-07-03 09:07:08.150447,elastic-workbench-pc-visualizer,elastic-workbench-pc-visualizer-1,20,"{'data_quality': 40, 'model_size': 1, 'parallelism': 1}",1.0,-1,47,-1
2025-07-03 09:07:18.138776,elastic-workbench-qr-detector,elastic-workbench-qr-detector-1,24,"{'data_quality': 551, 'parallelism': 1}",2.04,-1,78,-1
2025-07-03 09:07:18.145488,elastic-workbench-cv-analyzer,elastic-workbench-cv-analyzer-1,114,"{'data_quality': 224, 'model_size': 1, 'parallelism': 1}",4.96,-1,7,-1
2025-07-03 09:07:18.149166,elastic-workbench-pc-visualizer,elastic-workbench-pc-visualizer-1,20,"{'data_quality': 40, 'model_size': 1, 'parallelism': 1}",1.0,-1,47,-1
2025-07-03 09:07:28.139268,elastic-workbench-qr-detector,elastic-workbench-qr-detector-1,24,"{'data_quality': 551, 'parallelism': 1}",2.04,-1,78,-1
2025-07-03 09:07:28.145399,elastic-workbench-cv-analyzer,elastic-workbench-cv-analyzer-1,110,"{'data_quality': 224, 'model_size': 1, 'parallelism': 1}",4.96,-1,7,-1
2025-07-03 09:07:28.148572,elastic-workbench-pc-visualizer,elastic-workbench-pc-visualizer-1,21,"{'data_quality': 40, 'model_size': 1, 'parallelism': 1}",1.0,-1,45,-1
2025-07-03 09:07:38.147553,elastic-workbench-qr-detector,elastic-workbench-qr-detector-1,24,"{'data_quality': 551, 'parallelism': 1}",2.04,-1,78,-1
2025-07-03 09:07:38.153497,elastic-workbench-cv-analyzer,elastic-workbench-cv-analyzer-1,82,"{'data_quality': 224, 'model_size': 1, 'parallelism': 1}",4.96,-1,8,-1
2025-07-03 09:07:38.156504,elastic-workbench-pc-visualizer,elastic-workbench-pc-visualizer-1,21,"{'data_quality': 40, 'model_size': 1, 'parallelism': 1}",1.0,-1,46,-1
2025-07-03 09:07:48.141985,elastic-workbench-qr-detector,elastic-workbench-qr-detector-1,25,"{'data_quality': 551, 'parallelism': 1}",2.03,-1,77,-1
2025-07-03 09:07:48.152333,elastic-workbench-cv-analyzer,elastic-workbench-cv-analyzer-1,126,"{'data_quality': 224, 'model_size': 1, 'parallelism': 1}",4.97,-1,7,-1
2025-07-03 09:07:48.155449,elastic-workbench-pc-visualizer,elastic-workbench-pc-visualizer-1,20,"{'data_quality': 40, 'model_size': 1, 'parallelism': 1}",1.0,-1,47,-1
2025-07-03 09:07:58.142679,elastic-workbench-qr-detector,elastic-workbench-qr-detector-1,25,"{'data_quality': 551, 'parallelism': 1}",2.03,-1,77,-1
2025-07-03 09:07:58.149501,elastic-workbench-cv-analyzer,elastic-workbench-cv-analyzer-1,111,"{'data_quality': 224, 'model_size': 1, 'parallelism': 1}",4.97,-1,8,-1
2025-07-03 09:07:58.152801,elastic-workbench-pc-visualizer,elastic-workbench-pc-visualizer-1,19,"{'data_quality': 40, 'model_size': 1, 'parallelism': 1}",1.0,-1,49,-1
2025-07-03 09:08:08.147570,elastic-workbench-qr-detector,elastic-workbench-qr-detector-1,25,"{'data_quality': 551, 'parallelism': 1}",2.03,-1,77,-1
2025-07-03 09:08:08.150491,elastic-workbench-cv-analyzer,elastic-workbench-cv-analyzer-1,118,"{'data_quality': 224, 'model_size': 1, 'parallelism': 1}",4.97,-1,7,-1
2025-07-03 09:08:08.153997,elastic-workbench-pc-visualizer,elastic-workbench-pc-visualizer-1,20,"{'data_quality': 40, 'model_size': 1, 'parallelism': 1}",1.0,-1,47,-1
2025-07-03 09:08:18.145276,elastic-workbench-qr-detector,elastic-workbench-qr-detector-1,25,"{'data_quality': 551, 'parallelism': 1}",2.03,-1,75,-1
2025-07-03 09:08:18.148525,elastic-workbench-cv-analyzer,elastic-workbench-cv-analyzer-1,124,"{'data_quality': 224, 'model_size': 1, 'parallelism': 1}",4.97,-1,7,-1
2025-07-03 09:08:18.152020,elastic-workbench-pc-visualizer,elastic-workbench-pc-visualizer-1,20,"{'data_quality': 40, 'model_size': 1, 'parallelism': 1}",1.0,-1,46,-1
2025-07-03 09:08:28.147693,elastic-workbench-qr-detector,elastic-workbench-qr-detector-1,25,"{'data_quality': 551, 'parallelism': 1}",2.02,-1,75,-1
2025-07-03 09:08:28.150404,elastic-workbench-cv-analyzer,elastic-workbench-cv-analyzer-1,110,"{'data_quality': 224, 'model_size': 1, 'parallelism': 1}",4.98,-1,7,-1
2025-07-03 09:08:28.153480,elastic-workbench-pc-visualizer,elastic-workbench-pc-visualizer-1,20,"{'data_quality': 40, 'model_size': 1, 'parallelism': 1}",1.0,-1,46,-1
2025-07-03 09:08:38.144673,elastic-workbench-qr-detector,elastic-workbench-qr-detector-1,24,"{'data_quality': 551, 'parallelism': 1}",2.03,-1,78,-1
2025-07-03 09:08:38.149683,elastic-workbench-cv-analyzer,elastic-workbench-cv-analyzer-1,113,"{'data_quality': 224, 'model_size': 1, 'parallelism': 1}",4.97,-1,8,-1
2025-07-03 09:08:38.152526,elastic-workbench-pc-visualizer,elastic-workbench-pc-visualizer-1,20,"{'data_quality': 40, 'model_size': 1, 'parallelism': 1}",1.0,-1,46,-1
2025-07-03 09:08:48.146700,elastic-workbench-qr-detector,elastic-workbench-qr-detector-1,25,"{'data_quality': 551, 'parallelism': 1}",2.06,-1,77,-1
2025-07-03 09:08:48.149827,elastic-workbench-cv-analyzer,elastic-workbench-cv-analyzer-1,87,"{'data_quality': 224, 'model_size': 1, 'parallelism': 1}",4.94,-1,9,-1
2025-07-03 09:08:48.155425,elastic-workbench-pc-visualizer,elastic-workbench-pc-visualizer-1,20,"{'data_quality': 40, 'model_size': 1, 'parallelism': 1}",1.0,-1,46,-1
2025-07-03 09:08:58.148799,elastic-workbench-qr-detector,elastic-workbench-qr-detector-1,23,"{'data_quality': 551, 'parallelism': 1}",2.08,-1,82,-1
2025-07-03 09:08:58.151489,elastic-workbench-cv-analyzer,elastic-workbench-cv-analyzer-1,127,"{'data_quality': 224, 'model_size': 1, 'parallelism': 1}",4.92,-1,7,-1
2025-07-03 09:08:58.157026,elastic-workbench-pc-visualizer,elastic-workbench-pc-visualizer-1,19,"{'data_quality': 40, 'model_size': 1, 'parallelism': 1}",1.0,-1,48,-1
2025-07-03 09:09:08.147155,elastic-workbench-qr-detector,elastic-workbench-qr-detector-1,23,"{'data_quality': 551, 'parallelism': 1}",2.1,-1,81,-1
2025-07-03 09:09:08.150134,elastic-workbench-cv-analyzer,elastic-workbench-cv-analyzer-1,117,"{'data_quality': 224, 'model_size': 1, 'parallelism': 1}",4.9,-1,8,-1
2025-07-03 09:09:08.156430,elastic-workbench-pc-visualizer,elastic-workbench-pc-visualizer-1,21,"{'data_quality': 40, 'model_size': 1, 'parallelism': 1}",1.0,-1,45,-1
2025-07-03 09:09:18.146731,elastic-workbench-qr-detector,elastic-workbench-qr-detector-1,24,"{'data_quality': 551, 'parallelism': 1}",2.12,-1,81,-1
2025-07-03 09:09:18.150908,elastic-workbench-cv-analyzer,elastic-workbench-cv-analyzer-1,115,"{'data_quality': 224, 'model_size': 1, 'parallelism': 1}",4.88,-1,8,-1
2025-07-03 09:09:18.155447,elastic-workbench-pc-visualizer,elastic-workbench-pc-visualizer-1,20,"{'data_quality': 40, 'model_size': 1, 'parallelism': 1}",1.0,-1,47,-1
2025-07-03 09:09:28.149195,elastic-workbench-qr-detector,elastic-workbench-qr-detector-1,24,"{'data_quality': 551, 'parallelism': 1}",2.12,-1,81,-1
2025-07-03 09:09:28.154514,elastic-workbench-cv-analyzer,elastic-workbench-cv-analyzer-1,150,"{'data_quality': 224, 'model_size': 1, 'parallelism': 1}",4.88,-1,6,-1
2025-07-03 09:09:28.157525,elastic-workbench-pc-visualizer,elastic-workbench-pc-visualizer-1,19,"{'data_quality': 40, 'model_size': 1, 'parallelism': 1}",1.0,-1,49,-1
2025-07-03 09:09:38.149813,elastic-workbench-qr-detector,elastic-workbench-qr-detector-1,23,"{'data_quality': 551, 'parallelism': 1}",2.1,-1,82,-1
2025-07-03 09:09:38.155936,elastic-workbench-cv-analyzer,elastic-workbench-cv-analyzer-1,136,"{'data_quality': 224, 'model_size': 1, 'parallelism': 1}",4.9,-1,7,-1
2025-07-03 09:09:38.158877,elastic-workbench-pc-visualizer,elastic-workbench-pc-visualizer-1,20,"{'data_quality': 40, 'model_size': 1, 'parallelism': 1}",1.0,-1,46,-1
2025-07-03 09:09:48.149672,elastic-workbench-qr-detector,elastic-workbench-qr-detector-1,24,"{'data_quality': 551, 'parallelism': 1}",2.08,-1,77,-1
2025-07-03 09:09:48.155879,elastic-workbench-cv-analyzer,elastic-workbench-cv-analyzer-1,118,"{'data_quality': 224, 'model_size': 1, 'parallelism': 1}",4.92,-1,7,-1
2025-07-03 09:09:48.158738,elastic-workbench-pc-visualizer,elastic-workbench-pc-visualizer-1,20,"{'data_quality': 40, 'model_size': 1, 'parallelism': 1}",1.0,-1,46,-1
2025-07-03 09:09:58.150844,elastic-workbench-qr-detector,elastic-workbench-qr-detector-1,24,"{'data_quality': 551, 'parallelism': 1}",2.07,-1,78,-1
2025-07-03 09:09:58.155288,elastic-workbench-cv-analyzer,elastic-workbench-cv-analyzer-1,104,"{'data_quality': 224, 'model_size': 1, 'parallelism': 1}",4.93,-1,8,-1
2025-07-03 09:09:58.160302,elastic-workbench-pc-visualizer,elastic-workbench-pc-visualizer-1,19,"{'data_quality': 40, 'model_size': 1, 'parallelism': 1}",1.0,-1,48,-1
2025-07-03 09:10:08.151023,elastic-workbench-qr-detector,elastic-workbench-qr-detector-1,24,"{'data_quality': 551, 'parallelism': 1}",2.07,-1,80,-1
2025-07-03 09:10:08.157674,elastic-workbench-cv-analyzer,elastic-workbench-cv-analyzer-1,118,"{'data_quality': 224, 'model_size': 1, 'parallelism': 1}",4.93,-1,7,-1
2025-07-03 09:10:08.160586,elastic-workbench-pc-visualizer,elastic-workbench-pc-visualizer-1,20,"{'data_quality': 40, 'model_size': 1, 'parallelism': 1}",1.0,-1,47,-1
2025-07-03 09:10:18.154727,elastic-workbench-qr-detector,elastic-workbench-qr-detector-1,24,"{'data_quality': 551, 'parallelism': 1}",2.05,-1,79,-1
2025-07-03 09:10:18.158154,elastic-workbench-cv-analyzer,elastic-workbench-cv-analyzer-1,103,"{'data_quality': 224, 'model_size': 1, 'parallelism': 1}",4.95,-1,8,-1
2025-07-03 09:10:18.161160,elastic-workbench-pc-visualizer,elastic-workbench-pc-visualizer-1,20,"{'data_quality': 40, 'model_size': 1, 'parallelism': 1}",1.0,-1,46,-1
2025-07-03 09:10:28.156981,elastic-workbench-qr-detector,elastic-workbench-qr-detector-1,24,"{'data_quality': 551, 'parallelism': 1}",2.03,-1,78,-1
2025-07-03 09:10:28.160127,elastic-workbench-cv-analyzer,elastic-workbench-cv-analyzer-1,108,"{'data_quality': 224, 'model_size': 1, 'parallelism': 1}",4.97,-1,8,-1
2025-07-03 09:10:28.162745,elastic-workbench-pc-visualizer,elastic-workbench-pc-visualizer-1,20,"{'data_quality': 40, 'model_size': 1, 'parallelism': 1}",1.0,-1,47,-1
2025-07-03 09:10:38.153598,elastic-workbench-qr-detector,elastic-workbench-qr-detector-1,25,"{'data_quality': 551, 'parallelism': 1}",2.03,-1,77,-1
2025-07-03 09:10:38.156297,elastic-workbench-cv-analyzer,elastic-workbench-cv-analyzer-1,109,"{'data_quality': 224, 'model_size': 1, 'parallelism': 1}",4.97,-1,8,-1
2025-07-03 09:10:38.160203,elastic-workbench-pc-visualizer,elastic-workbench-pc-visualizer-1,19,"{'data_quality': 40, 'model_size': 1, 'parallelism': 1}",1.0,-1,48,-1
2025-07-03 09:10:48.154347,elastic-workbench-qr-detector,elastic-workbench-qr-detector-1,24,"{'data_quality': 551, 'parallelism': 1}",2.02,-1,78,-1
2025-07-03 09:10:48.157085,elastic-workbench-cv-analyzer,elastic-workbench-cv-analyzer-1,117,"{'data_quality': 224, 'model_size': 1, 'parallelism': 1}",4.98,-1,8,-1
2025-07-03 09:10:48.160513,elastic-workbench-pc-visualizer,elastic-workbench-pc-visualizer-1,19,"{'data_quality': 40, 'model_size': 1, 'parallelism': 1}",1.0,-1,50,-1
2025-07-03 09:10:58.155294,elastic-workbench-qr-detector,elastic-workbench-qr-detector-1,25,"{'data_quality': 551, 'parallelism': 1}",2.0,-1,76,-1
2025-07-03 09:10:58.158057,elastic-workbench-cv-analyzer,elastic-workbench-cv-analyzer-1,110,"{'data_quality': 224, 'model_size': 1, 'parallelism': 1}",5.0,-1,7,-1
2025-07-03 09:10:58.160740,elastic-workbench-pc-visualizer,elastic-workbench-pc-visualizer-1,20,"{'data_quality': 40, 'model_size': 1, 'parallelism': 1}",1.0,-1,47,-1
2025-07-03 09:11:08.155192,elastic-workbench-qr-detector,elastic-workbench-qr-detector-1,25,"{'data_quality': 551, 'parallelism': 1}",1.98,-1,76,-1
2025-07-03 09:11:08.158025,elastic-workbench-cv-analyzer,elastic-workbench-cv-analyzer-1,105,"{'data_quality': 224, 'model_size': 1, 'parallelism': 1}",5.02,-1,8,-1
2025-07-03 09:11:08.160546,elastic-workbench-pc-visualizer,elastic-workbench-pc-visualizer-1,19,"{'data_quality': 40, 'model_size': 1, 'parallelism': 1}",1.0,-1,50,-1
2025-07-03 09:11:18.155943,elastic-workbench-qr-detector,elastic-workbench-qr-detector-1,26,"{'data_quality': 551, 'parallelism': 1}",1.97,-1,74,-1
2025-07-03 09:11:18.158469,elastic-workbench-cv-analyzer,elastic-workbench-cv-analyzer-1,97,"{'data_quality': 224, 'model_size': 1, 'parallelism': 1}",5.03,-1,8,-1
2025-07-03 09:11:18.161201,elastic-workbench-pc-visualizer,elastic-workbench-pc-visualizer-1,20,"{'data_quality': 40, 'model_size': 1, 'parallelism': 1}",1.0,-1,47,-1
2025-07-03 09:11:28.158128,elastic-workbench-qr-detector,elastic-workbench-qr-detector-1,25,"{'data_quality': 551, 'parallelism': 1}",1.97,-1,75,-1
2025-07-03 09:11:28.163628,elastic-workbench-cv-analyzer,elastic-workbench-cv-analyzer-1,122,"{'data_quality': 224, 'model_size': 1, 'parallelism': 1}",5.03,-1,7,-1
2025-07-03 09:11:28.169819,elastic-workbench-pc-visualizer,elastic-workbench-pc-visualizer-1,20,"{'data_quality': 40, 'model_size': 1, 'parallelism': 1}",1.0,-1,46,-1
2025-07-03 09:11:38.156530,elastic-workbench-qr-detector,elastic-workbench-qr-detector-1,25,"{'data_quality': 551, 'parallelism': 1}",1.97,-1,76,-1
2025-07-03 09:11:38.159106,elastic-workbench-cv-analyzer,elastic-workbench-cv-analyzer-1,100,"{'data_quality': 224, 'model_size': 1, 'parallelism': 1}",5.03,-1,8,-1
2025-07-03 09:11:38.164535,elastic-workbench-pc-visualizer,elastic-workbench-pc-visualizer-1,19,"{'data_quality': 40, 'model_size': 1, 'parallelism': 1}",1.0,-1,48,-1
2025-07-03 09:11:48.157718,elastic-workbench-qr-detector,elastic-workbench-qr-detector-1,25,"{'data_quality': 551, 'parallelism': 1}",1.96,-1,74,-1
2025-07-03 09:11:48.160727,elastic-workbench-cv-analyzer,elastic-workbench-cv-analyzer-1,117,"{'data_quality': 224, 'model_size': 1, 'parallelism': 1}",5.04,-1,7,-1
2025-07-03 09:11:48.165979,elastic-workbench-pc-visualizer,elastic-workbench-pc-visualizer-1,19,"{'data_quality': 40, 'model_size': 1, 'parallelism': 1}",1.0,-1,48,-1
2025-07-03 09:11:58.158810,elastic-workbench-qr-detector,elastic-workbench-qr-detector-1,26,"{'data_quality': 551, 'parallelism': 1}",1.96,-1,73,-1
2025-07-03 09:11:58.161561,elastic-workbench-cv-analyzer,elastic-workbench-cv-analyzer-1,103,"{'data_quality': 224, 'model_size': 1, 'parallelism': 1}",5.04,-1,7,-1
2025-07-03 09:11:58.166747,elastic-workbench-pc-visualizer,elastic-workbench-pc-visualizer-1,19,"{'data_quality': 40, 'model_size': 1, 'parallelism': 1}",1.0,-1,49,-1
2025-07-03 09:12:08.159063,elastic-workbench-qr-detector,elastic-workbench-qr-detector-1,25,"{'data_quality': 551, 'parallelism': 1}",1.96,-1,75,-1
2025-07-03 09:12:08.166336,elastic-workbench-cv-analyzer,elastic-workbench-cv-analyzer-1,109,"{'data_quality': 224, 'model_size': 1, 'parallelism': 1}",5.04,-1,7,-1
2025-07-03 09:12:08.169245,elastic-workbench-pc-visualizer,elastic-workbench-pc-visualizer-1,20,"{'data_quality': 40, 'model_size': 1, 'parallelism': 1}",1.0,-1,46,-1
2025-07-03 09:12:18.159499,elastic-workbench-qr-detector,elastic-workbench-qr-detector-1,26,"{'data_quality': 551, 'parallelism': 1}",1.95,-1,74,-1
2025-07-03 09:12:18.165793,elastic-workbench-cv-analyzer,elastic-workbench-cv-analyzer-1,108,"{'data_quality': 224, 'model_size': 1, 'parallelism': 1}",5.05,-1,7,-1
2025-07-03 09:12:18.168454,elastic-workbench-pc-visualizer,elastic-workbench-pc-visualizer-1,20,"{'data_quality': 40, 'model_size': 1, 'parallelism': 1}",1.0,-1,48,-1
2025-07-03 09:12:28.160475,elastic-workbench-qr-detector,elastic-workbench-qr-detector-1,25,"{'data_quality': 551, 'parallelism': 1}",1.94,-1,75,-1
2025-07-03 09:12:28.164947,elastic-workbench-cv-analyzer,elastic-workbench-cv-analyzer-1,108,"{'data_quality': 224, 'model_size': 1, 'parallelism': 1}",5.06,-1,8,-1
2025-07-03 09:12:28.167716,elastic-workbench-pc-visualizer,elastic-workbench-pc-visualizer-1,19,"{'data_quality': 40, 'model_size': 1, 'parallelism': 1}",1.0,-1,49,-1
2025-07-03 09:12:38.165718,elastic-workbench-qr-detector,elastic-workbench-qr-detector-1,25,"{'data_quality': 551, 'parallelism': 1}",1.95,-1,74,-1
2025-07-03 09:12:38.168587,elastic-workbench-cv-analyzer,elastic-workbench-cv-analyzer-1,99,"{'data_quality': 224, 'model_size': 1, 'parallelism': 1}",5.05,-1,7,-1
2025-07-03 09:12:38.171130,elastic-workbench-pc-visualizer,elastic-workbench-pc-visualizer-1,19,"{'data_quality': 40, 'model_size': 1, 'parallelism': 1}",1.0,-1,48,-1
2025-07-03 09:12:48.165434,elastic-workbench-qr-detector,elastic-workbench-qr-detector-1,26,"{'data_quality': 551, 'parallelism': 1}",1.93,-1,73,-1
2025-07-03 09:12:48.168922,elastic-workbench-cv-analyzer,elastic-workbench-cv-analyzer-1,99,"{'data_quality': 224, 'model_size': 1, 'parallelism': 1}",5.07,-1,7,-1
2025-07-03 09:12:48.172335,elastic-workbench-pc-visualizer,elastic-workbench-pc-visualizer-1,19,"{'data_quality': 40, 'model_size': 1, 'parallelism': 1}",1.0,-1,49,-1
2025-07-03 09:12:58.167919,elastic-workbench-qr-detector,elastic-workbench-qr-detector-1,26,"{'data_quality': 551, 'parallelism': 1}",1.94,-1,73,-1
2025-07-03 09:12:58.170759,elastic-workbench-cv-analyzer,elastic-workbench-cv-analyzer-1,114,"{'data_quality': 224, 'model_size': 1, 'parallelism': 1}",5.06,-1,7,-1
2025-07-03 09:12:58.174007,elastic-workbench-pc-visualizer,elastic-workbench-pc-visualizer-1,20,"{'data_quality': 40, 'model_size': 1, 'parallelism': 1}",1.0,-1,48,-1
2025-07-03 09:13:08.167397,elastic-workbench-qr-detector,elastic-workbench-qr-detector-1,25,"{'data_quality': 551, 'parallelism': 1}",1.94,-1,75,-1
2025-07-03 09:13:08.169954,elastic-workbench-cv-analyzer,elastic-workbench-cv-analyzer-1,93,"{'data_quality': 224, 'model_size': 1, 'parallelism': 1}",5.06,-1,8,-1
2025-07-03 09:13:08.173553,elastic-workbench-pc-visualizer,elastic-workbench-pc-visualizer-1,19,"{'data_quality': 40, 'model_size': 1, 'parallelism': 1}",1.0,-1,49,-1
2025-07-03 09:13:18.167531,elastic-workbench-qr-detector,elastic-workbench-qr-detector-1,26,"{'data_quality': 551, 'parallelism': 1}",1.94,-1,74,-1
2025-07-03 09:13:18.170566,elastic-workbench-cv-analyzer,elastic-workbench-cv-analyzer-1,132,"{'data_quality': 224, 'model_size': 1, 'parallelism': 1}",5.06,-1,6,-1
2025-07-03 09:13:18.173926,elastic-workbench-pc-visualizer,elastic-workbench-pc-visualizer-1,19,"{'data_quality': 40, 'model_size': 1, 'parallelism': 1}",1.0,-1,48,-1
2025-07-03 09:13:28.169150,elastic-workbench-qr-detector,elastic-workbench-qr-detector-1,26,"{'data_quality': 551, 'parallelism': 1}",1.95,-1,73,-1
2025-07-03 09:13:28.172266,elastic-workbench-cv-analyzer,elastic-workbench-cv-analyzer-1,99,"{'data_quality': 224, 'model_size': 1, 'parallelism': 1}",5.05,-1,8,-1
2025-07-03 09:13:28.175911,elastic-workbench-pc-visualizer,elastic-workbench-pc-visualizer-1,20,"{'data_quality': 40, 'model_size': 1, 'parallelism': 1}",1.0,-1,47,-1
2025-07-03 09:13:38.164484,elastic-workbench-qr-detector,elastic-workbench-qr-detector-1,26,"{'data_quality': 551, 'parallelism': 1}",1.94,-1,72,-1
2025-07-03 09:13:38.167303,elastic-workbench-cv-analyzer,elastic-workbench-cv-analyzer-1,100,"{'data_quality': 224, 'model_size': 1, 'parallelism': 1}",5.06,-1,8,-1
2025-07-03 09:13:38.170540,elastic-workbench-pc-visualizer,elastic-workbench-pc-visualizer-1,20,"{'data_quality': 40, 'model_size': 1, 'parallelism': 1}",1.0,-1,47,-1
2025-07-03 09:13:48.164882,elastic-workbench-qr-detector,elastic-workbench-qr-detector-1,26,"{'data_quality': 551, 'parallelism': 1}",1.93,-1,74,-1
2025-07-03 09:13:48.167878,elastic-workbench-cv-analyzer,elastic-workbench-cv-analyzer-1,127,"{'data_quality': 224, 'model_size': 1, 'parallelism': 1}",5.07,-1,7,-1
2025-07-03 09:13:48.170484,elastic-workbench-pc-visualizer,elastic-workbench-pc-visualizer-1,19,"{'data_quality': 40, 'model_size': 1, 'parallelism': 1}",1.0,-1,48,-1
2025-07-03 09:13:58.165785,elastic-workbench-qr-detector,elastic-workbench-qr-detector-1,25,"{'data_quality': 551, 'parallelism': 1}",1.93,-1,74,-1
2025-07-03 09:13:58.168764,elastic-workbench-cv-analyzer,elastic-workbench-cv-analyzer-1,103,"{'data_quality': 224, 'model_size': 1, 'parallelism': 1}",5.07,-1,8,-1
2025-07-03 09:13:58.171690,elastic-workbench-pc-visualizer,elastic-workbench-pc-visualizer-1,19,"{'data_quality': 40, 'model_size': 1, 'parallelism': 1}",1.0,-1,49,-1
2025-07-03 09:14:08.166438,elastic-workbench-qr-detector,elastic-workbench-qr-detector-1,25,"{'data_quality': 551, 'parallelism': 1}",1.92,-1,75,-1
2025-07-03 09:14:08.169259,elastic-workbench-cv-analyzer,elastic-workbench-cv-analyzer-1,134,"{'data_quality': 224, 'model_size': 1, 'parallelism': 1}",5.08,-1,6,-1
2025-07-03 09:14:08.174448,elastic-workbench-pc-visualizer,elastic-workbench-pc-visualizer-1,19,"{'data_quality': 40, 'model_size': 1, 'parallelism': 1}",1.0,-1,48,-1
2025-07-03 09:14:18.167565,elastic-workbench-qr-detector,elastic-workbench-qr-detector-1,26,"{'data_quality': 551, 'parallelism': 1}",1.91,-1,74,-1
2025-07-03 09:14:18.170291,elastic-workbench-cv-analyzer,elastic-workbench-cv-analyzer-1,90,"{'data_quality': 224, 'model_size': 1, 'parallelism': 1}",5.09,-1,8,-1
2025-07-03 09:14:18.176448,elastic-workbench-pc-visualizer,elastic-workbench-pc-visualizer-1,19,"{'data_quality': 40, 'model_size': 1, 'parallelism': 1}",1.0,-1,49,-1
2025-07-03 09:14:28.168253,elastic-workbench-qr-detector,elastic-workbench-qr-detector-1,25,"{'data_quality': 551, 'parallelism': 1}",1.91,-1,73,-1
2025-07-03 09:14:28.170810,elastic-workbench-cv-analyzer,elastic-workbench-cv-analyzer-1,137,"{'data_quality': 224, 'model_size': 1, 'parallelism': 1}",5.09,-1,6,-1
2025-07-03 09:14:28.176321,elastic-workbench-pc-visualizer,elastic-workbench-pc-visualizer-1,20,"{'data_quality': 40, 'model_size': 1, 'parallelism': 1}",1.0,-1,47,-1
2025-07-03 09:14:38.169056,elastic-workbench-qr-detector,elastic-workbench-qr-detector-1,25,"{'data_quality': 551, 'parallelism': 1}",1.9,-1,74,-1
2025-07-03 09:14:38.175529,elastic-workbench-cv-analyzer,elastic-workbench-cv-analyzer-1,128,"{'data_quality': 224, 'model_size': 1, 'parallelism': 1}",5.1,-1,6,-1
2025-07-03 09:14:38.178165,elastic-workbench-pc-visualizer,elastic-workbench-pc-visualizer-1,20,"{'data_quality': 40, 'model_size': 1, 'parallelism': 1}",1.0,-1,47,-1
2025-07-03 09:14:48.170446,elastic-workbench-qr-detector,elastic-workbench-qr-detector-1,27,"{'data_quality': 551, 'parallelism': 1}",1.89,-1,72,-1
2025-07-03 09:14:48.173654,elastic-workbench-cv-analyzer,elastic-workbench-cv-analyzer-1,208,"{'data_quality': 224, 'model_size': 2, 'parallelism': 1}",5.11,-1,4,-1
2025-07-03 09:14:48.176728,elastic-workbench-pc-visualizer,elastic-workbench-pc-visualizer-1,20,"{'data_quality': 40, 'model_size': 1, 'parallelism': 1}",1.0,-1,47,-1
2025-07-03 09:14:58.169763,elastic-workbench-qr-detector,elastic-workbench-qr-detector-1,25,"{'data_quality': 551, 'parallelism': 1}",1.88,-1,74,-1
2025-07-03 09:14:58.176796,elastic-workbench-cv-analyzer,elastic-workbench-cv-analyzer-1,217,"{'data_quality': 224, 'model_size': 2, 'parallelism': 1}",5.12,-1,4,-1
2025-07-03 09:14:58.180120,elastic-workbench-pc-visualizer,elastic-workbench-pc-visualizer-1,20,"{'data_quality': 40, 'model_size': 1, 'parallelism': 1}",1.0,-1,47,-1
2025-07-03 09:15:08.174146,elastic-workbench-qr-detector,elastic-workbench-qr-detector-1,25,"{'data_quality': 551, 'parallelism': 1}",1.89,-1,73,-1
2025-07-03 09:15:08.177632,elastic-workbench-cv-analyzer,elastic-workbench-cv-analyzer-1,219,"{'data_quality': 224, 'model_size': 2, 'parallelism': 1}",5.11,-1,3,-1
2025-07-03 09:15:08.181228,elastic-workbench-pc-visualizer,elastic-workbench-pc-visualizer-1,20,"{'data_quality': 40, 'model_size': 1, 'parallelism': 1}",1.0,-1,47,-1
2025-07-03 09:15:18.170568,elastic-workbench-qr-detector,elastic-workbench-qr-detector-1,25,"{'data_quality': 551, 'parallelism': 1}",1.88,-1,73,-1
2025-07-03 09:15:18.174271,elastic-workbench-cv-analyzer,elastic-workbench-cv-analyzer-1,195,"{'data_quality': 224, 'model_size': 2, 'parallelism': 1}",5.12,-1,4,-1
2025-07-03 09:15:18.177881,elastic-workbench-pc-visualizer,elastic-workbench-pc-visualizer-1,20,"{'data_quality': 40, 'model_size': 1, 'parallelism': 1}",1.0,-1,47,-1
2025-07-03 09:15:28.171011,elastic-workbench-qr-detector,elastic-workbench-qr-detector-1,25,"{'data_quality': 551, 'parallelism': 1}",1.88,-1,73,-1
2025-07-03 09:15:28.177137,elastic-workbench-cv-analyzer,elastic-workbench-cv-analyzer-1,226,"{'data_quality': 224, 'model_size': 2, 'parallelism': 1}",5.12,-1,4,-1
2025-07-03 09:15:28.180217,elastic-workbench-pc-visualizer,elastic-workbench-pc-visualizer-1,19,"{'data_quality': 40, 'model_size': 1, 'parallelism': 1}",1.0,-1,49,-1
2025-07-03 09:15:38.171411,elastic-workbench-qr-detector,elastic-workbench-qr-detector-1,25,"{'data_quality': 551, 'parallelism': 1}",1.88,-1,72,-1
2025-07-03 09:15:38.179835,elastic-workbench-cv-analyzer,elastic-workbench-cv-analyzer-1,194,"{'data_quality': 224, 'model_size': 2, 'parallelism': 1}",5.12,-1,4,-1
2025-07-03 09:15:38.182878,elastic-workbench-pc-visualizer,elastic-workbench-pc-visualizer-1,21,"{'data_quality': 40, 'model_size': 1, 'parallelism': 1}",1.0,-1,46,-1
2025-07-03 09:15:48.172068,elastic-workbench-qr-detector,elastic-workbench-qr-detector-1,25,"{'data_quality': 551, 'parallelism': 1}",1.87,-1,72,-1
2025-07-03 09:15:48.178057,elastic-workbench-cv-analyzer,elastic-workbench-cv-analyzer-1,218,"{'data_quality': 224, 'model_size': 2, 'parallelism': 1}",5.13,-1,4,-1
2025-07-03 09:15:48.182016,elastic-workbench-pc-visualizer,elastic-workbench-pc-visualizer-1,20,"{'data_quality': 40, 'model_size': 1, 'parallelism': 1}",1.0,-1,47,-1
2025-07-03 09:15:58.173197,elastic-workbench-qr-detector,elastic-workbench-qr-detector-1,25,"{'data_quality': 551, 'parallelism': 1}",1.87,-1,71,-1
2025-07-03 09:15:58.178951,elastic-workbench-cv-analyzer,elastic-workbench-cv-analyzer-1,197,"{'data_quality': 224, 'model_size': 2, 'parallelism': 1}",5.13,-1,4,-1
2025-07-03 09:15:58.184486,elastic-workbench-pc-visualizer,elastic-workbench-pc-visualizer-1,19,"{'data_quality': 40, 'model_size': 1, 'parallelism': 1}",1.0,-1,48,-1
2025-07-03 09:16:08.179349,elastic-workbench-qr-detector,elastic-workbench-qr-detector-1,26,"{'data_quality': 551, 'parallelism': 1}",1.86,-1,70,-1
2025-07-03 09:16:08.182340,elastic-workbench-cv-analyzer,elastic-workbench-cv-analyzer-1,213,"{'data_quality': 224, 'model_size': 2, 'parallelism': 1}",5.14,-1,4,-1
2025-07-03 09:16:08.185514,elastic-workbench-pc-visualizer,elastic-workbench-pc-visualizer-1,20,"{'data_quality': 40, 'model_size': 1, 'parallelism': 1}",1.0,-1,46,-1
2025-07-03 09:16:18.174556,elastic-workbench-qr-detector,elastic-workbench-qr-detector-1,26,"{'data_quality': 551, 'parallelism': 1}",1.85,-1,69,-1
2025-07-03 09:16:18.178452,elastic-workbench-cv-analyzer,elastic-workbench-cv-analyzer-1,244,"{'data_quality': 224, 'model_size': 2, 'parallelism': 1}",5.15,-1,3,-1
2025-07-03 09:16:18.181541,elastic-workbench-pc-visualizer,elastic-workbench-pc-visualizer-1,20,"{'data_quality': 40, 'model_size': 1, 'parallelism': 1}",1.0,-1,47,-1
2025-07-03 09:16:28.179223,elastic-workbench-qr-detector,elastic-workbench-qr-detector-1,26,"{'data_quality': 551, 'parallelism': 1}",1.84,-1,69,-1
2025-07-03 09:16:28.184496,elastic-workbench-cv-analyzer,elastic-workbench-cv-analyzer-1,214,"{'data_quality': 224, 'model_size': 2, 'parallelism': 1}",5.16,-1,4,-1
2025-07-03 09:16:28.187706,elastic-workbench-pc-visualizer,elastic-workbench-pc-visualizer-1,20,"{'data_quality': 40, 'model_size': 1, 'parallelism': 1}",1.0,-1,46,-1
2025-07-03 09:16:38.178319,elastic-workbench-qr-detector,elastic-workbench-qr-detector-1,26,"{'data_quality': 551, 'parallelism': 1}",1.84,-1,69,-1
2025-07-03 09:16:38.181727,elastic-workbench-cv-analyzer,elastic-workbench-cv-analyzer-1,185,"{'data_quality': 224, 'model_size': 2, 'parallelism': 1}",5.16,-1,4,-1
2025-07-03 09:16:38.184578,elastic-workbench-pc-visualizer,elastic-workbench-pc-visualizer-1,20,"{'data_quality': 40, 'model_size': 1, 'parallelism': 1}",1.0,-1,47,-1
2025-07-03 09:16:48.175414,elastic-workbench-qr-detector,elastic-workbench-qr-detector-1,25,"{'data_quality': 551, 'parallelism': 1}",1.84,-1,70,-1
2025-07-03 09:16:48.181313,elastic-workbench-cv-analyzer,elastic-workbench-cv-analyzer-1,183,"{'data_quality': 224, 'model_size': 2, 'parallelism': 1}",5.16,-1,5,-1
2025-07-03 09:16:48.184093,elastic-workbench-pc-visualizer,elastic-workbench-pc-visualizer-1,21,"{'data_quality': 40, 'model_size': 1, 'parallelism': 1}",1.0,-1,45,-1
2025-07-03 09:16:58.175327,elastic-workbench-qr-detector,elastic-workbench-qr-detector-1,25,"{'data_quality': 551, 'parallelism': 1}",1.85,-1,69,-1
2025-07-03 09:16:58.182110,elastic-workbench-cv-analyzer,elastic-workbench-cv-analyzer-1,231,"{'data_quality': 224, 'model_size': 2, 'parallelism': 1}",5.15,-1,3,-1
2025-07-03 09:16:58.185104,elastic-workbench-pc-visualizer,elastic-workbench-pc-visualizer-1,20,"{'data_quality': 40, 'model_size': 1, 'parallelism': 1}",1.0,-1,47,-1
2025-07-03 09:17:08.175836,elastic-workbench-qr-detector,elastic-workbench-qr-detector-1,27,"{'data_quality': 551, 'parallelism': 1}",1.84,-1,71,-1
2025-07-03 09:17:08.181935,elastic-workbench-cv-analyzer,elastic-workbench-cv-analyzer-1,232,"{'data_quality': 224, 'model_size': 2, 'parallelism': 1}",5.16,-1,4,-1
2025-07-03 09:17:08.184757,elastic-workbench-pc-visualizer,elastic-workbench-pc-visualizer-1,20,"{'data_quality': 40, 'model_size': 1, 'parallelism': 1}",1.0,-1,47,-1
2025-07-03 09:17:18.179939,elastic-workbench-qr-detector,elastic-workbench-qr-detector-1,25,"{'data_quality': 551, 'parallelism': 1}",1.86,-1,69,-1
2025-07-03 09:17:18.182908,elastic-workbench-cv-analyzer,elastic-workbench-cv-analyzer-1,187,"{'data_quality': 224, 'model_size': 2, 'parallelism': 1}",5.14,-1,4,-1
2025-07-03 09:17:18.185741,elastic-workbench-pc-visualizer,elastic-workbench-pc-visualizer-1,21,"{'data_quality': 40, 'model_size': 1, 'parallelism': 1}",1.0,-1,45,-1
2025-07-03 09:17:28.180188,elastic-workbench-qr-detector,elastic-workbench-qr-detector-1,25,"{'data_quality': 551, 'parallelism': 1}",1.84,-1,68,-1
2025-07-03 09:17:28.183289,elastic-workbench-cv-analyzer,elastic-workbench-cv-analyzer-1,228,"{'data_quality': 224, 'model_size': 2, 'parallelism': 1}",5.16,-1,4,-1
2025-07-03 09:17:28.185954,elastic-workbench-pc-visualizer,elastic-workbench-pc-visualizer-1,21,"{'data_quality': 40, 'model_size': 1, 'parallelism': 1}",1.0,-1,46,-1
2025-07-03 09:17:38.180617,elastic-workbench-qr-detector,elastic-workbench-qr-detector-1,26,"{'data_quality': 551, 'parallelism': 1}",1.83,-1,67,-1
2025-07-03 09:17:38.184191,elastic-workbench-cv-analyzer,elastic-workbench-cv-analyzer-1,189,"{'data_quality': 224, 'model_size': 2, 'parallelism': 1}",5.17,-1,5,-1
2025-07-03 09:17:38.186800,elastic-workbench-pc-visualizer,elastic-workbench-pc-visualizer-1,20,"{'data_quality': 40, 'model_size': 1, 'parallelism': 1}",1.0,-1,46,-1
2025-07-03 09:17:48.181055,elastic-workbench-qr-detector,elastic-workbench-qr-detector-1,25,"{'data_quality': 551, 'parallelism': 1}",1.82,-1,67,-1
2025-07-03 09:17:48.184249,elastic-workbench-cv-analyzer,elastic-workbench-cv-analyzer-1,177,"{'data_quality': 224, 'model_size': 2, 'parallelism': 1}",5.18,-1,5,-1
2025-07-03 09:17:48.187214,elastic-workbench-pc-visualizer,elastic-workbench-pc-visualizer-1,19,"{'data_quality': 40, 'model_size': 1, 'parallelism': 1}",1.0,-1,48,-1
2025-07-03 09:17:58.182826,elastic-workbench-qr-detector,elastic-workbench-qr-detector-1,26,"{'data_quality': 551, 'parallelism': 1}",1.82,-1,67,-1
2025-07-03 09:17:58.186476,elastic-workbench-cv-analyzer,elastic-workbench-cv-analyzer-1,187,"{'data_quality': 224, 'model_size': 2, 'parallelism': 1}",5.18,-1,5,-1
2025-07-03 09:17:58.189585,elastic-workbench-pc-visualizer,elastic-workbench-pc-visualizer-1,21,"{'data_quality': 40, 'model_size': 1, 'parallelism': 1}",1.0,-1,45,-1
2025-07-03 09:18:08.180577,elastic-workbench-qr-detector,elastic-workbench-qr-detector-1,27,"{'data_quality': 551, 'parallelism': 1}",1.81,-1,67,-1
2025-07-03 09:18:08.186354,elastic-workbench-cv-analyzer,elastic-workbench-cv-analyzer-1,284,"{'data_quality': 224, 'model_size': 2, 'parallelism': 1}",5.19,-1,3,-1
2025-07-03 09:18:08.189359,elastic-workbench-pc-visualizer,elastic-workbench-pc-visualizer-1,20,"{'data_quality': 40, 'model_size': 1, 'parallelism': 1}",1.0,-1,47,-1
2025-07-03 09:18:18.180330,elastic-workbench-qr-detector,elastic-workbench-qr-detector-1,27,"{'data_quality': 551, 'parallelism': 1}",1.82,-1,67,-1
2025-07-03 09:18:18.185797,elastic-workbench-cv-analyzer,elastic-workbench-cv-analyzer-1,251,"{'data_quality': 224, 'model_size': 2, 'parallelism': 1}",5.18,-1,4,-1
2025-07-03 09:18:18.188860,elastic-workbench-pc-visualizer,elastic-workbench-pc-visualizer-1,20,"{'data_quality': 40, 'model_size': 1, 'parallelism': 1}",1.0,-1,46,-1
2025-07-03 09:18:28.183293,elastic-workbench-qr-detector,elastic-workbench-qr-detector-1,27,"{'data_quality': 551, 'parallelism': 1}",1.82,-1,66,-1
2025-07-03 09:18:28.191164,elastic-workbench-cv-analyzer,elastic-workbench-cv-analyzer-1,242,"{'data_quality': 224, 'model_size': 2, 'parallelism': 1}",5.18,-1,3,-1
2025-07-03 09:18:28.194082,elastic-workbench-pc-visualizer,elastic-workbench-pc-visualizer-1,20,"{'data_quality': 40, 'model_size': 1, 'parallelism': 1}",1.0,-1,47,-1
2025-07-03 09:18:38.181018,elastic-workbench-qr-detector,elastic-workbench-qr-detector-1,26,"{'data_quality': 551, 'parallelism': 1}",1.81,-1,65,-1
2025-07-03 09:18:38.186564,elastic-workbench-cv-analyzer,elastic-workbench-cv-analyzer-1,221,"{'data_quality': 224, 'model_size': 2, 'parallelism': 1}",5.19,-1,3,-1
2025-07-03 09:18:38.189294,elastic-workbench-pc-visualizer,elastic-workbench-pc-visualizer-1,20,"{'data_quality': 40, 'model_size': 1, 'parallelism': 1}",1.0,-1,46,-1
2025-07-03 09:18:48.181951,elastic-workbench-qr-detector,elastic-workbench-qr-detector-1,27,"{'data_quality': 551, 'parallelism': 1}",1.8,-1,64,-1
2025-07-03 09:18:48.186558,elastic-workbench-cv-analyzer,elastic-workbench-cv-analyzer-1,247,"{'data_quality': 224, 'model_size': 2, 'parallelism': 1}",5.2,-1,3,-1
2025-07-03 09:18:48.189581,elastic-workbench-pc-visualizer,elastic-workbench-pc-visualizer-1,20,"{'data_quality': 40, 'model_size': 1, 'parallelism': 1}",1.0,-1,47,-1
2025-07-03 09:18:58.182288,elastic-workbench-qr-detector,elastic-workbench-qr-detector-1,26,"{'data_quality': 551, 'parallelism': 1}",1.79,-1,64,-1
2025-07-03 09:18:58.187923,elastic-workbench-cv-analyzer,elastic-workbench-cv-analyzer-1,189,"{'data_quality': 224, 'model_size': 2, 'parallelism': 1}",5.21,-1,5,-1
2025-07-03 09:18:58.191987,elastic-workbench-pc-visualizer,elastic-workbench-pc-visualizer-1,20,"{'data_quality': 40, 'model_size': 1, 'parallelism': 1}",1.0,-1,47,-1
2025-07-03 09:19:08.183488,elastic-workbench-qr-detector,elastic-workbench-qr-detector-1,25,"{'data_quality': 551, 'parallelism': 1}",1.79,-1,63,-1
2025-07-03 09:19:08.189880,elastic-workbench-cv-analyzer,elastic-workbench-cv-analyzer-1,192,"{'data_quality': 224, 'model_size': 2, 'parallelism': 1}",5.21,-1,4,-1
2025-07-03 09:19:08.193216,elastic-workbench-pc-visualizer,elastic-workbench-pc-visualizer-1,20,"{'data_quality': 40, 'model_size': 1, 'parallelism': 1}",1.0,-1,46,-1
2025-07-03 09:19:18.183989,elastic-workbench-qr-detector,elastic-workbench-qr-detector-1,26,"{'data_quality': 551, 'parallelism': 1}",1.78,-1,63,-1
2025-07-03 09:19:18.193526,elastic-workbench-cv-analyzer,elastic-workbench-cv-analyzer-1,201,"{'data_quality': 224, 'model_size': 2, 'parallelism': 1}",5.22,-1,4,-1
2025-07-03 09:19:18.196243,elastic-workbench-pc-visualizer,elastic-workbench-pc-visualizer-1,20,"{'data_quality': 40, 'model_size': 1, 'parallelism': 1}",1.0,-1,46,-1
2025-07-03 09:19:28.186242,elastic-workbench-qr-detector,elastic-workbench-qr-detector-1,26,"{'data_quality': 551, 'parallelism': 1}",1.78,-1,63,-1
2025-07-03 09:19:28.190083,elastic-workbench-cv-analyzer,elastic-workbench-cv-analyzer-1,155,"{'data_quality': 224, 'model_size': 2, 'parallelism': 1}",5.22,-1,5,-1
2025-07-03 09:19:28.192707,elastic-workbench-pc-visualizer,elastic-workbench-pc-visualizer-1,20,"{'data_quality': 40, 'model_size': 1, 'parallelism': 1}",1.0,-1,46,-1
2025-07-03 09:19:38.186855,elastic-workbench-qr-detector,elastic-workbench-qr-detector-1,26,"{'data_quality': 551, 'parallelism': 1}",1.78,-1,62,-1
2025-07-03 09:19:38.189997,elastic-workbench-cv-analyzer,elastic-workbench-cv-analyzer-1,167,"{'data_quality': 224, 'model_size': 2, 'parallelism': 1}",5.22,-1,5,-1
2025-07-03 09:19:38.192587,elastic-workbench-pc-visualizer,elastic-workbench-pc-visualizer-1,20,"{'data_quality': 40, 'model_size': 1, 'parallelism': 1}",1.0,-1,46,-1
2025-07-03 09:19:48.190450,elastic-workbench-qr-detector,elastic-workbench-qr-detector-1,27,"{'data_quality': 551, 'parallelism': 1}",1.77,-1,62,-1
2025-07-03 09:19:48.193652,elastic-workbench-cv-analyzer,elastic-workbench-cv-analyzer-1,166,"{'data_quality': 224, 'model_size': 2, 'parallelism': 1}",5.23,-1,5,-1
2025-07-03 09:19:48.196915,elastic-workbench-pc-visualizer,elastic-workbench-pc-visualizer-1,19,"{'data_quality': 40, 'model_size': 1, 'parallelism': 1}",1.0,-1,48,-1
2025-07-03 09:19:58.186239,elastic-workbench-qr-detector,elastic-workbench-qr-detector-1,27,"{'data_quality': 551, 'parallelism': 1}",1.77,-1,61,-1
2025-07-03 09:19:58.189645,elastic-workbench-cv-analyzer,elastic-workbench-cv-analyzer-1,167,"{'data_quality': 224, 'model_size': 2, 'parallelism': 1}",5.23,-1,5,-1
2025-07-03 09:19:58.193485,elastic-workbench-pc-visualizer,elastic-workbench-pc-visualizer-1,19,"{'data_quality': 40, 'model_size': 1, 'parallelism': 1}",1.0,-1,48,-1
2025-07-03 09:20:08.187536,elastic-workbench-qr-detector,elastic-workbench-qr-detector-1,27,"{'data_quality': 551, 'parallelism': 1}",1.76,-1,61,-1
2025-07-03 09:20:08.190494,elastic-workbench-cv-analyzer,elastic-workbench-cv-analyzer-1,225,"{'data_quality': 224, 'model_size': 2, 'parallelism': 1}",5.24,-1,3,-1
2025-07-03 09:20:08.194043,elastic-workbench-pc-visualizer,elastic-workbench-pc-visualizer-1,20,"{'data_quality': 40, 'model_size': 1, 'parallelism': 1}",1.0,-1,47,-1
2025-07-03 09:20:18.188151,elastic-workbench-qr-detector,elastic-workbench-qr-detector-1,27,"{'data_quality': 551, 'parallelism': 1}",1.76,-1,61,-1
2025-07-03 09:20:18.190876,elastic-workbench-cv-analyzer,elastic-workbench-cv-analyzer-1,245,"{'data_quality': 224, 'model_size': 2, 'parallelism': 1}",5.24,-1,3,-1
2025-07-03 09:20:18.193878,elastic-workbench-pc-visualizer,elastic-workbench-pc-visualizer-1,20,"{'data_quality': 40, 'model_size': 1, 'parallelism': 1}",1.0,-1,46,-1
2025-07-03 09:20:28.188688,elastic-workbench-qr-detector,elastic-workbench-qr-detector-1,27,"{'data_quality': 551, 'parallelism': 1}",1.76,-1,59,-1
2025-07-03 09:20:28.192252,elastic-workbench-cv-analyzer,elastic-workbench-cv-analyzer-1,251,"{'data_quality': 224, 'model_size': 2, 'parallelism': 1}",5.24,-1,4,-1
2025-07-03 09:20:28.197402,elastic-workbench-pc-visualizer,elastic-workbench-pc-visualizer-1,20,"{'data_quality': 40, 'model_size': 1, 'parallelism': 1}",1.0,-1,47,-1
2025-07-03 09:20:38.188766,elastic-workbench-qr-detector,elastic-workbench-qr-detector-1,27,"{'data_quality': 551, 'parallelism': 1}",1.74,-1,59,-1
2025-07-03 09:20:38.191548,elastic-workbench-cv-analyzer,elastic-workbench-cv-analyzer-1,190,"{'data_quality': 224, 'model_size': 2, 'parallelism': 1}",5.26,-1,5,-1
2025-07-03 09:20:38.197799,elastic-workbench-pc-visualizer,elastic-workbench-pc-visualizer-1,20,"{'data_quality': 40, 'model_size': 1, 'parallelism': 1}",1.0,-1,48,-1
2025-07-03 09:20:48.189196,elastic-workbench-qr-detector,elastic-workbench-qr-detector-1,27,"{'data_quality': 551, 'parallelism': 1}",1.73,-1,59,-1
2025-07-03 09:20:48.192103,elastic-workbench-cv-analyzer,elastic-workbench-cv-analyzer-1,255,"{'data_quality': 224, 'model_size': 2, 'parallelism': 1}",5.27,-1,4,-1
2025-07-03 09:20:48.196194,elastic-workbench-pc-visualizer,elastic-workbench-pc-visualizer-1,20,"{'data_quality': 40, 'model_size': 1, 'parallelism': 1}",1.0,-1,46,-1
2025-07-03 09:20:58.191923,elastic-workbench-qr-detector,elastic-workbench-qr-detector-1,27,"{'data_quality': 551, 'parallelism': 1}",1.73,-1,60,-1
2025-07-03 09:20:58.194700,elastic-workbench-cv-analyzer,elastic-workbench-cv-analyzer-1,204,"{'data_quality': 224, 'model_size': 2, 'parallelism': 1}",5.27,-1,4,-1
2025-07-03 09:20:58.197330,elastic-workbench-pc-visualizer,elastic-workbench-pc-visualizer-1,20,"{'data_quality': 40, 'model_size': 1, 'parallelism': 1}",1.0,-1,47,-1
2025-07-03 09:21:08.190209,elastic-workbench-qr-detector,elastic-workbench-qr-detector-1,27,"{'data_quality': 551, 'parallelism': 1}",1.74,-1,58,-1
2025-07-03 09:21:08.193090,elastic-workbench-cv-analyzer,elastic-workbench-cv-analyzer-1,158,"{'data_quality': 224, 'model_size': 2, 'parallelism': 1}",5.26,-1,5,-1
2025-07-03 09:21:08.196806,elastic-workbench-pc-visualizer,elastic-workbench-pc-visualizer-1,19,"{'data_quality': 40, 'model_size': 1, 'parallelism': 1}",1.0,-1,49,-1
2025-07-03 09:21:18.190357,elastic-workbench-qr-detector,elastic-workbench-qr-detector-1,27,"{'data_quality': 551, 'parallelism': 1}",1.72,-1,58,-1
2025-07-03 09:21:18.193194,elastic-workbench-cv-analyzer,elastic-workbench-cv-analyzer-1,148,"{'data_quality': 224, 'model_size': 2, 'parallelism': 1}",5.28,-1,5,-1
2025-07-03 09:21:18.197464,elastic-workbench-pc-visualizer,elastic-workbench-pc-visualizer-1,21,"{'data_quality': 40, 'model_size': 1, 'parallelism': 1}",1.0,-1,46,-1
2025-07-03 09:21:28.190653,elastic-workbench-qr-detector,elastic-workbench-qr-detector-1,27,"{'data_quality': 551, 'parallelism': 1}",1.72,-1,59,-1
2025-07-03 09:21:28.193497,elastic-workbench-cv-analyzer,elastic-workbench-cv-analyzer-1,162,"{'data_quality': 224, 'model_size': 2, 'parallelism': 1}",5.28,-1,5,-1
2025-07-03 09:21:28.196322,elastic-workbench-pc-visualizer,elastic-workbench-pc-visualizer-1,20,"{'data_quality': 40, 'model_size': 1, 'parallelism': 1}",1.0,-1,47,-1
2025-07-03 09:21:38.191530,elastic-workbench-qr-detector,elastic-workbench-qr-detector-1,27,"{'data_quality': 551, 'parallelism': 1}",1.73,-1,57,-1
2025-07-03 09:21:38.194653,elastic-workbench-cv-analyzer,elastic-workbench-cv-analyzer-1,189,"{'data_quality': 224, 'model_size': 2, 'parallelism': 1}",5.27,-1,4,-1
2025-07-03 09:21:38.200956,elastic-workbench-pc-visualizer,elastic-workbench-pc-visualizer-1,20,"{'data_quality': 40, 'model_size': 1, 'parallelism': 1}",1.0,-1,47,-1
2025-07-03 09:21:48.191988,elastic-workbench-qr-detector,elastic-workbench-qr-detector-1,27,"{'data_quality': 551, 'parallelism': 1}",1.71,-1,57,-1
2025-07-03 09:21:48.194735,elastic-workbench-cv-analyzer,elastic-workbench-cv-analyzer-1,189,"{'data_quality': 224, 'model_size': 2, 'parallelism': 1}",5.29,-1,4,-1
2025-07-03 09:21:48.197318,elastic-workbench-pc-visualizer,elastic-workbench-pc-visualizer-1,20,"{'data_quality': 40, 'model_size': 1, 'parallelism': 1}",1.0,-1,46,-1
2025-07-03 09:21:58.192500,elastic-workbench-qr-detector,elastic-workbench-qr-detector-1,27,"{'data_quality': 551, 'parallelism': 1}",1.71,-1,56,-1
2025-07-03 09:21:58.195447,elastic-workbench-cv-analyzer,elastic-workbench-cv-analyzer-1,169,"{'data_quality': 224, 'model_size': 2, 'parallelism': 1}",5.29,-1,5,-1
2025-07-03 09:21:58.201738,elastic-workbench-pc-visualizer,elastic-workbench-pc-visualizer-1,19,"{'data_quality': 40, 'model_size': 1, 'parallelism': 1}",1.0,-1,48,-1
2025-07-03 09:22:08.193248,elastic-workbench-qr-detector,elastic-workbench-qr-detector-1,28,"{'data_quality': 551, 'parallelism': 1}",1.7,-1,57,-1
2025-07-03 09:22:08.196107,elastic-workbench-cv-analyzer,elastic-workbench-cv-analyzer-1,201,"{'data_quality': 224, 'model_size': 2, 'parallelism': 1}",5.3,-1,4,-1
2025-07-03 09:22:08.198609,elastic-workbench-pc-visualizer,elastic-workbench-pc-visualizer-1,20,"{'data_quality': 40, 'model_size': 1, 'parallelism': 1}",1.0,-1,46,-1
2025-07-03 09:22:18.194536,elastic-workbench-qr-detector,elastic-workbench-qr-detector-1,27,"{'data_quality': 551, 'parallelism': 1}",1.71,-1,57,-1
2025-07-03 09:22:18.197163,elastic-workbench-cv-analyzer,elastic-workbench-cv-analyzer-1,153,"{'data_quality': 224, 'model_size': 2, 'parallelism': 1}",5.29,-1,5,-1
2025-07-03 09:22:18.201387,elastic-workbench-pc-visualizer,elastic-workbench-pc-visualizer-1,19,"{'data_quality': 40, 'model_size': 1, 'parallelism': 1}",1.0,-1,48,-1
2025-07-03 09:22:28.194973,elastic-workbench-qr-detector,elastic-workbench-qr-detector-1,28,"{'data_quality': 551, 'parallelism': 1}",1.71,-1,57,-1
2025-07-03 09:22:28.197807,elastic-workbench-cv-analyzer,elastic-workbench-cv-analyzer-1,138,"{'data_quality': 224, 'model_size': 2, 'parallelism': 1}",5.29,-1,5,-1
2025-07-03 09:22:28.204257,elastic-workbench-pc-visualizer,elastic-workbench-pc-visualizer-1,20,"{'data_quality': 40, 'model_size': 1, 'parallelism': 1}",1.0,-1,47,-1
2025-07-03 09:22:38.196110,elastic-workbench-qr-detector,elastic-workbench-qr-detector-1,28,"{'data_quality': 551, 'parallelism': 1}",1.71,-1,56,-1
2025-07-03 09:22:38.199255,elastic-workbench-cv-analyzer,elastic-workbench-cv-analyzer-1,224,"{'data_quality': 224, 'model_size': 2, 'parallelism': 1}",5.29,-1,4,-1
2025-07-03 09:22:38.201845,elastic-workbench-pc-visualizer,elastic-workbench-pc-visualizer-1,20,"{'data_quality': 40, 'model_size': 1, 'parallelism': 1}",1.0,-1,47,-1
2025-07-03 09:22:48.197135,elastic-workbench-qr-detector,elastic-workbench-qr-detector-1,29,"{'data_quality': 551, 'parallelism': 1}",1.7,-1,55,-1
2025-07-03 09:22:48.199898,elastic-workbench-cv-analyzer,elastic-workbench-cv-analyzer-1,205,"{'data_quality': 224, 'model_size': 2, 'parallelism': 1}",5.3,-1,5,-1
2025-07-03 09:22:48.206187,elastic-workbench-pc-visualizer,elastic-workbench-pc-visualizer-1,20,"{'data_quality': 40, 'model_size': 1, 'parallelism': 1}",1.0,-1,46,-1
2025-07-03 09:22:58.197763,elastic-workbench-qr-detector,elastic-workbench-qr-detector-1,28,"{'data_quality': 551, 'parallelism': 1}",1.69,-1,55,-1
2025-07-03 09:22:58.200531,elastic-workbench-cv-analyzer,elastic-workbench-cv-analyzer-1,156,"{'data_quality': 224, 'model_size': 2, 'parallelism': 1}",5.31,-1,5,-1
2025-07-03 09:22:58.206198,elastic-workbench-pc-visualizer,elastic-workbench-pc-visualizer-1,20,"{'data_quality': 40, 'model_size': 1, 'parallelism': 1}",1.0,-1,47,-1
2025-07-03 09:23:08.198428,elastic-workbench-qr-detector,elastic-workbench-qr-detector-1,28,"{'data_quality': 551, 'parallelism': 1}",1.68,-1,54,-1
2025-07-03 09:23:08.202785,elastic-workbench-cv-analyzer,elastic-workbench-cv-analyzer-1,182,"{'data_quality': 224, 'model_size': 2, 'parallelism': 1}",5.32,-1,4,-1
2025-07-03 09:23:08.205413,elastic-workbench-pc-visualizer,elastic-workbench-pc-visualizer-1,20,"{'data_quality': 40, 'model_size': 1, 'parallelism': 1}",1.0,-1,48,-1
2025-07-03 09:23:18.199536,elastic-workbench-qr-detector,elastic-workbench-qr-detector-1,29,"{'data_quality': 551, 'parallelism': 1}",1.68,-1,54,-1
2025-07-03 09:23:18.203301,elastic-workbench-cv-analyzer,elastic-workbench-cv-analyzer-1,134,"{'data_quality': 224, 'model_size': 2, 'parallelism': 1}",5.32,-1,4,-1
2025-07-03 09:23:18.206459,elastic-workbench-pc-visualizer,elastic-workbench-pc-visualizer-1,20,"{'data_quality': 40, 'model_size': 1, 'parallelism': 1}",1.0,-1,46,-1
2025-07-03 09:23:28.199127,elastic-workbench-qr-detector,elastic-workbench-qr-detector-1,28,"{'data_quality': 551, 'parallelism': 1}",1.67,-1,55,-1
2025-07-03 09:23:28.201721,elastic-workbench-cv-analyzer,elastic-workbench-cv-analyzer-1,267,"{'data_quality': 224, 'model_size': 2, 'parallelism': 1}",5.33,-1,3,-1
2025-07-03 09:23:28.204477,elastic-workbench-pc-visualizer,elastic-workbench-pc-visualizer-1,20,"{'data_quality': 40, 'model_size': 1, 'parallelism': 1}",1.0,-1,46,-1
2025-07-03 09:23:38.204995,elastic-workbench-qr-detector,elastic-workbench-qr-detector-1,28,"{'data_quality': 551, 'parallelism': 1}",1.68,-1,54,-1
2025-07-03 09:23:38.210599,elastic-workbench-cv-analyzer,elastic-workbench-cv-analyzer-1,153,"{'data_quality': 224, 'model_size': 2, 'parallelism': 1}",5.32,-1,5,-1
2025-07-03 09:23:38.218340,elastic-workbench-pc-visualizer,elastic-workbench-pc-visualizer-1,20,"{'data_quality': 40, 'model_size': 1, 'parallelism': 1}",1.0,-1,47,-1
2025-07-03 09:23:48.202331,elastic-workbench-qr-detector,elastic-workbench-qr-detector-1,28,"{'data_quality': 551, 'parallelism': 1}",1.68,-1,54,-1
2025-07-03 09:23:48.204916,elastic-workbench-cv-analyzer,elastic-workbench-cv-analyzer-1,141,"{'data_quality': 224, 'model_size': 2, 'parallelism': 1}",5.32,-1,5,-1
2025-07-03 09:23:48.214247,elastic-workbench-pc-visualizer,elastic-workbench-pc-visualizer-1,19,"{'data_quality': 40, 'model_size': 1, 'parallelism': 1}",1.0,-1,48,-1
2025-07-03 09:23:58.202174,elastic-workbench-qr-detector,elastic-workbench-qr-detector-1,27,"{'data_quality': 551, 'parallelism': 1}",1.67,-1,55,-1
2025-07-03 09:23:58.205231,elastic-workbench-cv-analyzer,elastic-workbench-cv-analyzer-1,143,"{'data_quality': 224, 'model_size': 2, 'parallelism': 1}",5.33,-1,5,-1
2025-07-03 09:23:58.213331,elastic-workbench-pc-visualizer,elastic-workbench-pc-visualizer-1,20,"{'data_quality': 40, 'model_size': 1, 'parallelism': 1}",1.0,-1,47,-1
2025-07-03 09:24:08.202639,elastic-workbench-qr-detector,elastic-workbench-qr-detector-1,29,"{'data_quality': 551, 'parallelism': 1}",1.68,-1,55,-1
2025-07-03 09:24:08.205559,elastic-workbench-cv-analyzer,elastic-workbench-cv-analyzer-1,178,"{'data_quality': 224, 'model_size': 2, 'parallelism': 1}",5.32,-1,4,-1
2025-07-03 09:24:08.216481,elastic-workbench-pc-visualizer,elastic-workbench-pc-visualizer-1,20,"{'data_quality': 40, 'model_size': 1, 'parallelism': 1}",1.0,-1,46,-1
2025-07-03 09:24:18.203504,elastic-workbench-qr-detector,elastic-workbench-qr-detector-1,29,"{'data_quality': 551, 'parallelism': 1}",1.68,-1,55,-1
2025-07-03 09:24:18.206471,elastic-workbench-cv-analyzer,elastic-workbench-cv-analyzer-1,210,"{'data_quality': 224, 'model_size': 2, 'parallelism': 1}",5.32,-1,4,-1
2025-07-03 09:24:18.218077,elastic-workbench-pc-visualizer,elastic-workbench-pc-visualizer-1,21,"{'data_quality': 40, 'model_size': 1, 'parallelism': 1}",1.0,-1,45,-1
2025-07-03 09:24:28.203617,elastic-workbench-qr-detector,elastic-workbench-qr-detector-1,28,"{'data_quality': 551, 'parallelism': 1}",1.68,-1,54,-1
2025-07-03 09:24:28.206930,elastic-workbench-cv-analyzer,elastic-workbench-cv-analyzer-1,153,"{'data_quality': 224, 'model_size': 2, 'parallelism': 1}",5.32,-1,4,-1
2025-07-03 09:24:28.214863,elastic-workbench-pc-visualizer,elastic-workbench-pc-visualizer-1,20,"{'data_quality': 40, 'model_size': 1, 'parallelism': 1}",1.0,-1,47,-1
2025-07-03 09:24:38.204438,elastic-workbench-qr-detector,elastic-workbench-qr-detector-1,29,"{'data_quality': 551, 'parallelism': 1}",1.67,-1,53,-1
2025-07-03 09:24:38.209251,elastic-workbench-cv-analyzer,elastic-workbench-cv-analyzer-1,157,"{'data_quality': 224, 'model_size': 2, 'parallelism': 1}",5.33,-1,5,-1
2025-07-03 09:24:38.212401,elastic-workbench-pc-visualizer,elastic-workbench-pc-visualizer-1,20,"{'data_quality': 40, 'model_size': 1, 'parallelism': 1}",1.0,-1,47,-1
2025-07-03 09:24:48.210883,elastic-workbench-qr-detector,elastic-workbench-qr-detector-1,30,"{'data_quality': 551, 'parallelism': 1}",1.66,-1,53,-1
2025-07-03 09:24:48.213835,elastic-workbench-cv-analyzer,elastic-workbench-cv-analyzer-1,168,"{'data_quality': 224, 'model_size': 2, 'parallelism': 1}",5.34,-1,4,-1
2025-07-03 09:24:48.220155,elastic-workbench-pc-visualizer,elastic-workbench-pc-visualizer-1,20,"{'data_quality': 40, 'model_size': 1, 'parallelism': 1}",1.0,-1,47,-1
2025-07-03 09:24:58.209367,elastic-workbench-qr-detector,elastic-workbench-qr-detector-1,28,"{'data_quality': 551, 'parallelism': 1}",1.66,-1,53,-1
2025-07-03 09:24:58.212244,elastic-workbench-cv-analyzer,elastic-workbench-cv-analyzer-1,161,"{'data_quality': 224, 'model_size': 2, 'parallelism': 1}",5.34,-1,4,-1
2025-07-03 09:24:58.218647,elastic-workbench-pc-visualizer,elastic-workbench-pc-visualizer-1,19,"{'data_quality': 40, 'model_size': 1, 'parallelism': 1}",1.0,-1,49,-1
2025-07-03 09:25:08.214303,elastic-workbench-qr-detector,elastic-workbench-qr-detector-1,28,"{'data_quality': 551, 'parallelism': 1}",1.66,-1,54,-1
2025-07-03 09:25:08.221534,elastic-workbench-cv-analyzer,elastic-workbench-cv-analyzer-1,179,"{'data_quality': 224, 'model_size': 2, 'parallelism': 1}",5.34,-1,4,-1
2025-07-03 09:25:08.228464,elastic-workbench-pc-visualizer,elastic-workbench-pc-visualizer-1,20,"{'data_quality': 40, 'model_size': 1, 'parallelism': 1}",1.0,-1,46,-1
2025-07-03 09:25:18.211871,elastic-workbench-qr-detector,elastic-workbench-qr-detector-1,28,"{'data_quality': 551, 'parallelism': 1}",1.67,-1,53,-1
2025-07-03 09:25:18.221771,elastic-workbench-cv-analyzer,elastic-workbench-cv-analyzer-1,162,"{'data_quality': 224, 'model_size': 2, 'parallelism': 1}",5.33,-1,4,-1
2025-07-03 09:25:18.224646,elastic-workbench-pc-visualizer,elastic-workbench-pc-visualizer-1,20,"{'data_quality': 40, 'model_size': 1, 'parallelism': 1}",1.0,-1,47,-1
2025-07-03 09:25:28.210947,elastic-workbench-qr-detector,elastic-workbench-qr-detector-1,28,"{'data_quality': 551, 'parallelism': 1}",1.66,-1,52,-1
2025-07-03 09:25:28.216420,elastic-workbench-cv-analyzer,elastic-workbench-cv-analyzer-1,179,"{'data_quality': 224, 'model_size': 2, 'parallelism': 1}",5.34,-1,4,-1
2025-07-03 09:25:28.220741,elastic-workbench-pc-visualizer,elastic-workbench-pc-visualizer-1,20,"{'data_quality': 40, 'model_size': 1, 'parallelism': 1}",1.0,-1,46,-1
2025-07-03 09:25:38.215762,elastic-workbench-qr-detector,elastic-workbench-qr-detector-1,29,"{'data_quality': 551, 'parallelism': 1}",1.65,-1,52,-1
2025-07-03 09:25:38.219513,elastic-workbench-cv-analyzer,elastic-workbench-cv-analyzer-1,198,"{'data_quality': 224, 'model_size': 2, 'parallelism': 1}",5.35,-1,4,-1
2025-07-03 09:25:38.221955,elastic-workbench-pc-visualizer,elastic-workbench-pc-visualizer-1,20,"{'data_quality': 40, 'model_size': 1, 'parallelism': 1}",1.0,-1,46,-1
2025-07-03 09:25:48.216633,elastic-workbench-qr-detector,elastic-workbench-qr-detector-1,28,"{'data_quality': 551, 'parallelism': 1}",1.65,-1,52,-1
2025-07-03 09:25:48.219733,elastic-workbench-cv-analyzer,elastic-workbench-cv-analyzer-1,146,"{'data_quality': 224, 'model_size': 2, 'parallelism': 1}",5.35,-1,4,-1
2025-07-03 09:25:48.226321,elastic-workbench-pc-visualizer,elastic-workbench-pc-visualizer-1,20,"{'data_quality': 40, 'model_size': 1, 'parallelism': 1}",1.0,-1,47,-1
2025-07-03 09:25:58.219451,elastic-workbench-qr-detector,elastic-workbench-qr-detector-1,28,"{'data_quality': 551, 'parallelism': 1}",1.65,-1,52,-1
2025-07-03 09:25:58.222362,elastic-workbench-cv-analyzer,elastic-workbench-cv-analyzer-1,153,"{'data_quality': 224, 'model_size': 2, 'parallelism': 1}",5.35,-1,5,-1
2025-07-03 09:25:58.225255,elastic-workbench-pc-visualizer,elastic-workbench-pc-visualizer-1,19,"{'data_quality': 40, 'model_size': 1, 'parallelism': 1}",1.0,-1,49,-1
2025-07-03 09:26:08.220377,elastic-workbench-qr-detector,elastic-workbench-qr-detector-1,29,"{'data_quality': 551, 'parallelism': 1}",1.65,-1,52,-1
2025-07-03 09:26:08.223420,elastic-workbench-cv-analyzer,elastic-workbench-cv-analyzer-1,203,"{'data_quality': 224, 'model_size': 2, 'parallelism': 1}",5.35,-1,4,-1
2025-07-03 09:26:08.228629,elastic-workbench-pc-visualizer,elastic-workbench-pc-visualizer-1,20,"{'data_quality': 40, 'model_size': 1, 'parallelism': 1}",1.0,-1,46,-1
2025-07-03 09:26:18.222523,elastic-workbench-qr-detector,elastic-workbench-qr-detector-1,29,"{'data_quality': 551, 'parallelism': 1}",1.64,-1,52,-1
2025-07-03 09:26:18.227241,elastic-workbench-cv-analyzer,elastic-workbench-cv-analyzer-1,160,"{'data_quality': 224, 'model_size': 2, 'parallelism': 1}",5.36,-1,5,-1
2025-07-03 09:26:18.233534,elastic-workbench-pc-visualizer,elastic-workbench-pc-visualizer-1,20,"{'data_quality': 40, 'model_size': 1, 'parallelism': 1}",1.0,-1,47,-1
2025-07-03 09:26:28.222907,elastic-workbench-qr-detector,elastic-workbench-qr-detector-1,28,"{'data_quality': 551, 'parallelism': 1}",1.64,-1,51,-1
2025-07-03 09:26:28.225952,elastic-workbench-cv-analyzer,elastic-workbench-cv-analyzer-1,166,"{'data_quality': 224, 'model_size': 2, 'parallelism': 1}",5.36,-1,4,-1
2025-07-03 09:26:28.228546,elastic-workbench-pc-visualizer,elastic-workbench-pc-visualizer-1,20,"{'data_quality': 40, 'model_size': 1, 'parallelism': 1}",1.0,-1,46,-1
2025-07-03 09:26:38.231777,elastic-workbench-qr-detector,elastic-workbench-qr-detector-1,29,"{'data_quality': 551, 'parallelism': 1}",1.63,-1,50,-1
2025-07-03 09:26:38.234639,elastic-workbench-cv-analyzer,elastic-workbench-cv-analyzer-1,228,"{'data_quality': 224, 'model_size': 2, 'parallelism': 1}",5.37,-1,4,-1
2025-07-03 09:26:38.240250,elastic-workbench-pc-visualizer,elastic-workbench-pc-visualizer-1,19,"{'data_quality': 40, 'model_size': 1, 'parallelism': 1}",1.0,-1,49,-1
2025-07-03 09:26:48.227311,elastic-workbench-qr-detector,elastic-workbench-qr-detector-1,29,"{'data_quality': 551, 'parallelism': 1}",1.62,-1,49,-1
2025-07-03 09:26:48.230628,elastic-workbench-cv-analyzer,elastic-workbench-cv-analyzer-1,139,"{'data_quality': 224, 'model_size': 2, 'parallelism': 1}",5.38,-1,4,-1
2025-07-03 09:26:48.233989,elastic-workbench-pc-visualizer,elastic-workbench-pc-visualizer-1,19,"{'data_quality': 40, 'model_size': 1, 'parallelism': 1}",1.0,-1,49,-1
2025-07-03 09:26:58.225904,elastic-workbench-qr-detector,elastic-workbench-qr-detector-1,29,"{'data_quality': 551, 'parallelism': 1}",1.61,-1,50,-1
2025-07-03 09:26:58.231377,elastic-workbench-cv-analyzer,elastic-workbench-cv-analyzer-1,147,"{'data_quality': 224, 'model_size': 2, 'parallelism': 1}",5.39,-1,5,-1
2025-07-03 09:26:58.234073,elastic-workbench-pc-visualizer,elastic-workbench-pc-visualizer-1,19,"{'data_quality': 40, 'model_size': 1, 'parallelism': 1}",1.0,-1,49,-1
2025-07-03 09:27:08.225347,elastic-workbench-qr-detector,elastic-workbench-qr-detector-1,29,"{'data_quality': 551, 'parallelism': 1}",1.62,-1,50,-1
2025-07-03 09:27:08.230390,elastic-workbench-cv-analyzer,elastic-workbench-cv-analyzer-1,164,"{'data_quality': 224, 'model_size': 2, 'parallelism': 1}",5.38,-1,4,-1
2025-07-03 09:27:08.233117,elastic-workbench-pc-visualizer,elastic-workbench-pc-visualizer-1,19,"{'data_quality': 40, 'model_size': 1, 'parallelism': 1}",1.0,-1,49,-1
2025-07-03 09:27:18.230590,elastic-workbench-qr-detector,elastic-workbench-qr-detector-1,28,"{'data_quality': 551, 'parallelism': 1}",1.62,-1,51,-1
2025-07-03 09:27:18.233214,elastic-workbench-cv-analyzer,elastic-workbench-cv-analyzer-1,173,"{'data_quality': 224, 'model_size': 2, 'parallelism': 1}",5.38,-1,5,-1
2025-07-03 09:27:18.236062,elastic-workbench-pc-visualizer,elastic-workbench-pc-visualizer-1,19,"{'data_quality': 40, 'model_size': 1, 'parallelism': 1}",1.0,-1,47,-1
2025-07-03 09:27:28.229116,elastic-workbench-qr-detector,elastic-workbench-qr-detector-1,28,"{'data_quality': 551, 'parallelism': 1}",1.63,-1,51,-1
2025-07-03 09:27:28.235430,elastic-workbench-cv-analyzer,elastic-workbench-cv-analyzer-1,163,"{'data_quality': 224, 'model_size': 2, 'parallelism': 1}",5.37,-1,4,-1
2025-07-03 09:27:28.237868,elastic-workbench-pc-visualizer,elastic-workbench-pc-visualizer-1,18,"{'data_quality': 40, 'model_size': 1, 'parallelism': 1}",1.0,-1,49,-1
2025-07-03 09:27:38.229847,elastic-workbench-qr-detector,elastic-workbench-qr-detector-1,29,"{'data_quality': 551, 'parallelism': 1}",1.63,-1,51,-1
2025-07-03 09:27:38.232615,elastic-workbench-cv-analyzer,elastic-workbench-cv-analyzer-1,155,"{'data_quality': 224, 'model_size': 2, 'parallelism': 1}",5.37,-1,5,-1
2025-07-03 09:27:38.235150,elastic-workbench-pc-visualizer,elastic-workbench-pc-visualizer-1,19,"{'data_quality': 40, 'model_size': 1, 'parallelism': 1}",1.0,-1,48,-1
2025-07-03 09:27:48.226992,elastic-workbench-qr-detector,elastic-workbench-qr-detector-1,28,"{'data_quality': 551, 'parallelism': 1}",1.63,-1,50,-1
2025-07-03 09:27:48.234275,elastic-workbench-cv-analyzer,elastic-workbench-cv-analyzer-1,142,"{'data_quality': 224, 'model_size': 2, 'parallelism': 1}",5.37,-1,5,-1
2025-07-03 09:27:48.237006,elastic-workbench-pc-visualizer,elastic-workbench-pc-visualizer-1,20,"{'data_quality': 40, 'model_size': 1, 'parallelism': 1}",1.0,-1,48,-1
2025-07-03 09:27:58.233442,elastic-workbench-qr-detector,elastic-workbench-qr-detector-1,29,"{'data_quality': 551, 'parallelism': 1}",1.62,-1,51,-1
2025-07-03 09:27:58.235941,elastic-workbench-cv-analyzer,elastic-workbench-cv-analyzer-1,147,"{'data_quality': 224, 'model_size': 2, 'parallelism': 1}",5.38,-1,5,-1
2025-07-03 09:27:58.242339,elastic-workbench-pc-visualizer,elastic-workbench-pc-visualizer-1,19,"{'data_quality': 40, 'model_size': 1, 'parallelism': 1}",1.0,-1,50,-1
2025-07-03 09:28:08.230946,elastic-workbench-qr-detector,elastic-workbench-qr-detector-1,29,"{'data_quality': 551, 'parallelism': 1}",1.63,-1,50,-1
2025-07-03 09:28:08.233550,elastic-workbench-cv-analyzer,elastic-workbench-cv-analyzer-1,155,"{'data_quality': 224, 'model_size': 2, 'parallelism': 1}",5.37,-1,4,-1
2025-07-03 09:28:08.240585,elastic-workbench-pc-visualizer,elastic-workbench-pc-visualizer-1,20,"{'data_quality': 40, 'model_size': 1, 'parallelism': 1}",1.0,-1,48,-1
2025-07-03 09:28:18.233628,elastic-workbench-qr-detector,elastic-workbench-qr-detector-1,29,"{'data_quality': 551, 'parallelism': 1}",1.62,-1,50,-1
2025-07-03 09:28:18.236185,elastic-workbench-cv-analyzer,elastic-workbench-cv-analyzer-1,162,"{'data_quality': 224, 'model_size': 2, 'parallelism': 1}",5.38,-1,5,-1
2025-07-03 09:28:18.239110,elastic-workbench-pc-visualizer,elastic-workbench-pc-visualizer-1,19,"{'data_quality': 40, 'model_size': 1, 'parallelism': 1}",1.0,-1,49,-1
2025-07-03 09:28:28.231760,elastic-workbench-qr-detector,elastic-workbench-qr-detector-1,30,"{'data_quality': 551, 'parallelism': 1}",1.61,-1,48,-1
2025-07-03 09:28:28.236470,elastic-workbench-cv-analyzer,elastic-workbench-cv-analyzer-1,178,"{'data_quality': 224, 'model_size': 2, 'parallelism': 1}",5.39,-1,4,-1
2025-07-03 09:28:28.242255,elastic-workbench-pc-visualizer,elastic-workbench-pc-visualizer-1,20,"{'data_quality': 40, 'model_size': 1, 'parallelism': 1}",1.0,-1,48,-1
2025-07-03 09:28:38.235342,elastic-workbench-qr-detector,elastic-workbench-qr-detector-1,31,"{'data_quality': 551, 'parallelism': 1}",1.6,-1,48,-1
2025-07-03 09:28:38.238337,elastic-workbench-cv-analyzer,elastic-workbench-cv-analyzer-1,135,"{'data_quality': 224, 'model_size': 2, 'parallelism': 1}",5.4,-1,4,-1
2025-07-03 09:28:38.241643,elastic-workbench-pc-visualizer,elastic-workbench-pc-visualizer-1,19,"{'data_quality': 40, 'model_size': 1, 'parallelism': 1}",1.0,-1,48,-1
2025-07-03 09:28:48.235846,elastic-workbench-qr-detector,elastic-workbench-qr-detector-1,31,"{'data_quality': 551, 'parallelism': 1}",1.59,-1,47,-1
2025-07-03 09:28:48.238446,elastic-workbench-cv-analyzer,elastic-workbench-cv-analyzer-1,172,"{'data_quality': 224, 'model_size': 2, 'parallelism': 1}",5.41,-1,5,-1
2025-07-03 09:28:48.244254,elastic-workbench-pc-visualizer,elastic-workbench-pc-visualizer-1,19,"{'data_quality': 40, 'model_size': 1, 'parallelism': 1}",1.0,-1,49,-1
2025-07-03 09:28:58.237569,elastic-workbench-qr-detector,elastic-workbench-qr-detector-1,30,"{'data_quality': 551, 'parallelism': 1}",1.58,-1,48,-1
2025-07-03 09:28:58.240345,elastic-workbench-cv-analyzer,elastic-workbench-cv-analyzer-1,150,"{'data_quality': 224, 'model_size': 2, 'parallelism': 1}",5.42,-1,5,-1
2025-07-03 09:28:58.243550,elastic-workbench-pc-visualizer,elastic-workbench-pc-visualizer-1,19,"{'data_quality': 40, 'model_size': 1, 'parallelism': 1}",1.0,-1,49,-1
2025-07-03 09:29:08.240574,elastic-workbench-qr-detector,elastic-workbench-qr-detector-1,29,"{'data_quality': 551, 'parallelism': 1}",1.59,-1,48,-1
2025-07-03 09:29:08.243277,elastic-workbench-cv-analyzer,elastic-workbench-cv-analyzer-1,161,"{'data_quality': 224, 'model_size': 2, 'parallelism': 1}",5.41,-1,4,-1
2025-07-03 09:29:08.250850,elastic-workbench-pc-visualizer,elastic-workbench-pc-visualizer-1,19,"{'data_quality': 40, 'model_size': 1, 'parallelism': 1}",1.0,-1,49,-1
2025-07-03 09:29:18.240464,elastic-workbench-qr-detector,elastic-workbench-qr-detector-1,30,"{'data_quality': 551, 'parallelism': 1}",1.59,-1,49,-1
2025-07-03 09:29:18.243294,elastic-workbench-cv-analyzer,elastic-workbench-cv-analyzer-1,149,"{'data_quality': 224, 'model_size': 2, 'parallelism': 1}",5.41,-1,4,-1
2025-07-03 09:29:18.249810,elastic-workbench-pc-visualizer,elastic-workbench-pc-visualizer-1,20,"{'data_quality': 40, 'model_size': 1, 'parallelism': 1}",1.0,-1,46,-1
2025-07-03 09:29:28.243761,elastic-workbench-qr-detector,elastic-workbench-qr-detector-1,30,"{'data_quality': 551, 'parallelism': 1}",1.6,-1,47,-1
2025-07-03 09:29:28.246234,elastic-workbench-cv-analyzer,elastic-workbench-cv-analyzer-1,185,"{'data_quality': 224, 'model_size': 2, 'parallelism': 1}",5.4,-1,4,-1
2025-07-03 09:29:28.249600,elastic-workbench-pc-visualizer,elastic-workbench-pc-visualizer-1,20,"{'data_quality': 40, 'model_size': 1, 'parallelism': 1}",1.0,-1,47,-1
2025-07-03 09:29:38.242745,elastic-workbench-qr-detector,elastic-workbench-qr-detector-1,30,"{'data_quality': 551, 'parallelism': 1}",1.57,-1,47,-1
2025-07-03 09:29:38.245757,elastic-workbench-cv-analyzer,elastic-workbench-cv-analyzer-1,156,"{'data_quality': 224, 'model_size': 2, 'parallelism': 1}",5.43,-1,5,-1
2025-07-03 09:29:38.254427,elastic-workbench-pc-visualizer,elastic-workbench-pc-visualizer-1,20,"{'data_quality': 40, 'model_size': 1, 'parallelism': 1}",1.0,-1,47,-1
2025-07-03 09:29:48.245553,elastic-workbench-qr-detector,elastic-workbench-qr-detector-1,30,"{'data_quality': 551, 'parallelism': 1}",1.57,-1,47,-1
2025-07-03 09:29:48.248265,elastic-workbench-cv-analyzer,elastic-workbench-cv-analyzer-1,162,"{'data_quality': 224, 'model_size': 2, 'parallelism': 1}",5.43,-1,5,-1
2025-07-03 09:29:48.251332,elastic-workbench-pc-visualizer,elastic-workbench-pc-visualizer-1,19,"{'data_quality': 40, 'model_size': 1, 'parallelism': 1}",1.0,-1,48,-1
2025-07-03 09:29:58.241480,elastic-workbench-qr-detector,elastic-workbench-qr-detector-1,29,"{'data_quality': 551, 'parallelism': 1}",1.57,-1,49,-1
2025-07-03 09:29:58.244467,elastic-workbench-cv-analyzer,elastic-workbench-cv-analyzer-1,141,"{'data_quality': 224, 'model_size': 2, 'parallelism': 1}",5.43,-1,5,-1
2025-07-03 09:29:58.250124,elastic-workbench-pc-visualizer,elastic-workbench-pc-visualizer-1,19,"{'data_quality': 40, 'model_size': 1, 'parallelism': 1}",1.0,-1,49,-1
2025-07-03 09:30:08.245276,elastic-workbench-qr-detector,elastic-workbench-qr-detector-1,29,"{'data_quality': 551, 'parallelism': 1}",1.59,-1,48,-1
2025-07-03 09:30:08.247921,elastic-workbench-cv-analyzer,elastic-workbench-cv-analyzer-1,144,"{'data_quality': 224, 'model_size': 2, 'parallelism': 1}",5.41,-1,5,-1
2025-07-03 09:30:08.251269,elastic-workbench-pc-visualizer,elastic-workbench-pc-visualizer-1,20,"{'data_quality': 40, 'model_size': 1, 'parallelism': 1}",1.0,-1,46,-1
2025-07-03 09:30:18.243046,elastic-workbench-qr-detector,elastic-workbench-qr-detector-1,29,"{'data_quality': 551, 'parallelism': 1}",1.58,-1,46,-1
2025-07-03 09:30:18.245682,elastic-workbench-cv-analyzer,elastic-workbench-cv-analyzer-1,146,"{'data_quality': 224, 'model_size': 2, 'parallelism': 1}",5.42,-1,5,-1
2025-07-03 09:30:18.248809,elastic-workbench-pc-visualizer,elastic-workbench-pc-visualizer-1,19,"{'data_quality': 40, 'model_size': 1, 'parallelism': 1}",1.0,-1,50,-1
2025-07-03 09:30:28.245667,elastic-workbench-qr-detector,elastic-workbench-qr-detector-1,31,"{'data_quality': 551, 'parallelism': 1}",1.56,-1,48,-1
2025-07-03 09:30:28.248595,elastic-workbench-cv-analyzer,elastic-workbench-cv-analyzer-1,148,"{'data_quality': 224, 'model_size': 2, 'parallelism': 1}",5.44,-1,5,-1
2025-07-03 09:30:28.254001,elastic-workbench-pc-visualizer,elastic-workbench-pc-visualizer-1,19,"{'data_quality': 40, 'model_size': 1, 'parallelism': 1}",1.0,-1,49,-1
2025-07-03 09:30:38.245560,elastic-workbench-qr-detector,elastic-workbench-qr-detector-1,30,"{'data_quality': 551, 'parallelism': 1}",1.58,-1,49,-1
2025-07-03 09:30:38.248146,elastic-workbench-cv-analyzer,elastic-workbench-cv-analyzer-1,140,"{'data_quality': 224, 'model_size': 2, 'parallelism': 1}",5.42,-1,5,-1
2025-07-03 09:30:38.254694,elastic-workbench-pc-visualizer,elastic-workbench-pc-visualizer-1,19,"{'data_quality': 40, 'model_size': 1, 'parallelism': 1}",1.0,-1,49,-1
2025-07-03 09:30:48.246927,elastic-workbench-qr-detector,elastic-workbench-qr-detector-1,31,"{'data_quality': 551, 'parallelism': 1}",1.59,-1,48,-1
2025-07-03 09:30:48.249926,elastic-workbench-cv-analyzer,elastic-workbench-cv-analyzer-1,195,"{'data_quality': 224, 'model_size': 2, 'parallelism': 1}",5.41,-1,4,-1
2025-07-03 09:30:48.255850,elastic-workbench-pc-visualizer,elastic-workbench-pc-visualizer-1,20,"{'data_quality': 40, 'model_size': 1, 'parallelism': 1}",1.0,-1,46,-1
2025-07-03 09:30:58.246903,elastic-workbench-qr-detector,elastic-workbench-qr-detector-1,30,"{'data_quality': 551, 'parallelism': 1}",1.57,-1,48,-1
2025-07-03 09:30:58.249677,elastic-workbench-cv-analyzer,elastic-workbench-cv-analyzer-1,190,"{'data_quality': 224, 'model_size': 2, 'parallelism': 1}",5.43,-1,4,-1
2025-07-03 09:30:58.255580,elastic-workbench-pc-visualizer,elastic-workbench-pc-visualizer-1,20,"{'data_quality': 40, 'model_size': 1, 'parallelism': 1}",1.0,-1,47,-1
2025-07-03 09:31:08.249301,elastic-workbench-qr-detector,elastic-workbench-qr-detector-1,30,"{'data_quality': 551, 'parallelism': 1}",1.58,-1,48,-1
2025-07-03 09:31:08.252514,elastic-workbench-cv-analyzer,elastic-workbench-cv-analyzer-1,148,"{'data_quality': 224, 'model_size': 2, 'parallelism': 1}",5.42,-1,5,-1
2025-07-03 09:31:08.258093,elastic-workbench-pc-visualizer,elastic-workbench-pc-visualizer-1,19,"{'data_quality': 40, 'model_size': 1, 'parallelism': 1}",1.0,-1,48,-1
2025-07-03 09:31:18.250278,elastic-workbench-qr-detector,elastic-workbench-qr-detector-1,30,"{'data_quality': 551, 'parallelism': 1}",1.57,-1,48,-1
2025-07-03 09:31:18.253141,elastic-workbench-cv-analyzer,elastic-workbench-cv-analyzer-1,156,"{'data_quality': 224, 'model_size': 2, 'parallelism': 1}",5.43,-1,5,-1
2025-07-03 09:31:18.255708,elastic-workbench-pc-visualizer,elastic-workbench-pc-visualizer-1,19,"{'data_quality': 40, 'model_size': 1, 'parallelism': 1}",1.0,-1,50,-1
2025-07-03 09:31:28.250453,elastic-workbench-qr-detector,elastic-workbench-qr-detector-1,31,"{'data_quality': 551, 'parallelism': 1}",1.57,-1,49,-1
2025-07-03 09:31:28.253359,elastic-workbench-cv-analyzer,elastic-workbench-cv-analyzer-1,148,"{'data_quality': 224, 'model_size': 2, 'parallelism': 1}",5.43,-1,5,-1
2025-07-03 09:31:28.259401,elastic-workbench-pc-visualizer,elastic-workbench-pc-visualizer-1,19,"{'data_quality': 40, 'model_size': 1, 'parallelism': 1}",1.0,-1,48,-1
2025-07-03 09:31:38.251165,elastic-workbench-qr-detector,elastic-workbench-qr-detector-1,30,"{'data_quality': 551, 'parallelism': 1}",1.58,-1,49,-1
2025-07-03 09:31:38.254025,elastic-workbench-cv-analyzer,elastic-workbench-cv-analyzer-1,200,"{'data_quality': 224, 'model_size': 2, 'parallelism': 1}",5.42,-1,4,-1
2025-07-03 09:31:38.257996,elastic-workbench-pc-visualizer,elastic-workbench-pc-visualizer-1,20,"{'data_quality': 40, 'model_size': 1, 'parallelism': 1}",1.0,-1,47,-1
2025-07-03 09:31:48.250975,elastic-workbench-qr-detector,elastic-workbench-qr-detector-1,30,"{'data_quality': 551, 'parallelism': 1}",1.58,-1,48,-1
2025-07-03 09:31:48.253790,elastic-workbench-cv-analyzer,elastic-workbench-cv-analyzer-1,153,"{'data_quality': 224, 'model_size': 2, 'parallelism': 1}",5.42,-1,4,-1
2025-07-03 09:31:48.259747,elastic-workbench-pc-visualizer,elastic-workbench-pc-visualizer-1,19,"{'data_quality': 40, 'model_size': 1, 'parallelism': 1}",1.0,-1,49,-1
2025-07-03 09:31:58.252201,elastic-workbench-qr-detector,elastic-workbench-qr-detector-1,28,"{'data_quality': 551, 'parallelism': 1}",1.57,-1,48,-1
2025-07-03 09:31:58.254922,elastic-workbench-cv-analyzer,elastic-workbench-cv-analyzer-1,149,"{'data_quality': 224, 'model_size': 2, 'parallelism': 1}",5.43,-1,5,-1
2025-07-03 09:31:58.257581,elastic-workbench-pc-visualizer,elastic-workbench-pc-visualizer-1,19,"{'data_quality': 40, 'model_size': 1, 'parallelism': 1}",1.0,-1,49,-1
2025-07-03 09:32:08.252689,elastic-workbench-qr-detector,elastic-workbench-qr-detector-1,29,"{'data_quality': 551, 'parallelism': 1}",1.57,-1,49,-1
2025-07-03 09:32:08.255448,elastic-workbench-cv-analyzer,elastic-workbench-cv-analyzer-1,210,"{'data_quality': 224, 'model_size': 2, 'parallelism': 1}",5.43,-1,4,-1
2025-07-03 09:32:08.261052,elastic-workbench-pc-visualizer,elastic-workbench-pc-visualizer-1,19,"{'data_quality': 40, 'model_size': 1, 'parallelism': 1}",1.0,-1,50,-1
2025-07-03 09:32:18.253194,elastic-workbench-qr-detector,elastic-workbench-qr-detector-1,30,"{'data_quality': 551, 'parallelism': 1}",1.58,-1,50,-1
2025-07-03 09:32:18.256071,elastic-workbench-cv-analyzer,elastic-workbench-cv-analyzer-1,216,"{'data_quality': 224, 'model_size': 2, 'parallelism': 1}",5.42,-1,4,-1
2025-07-03 09:32:18.261655,elastic-workbench-pc-visualizer,elastic-workbench-pc-visualizer-1,19,"{'data_quality': 40, 'model_size': 1, 'parallelism': 1}",1.0,-1,48,-1
2025-07-03 09:32:28.253245,elastic-workbench-qr-detector,elastic-workbench-qr-detector-1,29,"{'data_quality': 551, 'parallelism': 1}",1.58,-1,51,-1
2025-07-03 09:32:28.255933,elastic-workbench-cv-analyzer,elastic-workbench-cv-analyzer-1,141,"{'data_quality': 224, 'model_size': 2, 'parallelism': 1}",5.42,-1,5,-1
2025-07-03 09:32:28.261440,elastic-workbench-pc-visualizer,elastic-workbench-pc-visualizer-1,19,"{'data_quality': 40, 'model_size': 1, 'parallelism': 1}",1.0,-1,48,-1
2025-07-03 09:32:38.254398,elastic-workbench-qr-detector,elastic-workbench-qr-detector-1,29,"{'data_quality': 551, 'parallelism': 1}",1.59,-1,50,-1
2025-07-03 09:32:38.257016,elastic-workbench-cv-analyzer,elastic-workbench-cv-analyzer-1,137,"{'data_quality': 224, 'model_size': 2, 'parallelism': 1}",5.41,-1,5,-1
2025-07-03 09:32:38.260016,elastic-workbench-pc-visualizer,elastic-workbench-pc-visualizer-1,19,"{'data_quality': 40, 'model_size': 1, 'parallelism': 1}",1.0,-1,50,-1
2025-07-03 09:32:48.254943,elastic-workbench-qr-detector,elastic-workbench-qr-detector-1,29,"{'data_quality': 551, 'parallelism': 1}",1.58,-1,48,-1
2025-07-03 09:32:48.257776,elastic-workbench-cv-analyzer,elastic-workbench-cv-analyzer-1,151,"{'data_quality': 224, 'model_size': 2, 'parallelism': 1}",5.42,-1,5,-1
2025-07-03 09:32:48.263138,elastic-workbench-pc-visualizer,elastic-workbench-pc-visualizer-1,19,"{'data_quality': 40, 'model_size': 1, 'parallelism': 1}",1.0,-1,50,-1
2025-07-03 09:32:58.255640,elastic-workbench-qr-detector,elastic-workbench-qr-detector-1,30,"{'data_quality': 551, 'parallelism': 1}",1.56,-1,48,-1
2025-07-03 09:32:58.258526,elastic-workbench-cv-analyzer,elastic-workbench-cv-analyzer-1,150,"{'data_quality': 224, 'model_size': 2, 'parallelism': 1}",5.44,-1,5,-1
2025-07-03 09:32:58.263603,elastic-workbench-pc-visualizer,elastic-workbench-pc-visualizer-1,19,"{'data_quality': 40, 'model_size': 1, 'parallelism': 1}",1.0,-1,49,-1
2025-07-03 09:33:08.256109,elastic-workbench-qr-detector,elastic-workbench-qr-detector-1,30,"{'data_quality': 551, 'parallelism': 1}",1.56,-1,48,-1
2025-07-03 09:33:08.258942,elastic-workbench-cv-analyzer,elastic-workbench-cv-analyzer-1,156,"{'data_quality': 224, 'model_size': 2, 'parallelism': 1}",5.44,-1,5,-1
2025-07-03 09:33:08.264926,elastic-workbench-pc-visualizer,elastic-workbench-pc-visualizer-1,19,"{'data_quality': 40, 'model_size': 1, 'parallelism': 1}",1.0,-1,48,-1
2025-07-03 09:33:18.257047,elastic-workbench-qr-detector,elastic-workbench-qr-detector-1,30,"{'data_quality': 551, 'parallelism': 1}",1.56,-1,47,-1
2025-07-03 09:33:18.259614,elastic-workbench-cv-analyzer,elastic-workbench-cv-analyzer-1,140,"{'data_quality': 224, 'model_size': 2, 'parallelism': 1}",5.44,-1,5,-1
2025-07-03 09:33:18.266658,elastic-workbench-pc-visualizer,elastic-workbench-pc-visualizer-1,20,"{'data_quality': 40, 'model_size': 1, 'parallelism': 1}",1.0,-1,47,-1
2025-07-03 09:33:28.257351,elastic-workbench-qr-detector,elastic-workbench-qr-detector-1,31,"{'data_quality': 551, 'parallelism': 1}",1.54,-1,47,-1
2025-07-03 09:33:28.260190,elastic-workbench-cv-analyzer,elastic-workbench-cv-analyzer-1,147,"{'data_quality': 224, 'model_size': 2, 'parallelism': 1}",5.46,-1,4,-1
2025-07-03 09:33:28.267658,elastic-workbench-pc-visualizer,elastic-workbench-pc-visualizer-1,19,"{'data_quality': 40, 'model_size': 1, 'parallelism': 1}",1.0,-1,48,-1
2025-07-03 09:33:38.257430,elastic-workbench-qr-detector,elastic-workbench-qr-detector-1,30,"{'data_quality': 551, 'parallelism': 1}",1.54,-1,49,-1
2025-07-03 09:33:38.260377,elastic-workbench-cv-analyzer,elastic-workbench-cv-analyzer-1,166,"{'data_quality': 224, 'model_size': 2, 'parallelism': 1}",5.46,-1,5,-1
2025-07-03 09:33:38.266904,elastic-workbench-pc-visualizer,elastic-workbench-pc-visualizer-1,19,"{'data_quality': 40, 'model_size': 1, 'parallelism': 1}",1.0,-1,50,-1
2025-07-03 09:33:48.260768,elastic-workbench-qr-detector,elastic-workbench-qr-detector-1,31,"{'data_quality': 551, 'parallelism': 1}",1.56,-1,49,-1
2025-07-03 09:33:48.263428,elastic-workbench-cv-analyzer,elastic-workbench-cv-analyzer-1,151,"{'data_quality': 224, 'model_size': 2, 'parallelism': 1}",5.44,-1,5,-1
2025-07-03 09:33:48.268760,elastic-workbench-pc-visualizer,elastic-workbench-pc-visualizer-1,19,"{'data_quality': 40, 'model_size': 1, 'parallelism': 1}",1.0,-1,49,-1
2025-07-03 09:33:58.263854,elastic-workbench-qr-detector,elastic-workbench-qr-detector-1,31,"{'data_quality': 551, 'parallelism': 1}",1.56,-1,49,-1
2025-07-03 09:33:58.267711,elastic-workbench-cv-analyzer,elastic-workbench-cv-analyzer-1,208,"{'data_quality': 224, 'model_size': 2, 'parallelism': 1}",5.44,-1,4,-1
2025-07-03 09:33:58.274618,elastic-workbench-pc-visualizer,elastic-workbench-pc-visualizer-1,19,"{'data_quality': 40, 'model_size': 1, 'parallelism': 1}",1.0,-1,49,-1
2025-07-03 09:34:08.258601,elastic-workbench-qr-detector,elastic-workbench-qr-detector-1,30,"{'data_quality': 551, 'parallelism': 1}",1.56,-1,49,-1
2025-07-03 09:34:08.261224,elastic-workbench-cv-analyzer,elastic-workbench-cv-analyzer-1,179,"{'data_quality': 224, 'model_size': 2, 'parallelism': 1}",5.44,-1,4,-1
2025-07-03 09:34:08.263670,elastic-workbench-pc-visualizer,elastic-workbench-pc-visualizer-1,20,"{'data_quality': 40, 'model_size': 1, 'parallelism': 1}",1.0,-1,47,-1
2025-07-03 09:34:18.259103,elastic-workbench-qr-detector,elastic-workbench-qr-detector-1,31,"{'data_quality': 551, 'parallelism': 1}",1.56,-1,50,-1
2025-07-03 09:34:18.261656,elastic-workbench-cv-analyzer,elastic-workbench-cv-analyzer-1,145,"{'data_quality': 224, 'model_size': 2, 'parallelism': 1}",5.44,-1,5,-1
2025-07-03 09:34:18.268271,elastic-workbench-pc-visualizer,elastic-workbench-pc-visualizer-1,20,"{'data_quality': 40, 'model_size': 1, 'parallelism': 1}",1.0,-1,47,-1
2025-07-03 09:34:28.259160,elastic-workbench-qr-detector,elastic-workbench-qr-detector-1,30,"{'data_quality': 551, 'parallelism': 1}",1.57,-1,51,-1
2025-07-03 09:34:28.263110,elastic-workbench-cv-analyzer,elastic-workbench-cv-analyzer-1,156,"{'data_quality': 224, 'model_size': 2, 'parallelism': 1}",5.43,-1,5,-1
2025-07-03 09:34:28.267825,elastic-workbench-pc-visualizer,elastic-workbench-pc-visualizer-1,20,"{'data_quality': 40, 'model_size': 1, 'parallelism': 1}",1.0,-1,46,-1
2025-07-03 09:34:38.259040,elastic-workbench-qr-detector,elastic-workbench-qr-detector-1,29,"{'data_quality': 551, 'parallelism': 1}",1.58,-1,51,-1
2025-07-03 09:34:38.261876,elastic-workbench-cv-analyzer,elastic-workbench-cv-analyzer-1,152,"{'data_quality': 224, 'model_size': 2, 'parallelism': 1}",5.42,-1,5,-1
2025-07-03 09:34:38.265224,elastic-workbench-pc-visualizer,elastic-workbench-pc-visualizer-1,19,"{'data_quality': 40, 'model_size': 1, 'parallelism': 1}",1.0,-1,49,-1
2025-07-03 09:34:48.260460,elastic-workbench-qr-detector,elastic-workbench-qr-detector-1,30,"{'data_quality': 551, 'parallelism': 1}",1.58,-1,49,-1
2025-07-03 09:34:48.263584,elastic-workbench-cv-analyzer,elastic-workbench-cv-analyzer-1,138,"{'data_quality': 224, 'model_size': 2, 'parallelism': 1}",5.42,-1,5,-1
2025-07-03 09:34:48.270204,elastic-workbench-pc-visualizer,elastic-workbench-pc-visualizer-1,19,"{'data_quality': 40, 'model_size': 1, 'parallelism': 1}",1.0,-1,49,-1
2025-07-03 09:34:58.260028,elastic-workbench-qr-detector,elastic-workbench-qr-detector-1,30,"{'data_quality': 551, 'parallelism': 1}",1.56,-1,49,-1
2025-07-03 09:34:58.262760,elastic-workbench-cv-analyzer,elastic-workbench-cv-analyzer-1,109,"{'data_quality': 224, 'model_size': 2, 'parallelism': 1}",5.44,-1,5,-1
2025-07-03 09:34:58.268152,elastic-workbench-pc-visualizer,elastic-workbench-pc-visualizer-1,19,"{'data_quality': 40, 'model_size': 1, 'parallelism': 1}",1.0,-1,48,-1
2025-07-03 09:35:08.261171,elastic-workbench-qr-detector,elastic-workbench-qr-detector-1,30,"{'data_quality': 551, 'parallelism': 1}",1.56,-1,50,-1
2025-07-03 09:35:08.263739,elastic-workbench-cv-analyzer,elastic-workbench-cv-analyzer-1,147,"{'data_quality': 224, 'model_size': 2, 'parallelism': 1}",5.44,-1,5,-1
2025-07-03 09:35:08.270728,elastic-workbench-pc-visualizer,elastic-workbench-pc-visualizer-1,19,"{'data_quality': 40, 'model_size': 1, 'parallelism': 1}",1.0,-1,48,-1
2025-07-03 09:35:18.261752,elastic-workbench-qr-detector,elastic-workbench-qr-detector-1,31,"{'data_quality': 551, 'parallelism': 1}",1.57,-1,50,-1
2025-07-03 09:35:18.264595,elastic-workbench-cv-analyzer,elastic-workbench-cv-analyzer-1,199,"{'data_quality': 224, 'model_size': 2, 'parallelism': 1}",5.43,-1,4,-1
2025-07-03 09:35:18.271757,elastic-workbench-pc-visualizer,elastic-workbench-pc-visualizer-1,19,"{'data_quality': 40, 'model_size': 1, 'parallelism': 1}",1.0,-1,48,-1
2025-07-03 09:35:28.262805,elastic-workbench-qr-detector,elastic-workbench-qr-detector-1,31,"{'data_quality': 551, 'parallelism': 1}",1.57,-1,48,-1
2025-07-03 09:35:28.265511,elastic-workbench-cv-analyzer,elastic-workbench-cv-analyzer-1,159,"{'data_quality': 224, 'model_size': 2, 'parallelism': 1}",5.43,-1,4,-1
2025-07-03 09:35:28.268173,elastic-workbench-pc-visualizer,elastic-workbench-pc-visualizer-1,19,"{'data_quality': 40, 'model_size': 1, 'parallelism': 1}",1.0,-1,48,-1
2025-07-03 09:35:38.263636,elastic-workbench-qr-detector,elastic-workbench-qr-detector-1,31,"{'data_quality': 551, 'parallelism': 1}",1.54,-1,49,-1
2025-07-03 09:35:38.266372,elastic-workbench-cv-analyzer,elastic-workbench-cv-analyzer-1,155,"{'data_quality': 224, 'model_size': 2, 'parallelism': 1}",5.46,-1,5,-1
2025-07-03 09:35:38.269438,elastic-workbench-pc-visualizer,elastic-workbench-pc-visualizer-1,19,"{'data_quality': 40, 'model_size': 1, 'parallelism': 1}",1.0,-1,48,-1
2025-07-03 09:35:48.263736,elastic-workbench-qr-detector,elastic-workbench-qr-detector-1,31,"{'data_quality': 551, 'parallelism': 1}",1.56,-1,49,-1
2025-07-03 09:35:48.266580,elastic-workbench-cv-analyzer,elastic-workbench-cv-analyzer-1,145,"{'data_quality': 224, 'model_size': 2, 'parallelism': 1}",5.44,-1,5,-1
2025-07-03 09:35:48.269346,elastic-workbench-pc-visualizer,elastic-workbench-pc-visualizer-1,19,"{'data_quality': 40, 'model_size': 1, 'parallelism': 1}",1.0,-1,48,-1
2025-07-03 09:35:58.264573,elastic-workbench-qr-detector,elastic-workbench-qr-detector-1,31,"{'data_quality': 551, 'parallelism': 1}",1.55,-1,47,-1
2025-07-03 09:35:58.267444,elastic-workbench-cv-analyzer,elastic-workbench-cv-analyzer-1,151,"{'data_quality': 224, 'model_size': 2, 'parallelism': 1}",5.45,-1,5,-1
2025-07-03 09:35:58.271850,elastic-workbench-pc-visualizer,elastic-workbench-pc-visualizer-1,19,"{'data_quality': 40, 'model_size': 1, 'parallelism': 1}",1.0,-1,47,-1
2025-07-03 09:36:08.268048,elastic-workbench-qr-detector,elastic-workbench-qr-detector-1,31,"{'data_quality': 551, 'parallelism': 1}",1.53,-1,49,-1
2025-07-03 09:36:08.271035,elastic-workbench-cv-analyzer,elastic-workbench-cv-analyzer-1,149,"{'data_quality': 224, 'model_size': 2, 'parallelism': 1}",5.47,-1,5,-1
2025-07-03 09:36:08.274225,elastic-workbench-pc-visualizer,elastic-workbench-pc-visualizer-1,19,"{'data_quality': 40, 'model_size': 1, 'parallelism': 1}",1.0,-1,49,-1
2025-07-03 09:36:18.265290,elastic-workbench-qr-detector,elastic-workbench-qr-detector-1,29,"{'data_quality': 551, 'parallelism': 1}",1.55,-1,48,-1
2025-07-03 09:36:18.268057,elastic-workbench-cv-analyzer,elastic-workbench-cv-analyzer-1,217,"{'data_quality': 224, 'model_size': 2, 'parallelism': 1}",5.45,-1,4,-1
2025-07-03 09:36:18.271120,elastic-workbench-pc-visualizer,elastic-workbench-pc-visualizer-1,19,"{'data_quality': 40, 'model_size': 1, 'parallelism': 1}",1.0,-1,48,-1
2025-07-03 09:36:28.266606,elastic-workbench-qr-detector,elastic-workbench-qr-detector-1,31,"{'data_quality': 551, 'parallelism': 1}",1.53,-1,49,-1
2025-07-03 09:36:28.269447,elastic-workbench-cv-analyzer,elastic-workbench-cv-analyzer-1,154,"{'data_quality': 224, 'model_size': 2, 'parallelism': 1}",5.47,-1,5,-1
2025-07-03 09:36:28.272028,elastic-workbench-pc-visualizer,elastic-workbench-pc-visualizer-1,20,"{'data_quality': 40, 'model_size': 1, 'parallelism': 1}",1.0,-1,48,-1
2025-07-03 09:36:38.269292,elastic-workbench-qr-detector,elastic-workbench-qr-detector-1,31,"{'data_quality': 551, 'parallelism': 1}",1.54,-1,48,-1
2025-07-03 09:36:38.271899,elastic-workbench-cv-analyzer,elastic-workbench-cv-analyzer-1,162,"{'data_quality': 224, 'model_size': 2, 'parallelism': 1}",5.46,-1,5,-1
2025-07-03 09:36:38.274834,elastic-workbench-pc-visualizer,elastic-workbench-pc-visualizer-1,19,"{'data_quality': 40, 'model_size': 1, 'parallelism': 1}",1.0,-1,49,-1
2025-07-03 09:36:48.267740,elastic-workbench-qr-detector,elastic-workbench-qr-detector-1,31,"{'data_quality': 551, 'parallelism': 1}",1.53,-1,49,-1
2025-07-03 09:36:48.270826,elastic-workbench-cv-analyzer,elastic-workbench-cv-analyzer-1,152,"{'data_quality': 224, 'model_size': 2, 'parallelism': 1}",5.47,-1,5,-1
2025-07-03 09:36:48.273355,elastic-workbench-pc-visualizer,elastic-workbench-pc-visualizer-1,19,"{'data_quality': 40, 'model_size': 1, 'parallelism': 1}",1.0,-1,48,-1
2025-07-03 09:36:58.268806,elastic-workbench-qr-detector,elastic-workbench-qr-detector-1,31,"{'data_quality': 551, 'parallelism': 1}",1.54,-1,50,-1
2025-07-03 09:36:58.272296,elastic-workbench-cv-analyzer,elastic-workbench-cv-analyzer-1,148,"{'data_quality': 224, 'model_size': 2, 'parallelism': 1}",5.46,-1,5,-1
2025-07-03 09:36:58.274913,elastic-workbench-pc-visualizer,elastic-workbench-pc-visualizer-1,20,"{'data_quality': 40, 'model_size': 1, 'parallelism': 1}",1.0,-1,48,-1
2025-07-03 09:37:08.269870,elastic-workbench-qr-detector,elastic-workbench-qr-detector-1,30,"{'data_quality': 551, 'parallelism': 1}",1.55,-1,49,-1
2025-07-03 09:37:08.273230,elastic-workbench-cv-analyzer,elastic-workbench-cv-analyzer-1,193,"{'data_quality': 224, 'model_size': 2, 'parallelism': 1}",5.45,-1,4,-1
2025-07-03 09:37:08.276156,elastic-workbench-pc-visualizer,elastic-workbench-pc-visualizer-1,19,"{'data_quality': 40, 'model_size': 1, 'parallelism': 1}",1.0,-1,50,-1
2025-07-03 09:37:18.272563,elastic-workbench-qr-detector,elastic-workbench-qr-detector-1,31,"{'data_quality': 551, 'parallelism': 1}",1.54,-1,49,-1
2025-07-03 09:37:18.275244,elastic-workbench-cv-analyzer,elastic-workbench-cv-analyzer-1,191,"{'data_quality': 224, 'model_size': 2, 'parallelism': 1}",5.46,-1,4,-1
2025-07-03 09:37:18.278124,elastic-workbench-pc-visualizer,elastic-workbench-pc-visualizer-1,19,"{'data_quality': 40, 'model_size': 1, 'parallelism': 1}",1.0,-1,48,-1
2025-07-03 09:37:24.630424,elastic-workbench-qr-detector,elastic-workbench-qr-detector-1,25,"{'data_quality': 550, 'parallelism': 1}",2.67,-1,49,-1
2025-07-03 09:37:24.633292,elastic-workbench-cv-analyzer,elastic-workbench-cv-analyzer-1,686,"{'data_quality': 224, 'model_size': 3, 'parallelism': 1}",2.67,-1,1,-1
2025-07-03 09:37:24.636149,elastic-workbench-pc-visualizer,elastic-workbench-pc-visualizer-1,19,"{'data_quality': 30, 'model_size': 1, 'parallelism': 1}",2.67,-1,48,-1
2025-07-03 09:37:34.630695,elastic-workbench-qr-detector,elastic-workbench-qr-detector-1,27,"{'data_quality': 551, 'parallelism': 1}",1.78,-1,50,-1
2025-07-03 09:37:34.633949,elastic-workbench-cv-analyzer,elastic-workbench-cv-analyzer-1,178,"{'data_quality': 224, 'model_size': 2, 'parallelism': 1}",5.22,-1,4,-1
2025-07-03 09:37:34.636804,elastic-workbench-pc-visualizer,elastic-workbench-pc-visualizer-1,20,"{'data_quality': 40, 'model_size': 1, 'parallelism': 1}",1.0,-1,47,-1
2025-07-03 09:37:44.631285,elastic-workbench-qr-detector,elastic-workbench-qr-detector-1,26,"{'data_quality': 551, 'parallelism': 1}",1.83,-1,47,-1
2025-07-03 09:37:44.635238,elastic-workbench-cv-analyzer,elastic-workbench-cv-analyzer-1,206,"{'data_quality': 224, 'model_size': 2, 'parallelism': 1}",5.17,-1,4,-1
2025-07-03 09:37:44.639282,elastic-workbench-pc-visualizer,elastic-workbench-pc-visualizer-1,20,"{'data_quality': 40, 'model_size': 1, 'parallelism': 1}",1.0,-1,46,-1
2025-07-03 09:37:54.625811,elastic-workbench-qr-detector,elastic-workbench-qr-detector-1,26,"{'data_quality': 551, 'parallelism': 1}",1.77,-1,47,-1
2025-07-03 09:37:54.628893,elastic-workbench-cv-analyzer,elastic-workbench-cv-analyzer-1,207,"{'data_quality': 224, 'model_size': 2, 'parallelism': 1}",5.23,-1,4,-1
2025-07-03 09:37:54.631601,elastic-workbench-pc-visualizer,elastic-workbench-pc-visualizer-1,20,"{'data_quality': 40, 'model_size': 1, 'parallelism': 1}",1.0,-1,47,-1
2025-07-03 09:38:04.627597,elastic-workbench-qr-detector,elastic-workbench-qr-detector-1,26,"{'data_quality': 551, 'parallelism': 1}",1.78,-1,46,-1
2025-07-03 09:38:04.631632,elastic-workbench-cv-analyzer,elastic-workbench-cv-analyzer-1,268,"{'data_quality': 224, 'model_size': 2, 'parallelism': 1}",5.22,-1,3,-1
2025-07-03 09:38:04.634736,elastic-workbench-pc-visualizer,elastic-workbench-pc-visualizer-1,20,"{'data_quality': 40, 'model_size': 1, 'parallelism': 1}",1.0,-1,46,-1
2025-07-03 09:38:14.635303,elastic-workbench-qr-detector,elastic-workbench-qr-detector-1,26,"{'data_quality': 551, 'parallelism': 1}",1.71,-1,47,-1
2025-07-03 09:38:14.641668,elastic-workbench-cv-analyzer,elastic-workbench-cv-analyzer-1,221,"{'data_quality': 224, 'model_size': 2, 'parallelism': 1}",5.29,-1,4,-1
2025-07-03 09:38:14.644186,elastic-workbench-pc-visualizer,elastic-workbench-pc-visualizer-1,19,"{'data_quality': 40, 'model_size': 1, 'parallelism': 1}",1.0,-1,47,-1
2025-07-03 09:38:24.632475,elastic-workbench-qr-detector,elastic-workbench-qr-detector-1,26,"{'data_quality': 551, 'parallelism': 1}",1.77,-1,46,-1
2025-07-03 09:38:24.636816,elastic-workbench-cv-analyzer,elastic-workbench-cv-analyzer-1,205,"{'data_quality': 224, 'model_size': 2, 'parallelism': 1}",5.23,-1,4,-1
2025-07-03 09:38:24.640389,elastic-workbench-pc-visualizer,elastic-workbench-pc-visualizer-1,19,"{'data_quality': 40, 'model_size': 1, 'parallelism': 1}",1.0,-1,48,-1
2025-07-03 09:38:34.633531,elastic-workbench-qr-detector,elastic-workbench-qr-detector-1,26,"{'data_quality': 551, 'parallelism': 1}",1.75,-1,47,-1
2025-07-03 09:38:34.639648,elastic-workbench-cv-analyzer,elastic-workbench-cv-analyzer-1,195,"{'data_quality': 224, 'model_size': 2, 'parallelism': 1}",5.25,-1,4,-1
2025-07-03 09:38:34.642227,elastic-workbench-pc-visualizer,elastic-workbench-pc-visualizer-1,20,"{'data_quality': 40, 'model_size': 1, 'parallelism': 1}",1.0,-1,47,-1
2025-07-03 09:38:44.633938,elastic-workbench-qr-detector,elastic-workbench-qr-detector-1,26,"{'data_quality': 551, 'parallelism': 1}",1.75,-1,47,-1
2025-07-03 09:38:44.636727,elastic-workbench-cv-analyzer,elastic-workbench-cv-analyzer-1,172,"{'data_quality': 224, 'model_size': 2, 'parallelism': 1}",5.25,-1,5,-1
2025-07-03 09:38:44.642347,elastic-workbench-pc-visualizer,elastic-workbench-pc-visualizer-1,20,"{'data_quality': 40, 'model_size': 1, 'parallelism': 1}",1.0,-1,47,-1
2025-07-03 09:38:54.636812,elastic-workbench-qr-detector,elastic-workbench-qr-detector-1,27,"{'data_quality': 551, 'parallelism': 1}",1.72,-1,48,-1
2025-07-03 09:38:54.642389,elastic-workbench-cv-analyzer,elastic-workbench-cv-analyzer-1,173,"{'data_quality': 224, 'model_size': 2, 'parallelism': 1}",5.28,-1,4,-1
2025-07-03 09:38:54.645088,elastic-workbench-pc-visualizer,elastic-workbench-pc-visualizer-1,19,"{'data_quality': 40, 'model_size': 1, 'parallelism': 1}",1.0,-1,49,-1
2025-07-03 09:39:04.639841,elastic-workbench-qr-detector,elastic-workbench-qr-detector-1,27,"{'data_quality': 551, 'parallelism': 1}",1.74,-1,50,-1
2025-07-03 09:39:04.642398,elastic-workbench-cv-analyzer,elastic-workbench-cv-analyzer-1,179,"{'data_quality': 224, 'model_size': 2, 'parallelism': 1}",5.26,-1,4,-1
2025-07-03 09:39:04.645383,elastic-workbench-pc-visualizer,elastic-workbench-pc-visualizer-1,20,"{'data_quality': 40, 'model_size': 1, 'parallelism': 1}",1.0,-1,47,-1
2025-07-03 09:39:14.640135,elastic-workbench-qr-detector,elastic-workbench-qr-detector-1,27,"{'data_quality': 551, 'parallelism': 1}",1.72,-1,50,-1
2025-07-03 09:39:14.646606,elastic-workbench-cv-analyzer,elastic-workbench-cv-analyzer-1,172,"{'data_quality': 224, 'model_size': 2, 'parallelism': 1}",5.28,-1,5,-1
2025-07-03 09:39:14.649340,elastic-workbench-pc-visualizer,elastic-workbench-pc-visualizer-1,19,"{'data_quality': 40, 'model_size': 1, 'parallelism': 1}",1.0,-1,49,-1
2025-07-03 09:39:24.656878,elastic-workbench-qr-detector,elastic-workbench-qr-detector-1,26,"{'data_quality': 551, 'parallelism': 1}",1.76,-1,50,-1
2025-07-03 09:39:24.659790,elastic-workbench-cv-analyzer,elastic-workbench-cv-analyzer-1,157,"{'data_quality': 224, 'model_size': 2, 'parallelism': 1}",5.24,-1,4,-1
2025-07-03 09:39:24.662470,elastic-workbench-pc-visualizer,elastic-workbench-pc-visualizer-1,20,"{'data_quality': 40, 'model_size': 1, 'parallelism': 1}",1.0,-1,47,-1
2025-07-03 09:39:34.640841,elastic-workbench-qr-detector,elastic-workbench-qr-detector-1,28,"{'data_quality': 551, 'parallelism': 1}",1.74,-1,50,-1
2025-07-03 09:39:34.643590,elastic-workbench-cv-analyzer,elastic-workbench-cv-analyzer-1,171,"{'data_quality': 224, 'model_size': 2, 'parallelism': 1}",5.26,-1,4,-1
2025-07-03 09:39:34.646079,elastic-workbench-pc-visualizer,elastic-workbench-pc-visualizer-1,20,"{'data_quality': 40, 'model_size': 1, 'parallelism': 1}",1.0,-1,47,-1
2025-07-03 09:39:44.638901,elastic-workbench-qr-detector,elastic-workbench-qr-detector-1,27,"{'data_quality': 551, 'parallelism': 1}",1.74,-1,50,-1
2025-07-03 09:39:44.645421,elastic-workbench-cv-analyzer,elastic-workbench-cv-analyzer-1,208,"{'data_quality': 224, 'model_size': 2, 'parallelism': 1}",5.26,-1,4,-1
2025-07-03 09:39:44.648282,elastic-workbench-pc-visualizer,elastic-workbench-pc-visualizer-1,20,"{'data_quality': 40, 'model_size': 1, 'parallelism': 1}",1.0,-1,47,-1
2025-07-03 09:39:54.639088,elastic-workbench-qr-detector,elastic-workbench-qr-detector-1,28,"{'data_quality': 551, 'parallelism': 1}",1.73,-1,50,-1
2025-07-03 09:39:54.641997,elastic-workbench-cv-analyzer,elastic-workbench-cv-analyzer-1,179,"{'data_quality': 224, 'model_size': 2, 'parallelism': 1}",5.27,-1,4,-1
2025-07-03 09:39:54.644519,elastic-workbench-pc-visualizer,elastic-workbench-pc-visualizer-1,20,"{'data_quality': 40, 'model_size': 1, 'parallelism': 1}",1.0,-1,46,-1
2025-07-03 09:40:04.642354,elastic-workbench-qr-detector,elastic-workbench-qr-detector-1,28,"{'data_quality': 551, 'parallelism': 1}",1.74,-1,50,-1
2025-07-03 09:40:04.644852,elastic-workbench-cv-analyzer,elastic-workbench-cv-analyzer-1,173,"{'data_quality': 224, 'model_size': 2, 'parallelism': 1}",5.26,-1,4,-1
2025-07-03 09:40:04.647785,elastic-workbench-pc-visualizer,elastic-workbench-pc-visualizer-1,20,"{'data_quality': 40, 'model_size': 1, 'parallelism': 1}",1.0,-1,46,-1
2025-07-03 09:40:14.643090,elastic-workbench-qr-detector,elastic-workbench-qr-detector-1,28,"{'data_quality': 551, 'parallelism': 1}",1.73,-1,50,-1
2025-07-03 09:40:14.645837,elastic-workbench-cv-analyzer,elastic-workbench-cv-analyzer-1,189,"{'data_quality': 224, 'model_size': 2, 'parallelism': 1}",5.27,-1,4,-1
2025-07-03 09:40:14.648509,elastic-workbench-pc-visualizer,elastic-workbench-pc-visualizer-1,20,"{'data_quality': 40, 'model_size': 1, 'parallelism': 1}",1.0,-1,47,-1
2025-07-03 09:40:24.644325,elastic-workbench-qr-detector,elastic-workbench-qr-detector-1,27,"{'data_quality': 551, 'parallelism': 1}",1.73,-1,50,-1
2025-07-03 09:40:24.647786,elastic-workbench-cv-analyzer,elastic-workbench-cv-analyzer-1,228,"{'data_quality': 224, 'model_size': 2, 'parallelism': 1}",5.27,-1,4,-1
2025-07-03 09:40:24.650433,elastic-workbench-pc-visualizer,elastic-workbench-pc-visualizer-1,20,"{'data_quality': 40, 'model_size': 1, 'parallelism': 1}",1.0,-1,46,-1
2025-07-03 09:40:34.643669,elastic-workbench-qr-detector,elastic-workbench-qr-detector-1,27,"{'data_quality': 551, 'parallelism': 1}",1.72,-1,51,-1
2025-07-03 09:40:34.647745,elastic-workbench-cv-analyzer,elastic-workbench-cv-analyzer-1,231,"{'data_quality': 224, 'model_size': 2, 'parallelism': 1}",5.28,-1,4,-1
2025-07-03 09:40:34.650584,elastic-workbench-pc-visualizer,elastic-workbench-pc-visualizer-1,20,"{'data_quality': 40, 'model_size': 1, 'parallelism': 1}",1.0,-1,47,-1
2025-07-03 09:40:44.648567,elastic-workbench-qr-detector,elastic-workbench-qr-detector-1,27,"{'data_quality': 551, 'parallelism': 1}",1.71,-1,50,-1
2025-07-03 09:40:44.651234,elastic-workbench-cv-analyzer,elastic-workbench-cv-analyzer-1,188,"{'data_quality': 224, 'model_size': 2, 'parallelism': 1}",5.29,-1,4,-1
2025-07-03 09:40:44.653823,elastic-workbench-pc-visualizer,elastic-workbench-pc-visualizer-1,19,"{'data_quality': 40, 'model_size': 1, 'parallelism': 1}",1.0,-1,48,-1
2025-07-03 09:40:54.647028,elastic-workbench-qr-detector,elastic-workbench-qr-detector-1,26,"{'data_quality': 551, 'parallelism': 1}",1.72,-1,51,-1
2025-07-03 09:40:54.650756,elastic-workbench-cv-analyzer,elastic-workbench-cv-analyzer-1,189,"{'data_quality': 224, 'model_size': 2, 'parallelism': 1}",5.28,-1,4,-1
2025-07-03 09:40:54.653636,elastic-workbench-pc-visualizer,elastic-workbench-pc-visualizer-1,19,"{'data_quality': 40, 'model_size': 1, 'parallelism': 1}",1.0,-1,49,-1
2025-07-03 09:41:04.643297,elastic-workbench-qr-detector,elastic-workbench-qr-detector-1,26,"{'data_quality': 551, 'parallelism': 1}",1.72,-1,51,-1
2025-07-03 09:41:04.650221,elastic-workbench-cv-analyzer,elastic-workbench-cv-analyzer-1,201,"{'data_quality': 224, 'model_size': 2, 'parallelism': 1}",5.28,-1,4,-1
2025-07-03 09:41:04.653180,elastic-workbench-pc-visualizer,elastic-workbench-pc-visualizer-1,19,"{'data_quality': 40, 'model_size': 1, 'parallelism': 1}",1.0,-1,48,-1
2025-07-03 09:41:14.643613,elastic-workbench-qr-detector,elastic-workbench-qr-detector-1,28,"{'data_quality': 551, 'parallelism': 1}",1.71,-1,51,-1
2025-07-03 09:41:14.647359,elastic-workbench-cv-analyzer,elastic-workbench-cv-analyzer-1,164,"{'data_quality': 224, 'model_size': 2, 'parallelism': 1}",5.29,-1,5,-1
2025-07-03 09:41:14.654694,elastic-workbench-pc-visualizer,elastic-workbench-pc-visualizer-1,19,"{'data_quality': 40, 'model_size': 1, 'parallelism': 1}",1.0,-1,49,-1
2025-07-03 09:41:24.645236,elastic-workbench-qr-detector,elastic-workbench-qr-detector-1,28,"{'data_quality': 551, 'parallelism': 1}",1.71,-1,50,-1
2025-07-03 09:41:24.653059,elastic-workbench-cv-analyzer,elastic-workbench-cv-analyzer-1,177,"{'data_quality': 224, 'model_size': 2, 'parallelism': 1}",5.29,-1,4,-1
2025-07-03 09:41:24.658367,elastic-workbench-pc-visualizer,elastic-workbench-pc-visualizer-1,20,"{'data_quality': 40, 'model_size': 1, 'parallelism': 1}",1.0,-1,46,-1
2025-07-03 09:41:34.647807,elastic-workbench-qr-detector,elastic-workbench-qr-detector-1,28,"{'data_quality': 551, 'parallelism': 1}",1.7,-1,51,-1
2025-07-03 09:41:34.653416,elastic-workbench-cv-analyzer,elastic-workbench-cv-analyzer-1,143,"{'data_quality': 224, 'model_size': 2, 'parallelism': 1}",5.3,-1,5,-1
2025-07-03 09:41:34.655935,elastic-workbench-pc-visualizer,elastic-workbench-pc-visualizer-1,19,"{'data_quality': 40, 'model_size': 1, 'parallelism': 1}",1.0,-1,48,-1
2025-07-03 09:41:44.649494,elastic-workbench-qr-detector,elastic-workbench-qr-detector-1,28,"{'data_quality': 551, 'parallelism': 1}",1.69,-1,50,-1
2025-07-03 09:41:44.652747,elastic-workbench-cv-analyzer,elastic-workbench-cv-analyzer-1,171,"{'data_quality': 224, 'model_size': 2, 'parallelism': 1}",5.31,-1,5,-1
2025-07-03 09:41:44.655420,elastic-workbench-pc-visualizer,elastic-workbench-pc-visualizer-1,20,"{'data_quality': 40, 'model_size': 1, 'parallelism': 1}",1.0,-1,47,-1
2025-07-03 09:41:54.650735,elastic-workbench-qr-detector,elastic-workbench-qr-detector-1,29,"{'data_quality': 551, 'parallelism': 1}",1.67,-1,51,-1
2025-07-03 09:41:54.653649,elastic-workbench-cv-analyzer,elastic-workbench-cv-analyzer-1,162,"{'data_quality': 224, 'model_size': 2, 'parallelism': 1}",5.33,-1,4,-1
2025-07-03 09:41:54.656326,elastic-workbench-pc-visualizer,elastic-workbench-pc-visualizer-1,20,"{'data_quality': 40, 'model_size': 1, 'parallelism': 1}",1.0,-1,47,-1
2025-07-03 09:42:04.650788,elastic-workbench-qr-detector,elastic-workbench-qr-detector-1,28,"{'data_quality': 551, 'parallelism': 1}",1.69,-1,52,-1
2025-07-03 09:42:04.654492,elastic-workbench-cv-analyzer,elastic-workbench-cv-analyzer-1,144,"{'data_quality': 224, 'model_size': 2, 'parallelism': 1}",5.31,-1,4,-1
2025-07-03 09:42:04.659258,elastic-workbench-pc-visualizer,elastic-workbench-pc-visualizer-1,20,"{'data_quality': 40, 'model_size': 1, 'parallelism': 1}",1.0,-1,46,-1
2025-07-03 09:42:14.651561,elastic-workbench-qr-detector,elastic-workbench-qr-detector-1,30,"{'data_quality': 551, 'parallelism': 1}",1.69,-1,52,-1
2025-07-03 09:42:14.654416,elastic-workbench-cv-analyzer,elastic-workbench-cv-analyzer-1,138,"{'data_quality': 224, 'model_size': 2, 'parallelism': 1}",5.31,-1,5,-1
2025-07-03 09:42:14.657006,elastic-workbench-pc-visualizer,elastic-workbench-pc-visualizer-1,19,"{'data_quality': 40, 'model_size': 1, 'parallelism': 1}",1.0,-1,48,-1
2025-07-03 09:42:24.652581,elastic-workbench-qr-detector,elastic-workbench-qr-detector-1,29,"{'data_quality': 551, 'parallelism': 1}",1.68,-1,52,-1
2025-07-03 09:42:24.655619,elastic-workbench-cv-analyzer,elastic-workbench-cv-analyzer-1,150,"{'data_quality': 224, 'model_size': 2, 'parallelism': 1}",5.32,-1,5,-1
2025-07-03 09:42:24.658184,elastic-workbench-pc-visualizer,elastic-workbench-pc-visualizer-1,19,"{'data_quality': 40, 'model_size': 1, 'parallelism': 1}",1.0,-1,48,-1
2025-07-03 09:42:34.653160,elastic-workbench-qr-detector,elastic-workbench-qr-detector-1,29,"{'data_quality': 551, 'parallelism': 1}",1.67,-1,52,-1
2025-07-03 09:42:34.655956,elastic-workbench-cv-analyzer,elastic-workbench-cv-analyzer-1,174,"{'data_quality': 224, 'model_size': 2, 'parallelism': 1}",5.33,-1,4,-1
2025-07-03 09:42:34.658546,elastic-workbench-pc-visualizer,elastic-workbench-pc-visualizer-1,20,"{'data_quality': 40, 'model_size': 1, 'parallelism': 1}",1.0,-1,47,-1
2025-07-03 09:42:44.653615,elastic-workbench-qr-detector,elastic-workbench-qr-detector-1,28,"{'data_quality': 551, 'parallelism': 1}",1.67,-1,52,-1
2025-07-03 09:42:44.656485,elastic-workbench-cv-analyzer,elastic-workbench-cv-analyzer-1,148,"{'data_quality': 224, 'model_size': 2, 'parallelism': 1}",5.33,-1,4,-1
2025-07-03 09:42:44.659072,elastic-workbench-pc-visualizer,elastic-workbench-pc-visualizer-1,20,"{'data_quality': 40, 'model_size': 1, 'parallelism': 1}",1.0,-1,47,-1
2025-07-03 09:42:54.654125,elastic-workbench-qr-detector,elastic-workbench-qr-detector-1,28,"{'data_quality': 551, 'parallelism': 1}",1.68,-1,54,-1
2025-07-03 09:42:54.656992,elastic-workbench-cv-analyzer,elastic-workbench-cv-analyzer-1,195,"{'data_quality': 224, 'model_size': 2, 'parallelism': 1}",5.32,-1,4,-1
2025-07-03 09:42:54.659554,elastic-workbench-pc-visualizer,elastic-workbench-pc-visualizer-1,20,"{'data_quality': 40, 'model_size': 1, 'parallelism': 1}",1.0,-1,46,-1
2025-07-03 09:43:04.655034,elastic-workbench-qr-detector,elastic-workbench-qr-detector-1,28,"{'data_quality': 551, 'parallelism': 1}",1.7,-1,57,-1
2025-07-03 09:43:04.657867,elastic-workbench-cv-analyzer,elastic-workbench-cv-analyzer-1,181,"{'data_quality': 224, 'model_size': 2, 'parallelism': 1}",5.3,-1,4,-1
2025-07-03 09:43:04.660399,elastic-workbench-pc-visualizer,elastic-workbench-pc-visualizer-1,20,"{'data_quality': 40, 'model_size': 1, 'parallelism': 1}",1.0,-1,47,-1
2025-07-03 09:43:14.656327,elastic-workbench-qr-detector,elastic-workbench-qr-detector-1,26,"{'data_quality': 551, 'parallelism': 1}",1.73,-1,58,-1
2025-07-03 09:43:14.659122,elastic-workbench-cv-analyzer,elastic-workbench-cv-analyzer-1,193,"{'data_quality': 224, 'model_size': 2, 'parallelism': 1}",5.27,-1,4,-1
2025-07-03 09:43:14.662151,elastic-workbench-pc-visualizer,elastic-workbench-pc-visualizer-1,20,"{'data_quality': 40, 'model_size': 1, 'parallelism': 1}",1.0,-1,47,-1
2025-07-03 09:43:24.656081,elastic-workbench-qr-detector,elastic-workbench-qr-detector-1,26,"{'data_quality': 551, 'parallelism': 1}",1.73,-1,59,-1
2025-07-03 09:43:24.658906,elastic-workbench-cv-analyzer,elastic-workbench-cv-analyzer-1,217,"{'data_quality': 224, 'model_size': 2, 'parallelism': 1}",5.27,-1,4,-1
2025-07-03 09:43:24.661651,elastic-workbench-pc-visualizer,elastic-workbench-pc-visualizer-1,20,"{'data_quality': 40, 'model_size': 1, 'parallelism': 1}",1.0,-1,47,-1
2025-07-03 09:43:34.656954,elastic-workbench-qr-detector,elastic-workbench-qr-detector-1,27,"{'data_quality': 551, 'parallelism': 1}",1.74,-1,60,-1
2025-07-03 09:43:34.659757,elastic-workbench-cv-analyzer,elastic-workbench-cv-analyzer-1,208,"{'data_quality': 224, 'model_size': 2, 'parallelism': 1}",5.26,-1,4,-1
2025-07-03 09:43:34.662386,elastic-workbench-pc-visualizer,elastic-workbench-pc-visualizer-1,19,"{'data_quality': 40, 'model_size': 1, 'parallelism': 1}",1.0,-1,48,-1
2025-07-03 09:43:44.657816,elastic-workbench-qr-detector,elastic-workbench-qr-detector-1,27,"{'data_quality': 551, 'parallelism': 1}",1.75,-1,60,-1
2025-07-03 09:43:44.660721,elastic-workbench-cv-analyzer,elastic-workbench-cv-analyzer-1,180,"{'data_quality': 224, 'model_size': 2, 'parallelism': 1}",5.25,-1,5,-1
2025-07-03 09:43:44.663468,elastic-workbench-pc-visualizer,elastic-workbench-pc-visualizer-1,20,"{'data_quality': 40, 'model_size': 1, 'parallelism': 1}",1.0,-1,46,-1
2025-07-03 09:43:54.658584,elastic-workbench-qr-detector,elastic-workbench-qr-detector-1,27,"{'data_quality': 551, 'parallelism': 1}",1.74,-1,60,-1
2025-07-03 09:43:54.661622,elastic-workbench-cv-analyzer,elastic-workbench-cv-analyzer-1,171,"{'data_quality': 224, 'model_size': 2, 'parallelism': 1}",5.26,-1,5,-1
2025-07-03 09:43:54.664246,elastic-workbench-pc-visualizer,elastic-workbench-pc-visualizer-1,19,"{'data_quality': 40, 'model_size': 1, 'parallelism': 1}",1.0,-1,48,-1
2025-07-03 09:44:04.663226,elastic-workbench-qr-detector,elastic-workbench-qr-detector-1,28,"{'data_quality': 551, 'parallelism': 1}",1.73,-1,60,-1
2025-07-03 09:44:04.666155,elastic-workbench-cv-analyzer,elastic-workbench-cv-analyzer-1,198,"{'data_quality': 224, 'model_size': 2, 'parallelism': 1}",5.27,-1,4,-1
2025-07-03 09:44:04.669001,elastic-workbench-pc-visualizer,elastic-workbench-pc-visualizer-1,20,"{'data_quality': 40, 'model_size': 1, 'parallelism': 1}",1.0,-1,47,-1
2025-07-03 09:44:14.663000,elastic-workbench-qr-detector,elastic-workbench-qr-detector-1,27,"{'data_quality': 551, 'parallelism': 1}",1.74,-1,60,-1
2025-07-03 09:44:14.666020,elastic-workbench-cv-analyzer,elastic-workbench-cv-analyzer-1,164,"{'data_quality': 224, 'model_size': 2, 'parallelism': 1}",5.26,-1,5,-1
2025-07-03 09:44:14.668866,elastic-workbench-pc-visualizer,elastic-workbench-pc-visualizer-1,20,"{'data_quality': 40, 'model_size': 1, 'parallelism': 1}",1.0,-1,48,-1
2025-07-03 09:44:24.659841,elastic-workbench-qr-detector,elastic-workbench-qr-detector-1,28,"{'data_quality': 551, 'parallelism': 1}",1.71,-1,61,-1
2025-07-03 09:44:24.665714,elastic-workbench-cv-analyzer,elastic-workbench-cv-analyzer-1,189,"{'data_quality': 224, 'model_size': 2, 'parallelism': 1}",5.29,-1,4,-1
2025-07-03 09:44:24.668450,elastic-workbench-pc-visualizer,elastic-workbench-pc-visualizer-1,20,"{'data_quality': 40, 'model_size': 1, 'parallelism': 1}",1.0,-1,46,-1
2025-07-03 09:44:34.660228,elastic-workbench-qr-detector,elastic-workbench-qr-detector-1,29,"{'data_quality': 551, 'parallelism': 1}",1.74,-1,62,-1
2025-07-03 09:44:34.666923,elastic-workbench-cv-analyzer,elastic-workbench-cv-analyzer-1,159,"{'data_quality': 224, 'model_size': 2, 'parallelism': 1}",5.26,-1,5,-1
2025-07-03 09:44:34.670640,elastic-workbench-pc-visualizer,elastic-workbench-pc-visualizer-1,20,"{'data_quality': 40, 'model_size': 1, 'parallelism': 1}",1.0,-1,47,-1
2025-07-03 09:44:44.662293,elastic-workbench-qr-detector,elastic-workbench-qr-detector-1,27,"{'data_quality': 551, 'parallelism': 1}",1.73,-1,61,-1
2025-07-03 09:44:44.665100,elastic-workbench-cv-analyzer,elastic-workbench-cv-analyzer-1,219,"{'data_quality': 224, 'model_size': 2, 'parallelism': 1}",5.27,-1,4,-1
2025-07-03 09:44:44.672507,elastic-workbench-pc-visualizer,elastic-workbench-pc-visualizer-1,20,"{'data_quality': 40, 'model_size': 1, 'parallelism': 1}",1.0,-1,47,-1
2025-07-03 09:44:54.661583,elastic-workbench-qr-detector,elastic-workbench-qr-detector-1,28,"{'data_quality': 551, 'parallelism': 1}",1.73,-1,61,-1
2025-07-03 09:44:54.664400,elastic-workbench-cv-analyzer,elastic-workbench-cv-analyzer-1,192,"{'data_quality': 224, 'model_size': 2, 'parallelism': 1}",5.27,-1,4,-1
2025-07-03 09:44:54.667165,elastic-workbench-pc-visualizer,elastic-workbench-pc-visualizer-1,20,"{'data_quality': 40, 'model_size': 1, 'parallelism': 1}",1.0,-1,45,-1
2025-07-03 09:45:04.661934,elastic-workbench-qr-detector,elastic-workbench-qr-detector-1,28,"{'data_quality': 551, 'parallelism': 1}",1.72,-1,62,-1
2025-07-03 09:45:04.664719,elastic-workbench-cv-analyzer,elastic-workbench-cv-analyzer-1,164,"{'data_quality': 224, 'model_size': 2, 'parallelism': 1}",5.28,-1,5,-1
2025-07-03 09:45:04.667707,elastic-workbench-pc-visualizer,elastic-workbench-pc-visualizer-1,20,"{'data_quality': 40, 'model_size': 1, 'parallelism': 1}",1.0,-1,47,-1
2025-07-03 09:45:14.664186,elastic-workbench-qr-detector,elastic-workbench-qr-detector-1,28,"{'data_quality': 551, 'parallelism': 1}",1.74,-1,62,-1
2025-07-03 09:45:14.667364,elastic-workbench-cv-analyzer,elastic-workbench-cv-analyzer-1,175,"{'data_quality': 224, 'model_size': 2, 'parallelism': 1}",5.26,-1,5,-1
2025-07-03 09:45:14.670118,elastic-workbench-pc-visualizer,elastic-workbench-pc-visualizer-1,20,"{'data_quality': 40, 'model_size': 1, 'parallelism': 1}",1.0,-1,46,-1
2025-07-03 09:45:24.663840,elastic-workbench-qr-detector,elastic-workbench-qr-detector-1,27,"{'data_quality': 551, 'parallelism': 1}",1.73,-1,62,-1
2025-07-03 09:45:24.666853,elastic-workbench-cv-analyzer,elastic-workbench-cv-analyzer-1,182,"{'data_quality': 224, 'model_size': 2, 'parallelism': 1}",5.27,-1,4,-1
2025-07-03 09:45:24.671521,elastic-workbench-pc-visualizer,elastic-workbench-pc-visualizer-1,21,"{'data_quality': 40, 'model_size': 1, 'parallelism': 1}",1.0,-1,45,-1
2025-07-03 09:45:34.664127,elastic-workbench-qr-detector,elastic-workbench-qr-detector-1,27,"{'data_quality': 551, 'parallelism': 1}",1.72,-1,61,-1
2025-07-03 09:45:34.666691,elastic-workbench-cv-analyzer,elastic-workbench-cv-analyzer-1,222,"{'data_quality': 224, 'model_size': 2, 'parallelism': 1}",5.28,-1,4,-1
2025-07-03 09:45:34.669228,elastic-workbench-pc-visualizer,elastic-workbench-pc-visualizer-1,20,"{'data_quality': 40, 'model_size': 1, 'parallelism': 1}",1.0,-1,47,-1
2025-07-03 09:45:44.665286,elastic-workbench-qr-detector,elastic-workbench-qr-detector-1,28,"{'data_quality': 551, 'parallelism': 1}",1.72,-1,61,-1
2025-07-03 09:45:44.669989,elastic-workbench-cv-analyzer,elastic-workbench-cv-analyzer-1,150,"{'data_quality': 224, 'model_size': 2, 'parallelism': 1}",5.28,-1,5,-1
2025-07-03 09:45:44.672517,elastic-workbench-pc-visualizer,elastic-workbench-pc-visualizer-1,20,"{'data_quality': 40, 'model_size': 1, 'parallelism': 1}",1.0,-1,47,-1
2025-07-03 09:45:54.666349,elastic-workbench-qr-detector,elastic-workbench-qr-detector-1,27,"{'data_quality': 551, 'parallelism': 1}",1.71,-1,60,-1
2025-07-03 09:45:54.668913,elastic-workbench-cv-analyzer,elastic-workbench-cv-analyzer-1,158,"{'data_quality': 224, 'model_size': 2, 'parallelism': 1}",5.29,-1,5,-1
2025-07-03 09:45:54.672853,elastic-workbench-pc-visualizer,elastic-workbench-pc-visualizer-1,19,"{'data_quality': 40, 'model_size': 1, 'parallelism': 1}",1.0,-1,49,-1
2025-07-03 09:46:04.667333,elastic-workbench-qr-detector,elastic-workbench-qr-detector-1,29,"{'data_quality': 551, 'parallelism': 1}",1.7,-1,60,-1
2025-07-03 09:46:04.670159,elastic-workbench-cv-analyzer,elastic-workbench-cv-analyzer-1,180,"{'data_quality': 224, 'model_size': 2, 'parallelism': 1}",5.3,-1,5,-1
2025-07-03 09:46:04.672696,elastic-workbench-pc-visualizer,elastic-workbench-pc-visualizer-1,20,"{'data_quality': 40, 'model_size': 1, 'parallelism': 1}",1.0,-1,46,-1
2025-07-03 09:46:14.668559,elastic-workbench-qr-detector,elastic-workbench-qr-detector-1,28,"{'data_quality': 551, 'parallelism': 1}",1.69,-1,61,-1
2025-07-03 09:46:14.671460,elastic-workbench-cv-analyzer,elastic-workbench-cv-analyzer-1,241,"{'data_quality': 224, 'model_size': 2, 'parallelism': 1}",5.31,-1,3,-1
2025-07-03 09:46:14.674092,elastic-workbench-pc-visualizer,elastic-workbench-pc-visualizer-1,21,"{'data_quality': 40, 'model_size': 1, 'parallelism': 1}",1.0,-1,46,-1
2025-07-03 09:46:24.669301,elastic-workbench-qr-detector,elastic-workbench-qr-detector-1,27,"{'data_quality': 551, 'parallelism': 1}",1.71,-1,60,-1
2025-07-03 09:46:24.672490,elastic-workbench-cv-analyzer,elastic-workbench-cv-analyzer-1,239,"{'data_quality': 224, 'model_size': 2, 'parallelism': 1}",5.29,-1,4,-1
2025-07-03 09:46:24.675014,elastic-workbench-pc-visualizer,elastic-workbench-pc-visualizer-1,19,"{'data_quality': 40, 'model_size': 1, 'parallelism': 1}",1.0,-1,49,-1
2025-07-03 09:46:34.669238,elastic-workbench-qr-detector,elastic-workbench-qr-detector-1,29,"{'data_quality': 551, 'parallelism': 1}",1.69,-1,60,-1
2025-07-03 09:46:34.671912,elastic-workbench-cv-analyzer,elastic-workbench-cv-analyzer-1,296,"{'data_quality': 224, 'model_size': 2, 'parallelism': 1}",5.31,-1,4,-1
2025-07-03 09:46:34.674440,elastic-workbench-pc-visualizer,elastic-workbench-pc-visualizer-1,20,"{'data_quality': 40, 'model_size': 1, 'parallelism': 1}",1.0,-1,47,-1
2025-07-03 09:46:44.674367,elastic-workbench-qr-detector,elastic-workbench-qr-detector-1,29,"{'data_quality': 551, 'parallelism': 1}",1.7,-1,60,-1
2025-07-03 09:46:44.677621,elastic-workbench-cv-analyzer,elastic-workbench-cv-analyzer-1,186,"{'data_quality': 224, 'model_size': 2, 'parallelism': 1}",5.3,-1,5,-1
2025-07-03 09:46:44.680340,elastic-workbench-pc-visualizer,elastic-workbench-pc-visualizer-1,20,"{'data_quality': 40, 'model_size': 1, 'parallelism': 1}",1.0,-1,46,-1
2025-07-03 09:46:54.671497,elastic-workbench-qr-detector,elastic-workbench-qr-detector-1,28,"{'data_quality': 551, 'parallelism': 1}",1.69,-1,63,-1
2025-07-03 09:46:54.678600,elastic-workbench-cv-analyzer,elastic-workbench-cv-analyzer-1,254,"{'data_quality': 224, 'model_size': 2, 'parallelism': 1}",5.31,-1,4,-1
2025-07-03 09:46:54.681551,elastic-workbench-pc-visualizer,elastic-workbench-pc-visualizer-1,20,"{'data_quality': 40, 'model_size': 1, 'parallelism': 1}",1.0,-1,47,-1
2025-07-03 09:47:04.671723,elastic-workbench-qr-detector,elastic-workbench-qr-detector-1,27,"{'data_quality': 551, 'parallelism': 1}",1.73,-1,63,-1
2025-07-03 09:47:04.674654,elastic-workbench-cv-analyzer,elastic-workbench-cv-analyzer-1,173,"{'data_quality': 224, 'model_size': 2, 'parallelism': 1}",5.27,-1,5,-1
2025-07-03 09:47:04.680093,elastic-workbench-pc-visualizer,elastic-workbench-pc-visualizer-1,20,"{'data_quality': 40, 'model_size': 1, 'parallelism': 1}",1.0,-1,47,-1
2025-07-03 09:47:14.672492,elastic-workbench-qr-detector,elastic-workbench-qr-detector-1,27,"{'data_quality': 551, 'parallelism': 1}",1.73,-1,65,-1
2025-07-03 09:47:14.675419,elastic-workbench-cv-analyzer,elastic-workbench-cv-analyzer-1,204,"{'data_quality': 224, 'model_size': 2, 'parallelism': 1}",5.27,-1,4,-1
2025-07-03 09:47:14.680883,elastic-workbench-pc-visualizer,elastic-workbench-pc-visualizer-1,20,"{'data_quality': 40, 'model_size': 1, 'parallelism': 1}",1.0,-1,47,-1
2025-07-03 09:47:24.672317,elastic-workbench-qr-detector,elastic-workbench-qr-detector-1,27,"{'data_quality': 551, 'parallelism': 1}",1.75,-1,66,-1
2025-07-03 09:47:24.675226,elastic-workbench-cv-analyzer,elastic-workbench-cv-analyzer-1,193,"{'data_quality': 224, 'model_size': 2, 'parallelism': 1}",5.25,-1,4,-1
2025-07-03 09:47:24.678741,elastic-workbench-pc-visualizer,elastic-workbench-pc-visualizer-1,21,"{'data_quality': 40, 'model_size': 1, 'parallelism': 1}",1.0,-1,45,-1
2025-07-03 09:47:34.673280,elastic-workbench-qr-detector,elastic-workbench-qr-detector-1,26,"{'data_quality': 551, 'parallelism': 1}",1.75,-1,66,-1
2025-07-03 09:47:34.676238,elastic-workbench-cv-analyzer,elastic-workbench-cv-analyzer-1,214,"{'data_quality': 224, 'model_size': 2, 'parallelism': 1}",5.25,-1,4,-1
2025-07-03 09:47:34.682988,elastic-workbench-pc-visualizer,elastic-workbench-pc-visualizer-1,20,"{'data_quality': 40, 'model_size': 1, 'parallelism': 1}",1.0,-1,46,-1
2025-07-03 09:47:44.673532,elastic-workbench-qr-detector,elastic-workbench-qr-detector-1,27,"{'data_quality': 551, 'parallelism': 1}",1.76,-1,66,-1
2025-07-03 09:47:44.676554,elastic-workbench-cv-analyzer,elastic-workbench-cv-analyzer-1,217,"{'data_quality': 224, 'model_size': 2, 'parallelism': 1}",5.24,-1,4,-1
2025-07-03 09:47:44.680001,elastic-workbench-pc-visualizer,elastic-workbench-pc-visualizer-1,21,"{'data_quality': 40, 'model_size': 1, 'parallelism': 1}",1.0,-1,46,-1
2025-07-03 09:47:54.674259,elastic-workbench-qr-detector,elastic-workbench-qr-detector-1,27,"{'data_quality': 551, 'parallelism': 1}",1.74,-1,67,-1
2025-07-03 09:47:54.677556,elastic-workbench-cv-analyzer,elastic-workbench-cv-analyzer-1,194,"{'data_quality': 224, 'model_size': 2, 'parallelism': 1}",5.26,-1,4,-1
2025-07-03 09:47:54.684786,elastic-workbench-pc-visualizer,elastic-workbench-pc-visualizer-1,20,"{'data_quality': 40, 'model_size': 1, 'parallelism': 1}",1.0,-1,46,-1
2025-07-03 09:48:04.676727,elastic-workbench-qr-detector,elastic-workbench-qr-detector-1,28,"{'data_quality': 551, 'parallelism': 1}",1.75,-1,67,-1
2025-07-03 09:48:04.679731,elastic-workbench-cv-analyzer,elastic-workbench-cv-analyzer-1,209,"{'data_quality': 224, 'model_size': 2, 'parallelism': 1}",5.25,-1,4,-1
2025-07-03 09:48:04.683356,elastic-workbench-pc-visualizer,elastic-workbench-pc-visualizer-1,20,"{'data_quality': 40, 'model_size': 1, 'parallelism': 1}",1.0,-1,47,-1
2025-07-03 09:48:14.676335,elastic-workbench-qr-detector,elastic-workbench-qr-detector-1,26,"{'data_quality': 551, 'parallelism': 1}",1.77,-1,67,-1
2025-07-03 09:48:14.679406,elastic-workbench-cv-analyzer,elastic-workbench-cv-analyzer-1,186,"{'data_quality': 224, 'model_size': 2, 'parallelism': 1}",5.23,-1,5,-1
2025-07-03 09:48:14.682545,elastic-workbench-pc-visualizer,elastic-workbench-pc-visualizer-1,20,"{'data_quality': 40, 'model_size': 1, 'parallelism': 1}",1.0,-1,46,-1
2025-07-03 09:48:24.676898,elastic-workbench-qr-detector,elastic-workbench-qr-detector-1,27,"{'data_quality': 551, 'parallelism': 1}",1.75,-1,66,-1
2025-07-03 09:48:24.679893,elastic-workbench-cv-analyzer,elastic-workbench-cv-analyzer-1,195,"{'data_quality': 224, 'model_size': 2, 'parallelism': 1}",5.25,-1,4,-1
2025-07-03 09:48:24.682624,elastic-workbench-pc-visualizer,elastic-workbench-pc-visualizer-1,20,"{'data_quality': 40, 'model_size': 1, 'parallelism': 1}",1.0,-1,48,-1
2025-07-03 09:48:34.677452,elastic-workbench-qr-detector,elastic-workbench-qr-detector-1,27,"{'data_quality': 551, 'parallelism': 1}",1.75,-1,65,-1
2025-07-03 09:48:34.681004,elastic-workbench-cv-analyzer,elastic-workbench-cv-analyzer-1,168,"{'data_quality': 224, 'model_size': 2, 'parallelism': 1}",5.25,-1,5,-1
2025-07-03 09:48:34.683802,elastic-workbench-pc-visualizer,elastic-workbench-pc-visualizer-1,20,"{'data_quality': 40, 'model_size': 1, 'parallelism': 1}",1.0,-1,47,-1
2025-07-03 09:48:44.678596,elastic-workbench-qr-detector,elastic-workbench-qr-detector-1,26,"{'data_quality': 551, 'parallelism': 1}",1.75,-1,66,-1
2025-07-03 09:48:44.681438,elastic-workbench-cv-analyzer,elastic-workbench-cv-analyzer-1,185,"{'data_quality': 224, 'model_size': 2, 'parallelism': 1}",5.25,-1,5,-1
2025-07-03 09:48:44.684002,elastic-workbench-pc-visualizer,elastic-workbench-pc-visualizer-1,20,"{'data_quality': 40, 'model_size': 1, 'parallelism': 1}",1.0,-1,46,-1
2025-07-03 09:48:54.679504,elastic-workbench-qr-detector,elastic-workbench-qr-detector-1,27,"{'data_quality': 551, 'parallelism': 1}",1.75,-1,66,-1
2025-07-03 09:48:54.683371,elastic-workbench-cv-analyzer,elastic-workbench-cv-analyzer-1,160,"{'data_quality': 224, 'model_size': 2, 'parallelism': 1}",5.25,-1,5,-1
2025-07-03 09:48:54.686165,elastic-workbench-pc-visualizer,elastic-workbench-pc-visualizer-1,19,"{'data_quality': 40, 'model_size': 1, 'parallelism': 1}",1.0,-1,49,-1
2025-07-03 09:49:04.679633,elastic-workbench-qr-detector,elastic-workbench-qr-detector-1,27,"{'data_quality': 551, 'parallelism': 1}",1.74,-1,66,-1
2025-07-03 09:49:04.682425,elastic-workbench-cv-analyzer,elastic-workbench-cv-analyzer-1,191,"{'data_quality': 224, 'model_size': 2, 'parallelism': 1}",5.26,-1,5,-1
2025-07-03 09:49:04.684983,elastic-workbench-pc-visualizer,elastic-workbench-pc-visualizer-1,21,"{'data_quality': 40, 'model_size': 1, 'parallelism': 1}",1.0,-1,46,-1
2025-07-03 09:49:14.679879,elastic-workbench-qr-detector,elastic-workbench-qr-detector-1,27,"{'data_quality': 551, 'parallelism': 1}",1.74,-1,66,-1
2025-07-03 09:49:14.682736,elastic-workbench-cv-analyzer,elastic-workbench-cv-analyzer-1,180,"{'data_quality': 224, 'model_size': 2, 'parallelism': 1}",5.26,-1,5,-1
2025-07-03 09:49:14.685481,elastic-workbench-pc-visualizer,elastic-workbench-pc-visualizer-1,19,"{'data_quality': 40, 'model_size': 1, 'parallelism': 1}",1.0,-1,50,-1
2025-07-03 09:49:24.680290,elastic-workbench-qr-detector,elastic-workbench-qr-detector-1,28,"{'data_quality': 551, 'parallelism': 1}",1.74,-1,67,-1
2025-07-03 09:49:24.683114,elastic-workbench-cv-analyzer,elastic-workbench-cv-analyzer-1,198,"{'data_quality': 224, 'model_size': 2, 'parallelism': 1}",5.26,-1,4,-1
2025-07-03 09:49:24.685645,elastic-workbench-pc-visualizer,elastic-workbench-pc-visualizer-1,19,"{'data_quality': 40, 'model_size': 1, 'parallelism': 1}",1.0,-1,50,-1
2025-07-03 09:49:34.685053,elastic-workbench-qr-detector,elastic-workbench-qr-detector-1,28,"{'data_quality': 551, 'parallelism': 1}",1.76,-1,67,-1
2025-07-03 09:49:34.688008,elastic-workbench-cv-analyzer,elastic-workbench-cv-analyzer-1,180,"{'data_quality': 224, 'model_size': 2, 'parallelism': 1}",5.24,-1,4,-1
2025-07-03 09:49:34.690651,elastic-workbench-pc-visualizer,elastic-workbench-pc-visualizer-1,20,"{'data_quality': 40, 'model_size': 1, 'parallelism': 1}",1.0,-1,47,-1
2025-07-03 09:49:44.682036,elastic-workbench-qr-detector,elastic-workbench-qr-detector-1,27,"{'data_quality': 551, 'parallelism': 1}",1.78,-1,68,-1
2025-07-03 09:49:44.690756,elastic-workbench-cv-analyzer,elastic-workbench-cv-analyzer-1,170,"{'data_quality': 224, 'model_size': 2, 'parallelism': 1}",5.22,-1,5,-1
2025-07-03 09:49:44.693472,elastic-workbench-pc-visualizer,elastic-workbench-pc-visualizer-1,21,"{'data_quality': 40, 'model_size': 1, 'parallelism': 1}",1.0,-1,45,-1
2025-07-03 09:49:54.683011,elastic-workbench-qr-detector,elastic-workbench-qr-detector-1,28,"{'data_quality': 551, 'parallelism': 1}",1.76,-1,68,-1
2025-07-03 09:49:54.689251,elastic-workbench-cv-analyzer,elastic-workbench-cv-analyzer-1,213,"{'data_quality': 224, 'model_size': 2, 'parallelism': 1}",5.24,-1,4,-1
2025-07-03 09:49:54.692075,elastic-workbench-pc-visualizer,elastic-workbench-pc-visualizer-1,20,"{'data_quality': 40, 'model_size': 1, 'parallelism': 1}",1.0,-1,46,-1
2025-07-03 09:50:04.683469,elastic-workbench-qr-detector,elastic-workbench-qr-detector-1,29,"{'data_quality': 551, 'parallelism': 1}",1.76,-1,66,-1
2025-07-03 09:50:04.686944,elastic-workbench-cv-analyzer,elastic-workbench-cv-analyzer-1,186,"{'data_quality': 224, 'model_size': 2, 'parallelism': 1}",5.24,-1,4,-1
2025-07-03 09:50:04.693342,elastic-workbench-pc-visualizer,elastic-workbench-pc-visualizer-1,20,"{'data_quality': 40, 'model_size': 1, 'parallelism': 1}",1.0,-1,46,-1
2025-07-03 09:50:14.689851,elastic-workbench-qr-detector,elastic-workbench-qr-detector-1,28,"{'data_quality': 551, 'parallelism': 1}",1.77,-1,68,-1
2025-07-03 09:50:14.692955,elastic-workbench-cv-analyzer,elastic-workbench-cv-analyzer-1,237,"{'data_quality': 224, 'model_size': 2, 'parallelism': 1}",5.23,-1,4,-1
2025-07-03 09:50:14.695652,elastic-workbench-pc-visualizer,elastic-workbench-pc-visualizer-1,20,"{'data_quality': 40, 'model_size': 1, 'parallelism': 1}",1.0,-1,46,-1
2025-07-03 09:50:24.684933,elastic-workbench-qr-detector,elastic-workbench-qr-detector-1,28,"{'data_quality': 551, 'parallelism': 1}",1.77,-1,69,-1
2025-07-03 09:50:24.688046,elastic-workbench-cv-analyzer,elastic-workbench-cv-analyzer-1,180,"{'data_quality': 224, 'model_size': 2, 'parallelism': 1}",5.23,-1,5,-1
2025-07-03 09:50:24.691900,elastic-workbench-pc-visualizer,elastic-workbench-pc-visualizer-1,19,"{'data_quality': 40, 'model_size': 1, 'parallelism': 1}",1.0,-1,48,-1
2025-07-03 09:50:34.685826,elastic-workbench-qr-detector,elastic-workbench-qr-detector-1,27,"{'data_quality': 551, 'parallelism': 1}",1.78,-1,69,-1
2025-07-03 09:50:34.689364,elastic-workbench-cv-analyzer,elastic-workbench-cv-analyzer-1,187,"{'data_quality': 224, 'model_size': 2, 'parallelism': 1}",5.22,-1,5,-1
2025-07-03 09:50:34.692043,elastic-workbench-pc-visualizer,elastic-workbench-pc-visualizer-1,20,"{'data_quality': 40, 'model_size': 1, 'parallelism': 1}",1.0,-1,46,-1
2025-07-03 09:50:44.686502,elastic-workbench-qr-detector,elastic-workbench-qr-detector-1,28,"{'data_quality': 551, 'parallelism': 1}",1.76,-1,66,-1
2025-07-03 09:50:44.689300,elastic-workbench-cv-analyzer,elastic-workbench-cv-analyzer-1,187,"{'data_quality': 224, 'model_size': 2, 'parallelism': 1}",5.24,-1,4,-1
2025-07-03 09:50:44.691868,elastic-workbench-pc-visualizer,elastic-workbench-pc-visualizer-1,20,"{'data_quality': 40, 'model_size': 1, 'parallelism': 1}",1.0,-1,46,-1
2025-07-03 09:50:54.686906,elastic-workbench-qr-detector,elastic-workbench-qr-detector-1,28,"{'data_quality': 551, 'parallelism': 1}",1.77,-1,68,-1
2025-07-03 09:50:54.689651,elastic-workbench-cv-analyzer,elastic-workbench-cv-analyzer-1,207,"{'data_quality': 224, 'model_size': 2, 'parallelism': 1}",5.23,-1,4,-1
2025-07-03 09:50:54.692210,elastic-workbench-pc-visualizer,elastic-workbench-pc-visualizer-1,20,"{'data_quality': 40, 'model_size': 1, 'parallelism': 1}",1.0,-1,48,-1
2025-07-03 09:51:04.687266,elastic-workbench-qr-detector,elastic-workbench-qr-detector-1,28,"{'data_quality': 551, 'parallelism': 1}",1.77,-1,67,-1
2025-07-03 09:51:04.690047,elastic-workbench-cv-analyzer,elastic-workbench-cv-analyzer-1,174,"{'data_quality': 224, 'model_size': 2, 'parallelism': 1}",5.23,-1,5,-1
2025-07-03 09:51:04.692693,elastic-workbench-pc-visualizer,elastic-workbench-pc-visualizer-1,20,"{'data_quality': 40, 'model_size': 1, 'parallelism': 1}",1.0,-1,47,-1
2025-07-03 09:51:14.687415,elastic-workbench-qr-detector,elastic-workbench-qr-detector-1,27,"{'data_quality': 551, 'parallelism': 1}",1.77,-1,68,-1
2025-07-03 09:51:14.690258,elastic-workbench-cv-analyzer,elastic-workbench-cv-analyzer-1,190,"{'data_quality': 224, 'model_size': 2, 'parallelism': 1}",5.23,-1,4,-1
2025-07-03 09:51:14.692858,elastic-workbench-pc-visualizer,elastic-workbench-pc-visualizer-1,20,"{'data_quality': 40, 'model_size': 1, 'parallelism': 1}",1.0,-1,48,-1
2025-07-03 09:51:24.688660,elastic-workbench-qr-detector,elastic-workbench-qr-detector-1,28,"{'data_quality': 551, 'parallelism': 1}",1.76,-1,65,-1
2025-07-03 09:51:24.691542,elastic-workbench-cv-analyzer,elastic-workbench-cv-analyzer-1,197,"{'data_quality': 224, 'model_size': 2, 'parallelism': 1}",5.24,-1,4,-1
2025-07-03 09:51:24.694187,elastic-workbench-pc-visualizer,elastic-workbench-pc-visualizer-1,20,"{'data_quality': 40, 'model_size': 1, 'parallelism': 1}",1.0,-1,46,-1
2025-07-03 09:51:34.688291,elastic-workbench-qr-detector,elastic-workbench-qr-detector-1,28,"{'data_quality': 551, 'parallelism': 1}",1.78,-1,68,-1
2025-07-03 09:51:34.691086,elastic-workbench-cv-analyzer,elastic-workbench-cv-analyzer-1,244,"{'data_quality': 224, 'model_size': 2, 'parallelism': 1}",5.22,-1,4,-1
2025-07-03 09:51:34.693598,elastic-workbench-pc-visualizer,elastic-workbench-pc-visualizer-1,19,"{'data_quality': 40, 'model_size': 1, 'parallelism': 1}",1.0,-1,48,-1
2025-07-03 09:51:44.691333,elastic-workbench-qr-detector,elastic-workbench-qr-detector-1,28,"{'data_quality': 551, 'parallelism': 1}",1.79,-1,68,-1
2025-07-03 09:51:44.694300,elastic-workbench-cv-analyzer,elastic-workbench-cv-analyzer-1,198,"{'data_quality': 224, 'model_size': 2, 'parallelism': 1}",5.21,-1,4,-1
2025-07-03 09:51:44.697072,elastic-workbench-pc-visualizer,elastic-workbench-pc-visualizer-1,20,"{'data_quality': 40, 'model_size': 1, 'parallelism': 1}",1.0,-1,46,-1
2025-07-03 09:51:54.689239,elastic-workbench-qr-detector,elastic-workbench-qr-detector-1,28,"{'data_quality': 551, 'parallelism': 1}",1.81,-1,68,-1
2025-07-03 09:51:54.696102,elastic-workbench-cv-analyzer,elastic-workbench-cv-analyzer-1,183,"{'data_quality': 224, 'model_size': 2, 'parallelism': 1}",5.19,-1,4,-1
2025-07-03 09:51:54.699184,elastic-workbench-pc-visualizer,elastic-workbench-pc-visualizer-1,20,"{'data_quality': 40, 'model_size': 1, 'parallelism': 1}",1.0,-1,48,-1
2025-07-03 09:52:04.690128,elastic-workbench-qr-detector,elastic-workbench-qr-detector-1,27,"{'data_quality': 551, 'parallelism': 1}",1.82,-1,70,-1
2025-07-03 09:52:04.695858,elastic-workbench-cv-analyzer,elastic-workbench-cv-analyzer-1,193,"{'data_quality': 224, 'model_size': 2, 'parallelism': 1}",5.18,-1,4,-1
2025-07-03 09:52:04.698845,elastic-workbench-pc-visualizer,elastic-workbench-pc-visualizer-1,20,"{'data_quality': 40, 'model_size': 1, 'parallelism': 1}",1.0,-1,47,-1
2025-07-03 09:52:14.691273,elastic-workbench-qr-detector,elastic-workbench-qr-detector-1,27,"{'data_quality': 551, 'parallelism': 1}",1.83,-1,70,-1
2025-07-03 09:52:14.693841,elastic-workbench-cv-analyzer,elastic-workbench-cv-analyzer-1,79,"{'data_quality': 224, 'model_size': 1, 'parallelism': 1}",5.17,-1,8,-1
2025-07-03 09:52:14.699751,elastic-workbench-pc-visualizer,elastic-workbench-pc-visualizer-1,19,"{'data_quality': 40, 'model_size': 1, 'parallelism': 1}",1.0,-1,48,-1
2025-07-03 09:52:24.690887,elastic-workbench-qr-detector,elastic-workbench-qr-detector-1,27,"{'data_quality': 551, 'parallelism': 1}",1.86,-1,70,-1
2025-07-03 09:52:24.693932,elastic-workbench-cv-analyzer,elastic-workbench-cv-analyzer-1,109,"{'data_quality': 224, 'model_size': 1, 'parallelism': 1}",5.14,-1,8,-1
2025-07-03 09:52:24.696570,elastic-workbench-pc-visualizer,elastic-workbench-pc-visualizer-1,20,"{'data_quality': 40, 'model_size': 1, 'parallelism': 1}",1.0,-1,47,-1
2025-07-03 09:52:34.691768,elastic-workbench-qr-detector,elastic-workbench-qr-detector-1,27,"{'data_quality': 551, 'parallelism': 1}",1.85,-1,71,-1
2025-07-03 09:52:34.694649,elastic-workbench-cv-analyzer,elastic-workbench-cv-analyzer-1,107,"{'data_quality': 224, 'model_size': 1, 'parallelism': 1}",5.15,-1,7,-1
2025-07-03 09:52:34.698432,elastic-workbench-pc-visualizer,elastic-workbench-pc-visualizer-1,19,"{'data_quality': 40, 'model_size': 1, 'parallelism': 1}",1.0,-1,49,-1
2025-07-03 09:52:44.692601,elastic-workbench-qr-detector,elastic-workbench-qr-detector-1,27,"{'data_quality': 551, 'parallelism': 1}",1.84,-1,69,-1
2025-07-03 09:52:44.697092,elastic-workbench-cv-analyzer,elastic-workbench-cv-analyzer-1,92,"{'data_quality': 224, 'model_size': 1, 'parallelism': 1}",5.16,-1,8,-1
2025-07-03 09:52:44.699991,elastic-workbench-pc-visualizer,elastic-workbench-pc-visualizer-1,19,"{'data_quality': 40, 'model_size': 1, 'parallelism': 1}",1.0,-1,48,-1
2025-07-03 09:52:54.692286,elastic-workbench-qr-detector,elastic-workbench-qr-detector-1,28,"{'data_quality': 551, 'parallelism': 1}",1.84,-1,69,-1
2025-07-03 09:52:54.695511,elastic-workbench-cv-analyzer,elastic-workbench-cv-analyzer-1,103,"{'data_quality': 224, 'model_size': 1, 'parallelism': 1}",5.16,-1,8,-1
2025-07-03 09:52:54.698162,elastic-workbench-pc-visualizer,elastic-workbench-pc-visualizer-1,19,"{'data_quality': 40, 'model_size': 1, 'parallelism': 1}",1.0,-1,48,-1
2025-07-03 09:53:04.695169,elastic-workbench-qr-detector,elastic-workbench-qr-detector-1,27,"{'data_quality': 551, 'parallelism': 1}",1.86,-1,72,-1
2025-07-03 09:53:04.697906,elastic-workbench-cv-analyzer,elastic-workbench-cv-analyzer-1,139,"{'data_quality': 224, 'model_size': 1, 'parallelism': 1}",5.14,-1,6,-1
2025-07-03 09:53:04.700674,elastic-workbench-pc-visualizer,elastic-workbench-pc-visualizer-1,20,"{'data_quality': 40, 'model_size': 1, 'parallelism': 1}",1.0,-1,46,-1
2025-07-03 09:53:14.694017,elastic-workbench-qr-detector,elastic-workbench-qr-detector-1,27,"{'data_quality': 551, 'parallelism': 1}",1.86,-1,70,-1
2025-07-03 09:53:14.696830,elastic-workbench-cv-analyzer,elastic-workbench-cv-analyzer-1,113,"{'data_quality': 224, 'model_size': 1, 'parallelism': 1}",5.14,-1,7,-1
2025-07-03 09:53:14.699356,elastic-workbench-pc-visualizer,elastic-workbench-pc-visualizer-1,20,"{'data_quality': 40, 'model_size': 1, 'parallelism': 1}",1.0,-1,47,-1
2025-07-03 09:53:24.694625,elastic-workbench-qr-detector,elastic-workbench-qr-detector-1,27,"{'data_quality': 551, 'parallelism': 1}",1.87,-1,70,-1
2025-07-03 09:53:24.698540,elastic-workbench-cv-analyzer,elastic-workbench-cv-analyzer-1,109,"{'data_quality': 224, 'model_size': 1, 'parallelism': 1}",5.13,-1,7,-1
2025-07-03 09:53:24.701199,elastic-workbench-pc-visualizer,elastic-workbench-pc-visualizer-1,19,"{'data_quality': 40, 'model_size': 1, 'parallelism': 1}",1.0,-1,48,-1
2025-07-03 09:53:34.694786,elastic-workbench-qr-detector,elastic-workbench-qr-detector-1,27,"{'data_quality': 551, 'parallelism': 1}",1.87,-1,71,-1
2025-07-03 09:53:34.697629,elastic-workbench-cv-analyzer,elastic-workbench-cv-analyzer-1,119,"{'data_quality': 224, 'model_size': 1, 'parallelism': 1}",5.13,-1,7,-1
2025-07-03 09:53:34.700171,elastic-workbench-pc-visualizer,elastic-workbench-pc-visualizer-1,19,"{'data_quality': 40, 'model_size': 1, 'parallelism': 1}",1.0,-1,49,-1
2025-07-03 09:53:44.698862,elastic-workbench-qr-detector,elastic-workbench-qr-detector-1,27,"{'data_quality': 551, 'parallelism': 1}",1.88,-1,71,-1
2025-07-03 09:53:44.701723,elastic-workbench-cv-analyzer,elastic-workbench-cv-analyzer-1,109,"{'data_quality': 224, 'model_size': 1, 'parallelism': 1}",5.12,-1,7,-1
2025-07-03 09:53:44.704499,elastic-workbench-pc-visualizer,elastic-workbench-pc-visualizer-1,19,"{'data_quality': 40, 'model_size': 1, 'parallelism': 1}",1.0,-1,48,-1
2025-07-03 09:53:54.696119,elastic-workbench-qr-detector,elastic-workbench-qr-detector-1,27,"{'data_quality': 551, 'parallelism': 1}",1.88,-1,71,-1
2025-07-03 09:53:54.699073,elastic-workbench-cv-analyzer,elastic-workbench-cv-analyzer-1,104,"{'data_quality': 224, 'model_size': 1, 'parallelism': 1}",5.12,-1,7,-1
2025-07-03 09:53:54.701557,elastic-workbench-pc-visualizer,elastic-workbench-pc-visualizer-1,20,"{'data_quality': 40, 'model_size': 1, 'parallelism': 1}",1.0,-1,47,-1
2025-07-03 09:54:04.696438,elastic-workbench-qr-detector,elastic-workbench-qr-detector-1,27,"{'data_quality': 551, 'parallelism': 1}",1.87,-1,71,-1
2025-07-03 09:54:04.699518,elastic-workbench-cv-analyzer,elastic-workbench-cv-analyzer-1,90,"{'data_quality': 224, 'model_size': 1, 'parallelism': 1}",5.13,-1,8,-1
2025-07-03 09:54:04.702171,elastic-workbench-pc-visualizer,elastic-workbench-pc-visualizer-1,20,"{'data_quality': 40, 'model_size': 1, 'parallelism': 1}",1.0,-1,47,-1
2025-07-03 09:54:14.697353,elastic-workbench-qr-detector,elastic-workbench-qr-detector-1,27,"{'data_quality': 551, 'parallelism': 1}",1.88,-1,71,-1
2025-07-03 09:54:14.700174,elastic-workbench-cv-analyzer,elastic-workbench-cv-analyzer-1,93,"{'data_quality': 224, 'model_size': 1, 'parallelism': 1}",5.12,-1,7,-1
2025-07-03 09:54:14.702748,elastic-workbench-pc-visualizer,elastic-workbench-pc-visualizer-1,19,"{'data_quality': 40, 'model_size': 1, 'parallelism': 1}",1.0,-1,48,-1
2025-07-03 09:54:24.702099,elastic-workbench-qr-detector,elastic-workbench-qr-detector-1,26,"{'data_quality': 551, 'parallelism': 1}",1.88,-1,71,-1
2025-07-03 09:54:24.710310,elastic-workbench-cv-analyzer,elastic-workbench-cv-analyzer-1,103,"{'data_quality': 224, 'model_size': 1, 'parallelism': 1}",5.12,-1,8,-1
2025-07-03 09:54:24.719015,elastic-workbench-pc-visualizer,elastic-workbench-pc-visualizer-1,19,"{'data_quality': 40, 'model_size': 1, 'parallelism': 1}",1.0,-1,48,-1
2025-07-03 09:54:34.699047,elastic-workbench-qr-detector,elastic-workbench-qr-detector-1,26,"{'data_quality': 551, 'parallelism': 1}",1.87,-1,73,-1
2025-07-03 09:54:34.710334,elastic-workbench-cv-analyzer,elastic-workbench-cv-analyzer-1,122,"{'data_quality': 224, 'model_size': 1, 'parallelism': 1}",5.13,-1,7,-1
2025-07-03 09:54:34.722684,elastic-workbench-pc-visualizer,elastic-workbench-pc-visualizer-1,21,"{'data_quality': 40, 'model_size': 1, 'parallelism': 1}",1.0,-1,46,-1
2025-07-03 09:54:44.700520,elastic-workbench-qr-detector,elastic-workbench-qr-detector-1,27,"{'data_quality': 551, 'parallelism': 1}",1.87,-1,71,-1
2025-07-03 09:54:44.703432,elastic-workbench-cv-analyzer,elastic-workbench-cv-analyzer-1,87,"{'data_quality': 224, 'model_size': 1, 'parallelism': 1}",5.13,-1,8,-1
2025-07-03 09:54:44.712085,elastic-workbench-pc-visualizer,elastic-workbench-pc-visualizer-1,20,"{'data_quality': 40, 'model_size': 1, 'parallelism': 1}",1.0,-1,47,-1
2025-07-03 09:54:54.700713,elastic-workbench-qr-detector,elastic-workbench-qr-detector-1,27,"{'data_quality': 551, 'parallelism': 1}",1.87,-1,71,-1
2025-07-03 09:54:54.703568,elastic-workbench-cv-analyzer,elastic-workbench-cv-analyzer-1,101,"{'data_quality': 224, 'model_size': 1, 'parallelism': 1}",5.13,-1,7,-1
2025-07-03 09:54:54.706131,elastic-workbench-pc-visualizer,elastic-workbench-pc-visualizer-1,20,"{'data_quality': 40, 'model_size': 1, 'parallelism': 1}",1.0,-1,46,-1
2025-07-03 09:55:04.702227,elastic-workbench-qr-detector,elastic-workbench-qr-detector-1,26,"{'data_quality': 551, 'parallelism': 1}",1.86,-1,72,-1
2025-07-03 09:55:04.705087,elastic-workbench-cv-analyzer,elastic-workbench-cv-analyzer-1,77,"{'data_quality': 224, 'model_size': 1, 'parallelism': 1}",5.14,-1,8,-1
2025-07-03 09:55:04.714641,elastic-workbench-pc-visualizer,elastic-workbench-pc-visualizer-1,19,"{'data_quality': 40, 'model_size': 1, 'parallelism': 1}",1.0,-1,48,-1
2025-07-03 09:55:14.702897,elastic-workbench-qr-detector,elastic-workbench-qr-detector-1,27,"{'data_quality': 551, 'parallelism': 1}",1.86,-1,71,-1
2025-07-03 09:55:14.705872,elastic-workbench-cv-analyzer,elastic-workbench-cv-analyzer-1,95,"{'data_quality': 224, 'model_size': 1, 'parallelism': 1}",5.14,-1,7,-1
2025-07-03 09:55:14.711858,elastic-workbench-pc-visualizer,elastic-workbench-pc-visualizer-1,20,"{'data_quality': 40, 'model_size': 1, 'parallelism': 1}",1.0,-1,47,-1
2025-07-03 09:55:24.704368,elastic-workbench-qr-detector,elastic-workbench-qr-detector-1,27,"{'data_quality': 551, 'parallelism': 1}",1.87,-1,70,-1
2025-07-03 09:55:24.718287,elastic-workbench-cv-analyzer,elastic-workbench-cv-analyzer-1,136,"{'data_quality': 224, 'model_size': 1, 'parallelism': 1}",5.13,-1,6,-1
2025-07-03 09:55:24.724832,elastic-workbench-pc-visualizer,elastic-workbench-pc-visualizer-1,20,"{'data_quality': 40, 'model_size': 1, 'parallelism': 1}",1.0,-1,47,-1
2025-07-03 09:55:34.705640,elastic-workbench-qr-detector,elastic-workbench-qr-detector-1,27,"{'data_quality': 551, 'parallelism': 1}",1.88,-1,70,-1
2025-07-03 09:55:34.714707,elastic-workbench-cv-analyzer,elastic-workbench-cv-analyzer-1,116,"{'data_quality': 224, 'model_size': 1, 'parallelism': 1}",5.12,-1,7,-1
2025-07-03 09:55:34.717305,elastic-workbench-pc-visualizer,elastic-workbench-pc-visualizer-1,20,"{'data_quality': 40, 'model_size': 1, 'parallelism': 1}",1.0,-1,47,-1
2025-07-03 09:55:44.705674,elastic-workbench-qr-detector,elastic-workbench-qr-detector-1,27,"{'data_quality': 551, 'parallelism': 1}",1.88,-1,71,-1
2025-07-03 09:55:44.712836,elastic-workbench-cv-analyzer,elastic-workbench-cv-analyzer-1,111,"{'data_quality': 224, 'model_size': 1, 'parallelism': 1}",5.12,-1,7,-1
2025-07-03 09:55:44.715245,elastic-workbench-pc-visualizer,elastic-workbench-pc-visualizer-1,20,"{'data_quality': 40, 'model_size': 1, 'parallelism': 1}",1.0,-1,47,-1
2025-07-03 09:55:54.706244,elastic-workbench-qr-detector,elastic-workbench-qr-detector-1,26,"{'data_quality': 551, 'parallelism': 1}",1.9,-1,73,-1
2025-07-03 09:55:54.717685,elastic-workbench-cv-analyzer,elastic-workbench-cv-analyzer-1,98,"{'data_quality': 224, 'model_size': 1, 'parallelism': 1}",5.1,-1,7,-1
2025-07-03 09:55:54.720266,elastic-workbench-pc-visualizer,elastic-workbench-pc-visualizer-1,20,"{'data_quality': 40, 'model_size': 1, 'parallelism': 1}",1.0,-1,47,-1
2025-07-03 09:56:04.716210,elastic-workbench-qr-detector,elastic-workbench-qr-detector-1,26,"{'data_quality': 551, 'parallelism': 1}",1.91,-1,74,-1
2025-07-03 09:56:04.719030,elastic-workbench-cv-analyzer,elastic-workbench-cv-analyzer-1,107,"{'data_quality': 224, 'model_size': 1, 'parallelism': 1}",5.09,-1,7,-1
2025-07-03 09:56:04.725611,elastic-workbench-pc-visualizer,elastic-workbench-pc-visualizer-1,19,"{'data_quality': 40, 'model_size': 1, 'parallelism': 1}",1.0,-1,49,-1
2025-07-03 09:56:14.708255,elastic-workbench-qr-detector,elastic-workbench-qr-detector-1,26,"{'data_quality': 551, 'parallelism': 1}",1.91,-1,72,-1
2025-07-03 09:56:14.714241,elastic-workbench-cv-analyzer,elastic-workbench-cv-analyzer-1,100,"{'data_quality': 224, 'model_size': 1, 'parallelism': 1}",5.09,-1,7,-1
2025-07-03 09:56:14.721285,elastic-workbench-pc-visualizer,elastic-workbench-pc-visualizer-1,20,"{'data_quality': 40, 'model_size': 1, 'parallelism': 1}",1.0,-1,47,-1
2025-07-03 09:56:24.714295,elastic-workbench-qr-detector,elastic-workbench-qr-detector-1,26,"{'data_quality': 551, 'parallelism': 1}",1.92,-1,74,-1
2025-07-03 09:56:24.722006,elastic-workbench-cv-analyzer,elastic-workbench-cv-analyzer-1,122,"{'data_quality': 224, 'model_size': 1, 'parallelism': 1}",5.08,-1,7,-1
2025-07-03 09:56:24.732072,elastic-workbench-pc-visualizer,elastic-workbench-pc-visualizer-1,20,"{'data_quality': 40, 'model_size': 1, 'parallelism': 1}",1.0,-1,47,-1
2025-07-03 09:56:34.708240,elastic-workbench-qr-detector,elastic-workbench-qr-detector-1,26,"{'data_quality': 551, 'parallelism': 1}",1.92,-1,73,-1
2025-07-03 09:56:34.711062,elastic-workbench-cv-analyzer,elastic-workbench-cv-analyzer-1,105,"{'data_quality': 224, 'model_size': 1, 'parallelism': 1}",5.08,-1,7,-1
2025-07-03 09:56:34.716992,elastic-workbench-pc-visualizer,elastic-workbench-pc-visualizer-1,21,"{'data_quality': 40, 'model_size': 1, 'parallelism': 1}",1.0,-1,45,-1
2025-07-03 09:56:44.712766,elastic-workbench-qr-detector,elastic-workbench-qr-detector-1,25,"{'data_quality': 551, 'parallelism': 1}",1.91,-1,73,-1
2025-07-03 09:56:44.719116,elastic-workbench-cv-analyzer,elastic-workbench-cv-analyzer-1,106,"{'data_quality': 224, 'model_size': 1, 'parallelism': 1}",5.09,-1,7,-1
2025-07-03 09:56:44.722805,elastic-workbench-pc-visualizer,elastic-workbench-pc-visualizer-1,19,"{'data_quality': 40, 'model_size': 1, 'parallelism': 1}",1.0,-1,48,-1
2025-07-03 09:56:54.717093,elastic-workbench-qr-detector,elastic-workbench-qr-detector-1,26,"{'data_quality': 551, 'parallelism': 1}",1.93,-1,73,-1
2025-07-03 09:56:54.719502,elastic-workbench-cv-analyzer,elastic-workbench-cv-analyzer-1,138,"{'data_quality': 224, 'model_size': 1, 'parallelism': 1}",5.07,-1,6,-1
2025-07-03 09:56:54.721918,elastic-workbench-pc-visualizer,elastic-workbench-pc-visualizer-1,19,"{'data_quality': 40, 'model_size': 1, 'parallelism': 1}",1.0,-1,49,-1
2025-07-03 09:57:04.716116,elastic-workbench-qr-detector,elastic-workbench-qr-detector-1,26,"{'data_quality': 551, 'parallelism': 1}",1.94,-1,74,-1
2025-07-03 09:57:04.720419,elastic-workbench-cv-analyzer,elastic-workbench-cv-analyzer-1,103,"{'data_quality': 224, 'model_size': 1, 'parallelism': 1}",5.06,-1,7,-1
2025-07-03 09:57:04.723989,elastic-workbench-pc-visualizer,elastic-workbench-pc-visualizer-1,20,"{'data_quality': 40, 'model_size': 1, 'parallelism': 1}",1.0,-1,47,-1
2025-07-03 09:57:14.716081,elastic-workbench-qr-detector,elastic-workbench-qr-detector-1,25,"{'data_quality': 551, 'parallelism': 1}",1.93,-1,74,-1
2025-07-03 09:57:14.718514,elastic-workbench-cv-analyzer,elastic-workbench-cv-analyzer-1,154,"{'data_quality': 224, 'model_size': 1, 'parallelism': 1}",5.07,-1,5,-1
2025-07-03 09:57:14.720899,elastic-workbench-pc-visualizer,elastic-workbench-pc-visualizer-1,20,"{'data_quality': 40, 'model_size': 1, 'parallelism': 1}",1.0,-1,47,-1
2025-07-03 09:57:24.717081,elastic-workbench-qr-detector,elastic-workbench-qr-detector-1,26,"{'data_quality': 551, 'parallelism': 1}",1.91,-1,75,-1
2025-07-03 09:57:24.720193,elastic-workbench-cv-analyzer,elastic-workbench-cv-analyzer-1,99,"{'data_quality': 224, 'model_size': 1, 'parallelism': 1}",5.09,-1,8,-1
2025-07-03 09:57:24.722886,elastic-workbench-pc-visualizer,elastic-workbench-pc-visualizer-1,19,"{'data_quality': 40, 'model_size': 1, 'parallelism': 1}",1.0,-1,48,-1
2025-07-03 09:57:34.717181,elastic-workbench-qr-detector,elastic-workbench-qr-detector-1,26,"{'data_quality': 551, 'parallelism': 1}",1.91,-1,72,-1
2025-07-03 09:57:34.720163,elastic-workbench-cv-analyzer,elastic-workbench-cv-analyzer-1,110,"{'data_quality': 224, 'model_size': 1, 'parallelism': 1}",5.09,-1,8,-1
2025-07-03 09:57:34.722854,elastic-workbench-pc-visualizer,elastic-workbench-pc-visualizer-1,20,"{'data_quality': 40, 'model_size': 1, 'parallelism': 1}",1.0,-1,47,-1
2025-07-03 09:57:44.731362,elastic-workbench-qr-detector,elastic-workbench-qr-detector-1,27,"{'data_quality': 551, 'parallelism': 1}",1.91,-1,71,-1
2025-07-03 09:57:44.737079,elastic-workbench-cv-analyzer,elastic-workbench-cv-analyzer-1,104,"{'data_quality': 224, 'model_size': 1, 'parallelism': 1}",5.09,-1,7,-1
2025-07-03 09:57:44.739825,elastic-workbench-pc-visualizer,elastic-workbench-pc-visualizer-1,20,"{'data_quality': 40, 'model_size': 1, 'parallelism': 1}",1.0,-1,46,-1
2025-07-03 09:57:54.720017,elastic-workbench-qr-detector,elastic-workbench-qr-detector-1,26,"{'data_quality': 551, 'parallelism': 1}",1.92,-1,74,-1
2025-07-03 09:57:54.727594,elastic-workbench-cv-analyzer,elastic-workbench-cv-analyzer-1,101,"{'data_quality': 224, 'model_size': 1, 'parallelism': 1}",5.08,-1,7,-1
2025-07-03 09:57:54.731084,elastic-workbench-pc-visualizer,elastic-workbench-pc-visualizer-1,20,"{'data_quality': 40, 'model_size': 1, 'parallelism': 1}",1.0,-1,48,-1
2025-07-03 09:58:04.723094,elastic-workbench-qr-detector,elastic-workbench-qr-detector-1,26,"{'data_quality': 551, 'parallelism': 1}",1.92,-1,74,-1
2025-07-03 09:58:04.725870,elastic-workbench-cv-analyzer,elastic-workbench-cv-analyzer-1,141,"{'data_quality': 224, 'model_size': 1, 'parallelism': 1}",5.08,-1,6,-1
2025-07-03 09:58:04.734860,elastic-workbench-pc-visualizer,elastic-workbench-pc-visualizer-1,20,"{'data_quality': 40, 'model_size': 1, 'parallelism': 1}",1.0,-1,47,-1
2025-07-03 09:58:14.721193,elastic-workbench-qr-detector,elastic-workbench-qr-detector-1,26,"{'data_quality': 551, 'parallelism': 1}",1.93,-1,72,-1
2025-07-03 09:58:14.723778,elastic-workbench-cv-analyzer,elastic-workbench-cv-analyzer-1,101,"{'data_quality': 224, 'model_size': 1, 'parallelism': 1}",5.07,-1,8,-1
2025-07-03 09:58:14.726882,elastic-workbench-pc-visualizer,elastic-workbench-pc-visualizer-1,20,"{'data_quality': 40, 'model_size': 1, 'parallelism': 1}",1.0,-1,46,-1
2025-07-03 09:58:24.724410,elastic-workbench-qr-detector,elastic-workbench-qr-detector-1,26,"{'data_quality': 551, 'parallelism': 1}",1.92,-1,74,-1
2025-07-03 09:58:24.727379,elastic-workbench-cv-analyzer,elastic-workbench-cv-analyzer-1,113,"{'data_quality': 224, 'model_size': 1, 'parallelism': 1}",5.08,-1,7,-1
2025-07-03 09:58:24.730239,elastic-workbench-pc-visualizer,elastic-workbench-pc-visualizer-1,19,"{'data_quality': 40, 'model_size': 1, 'parallelism': 1}",1.0,-1,48,-1
2025-07-03 09:58:34.726079,elastic-workbench-qr-detector,elastic-workbench-qr-detector-1,26,"{'data_quality': 551, 'parallelism': 1}",1.94,-1,73,-1
2025-07-03 09:58:34.728572,elastic-workbench-cv-analyzer,elastic-workbench-cv-analyzer-1,110,"{'data_quality': 224, 'model_size': 1, 'parallelism': 1}",5.06,-1,7,-1
2025-07-03 09:58:34.731303,elastic-workbench-pc-visualizer,elastic-workbench-pc-visualizer-1,21,"{'data_quality': 40, 'model_size': 1, 'parallelism': 1}",1.0,-1,46,-1
2025-07-03 09:58:44.727227,elastic-workbench-qr-detector,elastic-workbench-qr-detector-1,25,"{'data_quality': 551, 'parallelism': 1}",1.95,-1,75,-1
2025-07-03 09:58:44.730022,elastic-workbench-cv-analyzer,elastic-workbench-cv-analyzer-1,113,"{'data_quality': 224, 'model_size': 1, 'parallelism': 1}",5.05,-1,8,-1
2025-07-03 09:58:44.732547,elastic-workbench-pc-visualizer,elastic-workbench-pc-visualizer-1,20,"{'data_quality': 40, 'model_size': 1, 'parallelism': 1}",1.0,-1,46,-1
2025-07-03 09:58:54.725480,elastic-workbench-qr-detector,elastic-workbench-qr-detector-1,25,"{'data_quality': 551, 'parallelism': 1}",1.96,-1,77,-1
2025-07-03 09:58:54.731379,elastic-workbench-cv-analyzer,elastic-workbench-cv-analyzer-1,108,"{'data_quality': 224, 'model_size': 1, 'parallelism': 1}",5.04,-1,8,-1
2025-07-03 09:58:54.733850,elastic-workbench-pc-visualizer,elastic-workbench-pc-visualizer-1,19,"{'data_quality': 40, 'model_size': 1, 'parallelism': 1}",1.0,-1,49,-1
2025-07-03 09:59:04.733078,elastic-workbench-qr-detector,elastic-workbench-qr-detector-1,25,"{'data_quality': 551, 'parallelism': 1}",1.96,-1,75,-1
2025-07-03 09:59:04.738106,elastic-workbench-cv-analyzer,elastic-workbench-cv-analyzer-1,96,"{'data_quality': 224, 'model_size': 1, 'parallelism': 1}",5.04,-1,8,-1
2025-07-03 09:59:04.741548,elastic-workbench-pc-visualizer,elastic-workbench-pc-visualizer-1,20,"{'data_quality': 40, 'model_size': 1, 'parallelism': 1}",1.0,-1,47,-1
2025-07-03 09:59:14.726707,elastic-workbench-qr-detector,elastic-workbench-qr-detector-1,25,"{'data_quality': 551, 'parallelism': 1}",1.96,-1,75,-1
2025-07-03 09:59:14.736181,elastic-workbench-cv-analyzer,elastic-workbench-cv-analyzer-1,98,"{'data_quality': 224, 'model_size': 1, 'parallelism': 1}",5.04,-1,8,-1
2025-07-03 09:59:14.739068,elastic-workbench-pc-visualizer,elastic-workbench-pc-visualizer-1,20,"{'data_quality': 40, 'model_size': 1, 'parallelism': 1}",1.0,-1,47,-1
2025-07-03 09:59:24.727872,elastic-workbench-qr-detector,elastic-workbench-qr-detector-1,25,"{'data_quality': 551, 'parallelism': 1}",1.96,-1,75,-1
2025-07-03 09:59:24.730645,elastic-workbench-cv-analyzer,elastic-workbench-cv-analyzer-1,116,"{'data_quality': 224, 'model_size': 1, 'parallelism': 1}",5.04,-1,7,-1
2025-07-03 09:59:24.739381,elastic-workbench-pc-visualizer,elastic-workbench-pc-visualizer-1,21,"{'data_quality': 40, 'model_size': 1, 'parallelism': 1}",1.0,-1,46,-1
2025-07-03 09:59:34.729917,elastic-workbench-qr-detector,elastic-workbench-qr-detector-1,24,"{'data_quality': 551, 'parallelism': 1}",1.96,-1,75,-1
2025-07-03 09:59:34.735678,elastic-workbench-cv-analyzer,elastic-workbench-cv-analyzer-1,99,"{'data_quality': 224, 'model_size': 1, 'parallelism': 1}",5.04,-1,8,-1
2025-07-03 09:59:34.740381,elastic-workbench-pc-visualizer,elastic-workbench-pc-visualizer-1,19,"{'data_quality': 40, 'model_size': 1, 'parallelism': 1}",1.0,-1,48,-1
2025-07-03 09:59:44.727137,elastic-workbench-qr-detector,elastic-workbench-qr-detector-1,25,"{'data_quality': 551, 'parallelism': 1}",1.96,-1,74,-1
2025-07-03 09:59:44.732371,elastic-workbench-cv-analyzer,elastic-workbench-cv-analyzer-1,116,"{'data_quality': 224, 'model_size': 1, 'parallelism': 1}",5.04,-1,7,-1
2025-07-03 09:59:44.735911,elastic-workbench-pc-visualizer,elastic-workbench-pc-visualizer-1,20,"{'data_quality': 40, 'model_size': 1, 'parallelism': 1}",1.0,-1,46,-1
2025-07-03 09:59:54.731718,elastic-workbench-qr-detector,elastic-workbench-qr-detector-1,26,"{'data_quality': 551, 'parallelism': 1}",1.95,-1,74,-1
2025-07-03 09:59:54.737641,elastic-workbench-cv-analyzer,elastic-workbench-cv-analyzer-1,103,"{'data_quality': 224, 'model_size': 1, 'parallelism': 1}",5.05,-1,8,-1
2025-07-03 09:59:54.740121,elastic-workbench-pc-visualizer,elastic-workbench-pc-visualizer-1,20,"{'data_quality': 40, 'model_size': 1, 'parallelism': 1}",1.0,-1,47,-1
2025-07-03 10:00:04.730182,elastic-workbench-qr-detector,elastic-workbench-qr-detector-1,25,"{'data_quality': 551, 'parallelism': 1}",1.95,-1,75,-1
2025-07-03 10:00:04.732646,elastic-workbench-cv-analyzer,elastic-workbench-cv-analyzer-1,101,"{'data_quality': 224, 'model_size': 1, 'parallelism': 1}",5.05,-1,8,-1
2025-07-03 10:00:04.735238,elastic-workbench-pc-visualizer,elastic-workbench-pc-visualizer-1,19,"{'data_quality': 40, 'model_size': 1, 'parallelism': 1}",1.0,-1,49,-1
2025-07-03 10:00:14.732286,elastic-workbench-qr-detector,elastic-workbench-qr-detector-1,25,"{'data_quality': 551, 'parallelism': 1}",1.97,-1,74,-1
2025-07-03 10:00:14.736360,elastic-workbench-cv-analyzer,elastic-workbench-cv-analyzer-1,114,"{'data_quality': 224, 'model_size': 1, 'parallelism': 1}",5.03,-1,7,-1
2025-07-03 10:00:14.739413,elastic-workbench-pc-visualizer,elastic-workbench-pc-visualizer-1,21,"{'data_quality': 40, 'model_size': 1, 'parallelism': 1}",1.0,-1,45,-1
2025-07-03 10:00:24.736919,elastic-workbench-qr-detector,elastic-workbench-qr-detector-1,26,"{'data_quality': 551, 'parallelism': 1}",1.99,-1,74,-1
2025-07-03 10:00:24.739768,elastic-workbench-cv-analyzer,elastic-workbench-cv-analyzer-1,114,"{'data_quality': 224, 'model_size': 1, 'parallelism': 1}",5.01,-1,8,-1
2025-07-03 10:00:24.743677,elastic-workbench-pc-visualizer,elastic-workbench-pc-visualizer-1,20,"{'data_quality': 40, 'model_size': 1, 'parallelism': 1}",1.0,-1,46,-1
2025-07-03 10:00:34.739331,elastic-workbench-qr-detector,elastic-workbench-qr-detector-1,25,"{'data_quality': 551, 'parallelism': 1}",2.0,-1,76,-1
2025-07-03 10:00:34.742680,elastic-workbench-cv-analyzer,elastic-workbench-cv-analyzer-1,118,"{'data_quality': 224, 'model_size': 1, 'parallelism': 1}",5.0,-1,8,-1
2025-07-03 10:00:34.747545,elastic-workbench-pc-visualizer,elastic-workbench-pc-visualizer-1,21,"{'data_quality': 40, 'model_size': 1, 'parallelism': 1}",1.0,-1,45,-1
2025-07-03 10:00:44.737735,elastic-workbench-qr-detector,elastic-workbench-qr-detector-1,24,"{'data_quality': 551, 'parallelism': 1}",2.01,-1,77,-1
2025-07-03 10:00:44.746845,elastic-workbench-cv-analyzer,elastic-workbench-cv-analyzer-1,104,"{'data_quality': 224, 'model_size': 1, 'parallelism': 1}",4.99,-1,8,-1
2025-07-03 10:00:44.749620,elastic-workbench-pc-visualizer,elastic-workbench-pc-visualizer-1,19,"{'data_quality': 40, 'model_size': 1, 'parallelism': 1}",1.0,-1,49,-1
2025-07-03 10:00:54.740605,elastic-workbench-qr-detector,elastic-workbench-qr-detector-1,25,"{'data_quality': 551, 'parallelism': 1}",2.02,-1,77,-1
2025-07-03 10:00:54.743288,elastic-workbench-cv-analyzer,elastic-workbench-cv-analyzer-1,117,"{'data_quality': 224, 'model_size': 1, 'parallelism': 1}",4.98,-1,8,-1
2025-07-03 10:00:54.746002,elastic-workbench-pc-visualizer,elastic-workbench-pc-visualizer-1,20,"{'data_quality': 40, 'model_size': 1, 'parallelism': 1}",1.0,-1,48,-1
2025-07-03 10:01:04.743944,elastic-workbench-qr-detector,elastic-workbench-qr-detector-1,25,"{'data_quality': 551, 'parallelism': 1}",2.01,-1,77,-1
2025-07-03 10:01:04.746855,elastic-workbench-cv-analyzer,elastic-workbench-cv-analyzer-1,121,"{'data_quality': 224, 'model_size': 1, 'parallelism': 1}",4.99,-1,7,-1
2025-07-03 10:01:04.749609,elastic-workbench-pc-visualizer,elastic-workbench-pc-visualizer-1,20,"{'data_quality': 40, 'model_size': 1, 'parallelism': 1}",1.0,-1,47,-1
2025-07-03 10:01:14.743984,elastic-workbench-qr-detector,elastic-workbench-qr-detector-1,24,"{'data_quality': 551, 'parallelism': 1}",2.01,-1,78,-1
2025-07-03 10:01:14.746775,elastic-workbench-cv-analyzer,elastic-workbench-cv-analyzer-1,92,"{'data_quality': 224, 'model_size': 1, 'parallelism': 1}",4.99,-1,8,-1
2025-07-03 10:01:14.749553,elastic-workbench-pc-visualizer,elastic-workbench-pc-visualizer-1,19,"{'data_quality': 40, 'model_size': 1, 'parallelism': 1}",1.0,-1,49,-1
2025-07-03 10:01:24.748888,elastic-workbench-qr-detector,elastic-workbench-qr-detector-1,25,"{'data_quality': 551, 'parallelism': 1}",2.01,-1,77,-1
2025-07-03 10:01:24.751539,elastic-workbench-cv-analyzer,elastic-workbench-cv-analyzer-1,119,"{'data_quality': 224, 'model_size': 1, 'parallelism': 1}",4.99,-1,7,-1
2025-07-03 10:01:24.754223,elastic-workbench-pc-visualizer,elastic-workbench-pc-visualizer-1,19,"{'data_quality': 40, 'model_size': 1, 'parallelism': 1}",1.0,-1,48,-1
2025-07-03 10:01:34.741509,elastic-workbench-qr-detector,elastic-workbench-qr-detector-1,24,"{'data_quality': 551, 'parallelism': 1}",2.01,-1,78,-1
2025-07-03 10:01:34.745508,elastic-workbench-cv-analyzer,elastic-workbench-cv-analyzer-1,112,"{'data_quality': 224, 'model_size': 1, 'parallelism': 1}",4.99,-1,8,-1
2025-07-03 10:01:34.748122,elastic-workbench-pc-visualizer,elastic-workbench-pc-visualizer-1,20,"{'data_quality': 40, 'model_size': 1, 'parallelism': 1}",1.0,-1,48,-1
2025-07-03 10:01:44.744664,elastic-workbench-qr-detector,elastic-workbench-qr-detector-1,25,"{'data_quality': 551, 'parallelism': 1}",2.01,-1,77,-1
2025-07-03 10:01:44.747555,elastic-workbench-cv-analyzer,elastic-workbench-cv-analyzer-1,122,"{'data_quality': 224, 'model_size': 1, 'parallelism': 1}",4.99,-1,7,-1
2025-07-03 10:01:44.750385,elastic-workbench-pc-visualizer,elastic-workbench-pc-visualizer-1,20,"{'data_quality': 40, 'model_size': 1, 'parallelism': 1}",1.0,-1,46,-1
2025-07-03 10:01:54.743447,elastic-workbench-qr-detector,elastic-workbench-qr-detector-1,24,"{'data_quality': 551, 'parallelism': 1}",2.0,-1,78,-1
2025-07-03 10:01:54.746279,elastic-workbench-cv-analyzer,elastic-workbench-cv-analyzer-1,129,"{'data_quality': 224, 'model_size': 1, 'parallelism': 1}",5.0,-1,7,-1
2025-07-03 10:01:54.748900,elastic-workbench-pc-visualizer,elastic-workbench-pc-visualizer-1,20,"{'data_quality': 40, 'model_size': 1, 'parallelism': 1}",1.0,-1,47,-1
2025-07-03 10:02:04.753178,elastic-workbench-qr-detector,elastic-workbench-qr-detector-1,25,"{'data_quality': 551, 'parallelism': 1}",2.0,-1,75,-1
2025-07-03 10:02:04.756024,elastic-workbench-cv-analyzer,elastic-workbench-cv-analyzer-1,111,"{'data_quality': 224, 'model_size': 1, 'parallelism': 1}",5.0,-1,8,-1
2025-07-03 10:02:04.758795,elastic-workbench-pc-visualizer,elastic-workbench-pc-visualizer-1,20,"{'data_quality': 40, 'model_size': 1, 'parallelism': 1}",1.0,-1,47,-1
2025-07-03 10:02:14.746640,elastic-workbench-qr-detector,elastic-workbench-qr-detector-1,25,"{'data_quality': 551, 'parallelism': 1}",2.0,-1,75,-1
2025-07-03 10:02:14.754010,elastic-workbench-cv-analyzer,elastic-workbench-cv-analyzer-1,110,"{'data_quality': 224, 'model_size': 1, 'parallelism': 1}",5.0,-1,8,-1
2025-07-03 10:02:14.756721,elastic-workbench-pc-visualizer,elastic-workbench-pc-visualizer-1,20,"{'data_quality': 40, 'model_size': 1, 'parallelism': 1}",1.0,-1,46,-1
2025-07-03 10:02:24.744943,elastic-workbench-qr-detector,elastic-workbench-qr-detector-1,25,"{'data_quality': 551, 'parallelism': 1}",2.02,-1,78,-1
2025-07-03 10:02:24.747734,elastic-workbench-cv-analyzer,elastic-workbench-cv-analyzer-1,109,"{'data_quality': 224, 'model_size': 1, 'parallelism': 1}",4.98,-1,8,-1
2025-07-03 10:02:24.753195,elastic-workbench-pc-visualizer,elastic-workbench-pc-visualizer-1,20,"{'data_quality': 40, 'model_size': 1, 'parallelism': 1}",1.0,-1,46,-1
2025-07-03 10:02:34.746169,elastic-workbench-qr-detector,elastic-workbench-qr-detector-1,24,"{'data_quality': 551, 'parallelism': 1}",2.01,-1,78,-1
2025-07-03 10:02:34.752944,elastic-workbench-cv-analyzer,elastic-workbench-cv-analyzer-1,123,"{'data_quality': 224, 'model_size': 1, 'parallelism': 1}",4.99,-1,7,-1
2025-07-03 10:02:34.755615,elastic-workbench-pc-visualizer,elastic-workbench-pc-visualizer-1,20,"{'data_quality': 40, 'model_size': 1, 'parallelism': 1}",1.0,-1,47,-1
2025-07-03 10:02:44.746040,elastic-workbench-qr-detector,elastic-workbench-qr-detector-1,24,"{'data_quality': 551, 'parallelism': 1}",2.02,-1,78,-1
2025-07-03 10:02:44.749091,elastic-workbench-cv-analyzer,elastic-workbench-cv-analyzer-1,113,"{'data_quality': 224, 'model_size': 1, 'parallelism': 1}",4.98,-1,7,-1
2025-07-03 10:02:44.751887,elastic-workbench-pc-visualizer,elastic-workbench-pc-visualizer-1,19,"{'data_quality': 40, 'model_size': 1, 'parallelism': 1}",1.0,-1,48,-1
2025-07-03 10:02:54.748720,elastic-workbench-qr-detector,elastic-workbench-qr-detector-1,25,"{'data_quality': 551, 'parallelism': 1}",2.02,-1,76,-1
2025-07-03 10:02:54.753760,elastic-workbench-cv-analyzer,elastic-workbench-cv-analyzer-1,115,"{'data_quality': 224, 'model_size': 1, 'parallelism': 1}",4.98,-1,7,-1
2025-07-03 10:02:54.756352,elastic-workbench-pc-visualizer,elastic-workbench-pc-visualizer-1,20,"{'data_quality': 40, 'model_size': 1, 'parallelism': 1}",1.0,-1,46,-1
2025-07-03 10:03:04.749503,elastic-workbench-qr-detector,elastic-workbench-qr-detector-1,25,"{'data_quality': 551, 'parallelism': 1}",2.03,-1,77,-1
2025-07-03 10:03:04.752158,elastic-workbench-cv-analyzer,elastic-workbench-cv-analyzer-1,113,"{'data_quality': 224, 'model_size': 1, 'parallelism': 1}",4.97,-1,8,-1
2025-07-03 10:03:04.754910,elastic-workbench-pc-visualizer,elastic-workbench-pc-visualizer-1,21,"{'data_quality': 40, 'model_size': 1, 'parallelism': 1}",1.0,-1,46,-1
2025-07-03 10:03:14.749694,elastic-workbench-qr-detector,elastic-workbench-qr-detector-1,24,"{'data_quality': 551, 'parallelism': 1}",2.03,-1,78,-1
2025-07-03 10:03:14.752538,elastic-workbench-cv-analyzer,elastic-workbench-cv-analyzer-1,131,"{'data_quality': 224, 'model_size': 1, 'parallelism': 1}",4.97,-1,7,-1
2025-07-03 10:03:14.755108,elastic-workbench-pc-visualizer,elastic-workbench-pc-visualizer-1,20,"{'data_quality': 40, 'model_size': 1, 'parallelism': 1}",1.0,-1,46,-1
2025-07-03 10:03:24.750205,elastic-workbench-qr-detector,elastic-workbench-qr-detector-1,24,"{'data_quality': 551, 'parallelism': 1}",2.03,-1,79,-1
2025-07-03 10:03:24.753054,elastic-workbench-cv-analyzer,elastic-workbench-cv-analyzer-1,114,"{'data_quality': 224, 'model_size': 1, 'parallelism': 1}",4.97,-1,8,-1
2025-07-03 10:03:24.755590,elastic-workbench-pc-visualizer,elastic-workbench-pc-visualizer-1,19,"{'data_quality': 40, 'model_size': 1, 'parallelism': 1}",1.0,-1,48,-1
2025-07-03 10:03:34.751641,elastic-workbench-qr-detector,elastic-workbench-qr-detector-1,24,"{'data_quality': 551, 'parallelism': 1}",2.03,-1,79,-1
2025-07-03 10:03:34.754459,elastic-workbench-cv-analyzer,elastic-workbench-cv-analyzer-1,116,"{'data_quality': 224, 'model_size': 1, 'parallelism': 1}",4.97,-1,8,-1
2025-07-03 10:03:34.757059,elastic-workbench-pc-visualizer,elastic-workbench-pc-visualizer-1,20,"{'data_quality': 40, 'model_size': 1, 'parallelism': 1}",1.0,-1,47,-1
2025-07-03 10:03:44.755802,elastic-workbench-qr-detector,elastic-workbench-qr-detector-1,24,"{'data_quality': 551, 'parallelism': 1}",2.03,-1,79,-1
2025-07-03 10:03:44.758806,elastic-workbench-cv-analyzer,elastic-workbench-cv-analyzer-1,151,"{'data_quality': 224, 'model_size': 1, 'parallelism': 1}",4.97,-1,6,-1
2025-07-03 10:03:44.761623,elastic-workbench-pc-visualizer,elastic-workbench-pc-visualizer-1,20,"{'data_quality': 40, 'model_size': 1, 'parallelism': 1}",1.0,-1,46,-1
2025-07-03 10:03:54.753431,elastic-workbench-qr-detector,elastic-workbench-qr-detector-1,24,"{'data_quality': 551, 'parallelism': 1}",2.04,-1,79,-1
2025-07-03 10:03:54.757568,elastic-workbench-cv-analyzer,elastic-workbench-cv-analyzer-1,115,"{'data_quality': 224, 'model_size': 1, 'parallelism': 1}",4.96,-1,8,-1
2025-07-03 10:03:54.761632,elastic-workbench-pc-visualizer,elastic-workbench-pc-visualizer-1,19,"{'data_quality': 40, 'model_size': 1, 'parallelism': 1}",1.0,-1,48,-1
2025-07-03 10:04:04.752133,elastic-workbench-qr-detector,elastic-workbench-qr-detector-1,24,"{'data_quality': 551, 'parallelism': 1}",2.03,-1,79,-1
2025-07-03 10:04:04.754744,elastic-workbench-cv-analyzer,elastic-workbench-cv-analyzer-1,116,"{'data_quality': 224, 'model_size': 1, 'parallelism': 1}",4.97,-1,8,-1
2025-07-03 10:04:04.761270,elastic-workbench-pc-visualizer,elastic-workbench-pc-visualizer-1,20,"{'data_quality': 40, 'model_size': 1, 'parallelism': 1}",1.0,-1,47,-1
2025-07-03 10:04:14.752858,elastic-workbench-qr-detector,elastic-workbench-qr-detector-1,24,"{'data_quality': 551, 'parallelism': 1}",2.03,-1,78,-1
2025-07-03 10:04:14.755507,elastic-workbench-cv-analyzer,elastic-workbench-cv-analyzer-1,129,"{'data_quality': 224, 'model_size': 1, 'parallelism': 1}",4.97,-1,7,-1
2025-07-03 10:04:14.758362,elastic-workbench-pc-visualizer,elastic-workbench-pc-visualizer-1,20,"{'data_quality': 40, 'model_size': 1, 'parallelism': 1}",1.0,-1,46,-1
2025-07-03 10:04:24.752863,elastic-workbench-qr-detector,elastic-workbench-qr-detector-1,24,"{'data_quality': 551, 'parallelism': 1}",2.04,-1,79,-1
2025-07-03 10:04:24.755721,elastic-workbench-cv-analyzer,elastic-workbench-cv-analyzer-1,127,"{'data_quality': 224, 'model_size': 1, 'parallelism': 1}",4.96,-1,7,-1
2025-07-03 10:04:24.758417,elastic-workbench-pc-visualizer,elastic-workbench-pc-visualizer-1,19,"{'data_quality': 40, 'model_size': 1, 'parallelism': 1}",1.0,-1,48,-1
2025-07-03 10:04:34.753191,elastic-workbench-qr-detector,elastic-workbench-qr-detector-1,24,"{'data_quality': 551, 'parallelism': 1}",2.06,-1,79,-1
2025-07-03 10:04:34.756029,elastic-workbench-cv-analyzer,elastic-workbench-cv-analyzer-1,90,"{'data_quality': 224, 'model_size': 1, 'parallelism': 1}",4.94,-1,8,-1
2025-07-03 10:04:34.758609,elastic-workbench-pc-visualizer,elastic-workbench-pc-visualizer-1,20,"{'data_quality': 40, 'model_size': 1, 'parallelism': 1}",1.0,-1,47,-1
2025-07-03 10:04:44.754088,elastic-workbench-qr-detector,elastic-workbench-qr-detector-1,24,"{'data_quality': 551, 'parallelism': 1}",2.04,-1,79,-1
2025-07-03 10:04:44.756941,elastic-workbench-cv-analyzer,elastic-workbench-cv-analyzer-1,107,"{'data_quality': 224, 'model_size': 1, 'parallelism': 1}",4.96,-1,8,-1
2025-07-03 10:04:44.759551,elastic-workbench-pc-visualizer,elastic-workbench-pc-visualizer-1,20,"{'data_quality': 40, 'model_size': 1, 'parallelism': 1}",1.0,-1,46,-1
2025-07-03 10:04:54.754659,elastic-workbench-qr-detector,elastic-workbench-qr-detector-1,24,"{'data_quality': 551, 'parallelism': 1}",2.04,-1,78,-1
2025-07-03 10:04:54.757296,elastic-workbench-cv-analyzer,elastic-workbench-cv-analyzer-1,113,"{'data_quality': 224, 'model_size': 1, 'parallelism': 1}",4.96,-1,7,-1
2025-07-03 10:04:54.759875,elastic-workbench-pc-visualizer,elastic-workbench-pc-visualizer-1,20,"{'data_quality': 40, 'model_size': 1, 'parallelism': 1}",1.0,-1,47,-1
2025-07-03 10:05:04.754911,elastic-workbench-qr-detector,elastic-workbench-qr-detector-1,24,"{'data_quality': 551, 'parallelism': 1}",2.05,-1,79,-1
2025-07-03 10:05:04.757515,elastic-workbench-cv-analyzer,elastic-workbench-cv-analyzer-1,103,"{'data_quality': 224, 'model_size': 1, 'parallelism': 1}",4.95,-1,8,-1
2025-07-03 10:05:04.760226,elastic-workbench-pc-visualizer,elastic-workbench-pc-visualizer-1,19,"{'data_quality': 40, 'model_size': 1, 'parallelism': 1}",1.0,-1,48,-1
2025-07-03 10:05:14.755738,elastic-workbench-qr-detector,elastic-workbench-qr-detector-1,24,"{'data_quality': 551, 'parallelism': 1}",2.06,-1,80,-1
2025-07-03 10:05:14.758405,elastic-workbench-cv-analyzer,elastic-workbench-cv-analyzer-1,113,"{'data_quality': 224, 'model_size': 1, 'parallelism': 1}",4.94,-1,8,-1
2025-07-03 10:05:14.760982,elastic-workbench-pc-visualizer,elastic-workbench-pc-visualizer-1,21,"{'data_quality': 40, 'model_size': 1, 'parallelism': 1}",1.0,-1,45,-1
2025-07-03 10:05:24.761297,elastic-workbench-qr-detector,elastic-workbench-qr-detector-1,24,"{'data_quality': 551, 'parallelism': 1}",2.04,-1,79,-1
2025-07-03 10:05:24.764390,elastic-workbench-cv-analyzer,elastic-workbench-cv-analyzer-1,113,"{'data_quality': 224, 'model_size': 1, 'parallelism': 1}",4.96,-1,7,-1
2025-07-03 10:05:24.767260,elastic-workbench-pc-visualizer,elastic-workbench-pc-visualizer-1,20,"{'data_quality': 40, 'model_size': 1, 'parallelism': 1}",1.0,-1,47,-1
2025-07-03 10:05:34.757526,elastic-workbench-qr-detector,elastic-workbench-qr-detector-1,25,"{'data_quality': 551, 'parallelism': 1}",2.06,-1,78,-1
2025-07-03 10:05:34.763433,elastic-workbench-cv-analyzer,elastic-workbench-cv-analyzer-1,121,"{'data_quality': 224, 'model_size': 1, 'parallelism': 1}",4.94,-1,7,-1
2025-07-03 10:05:34.766381,elastic-workbench-pc-visualizer,elastic-workbench-pc-visualizer-1,20,"{'data_quality': 40, 'model_size': 1, 'parallelism': 1}",1.0,-1,46,-1
2025-07-03 10:05:44.758009,elastic-workbench-qr-detector,elastic-workbench-qr-detector-1,25,"{'data_quality': 551, 'parallelism': 1}",2.05,-1,77,-1
2025-07-03 10:05:44.761170,elastic-workbench-cv-analyzer,elastic-workbench-cv-analyzer-1,120,"{'data_quality': 224, 'model_size': 1, 'parallelism': 1}",4.95,-1,7,-1
2025-07-03 10:05:44.767644,elastic-workbench-pc-visualizer,elastic-workbench-pc-visualizer-1,19,"{'data_quality': 40, 'model_size': 1, 'parallelism': 1}",1.0,-1,49,-1
2025-07-03 10:05:54.758428,elastic-workbench-qr-detector,elastic-workbench-qr-detector-1,24,"{'data_quality': 551, 'parallelism': 1}",2.04,-1,79,-1
2025-07-03 10:05:54.761293,elastic-workbench-cv-analyzer,elastic-workbench-cv-analyzer-1,138,"{'data_quality': 224, 'model_size': 1, 'parallelism': 1}",4.96,-1,6,-1
2025-07-03 10:05:54.763923,elastic-workbench-pc-visualizer,elastic-workbench-pc-visualizer-1,19,"{'data_quality': 40, 'model_size': 1, 'parallelism': 1}",1.0,-1,48,-1
2025-07-03 10:06:04.759211,elastic-workbench-qr-detector,elastic-workbench-qr-detector-1,24,"{'data_quality': 551, 'parallelism': 1}",2.04,-1,77,-1
2025-07-03 10:06:04.762071,elastic-workbench-cv-analyzer,elastic-workbench-cv-analyzer-1,114,"{'data_quality': 224, 'model_size': 1, 'parallelism': 1}",4.96,-1,8,-1
2025-07-03 10:06:04.764849,elastic-workbench-pc-visualizer,elastic-workbench-pc-visualizer-1,20,"{'data_quality': 40, 'model_size': 1, 'parallelism': 1}",1.0,-1,46,-1
2025-07-03 10:06:14.760119,elastic-workbench-qr-detector,elastic-workbench-qr-detector-1,24,"{'data_quality': 551, 'parallelism': 1}",2.05,-1,78,-1
2025-07-03 10:06:14.762758,elastic-workbench-cv-analyzer,elastic-workbench-cv-analyzer-1,110,"{'data_quality': 224, 'model_size': 1, 'parallelism': 1}",4.95,-1,8,-1
2025-07-03 10:06:14.765453,elastic-workbench-pc-visualizer,elastic-workbench-pc-visualizer-1,21,"{'data_quality': 40, 'model_size': 1, 'parallelism': 1}",1.0,-1,46,-1
2025-07-03 10:06:24.760949,elastic-workbench-qr-detector,elastic-workbench-qr-detector-1,24,"{'data_quality': 551, 'parallelism': 1}",2.04,-1,78,-1
2025-07-03 10:06:24.763609,elastic-workbench-cv-analyzer,elastic-workbench-cv-analyzer-1,99,"{'data_quality': 224, 'model_size': 1, 'parallelism': 1}",4.96,-1,8,-1
2025-07-03 10:06:24.766263,elastic-workbench-pc-visualizer,elastic-workbench-pc-visualizer-1,20,"{'data_quality': 40, 'model_size': 1, 'parallelism': 1}",1.0,-1,46,-1
2025-07-03 10:06:34.765658,elastic-workbench-qr-detector,elastic-workbench-qr-detector-1,24,"{'data_quality': 551, 'parallelism': 1}",2.03,-1,77,-1
2025-07-03 10:06:34.768746,elastic-workbench-cv-analyzer,elastic-workbench-cv-analyzer-1,160,"{'data_quality': 224, 'model_size': 1, 'parallelism': 1}",4.97,-1,6,-1
2025-07-03 10:06:34.771401,elastic-workbench-pc-visualizer,elastic-workbench-pc-visualizer-1,19,"{'data_quality': 40, 'model_size': 1, 'parallelism': 1}",1.0,-1,47,-1
2025-07-03 10:06:44.762376,elastic-workbench-qr-detector,elastic-workbench-qr-detector-1,24,"{'data_quality': 551, 'parallelism': 1}",2.05,-1,78,-1
2025-07-03 10:06:44.770017,elastic-workbench-cv-analyzer,elastic-workbench-cv-analyzer-1,129,"{'data_quality': 224, 'model_size': 1, 'parallelism': 1}",4.95,-1,7,-1
2025-07-03 10:06:44.773183,elastic-workbench-pc-visualizer,elastic-workbench-pc-visualizer-1,20,"{'data_quality': 40, 'model_size': 1, 'parallelism': 1}",1.0,-1,47,-1
2025-07-03 10:06:54.762562,elastic-workbench-qr-detector,elastic-workbench-qr-detector-1,25,"{'data_quality': 551, 'parallelism': 1}",2.03,-1,78,-1
2025-07-03 10:06:54.770116,elastic-workbench-cv-analyzer,elastic-workbench-cv-analyzer-1,131,"{'data_quality': 224, 'model_size': 1, 'parallelism': 1}",4.97,-1,7,-1
2025-07-03 10:06:54.773314,elastic-workbench-pc-visualizer,elastic-workbench-pc-visualizer-1,20,"{'data_quality': 40, 'model_size': 1, 'parallelism': 1}",1.0,-1,46,-1
2025-07-03 10:07:04.762797,elastic-workbench-qr-detector,elastic-workbench-qr-detector-1,25,"{'data_quality': 551, 'parallelism': 1}",2.03,-1,77,-1
2025-07-03 10:07:04.765730,elastic-workbench-cv-analyzer,elastic-workbench-cv-analyzer-1,134,"{'data_quality': 224, 'model_size': 1, 'parallelism': 1}",4.97,-1,6,-1
2025-07-03 10:07:04.769970,elastic-workbench-pc-visualizer,elastic-workbench-pc-visualizer-1,21,"{'data_quality': 40, 'model_size': 1, 'parallelism': 1}",1.0,-1,46,-1
2025-07-03 10:07:14.763646,elastic-workbench-qr-detector,elastic-workbench-qr-detector-1,25,"{'data_quality': 551, 'parallelism': 1}",2.02,-1,77,-1
2025-07-03 10:07:14.766520,elastic-workbench-cv-analyzer,elastic-workbench-cv-analyzer-1,104,"{'data_quality': 224, 'model_size': 1, 'parallelism': 1}",4.98,-1,8,-1
2025-07-03 10:07:14.769127,elastic-workbench-pc-visualizer,elastic-workbench-pc-visualizer-1,21,"{'data_quality': 40, 'model_size': 1, 'parallelism': 1}",1.0,-1,46,-1
2025-07-03 10:07:24.764515,elastic-workbench-qr-detector,elastic-workbench-qr-detector-1,25,"{'data_quality': 551, 'parallelism': 1}",2.03,-1,76,-1
2025-07-03 10:07:24.767481,elastic-workbench-cv-analyzer,elastic-workbench-cv-analyzer-1,99,"{'data_quality': 224, 'model_size': 1, 'parallelism': 1}",4.97,-1,8,-1
2025-07-03 10:07:24.770231,elastic-workbench-pc-visualizer,elastic-workbench-pc-visualizer-1,20,"{'data_quality': 40, 'model_size': 1, 'parallelism': 1}",1.0,-1,47,-1
2025-07-03 10:07:34.767501,elastic-workbench-qr-detector,elastic-workbench-qr-detector-1,24,"{'data_quality': 551, 'parallelism': 1}",2.04,-1,79,-1
2025-07-03 10:07:34.770420,elastic-workbench-cv-analyzer,elastic-workbench-cv-analyzer-1,102,"{'data_quality': 224, 'model_size': 1, 'parallelism': 1}",4.96,-1,8,-1
2025-07-03 10:07:34.774143,elastic-workbench-pc-visualizer,elastic-workbench-pc-visualizer-1,20,"{'data_quality': 40, 'model_size': 1, 'parallelism': 1}",1.0,-1,47,-1
2025-07-03 10:07:44.766095,elastic-workbench-qr-detector,elastic-workbench-qr-detector-1,25,"{'data_quality': 551, 'parallelism': 1}",2.03,-1,77,-1
2025-07-03 10:07:44.768675,elastic-workbench-cv-analyzer,elastic-workbench-cv-analyzer-1,96,"{'data_quality': 224, 'model_size': 1, 'parallelism': 1}",4.97,-1,8,-1
2025-07-03 10:07:44.773116,elastic-workbench-pc-visualizer,elastic-workbench-pc-visualizer-1,20,"{'data_quality': 40, 'model_size': 1, 'parallelism': 1}",1.0,-1,46,-1
2025-07-03 10:07:54.766878,elastic-workbench-qr-detector,elastic-workbench-qr-detector-1,24,"{'data_quality': 551, 'parallelism': 1}",2.03,-1,78,-1
2025-07-03 10:07:54.769742,elastic-workbench-cv-analyzer,elastic-workbench-cv-analyzer-1,107,"{'data_quality': 224, 'model_size': 1, 'parallelism': 1}",4.97,-1,8,-1
2025-07-03 10:07:54.772323,elastic-workbench-pc-visualizer,elastic-workbench-pc-visualizer-1,20,"{'data_quality': 40, 'model_size': 1, 'parallelism': 1}",1.0,-1,47,-1
2025-07-03 10:08:04.767677,elastic-workbench-qr-detector,elastic-workbench-qr-detector-1,25,"{'data_quality': 551, 'parallelism': 1}",2.03,-1,76,-1
2025-07-03 10:08:04.770467,elastic-workbench-cv-analyzer,elastic-workbench-cv-analyzer-1,110,"{'data_quality': 224, 'model_size': 1, 'parallelism': 1}",4.97,-1,8,-1
2025-07-03 10:08:04.773061,elastic-workbench-pc-visualizer,elastic-workbench-pc-visualizer-1,20,"{'data_quality': 40, 'model_size': 1, 'parallelism': 1}",1.0,-1,48,-1
2025-07-03 10:08:14.771438,elastic-workbench-qr-detector,elastic-workbench-qr-detector-1,25,"{'data_quality': 551, 'parallelism': 1}",2.03,-1,78,-1
2025-07-03 10:08:14.774431,elastic-workbench-cv-analyzer,elastic-workbench-cv-analyzer-1,109,"{'data_quality': 224, 'model_size': 1, 'parallelism': 1}",4.97,-1,8,-1
2025-07-03 10:08:14.777836,elastic-workbench-pc-visualizer,elastic-workbench-pc-visualizer-1,20,"{'data_quality': 40, 'model_size': 1, 'parallelism': 1}",1.0,-1,46,-1
2025-07-03 10:08:24.770435,elastic-workbench-qr-detector,elastic-workbench-qr-detector-1,24,"{'data_quality': 551, 'parallelism': 1}",2.03,-1,78,-1
2025-07-03 10:08:24.777751,elastic-workbench-cv-analyzer,elastic-workbench-cv-analyzer-1,105,"{'data_quality': 224, 'model_size': 1, 'parallelism': 1}",4.97,-1,8,-1
2025-07-03 10:08:24.780848,elastic-workbench-pc-visualizer,elastic-workbench-pc-visualizer-1,20,"{'data_quality': 40, 'model_size': 1, 'parallelism': 1}",1.0,-1,46,-1
2025-07-03 10:08:34.769469,elastic-workbench-qr-detector,elastic-workbench-qr-detector-1,24,"{'data_quality': 551, 'parallelism': 1}",2.02,-1,77,-1
2025-07-03 10:08:34.772295,elastic-workbench-cv-analyzer,elastic-workbench-cv-analyzer-1,123,"{'data_quality': 224, 'model_size': 1, 'parallelism': 1}",4.98,-1,7,-1
2025-07-03 10:08:34.777833,elastic-workbench-pc-visualizer,elastic-workbench-pc-visualizer-1,19,"{'data_quality': 40, 'model_size': 1, 'parallelism': 1}",1.0,-1,49,-1
2025-07-03 10:08:44.770081,elastic-workbench-qr-detector,elastic-workbench-qr-detector-1,25,"{'data_quality': 551, 'parallelism': 1}",2.03,-1,77,-1
2025-07-03 10:08:44.772637,elastic-workbench-cv-analyzer,elastic-workbench-cv-analyzer-1,95,"{'data_quality': 224, 'model_size': 1, 'parallelism': 1}",4.97,-1,8,-1
2025-07-03 10:08:44.775403,elastic-workbench-pc-visualizer,elastic-workbench-pc-visualizer-1,20,"{'data_quality': 40, 'model_size': 1, 'parallelism': 1}",1.0,-1,46,-1
2025-07-03 10:08:54.771252,elastic-workbench-qr-detector,elastic-workbench-qr-detector-1,24,"{'data_quality': 551, 'parallelism': 1}",2.06,-1,79,-1
2025-07-03 10:08:54.774437,elastic-workbench-cv-analyzer,elastic-workbench-cv-analyzer-1,124,"{'data_quality': 224, 'model_size': 1, 'parallelism': 1}",4.94,-1,7,-1
2025-07-03 10:08:54.777090,elastic-workbench-pc-visualizer,elastic-workbench-pc-visualizer-1,20,"{'data_quality': 40, 'model_size': 1, 'parallelism': 1}",1.0,-1,47,-1
2025-07-03 10:09:04.771999,elastic-workbench-qr-detector,elastic-workbench-qr-detector-1,23,"{'data_quality': 551, 'parallelism': 1}",2.08,-1,80,-1
2025-07-03 10:09:04.775007,elastic-workbench-cv-analyzer,elastic-workbench-cv-analyzer-1,101,"{'data_quality': 224, 'model_size': 1, 'parallelism': 1}",4.92,-1,8,-1
2025-07-03 10:09:04.777984,elastic-workbench-pc-visualizer,elastic-workbench-pc-visualizer-1,19,"{'data_quality': 40, 'model_size': 1, 'parallelism': 1}",1.0,-1,48,-1
2025-07-03 10:09:14.772741,elastic-workbench-qr-detector,elastic-workbench-qr-detector-1,23,"{'data_quality': 551, 'parallelism': 1}",2.1,-1,81,-1
2025-07-03 10:09:14.775663,elastic-workbench-cv-analyzer,elastic-workbench-cv-analyzer-1,133,"{'data_quality': 224, 'model_size': 1, 'parallelism': 1}",4.9,-1,7,-1
2025-07-03 10:09:14.778237,elastic-workbench-pc-visualizer,elastic-workbench-pc-visualizer-1,20,"{'data_quality': 40, 'model_size': 1, 'parallelism': 1}",1.0,-1,46,-1
2025-07-03 10:09:24.773208,elastic-workbench-qr-detector,elastic-workbench-qr-detector-1,23,"{'data_quality': 551, 'parallelism': 1}",2.12,-1,82,-1
2025-07-03 10:09:24.777692,elastic-workbench-cv-analyzer,elastic-workbench-cv-analyzer-1,100,"{'data_quality': 224, 'model_size': 1, 'parallelism': 1}",4.88,-1,9,-1
2025-07-03 10:09:24.780929,elastic-workbench-pc-visualizer,elastic-workbench-pc-visualizer-1,21,"{'data_quality': 40, 'model_size': 1, 'parallelism': 1}",1.0,-1,45,-1
2025-07-03 10:09:34.778775,elastic-workbench-qr-detector,elastic-workbench-qr-detector-1,24,"{'data_quality': 551, 'parallelism': 1}",2.11,-1,80,-1
2025-07-03 10:09:34.781842,elastic-workbench-cv-analyzer,elastic-workbench-cv-analyzer-1,136,"{'data_quality': 224, 'model_size': 1, 'parallelism': 1}",4.89,-1,7,-1
2025-07-03 10:09:34.784738,elastic-workbench-pc-visualizer,elastic-workbench-pc-visualizer-1,20,"{'data_quality': 40, 'model_size': 1, 'parallelism': 1}",1.0,-1,48,-1
2025-07-03 10:09:44.775763,elastic-workbench-qr-detector,elastic-workbench-qr-detector-1,24,"{'data_quality': 551, 'parallelism': 1}",2.09,-1,80,-1
2025-07-03 10:09:44.780141,elastic-workbench-cv-analyzer,elastic-workbench-cv-analyzer-1,124,"{'data_quality': 224, 'model_size': 1, 'parallelism': 1}",4.91,-1,7,-1
2025-07-03 10:09:44.784991,elastic-workbench-pc-visualizer,elastic-workbench-pc-visualizer-1,21,"{'data_quality': 40, 'model_size': 1, 'parallelism': 1}",1.0,-1,45,-1
2025-07-03 10:09:54.775300,elastic-workbench-qr-detector,elastic-workbench-qr-detector-1,24,"{'data_quality': 551, 'parallelism': 1}",2.08,-1,80,-1
2025-07-03 10:09:54.778004,elastic-workbench-cv-analyzer,elastic-workbench-cv-analyzer-1,134,"{'data_quality': 224, 'model_size': 1, 'parallelism': 1}",4.92,-1,7,-1
2025-07-03 10:09:54.780830,elastic-workbench-pc-visualizer,elastic-workbench-pc-visualizer-1,19,"{'data_quality': 40, 'model_size': 1, 'parallelism': 1}",1.0,-1,49,-1
2025-07-03 10:10:04.775487,elastic-workbench-qr-detector,elastic-workbench-qr-detector-1,24,"{'data_quality': 551, 'parallelism': 1}",2.06,-1,79,-1
2025-07-03 10:10:04.778341,elastic-workbench-cv-analyzer,elastic-workbench-cv-analyzer-1,131,"{'data_quality': 224, 'model_size': 1, 'parallelism': 1}",4.94,-1,6,-1
2025-07-03 10:10:04.781020,elastic-workbench-pc-visualizer,elastic-workbench-pc-visualizer-1,20,"{'data_quality': 40, 'model_size': 1, 'parallelism': 1}",1.0,-1,47,-1
2025-07-03 10:10:14.779238,elastic-workbench-qr-detector,elastic-workbench-qr-detector-1,25,"{'data_quality': 551, 'parallelism': 1}",2.06,-1,77,-1
2025-07-03 10:10:14.781945,elastic-workbench-cv-analyzer,elastic-workbench-cv-analyzer-1,77,"{'data_quality': 224, 'model_size': 1, 'parallelism': 1}",4.94,-1,8,-1
2025-07-03 10:10:14.784420,elastic-workbench-pc-visualizer,elastic-workbench-pc-visualizer-1,20,"{'data_quality': 40, 'model_size': 1, 'parallelism': 1}",1.0,-1,46,-1
2025-07-03 10:10:24.779351,elastic-workbench-qr-detector,elastic-workbench-qr-detector-1,24,"{'data_quality': 551, 'parallelism': 1}",2.04,-1,78,-1
2025-07-03 10:10:24.782233,elastic-workbench-cv-analyzer,elastic-workbench-cv-analyzer-1,111,"{'data_quality': 224, 'model_size': 1, 'parallelism': 1}",4.96,-1,7,-1
2025-07-03 10:10:24.784748,elastic-workbench-pc-visualizer,elastic-workbench-pc-visualizer-1,20,"{'data_quality': 40, 'model_size': 1, 'parallelism': 1}",1.0,-1,47,-1
2025-07-03 10:10:34.780186,elastic-workbench-qr-detector,elastic-workbench-qr-detector-1,24,"{'data_quality': 551, 'parallelism': 1}",2.03,-1,77,-1
2025-07-03 10:10:34.783349,elastic-workbench-cv-analyzer,elastic-workbench-cv-analyzer-1,99,"{'data_quality': 224, 'model_size': 1, 'parallelism': 1}",4.97,-1,8,-1
2025-07-03 10:10:34.786615,elastic-workbench-pc-visualizer,elastic-workbench-pc-visualizer-1,20,"{'data_quality': 40, 'model_size': 1, 'parallelism': 1}",1.0,-1,47,-1
2025-07-03 10:10:44.780801,elastic-workbench-qr-detector,elastic-workbench-qr-detector-1,24,"{'data_quality': 551, 'parallelism': 1}",2.03,-1,79,-1
2025-07-03 10:10:44.783493,elastic-workbench-cv-analyzer,elastic-workbench-cv-analyzer-1,106,"{'data_quality': 224, 'model_size': 1, 'parallelism': 1}",4.97,-1,7,-1
2025-07-03 10:10:44.787698,elastic-workbench-pc-visualizer,elastic-workbench-pc-visualizer-1,20,"{'data_quality': 40, 'model_size': 1, 'parallelism': 1}",1.0,-1,46,-1
2025-07-03 10:10:54.781860,elastic-workbench-qr-detector,elastic-workbench-qr-detector-1,25,"{'data_quality': 551, 'parallelism': 1}",2.02,-1,76,-1
2025-07-03 10:10:54.785052,elastic-workbench-cv-analyzer,elastic-workbench-cv-analyzer-1,118,"{'data_quality': 224, 'model_size': 1, 'parallelism': 1}",4.98,-1,7,-1
2025-07-03 10:10:54.787758,elastic-workbench-pc-visualizer,elastic-workbench-pc-visualizer-1,20,"{'data_quality': 40, 'model_size': 1, 'parallelism': 1}",1.0,-1,46,-1
2025-07-03 10:11:04.788013,elastic-workbench-qr-detector,elastic-workbench-qr-detector-1,25,"{'data_quality': 551, 'parallelism': 1}",2.0,-1,76,-1
2025-07-03 10:11:04.791085,elastic-workbench-cv-analyzer,elastic-workbench-cv-analyzer-1,121,"{'data_quality': 224, 'model_size': 1, 'parallelism': 1}",5.0,-1,7,-1
2025-07-03 10:11:04.794074,elastic-workbench-pc-visualizer,elastic-workbench-pc-visualizer-1,19,"{'data_quality': 40, 'model_size': 1, 'parallelism': 1}",1.0,-1,49,-1
2025-07-03 10:11:14.783384,elastic-workbench-qr-detector,elastic-workbench-qr-detector-1,25,"{'data_quality': 551, 'parallelism': 1}",1.98,-1,76,-1
2025-07-03 10:11:14.789212,elastic-workbench-cv-analyzer,elastic-workbench-cv-analyzer-1,108,"{'data_quality': 224, 'model_size': 1, 'parallelism': 1}",5.02,-1,7,-1
2025-07-03 10:11:14.792390,elastic-workbench-pc-visualizer,elastic-workbench-pc-visualizer-1,20,"{'data_quality': 40, 'model_size': 1, 'parallelism': 1}",1.0,-1,46,-1
2025-07-03 10:11:24.783767,elastic-workbench-qr-detector,elastic-workbench-qr-detector-1,25,"{'data_quality': 551, 'parallelism': 1}",1.97,-1,75,-1
2025-07-03 10:11:24.786677,elastic-workbench-cv-analyzer,elastic-workbench-cv-analyzer-1,104,"{'data_quality': 224, 'model_size': 1, 'parallelism': 1}",5.03,-1,8,-1
2025-07-03 10:11:24.789507,elastic-workbench-pc-visualizer,elastic-workbench-pc-visualizer-1,19,"{'data_quality': 40, 'model_size': 1, 'parallelism': 1}",1.0,-1,48,-1
2025-07-03 10:11:34.784657,elastic-workbench-qr-detector,elastic-workbench-qr-detector-1,26,"{'data_quality': 551, 'parallelism': 1}",1.97,-1,75,-1
2025-07-03 10:11:34.787258,elastic-workbench-cv-analyzer,elastic-workbench-cv-analyzer-1,115,"{'data_quality': 224, 'model_size': 1, 'parallelism': 1}",5.03,-1,7,-1
2025-07-03 10:11:34.790530,elastic-workbench-pc-visualizer,elastic-workbench-pc-visualizer-1,20,"{'data_quality': 40, 'model_size': 1, 'parallelism': 1}",1.0,-1,46,-1
2025-07-03 10:11:44.784826,elastic-workbench-qr-detector,elastic-workbench-qr-detector-1,25,"{'data_quality': 551, 'parallelism': 1}",1.97,-1,75,-1
2025-07-03 10:11:44.787644,elastic-workbench-cv-analyzer,elastic-workbench-cv-analyzer-1,107,"{'data_quality': 224, 'model_size': 1, 'parallelism': 1}",5.03,-1,8,-1
2025-07-03 10:11:44.790257,elastic-workbench-pc-visualizer,elastic-workbench-pc-visualizer-1,20,"{'data_quality': 40, 'model_size': 1, 'parallelism': 1}",1.0,-1,48,-1
2025-07-03 10:11:54.785767,elastic-workbench-qr-detector,elastic-workbench-qr-detector-1,25,"{'data_quality': 551, 'parallelism': 1}",1.96,-1,77,-1
2025-07-03 10:11:54.788726,elastic-workbench-cv-analyzer,elastic-workbench-cv-analyzer-1,115,"{'data_quality': 224, 'model_size': 1, 'parallelism': 1}",5.04,-1,7,-1
2025-07-03 10:11:54.791414,elastic-workbench-pc-visualizer,elastic-workbench-pc-visualizer-1,19,"{'data_quality': 40, 'model_size': 1, 'parallelism': 1}",1.0,-1,48,-1
2025-07-03 10:12:04.786863,elastic-workbench-qr-detector,elastic-workbench-qr-detector-1,25,"{'data_quality': 551, 'parallelism': 1}",1.96,-1,74,-1
2025-07-03 10:12:04.789622,elastic-workbench-cv-analyzer,elastic-workbench-cv-analyzer-1,97,"{'data_quality': 224, 'model_size': 1, 'parallelism': 1}",5.04,-1,8,-1
2025-07-03 10:12:04.792381,elastic-workbench-pc-visualizer,elastic-workbench-pc-visualizer-1,19,"{'data_quality': 40, 'model_size': 1, 'parallelism': 1}",1.0,-1,48,-1
2025-07-03 10:12:14.791350,elastic-workbench-qr-detector,elastic-workbench-qr-detector-1,26,"{'data_quality': 551, 'parallelism': 1}",1.96,-1,75,-1
2025-07-03 10:12:14.795122,elastic-workbench-cv-analyzer,elastic-workbench-cv-analyzer-1,111,"{'data_quality': 224, 'model_size': 1, 'parallelism': 1}",5.04,-1,7,-1
2025-07-03 10:12:14.797990,elastic-workbench-pc-visualizer,elastic-workbench-pc-visualizer-1,20,"{'data_quality': 40, 'model_size': 1, 'parallelism': 1}",1.0,-1,46,-1
2025-07-03 10:12:24.788258,elastic-workbench-qr-detector,elastic-workbench-qr-detector-1,25,"{'data_quality': 551, 'parallelism': 1}",1.94,-1,75,-1
2025-07-03 10:12:24.791792,elastic-workbench-cv-analyzer,elastic-workbench-cv-analyzer-1,119,"{'data_quality': 224, 'model_size': 1, 'parallelism': 1}",5.06,-1,7,-1
2025-07-03 10:12:24.797731,elastic-workbench-pc-visualizer,elastic-workbench-pc-visualizer-1,19,"{'data_quality': 40, 'model_size': 1, 'parallelism': 1}",1.0,-1,49,-1
2025-07-03 10:12:34.788830,elastic-workbench-qr-detector,elastic-workbench-qr-detector-1,25,"{'data_quality': 551, 'parallelism': 1}",1.94,-1,75,-1
2025-07-03 10:12:34.791851,elastic-workbench-cv-analyzer,elastic-workbench-cv-analyzer-1,97,"{'data_quality': 224, 'model_size': 1, 'parallelism': 1}",5.06,-1,8,-1
2025-07-03 10:12:34.794364,elastic-workbench-pc-visualizer,elastic-workbench-pc-visualizer-1,19,"{'data_quality': 40, 'model_size': 1, 'parallelism': 1}",1.0,-1,49,-1
2025-07-03 10:12:44.789252,elastic-workbench-qr-detector,elastic-workbench-qr-detector-1,25,"{'data_quality': 551, 'parallelism': 1}",1.94,-1,76,-1
2025-07-03 10:12:44.791885,elastic-workbench-cv-analyzer,elastic-workbench-cv-analyzer-1,102,"{'data_quality': 224, 'model_size': 1, 'parallelism': 1}",5.06,-1,7,-1
2025-07-03 10:12:44.794511,elastic-workbench-pc-visualizer,elastic-workbench-pc-visualizer-1,20,"{'data_quality': 40, 'model_size': 1, 'parallelism': 1}",1.0,-1,48,-1
2025-07-03 10:12:54.790344,elastic-workbench-qr-detector,elastic-workbench-qr-detector-1,26,"{'data_quality': 551, 'parallelism': 1}",1.92,-1,74,-1
2025-07-03 10:12:54.793384,elastic-workbench-cv-analyzer,elastic-workbench-cv-analyzer-1,104,"{'data_quality': 224, 'model_size': 1, 'parallelism': 1}",5.08,-1,7,-1
2025-07-03 10:12:54.796097,elastic-workbench-pc-visualizer,elastic-workbench-pc-visualizer-1,19,"{'data_quality': 40, 'model_size': 1, 'parallelism': 1}",1.0,-1,48,-1
2025-07-03 10:13:04.790811,elastic-workbench-qr-detector,elastic-workbench-qr-detector-1,26,"{'data_quality': 551, 'parallelism': 1}",1.93,-1,74,-1
2025-07-03 10:13:04.793848,elastic-workbench-cv-analyzer,elastic-workbench-cv-analyzer-1,101,"{'data_quality': 224, 'model_size': 1, 'parallelism': 1}",5.07,-1,8,-1
2025-07-03 10:13:04.796449,elastic-workbench-pc-visualizer,elastic-workbench-pc-visualizer-1,19,"{'data_quality': 40, 'model_size': 1, 'parallelism': 1}",1.0,-1,49,-1
2025-07-03 10:13:14.795642,elastic-workbench-qr-detector,elastic-workbench-qr-detector-1,25,"{'data_quality': 551, 'parallelism': 1}",1.94,-1,75,-1
2025-07-03 10:13:14.799397,elastic-workbench-cv-analyzer,elastic-workbench-cv-analyzer-1,123,"{'data_quality': 224, 'model_size': 1, 'parallelism': 1}",5.06,-1,7,-1
2025-07-03 10:13:14.802402,elastic-workbench-pc-visualizer,elastic-workbench-pc-visualizer-1,21,"{'data_quality': 40, 'model_size': 1, 'parallelism': 1}",1.0,-1,45,-1
2025-07-03 10:13:24.792828,elastic-workbench-qr-detector,elastic-workbench-qr-detector-1,25,"{'data_quality': 551, 'parallelism': 1}",1.94,-1,74,-1
2025-07-03 10:13:24.800576,elastic-workbench-cv-analyzer,elastic-workbench-cv-analyzer-1,82,"{'data_quality': 224, 'model_size': 1, 'parallelism': 1}",5.06,-1,8,-1
2025-07-03 10:13:24.803867,elastic-workbench-pc-visualizer,elastic-workbench-pc-visualizer-1,19,"{'data_quality': 40, 'model_size': 1, 'parallelism': 1}",1.0,-1,49,-1
2025-07-03 10:13:34.793313,elastic-workbench-qr-detector,elastic-workbench-qr-detector-1,26,"{'data_quality': 551, 'parallelism': 1}",1.95,-1,75,-1
2025-07-03 10:13:34.796240,elastic-workbench-cv-analyzer,elastic-workbench-cv-analyzer-1,101,"{'data_quality': 224, 'model_size': 1, 'parallelism': 1}",5.05,-1,7,-1
2025-07-03 10:13:34.803332,elastic-workbench-pc-visualizer,elastic-workbench-pc-visualizer-1,19,"{'data_quality': 40, 'model_size': 1, 'parallelism': 1}",1.0,-1,47,-1
2025-07-03 10:13:44.793159,elastic-workbench-qr-detector,elastic-workbench-qr-detector-1,25,"{'data_quality': 551, 'parallelism': 1}",1.94,-1,76,-1
2025-07-03 10:13:44.796230,elastic-workbench-cv-analyzer,elastic-workbench-cv-analyzer-1,101,"{'data_quality': 224, 'model_size': 1, 'parallelism': 1}",5.06,-1,7,-1
2025-07-03 10:13:44.798850,elastic-workbench-pc-visualizer,elastic-workbench-pc-visualizer-1,20,"{'data_quality': 40, 'model_size': 1, 'parallelism': 1}",1.0,-1,48,-1
2025-07-03 10:13:54.793070,elastic-workbench-qr-detector,elastic-workbench-qr-detector-1,25,"{'data_quality': 551, 'parallelism': 1}",1.93,-1,73,-1
2025-07-03 10:13:54.796122,elastic-workbench-cv-analyzer,elastic-workbench-cv-analyzer-1,108,"{'data_quality': 224, 'model_size': 1, 'parallelism': 1}",5.07,-1,7,-1
2025-07-03 10:13:54.798728,elastic-workbench-pc-visualizer,elastic-workbench-pc-visualizer-1,20,"{'data_quality': 40, 'model_size': 1, 'parallelism': 1}",1.0,-1,48,-1
2025-07-03 10:14:04.794119,elastic-workbench-qr-detector,elastic-workbench-qr-detector-1,26,"{'data_quality': 551, 'parallelism': 1}",1.93,-1,74,-1
2025-07-03 10:14:04.797041,elastic-workbench-cv-analyzer,elastic-workbench-cv-analyzer-1,109,"{'data_quality': 224, 'model_size': 1, 'parallelism': 1}",5.07,-1,7,-1
2025-07-03 10:14:04.800140,elastic-workbench-pc-visualizer,elastic-workbench-pc-visualizer-1,19,"{'data_quality': 40, 'model_size': 1, 'parallelism': 1}",1.0,-1,50,-1
2025-07-03 10:14:14.794882,elastic-workbench-qr-detector,elastic-workbench-qr-detector-1,25,"{'data_quality': 551, 'parallelism': 1}",1.92,-1,75,-1
2025-07-03 10:14:14.797923,elastic-workbench-cv-analyzer,elastic-workbench-cv-analyzer-1,121,"{'data_quality': 224, 'model_size': 1, 'parallelism': 1}",5.08,-1,7,-1
2025-07-03 10:14:14.800509,elastic-workbench-pc-visualizer,elastic-workbench-pc-visualizer-1,20,"{'data_quality': 40, 'model_size': 1, 'parallelism': 1}",1.0,-1,48,-1
2025-07-03 10:14:24.796790,elastic-workbench-qr-detector,elastic-workbench-qr-detector-1,25,"{'data_quality': 551, 'parallelism': 1}",1.91,-1,74,-1
2025-07-03 10:14:24.799496,elastic-workbench-cv-analyzer,elastic-workbench-cv-analyzer-1,95,"{'data_quality': 224, 'model_size': 1, 'parallelism': 1}",5.09,-1,7,-1
2025-07-03 10:14:24.802434,elastic-workbench-pc-visualizer,elastic-workbench-pc-visualizer-1,20,"{'data_quality': 40, 'model_size': 1, 'parallelism': 1}",1.0,-1,47,-1
2025-07-03 10:14:34.800179,elastic-workbench-qr-detector,elastic-workbench-qr-detector-1,26,"{'data_quality': 551, 'parallelism': 1}",1.91,-1,74,-1
2025-07-03 10:14:34.803241,elastic-workbench-cv-analyzer,elastic-workbench-cv-analyzer-1,134,"{'data_quality': 224, 'model_size': 1, 'parallelism': 1}",5.09,-1,7,-1
2025-07-03 10:14:34.805883,elastic-workbench-pc-visualizer,elastic-workbench-pc-visualizer-1,20,"{'data_quality': 40, 'model_size': 1, 'parallelism': 1}",1.0,-1,46,-1
2025-07-03 10:14:44.797508,elastic-workbench-qr-detector,elastic-workbench-qr-detector-1,25,"{'data_quality': 551, 'parallelism': 1}",1.9,-1,74,-1
2025-07-03 10:14:44.805443,elastic-workbench-cv-analyzer,elastic-workbench-cv-analyzer-1,97,"{'data_quality': 224, 'model_size': 1, 'parallelism': 1}",5.1,-1,7,-1
2025-07-03 10:14:44.809865,elastic-workbench-pc-visualizer,elastic-workbench-pc-visualizer-1,19,"{'data_quality': 40, 'model_size': 1, 'parallelism': 1}",1.0,-1,50,-1
2025-07-03 10:14:54.797736,elastic-workbench-qr-detector,elastic-workbench-qr-detector-1,25,"{'data_quality': 551, 'parallelism': 1}",1.89,-1,73,-1
2025-07-03 10:14:54.800674,elastic-workbench-cv-analyzer,elastic-workbench-cv-analyzer-1,197,"{'data_quality': 224, 'model_size': 2, 'parallelism': 1}",5.11,-1,4,-1
2025-07-03 10:14:54.803520,elastic-workbench-pc-visualizer,elastic-workbench-pc-visualizer-1,20,"{'data_quality': 40, 'model_size': 1, 'parallelism': 1}",1.0,-1,46,-1
2025-07-03 10:15:04.798048,elastic-workbench-qr-detector,elastic-workbench-qr-detector-1,26,"{'data_quality': 551, 'parallelism': 1}",1.88,-1,72,-1
2025-07-03 10:15:04.801943,elastic-workbench-cv-analyzer,elastic-workbench-cv-analyzer-1,199,"{'data_quality': 224, 'model_size': 2, 'parallelism': 1}",5.12,-1,4,-1
2025-07-03 10:15:04.804676,elastic-workbench-pc-visualizer,elastic-workbench-pc-visualizer-1,20,"{'data_quality': 40, 'model_size': 1, 'parallelism': 1}",1.0,-1,47,-1
2025-07-03 10:15:14.798684,elastic-workbench-qr-detector,elastic-workbench-qr-detector-1,27,"{'data_quality': 551, 'parallelism': 1}",1.89,-1,72,-1
2025-07-03 10:15:14.801602,elastic-workbench-cv-analyzer,elastic-workbench-cv-analyzer-1,204,"{'data_quality': 224, 'model_size': 2, 'parallelism': 1}",5.11,-1,4,-1
2025-07-03 10:15:14.804233,elastic-workbench-pc-visualizer,elastic-workbench-pc-visualizer-1,21,"{'data_quality': 40, 'model_size': 1, 'parallelism': 1}",1.0,-1,45,-1
2025-07-03 10:15:24.799459,elastic-workbench-qr-detector,elastic-workbench-qr-detector-1,26,"{'data_quality': 551, 'parallelism': 1}",1.88,-1,72,-1
2025-07-03 10:15:24.802380,elastic-workbench-cv-analyzer,elastic-workbench-cv-analyzer-1,235,"{'data_quality': 224, 'model_size': 2, 'parallelism': 1}",5.12,-1,3,-1
2025-07-03 10:15:24.805096,elastic-workbench-pc-visualizer,elastic-workbench-pc-visualizer-1,20,"{'data_quality': 40, 'model_size': 1, 'parallelism': 1}",1.0,-1,46,-1
2025-07-03 10:15:34.799956,elastic-workbench-qr-detector,elastic-workbench-qr-detector-1,26,"{'data_quality': 551, 'parallelism': 1}",1.88,-1,73,-1
2025-07-03 10:15:34.804762,elastic-workbench-cv-analyzer,elastic-workbench-cv-analyzer-1,174,"{'data_quality': 224, 'model_size': 2, 'parallelism': 1}",5.12,-1,5,-1
2025-07-03 10:15:34.810767,elastic-workbench-pc-visualizer,elastic-workbench-pc-visualizer-1,20,"{'data_quality': 40, 'model_size': 1, 'parallelism': 1}",1.0,-1,46,-1
2025-07-03 10:15:44.800801,elastic-workbench-qr-detector,elastic-workbench-qr-detector-1,25,"{'data_quality': 551, 'parallelism': 1}",1.88,-1,72,-1
2025-07-03 10:15:44.815058,elastic-workbench-cv-analyzer,elastic-workbench-cv-analyzer-1,207,"{'data_quality': 224, 'model_size': 2, 'parallelism': 1}",5.12,-1,3,-1
2025-07-03 10:15:44.820282,elastic-workbench-pc-visualizer,elastic-workbench-pc-visualizer-1,20,"{'data_quality': 40, 'model_size': 1, 'parallelism': 1}",1.0,-1,47,-1
2025-07-03 10:15:54.800380,elastic-workbench-qr-detector,elastic-workbench-qr-detector-1,27,"{'data_quality': 551, 'parallelism': 1}",1.87,-1,72,-1
2025-07-03 10:15:54.805910,elastic-workbench-cv-analyzer,elastic-workbench-cv-analyzer-1,239,"{'data_quality': 224, 'model_size': 2, 'parallelism': 1}",5.13,-1,3,-1
2025-07-03 10:15:54.813107,elastic-workbench-pc-visualizer,elastic-workbench-pc-visualizer-1,21,"{'data_quality': 40, 'model_size': 1, 'parallelism': 1}",1.0,-1,46,-1
2025-07-03 10:16:04.801117,elastic-workbench-qr-detector,elastic-workbench-qr-detector-1,25,"{'data_quality': 551, 'parallelism': 1}",1.87,-1,71,-1
2025-07-03 10:16:04.804029,elastic-workbench-cv-analyzer,elastic-workbench-cv-analyzer-1,200,"{'data_quality': 224, 'model_size': 2, 'parallelism': 1}",5.13,-1,4,-1
2025-07-03 10:16:04.816287,elastic-workbench-pc-visualizer,elastic-workbench-pc-visualizer-1,20,"{'data_quality': 40, 'model_size': 1, 'parallelism': 1}",1.0,-1,46,-1
2025-07-03 10:16:14.801290,elastic-workbench-qr-detector,elastic-workbench-qr-detector-1,26,"{'data_quality': 551, 'parallelism': 1}",1.86,-1,70,-1
2025-07-03 10:16:14.803910,elastic-workbench-cv-analyzer,elastic-workbench-cv-analyzer-1,173,"{'data_quality': 224, 'model_size': 2, 'parallelism': 1}",5.14,-1,5,-1
2025-07-03 10:16:14.810297,elastic-workbench-pc-visualizer,elastic-workbench-pc-visualizer-1,21,"{'data_quality': 40, 'model_size': 1, 'parallelism': 1}",1.0,-1,45,-1
2025-07-03 10:16:24.801819,elastic-workbench-qr-detector,elastic-workbench-qr-detector-1,26,"{'data_quality': 551, 'parallelism': 1}",1.85,-1,69,-1
2025-07-03 10:16:24.804913,elastic-workbench-cv-analyzer,elastic-workbench-cv-analyzer-1,221,"{'data_quality': 224, 'model_size': 2, 'parallelism': 1}",5.15,-1,4,-1
2025-07-03 10:16:24.813244,elastic-workbench-pc-visualizer,elastic-workbench-pc-visualizer-1,20,"{'data_quality': 40, 'model_size': 1, 'parallelism': 1}",1.0,-1,47,-1
2025-07-03 10:16:34.802068,elastic-workbench-qr-detector,elastic-workbench-qr-detector-1,26,"{'data_quality': 551, 'parallelism': 1}",1.84,-1,69,-1
2025-07-03 10:16:34.804921,elastic-workbench-cv-analyzer,elastic-workbench-cv-analyzer-1,210,"{'data_quality': 224, 'model_size': 2, 'parallelism': 1}",5.16,-1,4,-1
2025-07-03 10:16:34.814254,elastic-workbench-pc-visualizer,elastic-workbench-pc-visualizer-1,20,"{'data_quality': 40, 'model_size': 1, 'parallelism': 1}",1.0,-1,46,-1
2025-07-03 10:16:44.803420,elastic-workbench-qr-detector,elastic-workbench-qr-detector-1,26,"{'data_quality': 551, 'parallelism': 1}",1.84,-1,69,-1
2025-07-03 10:16:44.806385,elastic-workbench-cv-analyzer,elastic-workbench-cv-analyzer-1,150,"{'data_quality': 224, 'model_size': 2, 'parallelism': 1}",5.16,-1,6,-1
2025-07-03 10:16:44.822544,elastic-workbench-pc-visualizer,elastic-workbench-pc-visualizer-1,21,"{'data_quality': 40, 'model_size': 1, 'parallelism': 1}",1.0,-1,46,-1
2025-07-03 10:16:54.804821,elastic-workbench-qr-detector,elastic-workbench-qr-detector-1,26,"{'data_quality': 551, 'parallelism': 1}",1.84,-1,70,-1
2025-07-03 10:16:54.817909,elastic-workbench-cv-analyzer,elastic-workbench-cv-analyzer-1,175,"{'data_quality': 224, 'model_size': 2, 'parallelism': 1}",5.16,-1,5,-1
2025-07-03 10:16:54.823483,elastic-workbench-pc-visualizer,elastic-workbench-pc-visualizer-1,19,"{'data_quality': 40, 'model_size': 1, 'parallelism': 1}",1.0,-1,48,-1
2025-07-03 10:17:04.817348,elastic-workbench-qr-detector,elastic-workbench-qr-detector-1,26,"{'data_quality': 551, 'parallelism': 1}",1.84,-1,69,-1
2025-07-03 10:17:04.823514,elastic-workbench-cv-analyzer,elastic-workbench-cv-analyzer-1,205,"{'data_quality': 224, 'model_size': 2, 'parallelism': 1}",5.16,-1,4,-1
2025-07-03 10:17:04.829452,elastic-workbench-pc-visualizer,elastic-workbench-pc-visualizer-1,20,"{'data_quality': 40, 'model_size': 1, 'parallelism': 1}",1.0,-1,46,-1
2025-07-03 10:17:14.805395,elastic-workbench-qr-detector,elastic-workbench-qr-detector-1,26,"{'data_quality': 551, 'parallelism': 1}",1.84,-1,71,-1
2025-07-03 10:17:14.817255,elastic-workbench-cv-analyzer,elastic-workbench-cv-analyzer-1,217,"{'data_quality': 224, 'model_size': 2, 'parallelism': 1}",5.16,-1,4,-1
2025-07-03 10:17:14.822702,elastic-workbench-pc-visualizer,elastic-workbench-pc-visualizer-1,20,"{'data_quality': 40, 'model_size': 1, 'parallelism': 1}",1.0,-1,46,-1
2025-07-03 10:17:24.805701,elastic-workbench-qr-detector,elastic-workbench-qr-detector-1,26,"{'data_quality': 551, 'parallelism': 1}",1.86,-1,69,-1
2025-07-03 10:17:24.812423,elastic-workbench-cv-analyzer,elastic-workbench-cv-analyzer-1,261,"{'data_quality': 224, 'model_size': 2, 'parallelism': 1}",5.14,-1,3,-1
2025-07-03 10:17:24.816456,elastic-workbench-pc-visualizer,elastic-workbench-pc-visualizer-1,20,"{'data_quality': 40, 'model_size': 1, 'parallelism': 1}",1.0,-1,46,-1
2025-07-03 10:17:34.806129,elastic-workbench-qr-detector,elastic-workbench-qr-detector-1,26,"{'data_quality': 551, 'parallelism': 1}",1.83,-1,68,-1
2025-07-03 10:17:34.817070,elastic-workbench-cv-analyzer,elastic-workbench-cv-analyzer-1,175,"{'data_quality': 224, 'model_size': 2, 'parallelism': 1}",5.17,-1,5,-1
2025-07-03 10:17:34.819703,elastic-workbench-pc-visualizer,elastic-workbench-pc-visualizer-1,21,"{'data_quality': 40, 'model_size': 1, 'parallelism': 1}",1.0,-1,45,-1
2025-07-03 10:17:44.810368,elastic-workbench-qr-detector,elastic-workbench-qr-detector-1,26,"{'data_quality': 551, 'parallelism': 1}",1.82,-1,67,-1
2025-07-03 10:17:44.822544,elastic-workbench-cv-analyzer,elastic-workbench-cv-analyzer-1,212,"{'data_quality': 224, 'model_size': 2, 'parallelism': 1}",5.18,-1,4,-1
2025-07-03 10:17:44.825010,elastic-workbench-pc-visualizer,elastic-workbench-pc-visualizer-1,21,"{'data_quality': 40, 'model_size': 1, 'parallelism': 1}",1.0,-1,46,-1
2025-07-03 10:17:54.814292,elastic-workbench-qr-detector,elastic-workbench-qr-detector-1,26,"{'data_quality': 551, 'parallelism': 1}",1.81,-1,67,-1
2025-07-03 10:17:54.820517,elastic-workbench-cv-analyzer,elastic-workbench-cv-analyzer-1,254,"{'data_quality': 224, 'model_size': 2, 'parallelism': 1}",5.19,-1,3,-1
2025-07-03 10:17:54.823363,elastic-workbench-pc-visualizer,elastic-workbench-pc-visualizer-1,20,"{'data_quality': 40, 'model_size': 1, 'parallelism': 1}",1.0,-1,47,-1
2025-07-03 10:18:04.816175,elastic-workbench-qr-detector,elastic-workbench-qr-detector-1,26,"{'data_quality': 551, 'parallelism': 1}",1.81,-1,67,-1
2025-07-03 10:18:04.823534,elastic-workbench-cv-analyzer,elastic-workbench-cv-analyzer-1,193,"{'data_quality': 224, 'model_size': 2, 'parallelism': 1}",5.19,-1,4,-1
2025-07-03 10:18:04.828536,elastic-workbench-pc-visualizer,elastic-workbench-pc-visualizer-1,20,"{'data_quality': 40, 'model_size': 1, 'parallelism': 1}",1.0,-1,46,-1
2025-07-03 10:18:14.819108,elastic-workbench-qr-detector,elastic-workbench-qr-detector-1,26,"{'data_quality': 551, 'parallelism': 1}",1.81,-1,67,-1
2025-07-03 10:18:14.824344,elastic-workbench-cv-analyzer,elastic-workbench-cv-analyzer-1,175,"{'data_quality': 224, 'model_size': 2, 'parallelism': 1}",5.19,-1,5,-1
2025-07-03 10:18:14.830991,elastic-workbench-pc-visualizer,elastic-workbench-pc-visualizer-1,21,"{'data_quality': 40, 'model_size': 1, 'parallelism': 1}",1.0,-1,46,-1
2025-07-03 10:18:24.812306,elastic-workbench-qr-detector,elastic-workbench-qr-detector-1,26,"{'data_quality': 551, 'parallelism': 1}",1.81,-1,67,-1
2025-07-03 10:18:24.816644,elastic-workbench-cv-analyzer,elastic-workbench-cv-analyzer-1,173,"{'data_quality': 224, 'model_size': 2, 'parallelism': 1}",5.19,-1,5,-1
2025-07-03 10:18:24.819078,elastic-workbench-pc-visualizer,elastic-workbench-pc-visualizer-1,20,"{'data_quality': 40, 'model_size': 1, 'parallelism': 1}",1.0,-1,46,-1
2025-07-03 10:18:34.827555,elastic-workbench-qr-detector,elastic-workbench-qr-detector-1,26,"{'data_quality': 551, 'parallelism': 1}",1.81,-1,66,-1
2025-07-03 10:18:34.831663,elastic-workbench-cv-analyzer,elastic-workbench-cv-analyzer-1,187,"{'data_quality': 224, 'model_size': 2, 'parallelism': 1}",5.19,-1,4,-1
2025-07-03 10:18:34.834192,elastic-workbench-pc-visualizer,elastic-workbench-pc-visualizer-1,21,"{'data_quality': 40, 'model_size': 1, 'parallelism': 1}",1.0,-1,46,-1
2025-07-03 10:18:44.818165,elastic-workbench-qr-detector,elastic-workbench-qr-detector-1,26,"{'data_quality': 551, 'parallelism': 1}",1.8,-1,65,-1
2025-07-03 10:18:44.822680,elastic-workbench-cv-analyzer,elastic-workbench-cv-analyzer-1,181,"{'data_quality': 224, 'model_size': 2, 'parallelism': 1}",5.2,-1,5,-1
2025-07-03 10:18:44.826135,elastic-workbench-pc-visualizer,elastic-workbench-pc-visualizer-1,20,"{'data_quality': 40, 'model_size': 1, 'parallelism': 1}",1.0,-1,46,-1
2025-07-03 10:18:54.815523,elastic-workbench-qr-detector,elastic-workbench-qr-detector-1,26,"{'data_quality': 551, 'parallelism': 1}",1.79,-1,64,-1
2025-07-03 10:18:54.818085,elastic-workbench-cv-analyzer,elastic-workbench-cv-analyzer-1,223,"{'data_quality': 224, 'model_size': 2, 'parallelism': 1}",5.21,-1,4,-1
2025-07-03 10:18:54.820679,elastic-workbench-pc-visualizer,elastic-workbench-pc-visualizer-1,20,"{'data_quality': 40, 'model_size': 1, 'parallelism': 1}",1.0,-1,46,-1
2025-07-03 10:19:04.819071,elastic-workbench-qr-detector,elastic-workbench-qr-detector-1,26,"{'data_quality': 551, 'parallelism': 1}",1.79,-1,64,-1
2025-07-03 10:19:04.825880,elastic-workbench-cv-analyzer,elastic-workbench-cv-analyzer-1,196,"{'data_quality': 224, 'model_size': 2, 'parallelism': 1}",5.21,-1,4,-1
2025-07-03 10:19:04.828469,elastic-workbench-pc-visualizer,elastic-workbench-pc-visualizer-1,20,"{'data_quality': 40, 'model_size': 1, 'parallelism': 1}",1.0,-1,47,-1
2025-07-03 10:19:14.830888,elastic-workbench-qr-detector,elastic-workbench-qr-detector-1,27,"{'data_quality': 551, 'parallelism': 1}",1.78,-1,63,-1
2025-07-03 10:19:14.833656,elastic-workbench-cv-analyzer,elastic-workbench-cv-analyzer-1,186,"{'data_quality': 224, 'model_size': 2, 'parallelism': 1}",5.22,-1,5,-1
2025-07-03 10:19:14.836372,elastic-workbench-pc-visualizer,elastic-workbench-pc-visualizer-1,20,"{'data_quality': 40, 'model_size': 1, 'parallelism': 1}",1.0,-1,46,-1
2025-07-03 10:19:24.830831,elastic-workbench-qr-detector,elastic-workbench-qr-detector-1,27,"{'data_quality': 551, 'parallelism': 1}",1.78,-1,63,-1
2025-07-03 10:19:24.839140,elastic-workbench-cv-analyzer,elastic-workbench-cv-analyzer-1,236,"{'data_quality': 224, 'model_size': 2, 'parallelism': 1}",5.22,-1,3,-1
2025-07-03 10:19:24.845391,elastic-workbench-pc-visualizer,elastic-workbench-pc-visualizer-1,20,"{'data_quality': 40, 'model_size': 1, 'parallelism': 1}",1.0,-1,47,-1
2025-07-03 10:19:34.825735,elastic-workbench-qr-detector,elastic-workbench-qr-detector-1,27,"{'data_quality': 551, 'parallelism': 1}",1.77,-1,63,-1
2025-07-03 10:19:34.831980,elastic-workbench-cv-analyzer,elastic-workbench-cv-analyzer-1,197,"{'data_quality': 224, 'model_size': 2, 'parallelism': 1}",5.23,-1,4,-1
2025-07-03 10:19:34.834483,elastic-workbench-pc-visualizer,elastic-workbench-pc-visualizer-1,20,"{'data_quality': 40, 'model_size': 1, 'parallelism': 1}",1.0,-1,46,-1
2025-07-03 10:19:44.819058,elastic-workbench-qr-detector,elastic-workbench-qr-detector-1,27,"{'data_quality': 551, 'parallelism': 1}",1.78,-1,62,-1
2025-07-03 10:19:44.824598,elastic-workbench-cv-analyzer,elastic-workbench-cv-analyzer-1,200,"{'data_quality': 224, 'model_size': 2, 'parallelism': 1}",5.22,-1,4,-1
2025-07-03 10:19:44.827290,elastic-workbench-pc-visualizer,elastic-workbench-pc-visualizer-1,20,"{'data_quality': 40, 'model_size': 1, 'parallelism': 1}",1.0,-1,46,-1
2025-07-03 10:19:54.824015,elastic-workbench-qr-detector,elastic-workbench-qr-detector-1,27,"{'data_quality': 551, 'parallelism': 1}",1.77,-1,62,-1
2025-07-03 10:19:54.828496,elastic-workbench-cv-analyzer,elastic-workbench-cv-analyzer-1,193,"{'data_quality': 224, 'model_size': 2, 'parallelism': 1}",5.23,-1,5,-1
2025-07-03 10:19:54.831355,elastic-workbench-pc-visualizer,elastic-workbench-pc-visualizer-1,20,"{'data_quality': 40, 'model_size': 1, 'parallelism': 1}",1.0,-1,46,-1
2025-07-03 10:20:04.819567,elastic-workbench-qr-detector,elastic-workbench-qr-detector-1,26,"{'data_quality': 551, 'parallelism': 1}",1.77,-1,61,-1
2025-07-03 10:20:04.822415,elastic-workbench-cv-analyzer,elastic-workbench-cv-analyzer-1,182,"{'data_quality': 224, 'model_size': 2, 'parallelism': 1}",5.23,-1,4,-1
2025-07-03 10:20:04.825163,elastic-workbench-pc-visualizer,elastic-workbench-pc-visualizer-1,20,"{'data_quality': 40, 'model_size': 1, 'parallelism': 1}",1.0,-1,47,-1
2025-07-03 10:20:14.824072,elastic-workbench-qr-detector,elastic-workbench-qr-detector-1,26,"{'data_quality': 551, 'parallelism': 1}",1.75,-1,61,-1
2025-07-03 10:20:14.829492,elastic-workbench-cv-analyzer,elastic-workbench-cv-analyzer-1,207,"{'data_quality': 224, 'model_size': 2, 'parallelism': 1}",5.25,-1,4,-1
2025-07-03 10:20:14.832256,elastic-workbench-pc-visualizer,elastic-workbench-pc-visualizer-1,20,"{'data_quality': 40, 'model_size': 1, 'parallelism': 1}",1.0,-1,47,-1
2025-07-03 10:20:24.827162,elastic-workbench-qr-detector,elastic-workbench-qr-detector-1,26,"{'data_quality': 551, 'parallelism': 1}",1.75,-1,61,-1
2025-07-03 10:20:24.830112,elastic-workbench-cv-analyzer,elastic-workbench-cv-analyzer-1,155,"{'data_quality': 224, 'model_size': 2, 'parallelism': 1}",5.25,-1,5,-1
2025-07-03 10:20:24.832841,elastic-workbench-pc-visualizer,elastic-workbench-pc-visualizer-1,19,"{'data_quality': 40, 'model_size': 1, 'parallelism': 1}",1.0,-1,48,-1
2025-07-03 10:20:34.818297,elastic-workbench-qr-detector,elastic-workbench-qr-detector-1,26,"{'data_quality': 551, 'parallelism': 1}",1.75,-1,59,-1
2025-07-03 10:20:34.822843,elastic-workbench-cv-analyzer,elastic-workbench-cv-analyzer-1,181,"{'data_quality': 224, 'model_size': 2, 'parallelism': 1}",5.25,-1,5,-1
2025-07-03 10:20:34.832089,elastic-workbench-pc-visualizer,elastic-workbench-pc-visualizer-1,20,"{'data_quality': 40, 'model_size': 1, 'parallelism': 1}",1.0,-1,46,-1
2025-07-03 10:20:44.822802,elastic-workbench-qr-detector,elastic-workbench-qr-detector-1,28,"{'data_quality': 551, 'parallelism': 1}",1.73,-1,59,-1
2025-07-03 10:20:44.826578,elastic-workbench-cv-analyzer,elastic-workbench-cv-analyzer-1,219,"{'data_quality': 224, 'model_size': 2, 'parallelism': 1}",5.27,-1,4,-1
2025-07-03 10:20:44.829161,elastic-workbench-pc-visualizer,elastic-workbench-pc-visualizer-1,21,"{'data_quality': 40, 'model_size': 1, 'parallelism': 1}",1.0,-1,46,-1
2025-07-03 10:20:54.820434,elastic-workbench-qr-detector,elastic-workbench-qr-detector-1,28,"{'data_quality': 551, 'parallelism': 1}",1.73,-1,59,-1
2025-07-03 10:20:54.823309,elastic-workbench-cv-analyzer,elastic-workbench-cv-analyzer-1,168,"{'data_quality': 224, 'model_size': 2, 'parallelism': 1}",5.27,-1,5,-1
2025-07-03 10:20:54.828531,elastic-workbench-pc-visualizer,elastic-workbench-pc-visualizer-1,20,"{'data_quality': 40, 'model_size': 1, 'parallelism': 1}",1.0,-1,47,-1
2025-07-03 10:21:04.822042,elastic-workbench-qr-detector,elastic-workbench-qr-detector-1,27,"{'data_quality': 551, 'parallelism': 1}",1.73,-1,60,-1
2025-07-03 10:21:04.824515,elastic-workbench-cv-analyzer,elastic-workbench-cv-analyzer-1,155,"{'data_quality': 224, 'model_size': 2, 'parallelism': 1}",5.27,-1,5,-1
2025-07-03 10:21:04.826926,elastic-workbench-pc-visualizer,elastic-workbench-pc-visualizer-1,19,"{'data_quality': 40, 'model_size': 1, 'parallelism': 1}",1.0,-1,48,-1
2025-07-03 10:21:14.832056,elastic-workbench-qr-detector,elastic-workbench-qr-detector-1,28,"{'data_quality': 551, 'parallelism': 1}",1.74,-1,58,-1
2025-07-03 10:21:14.834515,elastic-workbench-cv-analyzer,elastic-workbench-cv-analyzer-1,214,"{'data_quality': 224, 'model_size': 2, 'parallelism': 1}",5.26,-1,4,-1
2025-07-03 10:21:14.837025,elastic-workbench-pc-visualizer,elastic-workbench-pc-visualizer-1,20,"{'data_quality': 40, 'model_size': 1, 'parallelism': 1}",1.0,-1,46,-1
2025-07-03 10:21:24.836127,elastic-workbench-qr-detector,elastic-workbench-qr-detector-1,28,"{'data_quality': 551, 'parallelism': 1}",1.72,-1,58,-1
2025-07-03 10:21:24.839115,elastic-workbench-cv-analyzer,elastic-workbench-cv-analyzer-1,178,"{'data_quality': 224, 'model_size': 2, 'parallelism': 1}",5.28,-1,5,-1
2025-07-03 10:21:24.845246,elastic-workbench-pc-visualizer,elastic-workbench-pc-visualizer-1,20,"{'data_quality': 40, 'model_size': 1, 'parallelism': 1}",1.0,-1,46,-1
2025-07-03 10:21:34.824488,elastic-workbench-qr-detector,elastic-workbench-qr-detector-1,27,"{'data_quality': 551, 'parallelism': 1}",1.72,-1,59,-1
2025-07-03 10:21:34.834714,elastic-workbench-cv-analyzer,elastic-workbench-cv-analyzer-1,191,"{'data_quality': 224, 'model_size': 2, 'parallelism': 1}",5.28,-1,4,-1
2025-07-03 10:21:34.837652,elastic-workbench-pc-visualizer,elastic-workbench-pc-visualizer-1,20,"{'data_quality': 40, 'model_size': 1, 'parallelism': 1}",1.0,-1,45,-1
2025-07-03 10:21:44.836788,elastic-workbench-qr-detector,elastic-workbench-qr-detector-1,27,"{'data_quality': 551, 'parallelism': 1}",1.73,-1,57,-1
2025-07-03 10:21:44.839884,elastic-workbench-cv-analyzer,elastic-workbench-cv-analyzer-1,174,"{'data_quality': 224, 'model_size': 2, 'parallelism': 1}",5.27,-1,5,-1
2025-07-03 10:21:44.842620,elastic-workbench-pc-visualizer,elastic-workbench-pc-visualizer-1,20,"{'data_quality': 40, 'model_size': 1, 'parallelism': 1}",1.0,-1,46,-1
2025-07-03 10:21:54.829565,elastic-workbench-qr-detector,elastic-workbench-qr-detector-1,27,"{'data_quality': 551, 'parallelism': 1}",1.71,-1,57,-1
2025-07-03 10:21:54.834566,elastic-workbench-cv-analyzer,elastic-workbench-cv-analyzer-1,172,"{'data_quality': 224, 'model_size': 2, 'parallelism': 1}",5.29,-1,5,-1
2025-07-03 10:21:54.837471,elastic-workbench-pc-visualizer,elastic-workbench-pc-visualizer-1,20,"{'data_quality': 40, 'model_size': 1, 'parallelism': 1}",1.0,-1,46,-1
2025-07-03 10:22:04.826246,elastic-workbench-qr-detector,elastic-workbench-qr-detector-1,27,"{'data_quality': 551, 'parallelism': 1}",1.71,-1,56,-1
2025-07-03 10:22:04.829096,elastic-workbench-cv-analyzer,elastic-workbench-cv-analyzer-1,178,"{'data_quality': 224, 'model_size': 2, 'parallelism': 1}",5.29,-1,4,-1
2025-07-03 10:22:04.831634,elastic-workbench-pc-visualizer,elastic-workbench-pc-visualizer-1,20,"{'data_quality': 40, 'model_size': 1, 'parallelism': 1}",1.0,-1,47,-1
2025-07-03 10:22:14.830595,elastic-workbench-qr-detector,elastic-workbench-qr-detector-1,28,"{'data_quality': 551, 'parallelism': 1}",1.7,-1,57,-1
2025-07-03 10:22:14.834811,elastic-workbench-cv-analyzer,elastic-workbench-cv-analyzer-1,178,"{'data_quality': 224, 'model_size': 2, 'parallelism': 1}",5.3,-1,5,-1
2025-07-03 10:22:14.838283,elastic-workbench-pc-visualizer,elastic-workbench-pc-visualizer-1,21,"{'data_quality': 40, 'model_size': 1, 'parallelism': 1}",1.0,-1,45,-1
2025-07-03 10:22:24.833787,elastic-workbench-qr-detector,elastic-workbench-qr-detector-1,28,"{'data_quality': 551, 'parallelism': 1}",1.71,-1,57,-1
2025-07-03 10:22:24.837341,elastic-workbench-cv-analyzer,elastic-workbench-cv-analyzer-1,153,"{'data_quality': 224, 'model_size': 2, 'parallelism': 1}",5.29,-1,5,-1
2025-07-03 10:22:24.840162,elastic-workbench-pc-visualizer,elastic-workbench-pc-visualizer-1,20,"{'data_quality': 40, 'model_size': 1, 'parallelism': 1}",1.0,-1,47,-1
2025-07-03 10:22:34.843178,elastic-workbench-qr-detector,elastic-workbench-qr-detector-1,27,"{'data_quality': 551, 'parallelism': 1}",1.71,-1,57,-1
2025-07-03 10:22:34.846900,elastic-workbench-cv-analyzer,elastic-workbench-cv-analyzer-1,212,"{'data_quality': 224, 'model_size': 2, 'parallelism': 1}",5.29,-1,4,-1
2025-07-03 10:22:34.849823,elastic-workbench-pc-visualizer,elastic-workbench-pc-visualizer-1,19,"{'data_quality': 40, 'model_size': 1, 'parallelism': 1}",1.0,-1,48,-1
2025-07-03 10:22:44.838047,elastic-workbench-qr-detector,elastic-workbench-qr-detector-1,27,"{'data_quality': 551, 'parallelism': 1}",1.71,-1,56,-1
2025-07-03 10:22:44.841229,elastic-workbench-cv-analyzer,elastic-workbench-cv-analyzer-1,162,"{'data_quality': 224, 'model_size': 2, 'parallelism': 1}",5.29,-1,5,-1
2025-07-03 10:22:44.849068,elastic-workbench-pc-visualizer,elastic-workbench-pc-visualizer-1,20,"{'data_quality': 40, 'model_size': 1, 'parallelism': 1}",1.0,-1,47,-1
2025-07-03 10:22:54.839117,elastic-workbench-qr-detector,elastic-workbench-qr-detector-1,27,"{'data_quality': 551, 'parallelism': 1}",1.69,-1,55,-1
2025-07-03 10:22:54.843705,elastic-workbench-cv-analyzer,elastic-workbench-cv-analyzer-1,158,"{'data_quality': 224, 'model_size': 2, 'parallelism': 1}",5.31,-1,5,-1
2025-07-03 10:22:54.846291,elastic-workbench-pc-visualizer,elastic-workbench-pc-visualizer-1,20,"{'data_quality': 40, 'model_size': 1, 'parallelism': 1}",1.0,-1,47,-1
2025-07-03 10:23:04.841193,elastic-workbench-qr-detector,elastic-workbench-qr-detector-1,29,"{'data_quality': 551, 'parallelism': 1}",1.69,-1,55,-1
2025-07-03 10:23:04.847859,elastic-workbench-cv-analyzer,elastic-workbench-cv-analyzer-1,156,"{'data_quality': 224, 'model_size': 2, 'parallelism': 1}",5.31,-1,5,-1
2025-07-03 10:23:04.850523,elastic-workbench-pc-visualizer,elastic-workbench-pc-visualizer-1,20,"{'data_quality': 40, 'model_size': 1, 'parallelism': 1}",1.0,-1,47,-1
2025-07-03 10:23:14.842210,elastic-workbench-qr-detector,elastic-workbench-qr-detector-1,28,"{'data_quality': 551, 'parallelism': 1}",1.68,-1,54,-1
2025-07-03 10:23:14.844741,elastic-workbench-cv-analyzer,elastic-workbench-cv-analyzer-1,177,"{'data_quality': 224, 'model_size': 2, 'parallelism': 1}",5.32,-1,4,-1
2025-07-03 10:23:14.847346,elastic-workbench-pc-visualizer,elastic-workbench-pc-visualizer-1,20,"{'data_quality': 40, 'model_size': 1, 'parallelism': 1}",1.0,-1,46,-1
2025-07-03 10:23:24.847507,elastic-workbench-qr-detector,elastic-workbench-qr-detector-1,29,"{'data_quality': 551, 'parallelism': 1}",1.67,-1,54,-1
2025-07-03 10:23:24.850544,elastic-workbench-cv-analyzer,elastic-workbench-cv-analyzer-1,154,"{'data_quality': 224, 'model_size': 2, 'parallelism': 1}",5.33,-1,5,-1
2025-07-03 10:23:24.853050,elastic-workbench-pc-visualizer,elastic-workbench-pc-visualizer-1,20,"{'data_quality': 40, 'model_size': 1, 'parallelism': 1}",1.0,-1,47,-1
2025-07-03 10:23:34.851211,elastic-workbench-qr-detector,elastic-workbench-qr-detector-1,29,"{'data_quality': 551, 'parallelism': 1}",1.67,-1,55,-1
2025-07-03 10:23:34.854472,elastic-workbench-cv-analyzer,elastic-workbench-cv-analyzer-1,169,"{'data_quality': 224, 'model_size': 2, 'parallelism': 1}",5.33,-1,5,-1
2025-07-03 10:23:34.857234,elastic-workbench-pc-visualizer,elastic-workbench-pc-visualizer-1,20,"{'data_quality': 40, 'model_size': 1, 'parallelism': 1}",1.0,-1,47,-1
2025-07-03 10:23:44.848647,elastic-workbench-qr-detector,elastic-workbench-qr-detector-1,29,"{'data_quality': 551, 'parallelism': 1}",1.68,-1,54,-1
2025-07-03 10:23:44.855841,elastic-workbench-cv-analyzer,elastic-workbench-cv-analyzer-1,173,"{'data_quality': 224, 'model_size': 2, 'parallelism': 1}",5.32,-1,4,-1
2025-07-03 10:23:44.858654,elastic-workbench-pc-visualizer,elastic-workbench-pc-visualizer-1,20,"{'data_quality': 40, 'model_size': 1, 'parallelism': 1}",1.0,-1,48,-1
2025-07-03 10:23:54.851899,elastic-workbench-qr-detector,elastic-workbench-qr-detector-1,29,"{'data_quality': 551, 'parallelism': 1}",1.67,-1,54,-1
2025-07-03 10:23:54.855465,elastic-workbench-cv-analyzer,elastic-workbench-cv-analyzer-1,176,"{'data_quality': 224, 'model_size': 2, 'parallelism': 1}",5.33,-1,5,-1
2025-07-03 10:23:54.861302,elastic-workbench-pc-visualizer,elastic-workbench-pc-visualizer-1,20,"{'data_quality': 40, 'model_size': 1, 'parallelism': 1}",1.0,-1,46,-1
2025-07-03 10:24:04.852270,elastic-workbench-qr-detector,elastic-workbench-qr-detector-1,28,"{'data_quality': 551, 'parallelism': 1}",1.67,-1,55,-1
2025-07-03 10:24:04.855024,elastic-workbench-cv-analyzer,elastic-workbench-cv-analyzer-1,180,"{'data_quality': 224, 'model_size': 2, 'parallelism': 1}",5.33,-1,5,-1
2025-07-03 10:24:04.857553,elastic-workbench-pc-visualizer,elastic-workbench-pc-visualizer-1,20,"{'data_quality': 40, 'model_size': 1, 'parallelism': 1}",1.0,-1,47,-1
2025-07-03 10:24:14.851134,elastic-workbench-qr-detector,elastic-workbench-qr-detector-1,28,"{'data_quality': 551, 'parallelism': 1}",1.68,-1,55,-1
2025-07-03 10:24:14.853951,elastic-workbench-cv-analyzer,elastic-workbench-cv-analyzer-1,164,"{'data_quality': 224, 'model_size': 2, 'parallelism': 1}",5.32,-1,5,-1
2025-07-03 10:24:14.856757,elastic-workbench-pc-visualizer,elastic-workbench-pc-visualizer-1,20,"{'data_quality': 40, 'model_size': 1, 'parallelism': 1}",1.0,-1,48,-1
2025-07-03 10:24:24.851509,elastic-workbench-qr-detector,elastic-workbench-qr-detector-1,28,"{'data_quality': 551, 'parallelism': 1}",1.68,-1,55,-1
2025-07-03 10:24:24.854131,elastic-workbench-cv-analyzer,elastic-workbench-cv-analyzer-1,190,"{'data_quality': 224, 'model_size': 2, 'parallelism': 1}",5.32,-1,4,-1
2025-07-03 10:24:24.856674,elastic-workbench-pc-visualizer,elastic-workbench-pc-visualizer-1,20,"{'data_quality': 40, 'model_size': 1, 'parallelism': 1}",1.0,-1,46,-1
2025-07-03 10:24:34.854319,elastic-workbench-qr-detector,elastic-workbench-qr-detector-1,28,"{'data_quality': 551, 'parallelism': 1}",1.68,-1,54,-1
2025-07-03 10:24:34.857059,elastic-workbench-cv-analyzer,elastic-workbench-cv-analyzer-1,152,"{'data_quality': 224, 'model_size': 2, 'parallelism': 1}",5.32,-1,5,-1
2025-07-03 10:24:34.859919,elastic-workbench-pc-visualizer,elastic-workbench-pc-visualizer-1,20,"{'data_quality': 40, 'model_size': 1, 'parallelism': 1}",1.0,-1,47,-1
2025-07-03 10:24:44.851612,elastic-workbench-qr-detector,elastic-workbench-qr-detector-1,28,"{'data_quality': 551, 'parallelism': 1}",1.67,-1,53,-1
2025-07-03 10:24:44.854681,elastic-workbench-cv-analyzer,elastic-workbench-cv-analyzer-1,175,"{'data_quality': 224, 'model_size': 2, 'parallelism': 1}",5.33,-1,4,-1
2025-07-03 10:24:44.861982,elastic-workbench-pc-visualizer,elastic-workbench-pc-visualizer-1,19,"{'data_quality': 40, 'model_size': 1, 'parallelism': 1}",1.0,-1,49,-1
2025-07-03 10:24:54.852803,elastic-workbench-qr-detector,elastic-workbench-qr-detector-1,28,"{'data_quality': 551, 'parallelism': 1}",1.66,-1,53,-1
2025-07-03 10:24:54.855900,elastic-workbench-cv-analyzer,elastic-workbench-cv-analyzer-1,175,"{'data_quality': 224, 'model_size': 2, 'parallelism': 1}",5.34,-1,4,-1
2025-07-03 10:24:54.858419,elastic-workbench-pc-visualizer,elastic-workbench-pc-visualizer-1,20,"{'data_quality': 40, 'model_size': 1, 'parallelism': 1}",1.0,-1,47,-1
2025-07-03 10:25:04.853004,elastic-workbench-qr-detector,elastic-workbench-qr-detector-1,29,"{'data_quality': 551, 'parallelism': 1}",1.66,-1,53,-1
2025-07-03 10:25:04.855690,elastic-workbench-cv-analyzer,elastic-workbench-cv-analyzer-1,160,"{'data_quality': 224, 'model_size': 2, 'parallelism': 1}",5.34,-1,4,-1
2025-07-03 10:25:04.858559,elastic-workbench-pc-visualizer,elastic-workbench-pc-visualizer-1,20,"{'data_quality': 40, 'model_size': 1, 'parallelism': 1}",1.0,-1,46,-1
2025-07-03 10:25:14.853852,elastic-workbench-qr-detector,elastic-workbench-qr-detector-1,28,"{'data_quality': 551, 'parallelism': 1}",1.66,-1,54,-1
2025-07-03 10:25:14.856711,elastic-workbench-cv-analyzer,elastic-workbench-cv-analyzer-1,159,"{'data_quality': 224, 'model_size': 2, 'parallelism': 1}",5.34,-1,5,-1
2025-07-03 10:25:14.859284,elastic-workbench-pc-visualizer,elastic-workbench-pc-visualizer-1,19,"{'data_quality': 40, 'model_size': 1, 'parallelism': 1}",1.0,-1,49,-1
2025-07-03 10:25:24.860642,elastic-workbench-qr-detector,elastic-workbench-qr-detector-1,29,"{'data_quality': 551, 'parallelism': 1}",1.67,-1,53,-1
2025-07-03 10:25:24.864759,elastic-workbench-cv-analyzer,elastic-workbench-cv-analyzer-1,165,"{'data_quality': 224, 'model_size': 2, 'parallelism': 1}",5.33,-1,5,-1
2025-07-03 10:25:24.867541,elastic-workbench-pc-visualizer,elastic-workbench-pc-visualizer-1,20,"{'data_quality': 40, 'model_size': 1, 'parallelism': 1}",1.0,-1,47,-1
2025-07-03 10:25:34.856582,elastic-workbench-qr-detector,elastic-workbench-qr-detector-1,28,"{'data_quality': 551, 'parallelism': 1}",1.66,-1,52,-1
2025-07-03 10:25:34.859589,elastic-workbench-cv-analyzer,elastic-workbench-cv-analyzer-1,164,"{'data_quality': 224, 'model_size': 2, 'parallelism': 1}",5.34,-1,5,-1
2025-07-03 10:25:34.865226,elastic-workbench-pc-visualizer,elastic-workbench-pc-visualizer-1,19,"{'data_quality': 40, 'model_size': 1, 'parallelism': 1}",1.0,-1,50,-1
2025-07-03 10:25:44.855170,elastic-workbench-qr-detector,elastic-workbench-qr-detector-1,29,"{'data_quality': 551, 'parallelism': 1}",1.65,-1,52,-1
2025-07-03 10:25:44.858253,elastic-workbench-cv-analyzer,elastic-workbench-cv-analyzer-1,158,"{'data_quality': 224, 'model_size': 2, 'parallelism': 1}",5.35,-1,5,-1
2025-07-03 10:25:44.860835,elastic-workbench-pc-visualizer,elastic-workbench-pc-visualizer-1,20,"{'data_quality': 40, 'model_size': 1, 'parallelism': 1}",1.0,-1,46,-1
2025-07-03 10:25:54.855690,elastic-workbench-qr-detector,elastic-workbench-qr-detector-1,29,"{'data_quality': 551, 'parallelism': 1}",1.65,-1,52,-1
2025-07-03 10:25:54.858590,elastic-workbench-cv-analyzer,elastic-workbench-cv-analyzer-1,175,"{'data_quality': 224, 'model_size': 2, 'parallelism': 1}",5.35,-1,5,-1
2025-07-03 10:25:54.861156,elastic-workbench-pc-visualizer,elastic-workbench-pc-visualizer-1,20,"{'data_quality': 40, 'model_size': 1, 'parallelism': 1}",1.0,-1,47,-1
2025-07-03 10:26:04.856304,elastic-workbench-qr-detector,elastic-workbench-qr-detector-1,29,"{'data_quality': 551, 'parallelism': 1}",1.65,-1,52,-1
2025-07-03 10:26:04.859199,elastic-workbench-cv-analyzer,elastic-workbench-cv-analyzer-1,166,"{'data_quality': 224, 'model_size': 2, 'parallelism': 1}",5.35,-1,4,-1
2025-07-03 10:26:04.861931,elastic-workbench-pc-visualizer,elastic-workbench-pc-visualizer-1,20,"{'data_quality': 40, 'model_size': 1, 'parallelism': 1}",1.0,-1,48,-1
2025-07-03 10:26:14.860927,elastic-workbench-qr-detector,elastic-workbench-qr-detector-1,29,"{'data_quality': 551, 'parallelism': 1}",1.64,-1,52,-1
2025-07-03 10:26:14.863831,elastic-workbench-cv-analyzer,elastic-workbench-cv-analyzer-1,170,"{'data_quality': 224, 'model_size': 2, 'parallelism': 1}",5.36,-1,4,-1
2025-07-03 10:26:14.866413,elastic-workbench-pc-visualizer,elastic-workbench-pc-visualizer-1,20,"{'data_quality': 40, 'model_size': 1, 'parallelism': 1}",1.0,-1,47,-1
2025-07-03 10:26:24.857921,elastic-workbench-qr-detector,elastic-workbench-qr-detector-1,29,"{'data_quality': 551, 'parallelism': 1}",1.64,-1,52,-1
2025-07-03 10:26:24.863905,elastic-workbench-cv-analyzer,elastic-workbench-cv-analyzer-1,160,"{'data_quality': 224, 'model_size': 2, 'parallelism': 1}",5.36,-1,5,-1
2025-07-03 10:26:24.866463,elastic-workbench-pc-visualizer,elastic-workbench-pc-visualizer-1,19,"{'data_quality': 40, 'model_size': 1, 'parallelism': 1}",1.0,-1,49,-1
2025-07-03 10:26:34.858658,elastic-workbench-qr-detector,elastic-workbench-qr-detector-1,29,"{'data_quality': 551, 'parallelism': 1}",1.64,-1,51,-1
2025-07-03 10:26:34.861512,elastic-workbench-cv-analyzer,elastic-workbench-cv-analyzer-1,153,"{'data_quality': 224, 'model_size': 2, 'parallelism': 1}",5.36,-1,5,-1
2025-07-03 10:26:34.867202,elastic-workbench-pc-visualizer,elastic-workbench-pc-visualizer-1,19,"{'data_quality': 40, 'model_size': 1, 'parallelism': 1}",1.0,-1,48,-1
2025-07-03 10:26:44.859368,elastic-workbench-qr-detector,elastic-workbench-qr-detector-1,29,"{'data_quality': 551, 'parallelism': 1}",1.63,-1,50,-1
2025-07-03 10:26:44.861982,elastic-workbench-cv-analyzer,elastic-workbench-cv-analyzer-1,165,"{'data_quality': 224, 'model_size': 2, 'parallelism': 1}",5.37,-1,5,-1
2025-07-03 10:26:44.864657,elastic-workbench-pc-visualizer,elastic-workbench-pc-visualizer-1,20,"{'data_quality': 40, 'model_size': 1, 'parallelism': 1}",1.0,-1,48,-1
2025-07-03 10:26:54.860146,elastic-workbench-qr-detector,elastic-workbench-qr-detector-1,30,"{'data_quality': 551, 'parallelism': 1}",1.62,-1,49,-1
2025-07-03 10:26:54.863145,elastic-workbench-cv-analyzer,elastic-workbench-cv-analyzer-1,165,"{'data_quality': 224, 'model_size': 2, 'parallelism': 1}",5.38,-1,4,-1
2025-07-03 10:26:54.865722,elastic-workbench-pc-visualizer,elastic-workbench-pc-visualizer-1,21,"{'data_quality': 40, 'model_size': 1, 'parallelism': 1}",1.0,-1,46,-1
2025-07-03 10:27:04.860525,elastic-workbench-qr-detector,elastic-workbench-qr-detector-1,29,"{'data_quality': 551, 'parallelism': 1}",1.61,-1,50,-1
2025-07-03 10:27:04.863392,elastic-workbench-cv-analyzer,elastic-workbench-cv-analyzer-1,155,"{'data_quality': 224, 'model_size': 2, 'parallelism': 1}",5.39,-1,5,-1
2025-07-03 10:27:04.866001,elastic-workbench-pc-visualizer,elastic-workbench-pc-visualizer-1,19,"{'data_quality': 40, 'model_size': 1, 'parallelism': 1}",1.0,-1,49,-1
2025-07-03 10:27:14.861454,elastic-workbench-qr-detector,elastic-workbench-qr-detector-1,30,"{'data_quality': 551, 'parallelism': 1}",1.62,-1,50,-1
2025-07-03 10:27:14.864246,elastic-workbench-cv-analyzer,elastic-workbench-cv-analyzer-1,221,"{'data_quality': 224, 'model_size': 2, 'parallelism': 1}",5.38,-1,4,-1
2025-07-03 10:27:14.866795,elastic-workbench-pc-visualizer,elastic-workbench-pc-visualizer-1,20,"{'data_quality': 40, 'model_size': 1, 'parallelism': 1}",1.0,-1,47,-1
2025-07-03 10:27:24.862104,elastic-workbench-qr-detector,elastic-workbench-qr-detector-1,29,"{'data_quality': 551, 'parallelism': 1}",1.62,-1,51,-1
2025-07-03 10:27:24.864702,elastic-workbench-cv-analyzer,elastic-workbench-cv-analyzer-1,189,"{'data_quality': 224, 'model_size': 2, 'parallelism': 1}",5.38,-1,4,-1
2025-07-03 10:27:24.867604,elastic-workbench-pc-visualizer,elastic-workbench-pc-visualizer-1,20,"{'data_quality': 40, 'model_size': 1, 'parallelism': 1}",1.0,-1,47,-1
2025-07-03 10:27:34.862821,elastic-workbench-qr-detector,elastic-workbench-qr-detector-1,29,"{'data_quality': 551, 'parallelism': 1}",1.63,-1,51,-1
2025-07-03 10:27:34.868349,elastic-workbench-cv-analyzer,elastic-workbench-cv-analyzer-1,159,"{'data_quality': 224, 'model_size': 2, 'parallelism': 1}",5.37,-1,5,-1
2025-07-03 10:27:34.871335,elastic-workbench-pc-visualizer,elastic-workbench-pc-visualizer-1,19,"{'data_quality': 40, 'model_size': 1, 'parallelism': 1}",1.0,-1,50,-1
2025-07-03 10:27:44.863290,elastic-workbench-qr-detector,elastic-workbench-qr-detector-1,29,"{'data_quality': 551, 'parallelism': 1}",1.63,-1,51,-1
2025-07-03 10:27:44.866271,elastic-workbench-cv-analyzer,elastic-workbench-cv-analyzer-1,151,"{'data_quality': 224, 'model_size': 2, 'parallelism': 1}",5.37,-1,4,-1
2025-07-03 10:27:44.875039,elastic-workbench-pc-visualizer,elastic-workbench-pc-visualizer-1,20,"{'data_quality': 40, 'model_size': 1, 'parallelism': 1}",1.0,-1,47,-1
2025-07-03 10:27:54.863750,elastic-workbench-qr-detector,elastic-workbench-qr-detector-1,29,"{'data_quality': 551, 'parallelism': 1}",1.63,-1,50,-1
2025-07-03 10:27:54.866608,elastic-workbench-cv-analyzer,elastic-workbench-cv-analyzer-1,165,"{'data_quality': 224, 'model_size': 2, 'parallelism': 1}",5.37,-1,5,-1
2025-07-03 10:27:54.869306,elastic-workbench-pc-visualizer,elastic-workbench-pc-visualizer-1,19,"{'data_quality': 40, 'model_size': 1, 'parallelism': 1}",1.0,-1,49,-1
2025-07-03 10:28:04.868892,elastic-workbench-qr-detector,elastic-workbench-qr-detector-1,29,"{'data_quality': 551, 'parallelism': 1}",1.62,-1,51,-1
2025-07-03 10:28:04.871911,elastic-workbench-cv-analyzer,elastic-workbench-cv-analyzer-1,191,"{'data_quality': 224, 'model_size': 2, 'parallelism': 1}",5.38,-1,4,-1
2025-07-03 10:28:04.874756,elastic-workbench-pc-visualizer,elastic-workbench-pc-visualizer-1,21,"{'data_quality': 40, 'model_size': 1, 'parallelism': 1}",1.0,-1,46,-1
2025-07-03 10:28:14.867425,elastic-workbench-qr-detector,elastic-workbench-qr-detector-1,28,"{'data_quality': 551, 'parallelism': 1}",1.63,-1,50,-1
2025-07-03 10:28:14.870301,elastic-workbench-cv-analyzer,elastic-workbench-cv-analyzer-1,171,"{'data_quality': 224, 'model_size': 2, 'parallelism': 1}",5.37,-1,5,-1
2025-07-03 10:28:14.873087,elastic-workbench-pc-visualizer,elastic-workbench-pc-visualizer-1,19,"{'data_quality': 40, 'model_size': 1, 'parallelism': 1}",1.0,-1,48,-1
2025-07-03 10:28:24.868060,elastic-workbench-qr-detector,elastic-workbench-qr-detector-1,29,"{'data_quality': 551, 'parallelism': 1}",1.62,-1,50,-1
2025-07-03 10:28:24.870685,elastic-workbench-cv-analyzer,elastic-workbench-cv-analyzer-1,171,"{'data_quality': 224, 'model_size': 2, 'parallelism': 1}",5.38,-1,4,-1
2025-07-03 10:28:24.873501,elastic-workbench-pc-visualizer,elastic-workbench-pc-visualizer-1,20,"{'data_quality': 40, 'model_size': 1, 'parallelism': 1}",1.0,-1,48,-1
2025-07-03 10:28:34.872330,elastic-workbench-qr-detector,elastic-workbench-qr-detector-1,30,"{'data_quality': 551, 'parallelism': 1}",1.61,-1,48,-1
2025-07-03 10:28:34.876323,elastic-workbench-cv-analyzer,elastic-workbench-cv-analyzer-1,150,"{'data_quality': 224, 'model_size': 2, 'parallelism': 1}",5.39,-1,5,-1
2025-07-03 10:28:34.880364,elastic-workbench-pc-visualizer,elastic-workbench-pc-visualizer-1,20,"{'data_quality': 40, 'model_size': 1, 'parallelism': 1}",1.0,-1,46,-1
2025-07-03 10:28:44.869273,elastic-workbench-qr-detector,elastic-workbench-qr-detector-1,29,"{'data_quality': 551, 'parallelism': 1}",1.59,-1,48,-1
2025-07-03 10:28:44.873104,elastic-workbench-cv-analyzer,elastic-workbench-cv-analyzer-1,147,"{'data_quality': 224, 'model_size': 2, 'parallelism': 1}",5.41,-1,5,-1
2025-07-03 10:28:44.881028,elastic-workbench-pc-visualizer,elastic-workbench-pc-visualizer-1,20,"{'data_quality': 40, 'model_size': 1, 'parallelism': 1}",1.0,-1,47,-1
2025-07-03 10:28:54.869558,elastic-workbench-qr-detector,elastic-workbench-qr-detector-1,29,"{'data_quality': 551, 'parallelism': 1}",1.59,-1,47,-1
2025-07-03 10:28:54.872509,elastic-workbench-cv-analyzer,elastic-workbench-cv-analyzer-1,150,"{'data_quality': 224, 'model_size': 2, 'parallelism': 1}",5.41,-1,4,-1
2025-07-03 10:28:54.875148,elastic-workbench-pc-visualizer,elastic-workbench-pc-visualizer-1,19,"{'data_quality': 40, 'model_size': 1, 'parallelism': 1}",1.0,-1,49,-1
2025-07-03 10:29:04.870740,elastic-workbench-qr-detector,elastic-workbench-qr-detector-1,29,"{'data_quality': 551, 'parallelism': 1}",1.58,-1,48,-1
2025-07-03 10:29:04.874285,elastic-workbench-cv-analyzer,elastic-workbench-cv-analyzer-1,202,"{'data_quality': 224, 'model_size': 2, 'parallelism': 1}",5.42,-1,4,-1
2025-07-03 10:29:04.877266,elastic-workbench-pc-visualizer,elastic-workbench-pc-visualizer-1,19,"{'data_quality': 40, 'model_size': 1, 'parallelism': 1}",1.0,-1,48,-1
2025-07-03 10:29:14.871218,elastic-workbench-qr-detector,elastic-workbench-qr-detector-1,30,"{'data_quality': 551, 'parallelism': 1}",1.59,-1,48,-1
2025-07-03 10:29:14.874136,elastic-workbench-cv-analyzer,elastic-workbench-cv-analyzer-1,189,"{'data_quality': 224, 'model_size': 2, 'parallelism': 1}",5.41,-1,4,-1
2025-07-03 10:29:14.876984,elastic-workbench-pc-visualizer,elastic-workbench-pc-visualizer-1,20,"{'data_quality': 40, 'model_size': 1, 'parallelism': 1}",1.0,-1,47,-1
2025-07-03 10:29:24.876340,elastic-workbench-qr-detector,elastic-workbench-qr-detector-1,29,"{'data_quality': 551, 'parallelism': 1}",1.59,-1,49,-1
2025-07-03 10:29:24.879345,elastic-workbench-cv-analyzer,elastic-workbench-cv-analyzer-1,152,"{'data_quality': 224, 'model_size': 2, 'parallelism': 1}",5.41,-1,5,-1
2025-07-03 10:29:24.882224,elastic-workbench-pc-visualizer,elastic-workbench-pc-visualizer-1,20,"{'data_quality': 40, 'model_size': 1, 'parallelism': 1}",1.0,-1,48,-1
2025-07-03 10:29:34.876002,elastic-workbench-qr-detector,elastic-workbench-qr-detector-1,31,"{'data_quality': 551, 'parallelism': 1}",1.6,-1,47,-1
2025-07-03 10:29:34.880534,elastic-workbench-cv-analyzer,elastic-workbench-cv-analyzer-1,183,"{'data_quality': 224, 'model_size': 2, 'parallelism': 1}",5.4,-1,4,-1
2025-07-03 10:29:34.887587,elastic-workbench-pc-visualizer,elastic-workbench-pc-visualizer-1,20,"{'data_quality': 40, 'model_size': 1, 'parallelism': 1}",1.0,-1,47,-1
2025-07-03 10:29:44.873985,elastic-workbench-qr-detector,elastic-workbench-qr-detector-1,31,"{'data_quality': 551, 'parallelism': 1}",1.58,-1,47,-1
2025-07-03 10:29:44.876919,elastic-workbench-cv-analyzer,elastic-workbench-cv-analyzer-1,165,"{'data_quality': 224, 'model_size': 2, 'parallelism': 1}",5.42,-1,4,-1
2025-07-03 10:29:44.879528,elastic-workbench-pc-visualizer,elastic-workbench-pc-visualizer-1,20,"{'data_quality': 40, 'model_size': 1, 'parallelism': 1}",1.0,-1,47,-1
2025-07-03 10:29:54.875545,elastic-workbench-qr-detector,elastic-workbench-qr-detector-1,30,"{'data_quality': 551, 'parallelism': 1}",1.58,-1,47,-1
2025-07-03 10:29:54.878752,elastic-workbench-cv-analyzer,elastic-workbench-cv-analyzer-1,206,"{'data_quality': 224, 'model_size': 2, 'parallelism': 1}",5.42,-1,4,-1
2025-07-03 10:29:54.881336,elastic-workbench-pc-visualizer,elastic-workbench-pc-visualizer-1,19,"{'data_quality': 40, 'model_size': 1, 'parallelism': 1}",1.0,-1,50,-1
2025-07-03 10:30:04.875512,elastic-workbench-qr-detector,elastic-workbench-qr-detector-1,30,"{'data_quality': 551, 'parallelism': 1}",1.57,-1,49,-1
2025-07-03 10:30:04.879001,elastic-workbench-cv-analyzer,elastic-workbench-cv-analyzer-1,161,"{'data_quality': 224, 'model_size': 2, 'parallelism': 1}",5.43,-1,5,-1
2025-07-03 10:30:04.881684,elastic-workbench-pc-visualizer,elastic-workbench-pc-visualizer-1,19,"{'data_quality': 40, 'model_size': 1, 'parallelism': 1}",1.0,-1,50,-1
2025-07-03 10:30:14.878901,elastic-workbench-qr-detector,elastic-workbench-qr-detector-1,29,"{'data_quality': 551, 'parallelism': 1}",1.59,-1,48,-1
2025-07-03 10:30:14.882243,elastic-workbench-cv-analyzer,elastic-workbench-cv-analyzer-1,167,"{'data_quality': 224, 'model_size': 2, 'parallelism': 1}",5.41,-1,5,-1
2025-07-03 10:30:14.884955,elastic-workbench-pc-visualizer,elastic-workbench-pc-visualizer-1,19,"{'data_quality': 40, 'model_size': 1, 'parallelism': 1}",1.0,-1,49,-1
2025-07-03 10:30:24.875986,elastic-workbench-qr-detector,elastic-workbench-qr-detector-1,29,"{'data_quality': 551, 'parallelism': 1}",1.58,-1,46,-1
2025-07-03 10:30:24.879854,elastic-workbench-cv-analyzer,elastic-workbench-cv-analyzer-1,151,"{'data_quality': 224, 'model_size': 2, 'parallelism': 1}",5.42,-1,5,-1
2025-07-03 10:30:24.886704,elastic-workbench-pc-visualizer,elastic-workbench-pc-visualizer-1,19,"{'data_quality': 40, 'model_size': 1, 'parallelism': 1}",1.0,-1,48,-1
2025-07-03 10:30:34.877851,elastic-workbench-qr-detector,elastic-workbench-qr-detector-1,29,"{'data_quality': 551, 'parallelism': 1}",1.56,-1,48,-1
2025-07-03 10:30:34.880759,elastic-workbench-cv-analyzer,elastic-workbench-cv-analyzer-1,245,"{'data_quality': 224, 'model_size': 2, 'parallelism': 1}",5.44,-1,4,-1
2025-07-03 10:30:34.883481,elastic-workbench-pc-visualizer,elastic-workbench-pc-visualizer-1,19,"{'data_quality': 40, 'model_size': 1, 'parallelism': 1}",1.0,-1,48,-1
2025-07-03 10:30:44.877256,elastic-workbench-qr-detector,elastic-workbench-qr-detector-1,29,"{'data_quality': 551, 'parallelism': 1}",1.58,-1,49,-1
2025-07-03 10:30:44.880314,elastic-workbench-cv-analyzer,elastic-workbench-cv-analyzer-1,191,"{'data_quality': 224, 'model_size': 2, 'parallelism': 1}",5.42,-1,4,-1
2025-07-03 10:30:44.883053,elastic-workbench-pc-visualizer,elastic-workbench-pc-visualizer-1,19,"{'data_quality': 40, 'model_size': 1, 'parallelism': 1}",1.0,-1,49,-1
2025-07-03 10:30:54.877829,elastic-workbench-qr-detector,elastic-workbench-qr-detector-1,28,"{'data_quality': 551, 'parallelism': 1}",1.59,-1,48,-1
2025-07-03 10:30:54.880740,elastic-workbench-cv-analyzer,elastic-workbench-cv-analyzer-1,158,"{'data_quality': 224, 'model_size': 2, 'parallelism': 1}",5.41,-1,5,-1
2025-07-03 10:30:54.883340,elastic-workbench-pc-visualizer,elastic-workbench-pc-visualizer-1,19,"{'data_quality': 40, 'model_size': 1, 'parallelism': 1}",1.0,-1,48,-1
2025-07-03 10:31:04.881955,elastic-workbench-qr-detector,elastic-workbench-qr-detector-1,30,"{'data_quality': 551, 'parallelism': 1}",1.58,-1,48,-1
2025-07-03 10:31:04.886318,elastic-workbench-cv-analyzer,elastic-workbench-cv-analyzer-1,202,"{'data_quality': 224, 'model_size': 2, 'parallelism': 1}",5.42,-1,4,-1
2025-07-03 10:31:04.890996,elastic-workbench-pc-visualizer,elastic-workbench-pc-visualizer-1,19,"{'data_quality': 40, 'model_size': 1, 'parallelism': 1}",1.0,-1,49,-1
2025-07-03 10:31:14.879334,elastic-workbench-qr-detector,elastic-workbench-qr-detector-1,30,"{'data_quality': 551, 'parallelism': 1}",1.58,-1,48,-1
2025-07-03 10:31:14.882309,elastic-workbench-cv-analyzer,elastic-workbench-cv-analyzer-1,133,"{'data_quality': 224, 'model_size': 2, 'parallelism': 1}",5.42,-1,5,-1
2025-07-03 10:31:14.889164,elastic-workbench-pc-visualizer,elastic-workbench-pc-visualizer-1,19,"{'data_quality': 40, 'model_size': 1, 'parallelism': 1}",1.0,-1,49,-1
2025-07-03 10:31:24.879291,elastic-workbench-qr-detector,elastic-workbench-qr-detector-1,31,"{'data_quality': 551, 'parallelism': 1}",1.58,-1,48,-1
2025-07-03 10:31:24.882298,elastic-workbench-cv-analyzer,elastic-workbench-cv-analyzer-1,147,"{'data_quality': 224, 'model_size': 2, 'parallelism': 1}",5.42,-1,5,-1
2025-07-03 10:31:24.885102,elastic-workbench-pc-visualizer,elastic-workbench-pc-visualizer-1,19,"{'data_quality': 40, 'model_size': 1, 'parallelism': 1}",1.0,-1,50,-1
2025-07-03 10:31:34.880464,elastic-workbench-qr-detector,elastic-workbench-qr-detector-1,31,"{'data_quality': 551, 'parallelism': 1}",1.58,-1,49,-1
2025-07-03 10:31:34.884649,elastic-workbench-cv-analyzer,elastic-workbench-cv-analyzer-1,185,"{'data_quality': 224, 'model_size': 2, 'parallelism': 1}",5.42,-1,4,-1
2025-07-03 10:31:34.887278,elastic-workbench-pc-visualizer,elastic-workbench-pc-visualizer-1,20,"{'data_quality': 40, 'model_size': 1, 'parallelism': 1}",1.0,-1,47,-1
2025-07-03 10:31:44.880901,elastic-workbench-qr-detector,elastic-workbench-qr-detector-1,31,"{'data_quality': 551, 'parallelism': 1}",1.58,-1,49,-1
2025-07-03 10:31:44.883832,elastic-workbench-cv-analyzer,elastic-workbench-cv-analyzer-1,153,"{'data_quality': 224, 'model_size': 2, 'parallelism': 1}",5.42,-1,5,-1
2025-07-03 10:31:44.886554,elastic-workbench-pc-visualizer,elastic-workbench-pc-visualizer-1,19,"{'data_quality': 40, 'model_size': 1, 'parallelism': 1}",1.0,-1,49,-1
2025-07-03 10:31:54.881333,elastic-workbench-qr-detector,elastic-workbench-qr-detector-1,31,"{'data_quality': 551, 'parallelism': 1}",1.58,-1,48,-1
2025-07-03 10:31:54.887745,elastic-workbench-cv-analyzer,elastic-workbench-cv-analyzer-1,145,"{'data_quality': 224, 'model_size': 2, 'parallelism': 1}",5.42,-1,5,-1
2025-07-03 10:31:54.890589,elastic-workbench-pc-visualizer,elastic-workbench-pc-visualizer-1,19,"{'data_quality': 40, 'model_size': 1, 'parallelism': 1}",1.0,-1,49,-1
2025-07-03 10:32:04.882278,elastic-workbench-qr-detector,elastic-workbench-qr-detector-1,32,"{'data_quality': 551, 'parallelism': 1}",1.57,-1,48,-1
2025-07-03 10:32:04.884837,elastic-workbench-cv-analyzer,elastic-workbench-cv-analyzer-1,156,"{'data_quality': 224, 'model_size': 2, 'parallelism': 1}",5.43,-1,5,-1
2025-07-03 10:32:04.890272,elastic-workbench-pc-visualizer,elastic-workbench-pc-visualizer-1,21,"{'data_quality': 40, 'model_size': 1, 'parallelism': 1}",1.0,-1,45,-1
2025-07-03 10:32:14.883200,elastic-workbench-qr-detector,elastic-workbench-qr-detector-1,32,"{'data_quality': 551, 'parallelism': 1}",1.57,-1,49,-1
2025-07-03 10:32:14.886144,elastic-workbench-cv-analyzer,elastic-workbench-cv-analyzer-1,160,"{'data_quality': 224, 'model_size': 2, 'parallelism': 1}",5.43,-1,4,-1
2025-07-03 10:32:14.889104,elastic-workbench-pc-visualizer,elastic-workbench-pc-visualizer-1,20,"{'data_quality': 40, 'model_size': 1, 'parallelism': 1}",1.0,-1,47,-1
2025-07-03 10:32:24.884425,elastic-workbench-qr-detector,elastic-workbench-qr-detector-1,28,"{'data_quality': 551, 'parallelism': 1}",1.58,-1,50,-1
2025-07-03 10:32:24.887150,elastic-workbench-cv-analyzer,elastic-workbench-cv-analyzer-1,173,"{'data_quality': 224, 'model_size': 2, 'parallelism': 1}",5.42,-1,5,-1
2025-07-03 10:32:24.889660,elastic-workbench-pc-visualizer,elastic-workbench-pc-visualizer-1,19,"{'data_quality': 40, 'model_size': 1, 'parallelism': 1}",1.0,-1,48,-1
2025-07-03 10:32:34.895704,elastic-workbench-qr-detector,elastic-workbench-qr-detector-1,30,"{'data_quality': 551, 'parallelism': 1}",1.59,-1,51,-1
2025-07-03 10:32:34.898841,elastic-workbench-cv-analyzer,elastic-workbench-cv-analyzer-1,126,"{'data_quality': 224, 'model_size': 2, 'parallelism': 1}",5.41,-1,5,-1
2025-07-03 10:32:34.901655,elastic-workbench-pc-visualizer,elastic-workbench-pc-visualizer-1,19,"{'data_quality': 40, 'model_size': 1, 'parallelism': 1}",1.0,-1,49,-1
2025-07-03 10:32:44.885999,elastic-workbench-qr-detector,elastic-workbench-qr-detector-1,30,"{'data_quality': 551, 'parallelism': 1}",1.6,-1,50,-1
2025-07-03 10:32:44.890115,elastic-workbench-cv-analyzer,elastic-workbench-cv-analyzer-1,204,"{'data_quality': 224, 'model_size': 2, 'parallelism': 1}",5.4,-1,4,-1
2025-07-03 10:32:44.895373,elastic-workbench-pc-visualizer,elastic-workbench-pc-visualizer-1,19,"{'data_quality': 40, 'model_size': 1, 'parallelism': 1}",1.0,-1,50,-1
2025-07-03 10:32:54.886127,elastic-workbench-qr-detector,elastic-workbench-qr-detector-1,30,"{'data_quality': 551, 'parallelism': 1}",1.59,-1,48,-1
2025-07-03 10:32:54.889084,elastic-workbench-cv-analyzer,elastic-workbench-cv-analyzer-1,174,"{'data_quality': 224, 'model_size': 2, 'parallelism': 1}",5.41,-1,5,-1
2025-07-03 10:32:54.891666,elastic-workbench-pc-visualizer,elastic-workbench-pc-visualizer-1,20,"{'data_quality': 40, 'model_size': 1, 'parallelism': 1}",1.0,-1,46,-1
2025-07-03 10:33:04.887050,elastic-workbench-qr-detector,elastic-workbench-qr-detector-1,30,"{'data_quality': 551, 'parallelism': 1}",1.56,-1,48,-1
2025-07-03 10:33:04.889777,elastic-workbench-cv-analyzer,elastic-workbench-cv-analyzer-1,137,"{'data_quality': 224, 'model_size': 2, 'parallelism': 1}",5.44,-1,5,-1
2025-07-03 10:33:04.893051,elastic-workbench-pc-visualizer,elastic-workbench-pc-visualizer-1,20,"{'data_quality': 40, 'model_size': 1, 'parallelism': 1}",1.0,-1,47,-1
2025-07-03 10:33:14.888088,elastic-workbench-qr-detector,elastic-workbench-qr-detector-1,30,"{'data_quality': 551, 'parallelism': 1}",1.56,-1,48,-1
2025-07-03 10:33:14.890973,elastic-workbench-cv-analyzer,elastic-workbench-cv-analyzer-1,151,"{'data_quality': 224, 'model_size': 2, 'parallelism': 1}",5.44,-1,5,-1
2025-07-03 10:33:14.894005,elastic-workbench-pc-visualizer,elastic-workbench-pc-visualizer-1,19,"{'data_quality': 40, 'model_size': 1, 'parallelism': 1}",1.0,-1,49,-1
2025-07-03 10:33:24.887762,elastic-workbench-qr-detector,elastic-workbench-qr-detector-1,31,"{'data_quality': 551, 'parallelism': 1}",1.56,-1,47,-1
2025-07-03 10:33:24.890666,elastic-workbench-cv-analyzer,elastic-workbench-cv-analyzer-1,147,"{'data_quality': 224, 'model_size': 2, 'parallelism': 1}",5.44,-1,5,-1
2025-07-03 10:33:24.894344,elastic-workbench-pc-visualizer,elastic-workbench-pc-visualizer-1,19,"{'data_quality': 40, 'model_size': 1, 'parallelism': 1}",1.0,-1,48,-1
2025-07-03 10:33:34.894117,elastic-workbench-qr-detector,elastic-workbench-qr-detector-1,31,"{'data_quality': 551, 'parallelism': 1}",1.55,-1,47,-1
2025-07-03 10:33:34.897087,elastic-workbench-cv-analyzer,elastic-workbench-cv-analyzer-1,122,"{'data_quality': 224, 'model_size': 2, 'parallelism': 1}",5.45,-1,5,-1
2025-07-03 10:33:34.899680,elastic-workbench-pc-visualizer,elastic-workbench-pc-visualizer-1,20,"{'data_quality': 40, 'model_size': 1, 'parallelism': 1}",1.0,-1,48,-1
2025-07-03 10:33:44.893553,elastic-workbench-qr-detector,elastic-workbench-qr-detector-1,32,"{'data_quality': 551, 'parallelism': 1}",1.55,-1,49,-1
2025-07-03 10:33:44.896678,elastic-workbench-cv-analyzer,elastic-workbench-cv-analyzer-1,163,"{'data_quality': 224, 'model_size': 2, 'parallelism': 1}",5.45,-1,4,-1
2025-07-03 10:33:44.899449,elastic-workbench-pc-visualizer,elastic-workbench-pc-visualizer-1,20,"{'data_quality': 40, 'model_size': 1, 'parallelism': 1}",1.0,-1,48,-1
2025-07-03 10:33:54.892729,elastic-workbench-qr-detector,elastic-workbench-qr-detector-1,33,"{'data_quality': 551, 'parallelism': 1}",1.57,-1,49,-1
2025-07-03 10:33:54.896042,elastic-workbench-cv-analyzer,elastic-workbench-cv-analyzer-1,160,"{'data_quality': 224, 'model_size': 2, 'parallelism': 1}",5.43,-1,4,-1
2025-07-03 10:33:54.903616,elastic-workbench-pc-visualizer,elastic-workbench-pc-visualizer-1,20,"{'data_quality': 40, 'model_size': 1, 'parallelism': 1}",1.0,-1,48,-1
2025-07-03 10:34:04.893294,elastic-workbench-qr-detector,elastic-workbench-qr-detector-1,32,"{'data_quality': 551, 'parallelism': 1}",1.56,-1,49,-1
2025-07-03 10:34:04.896061,elastic-workbench-cv-analyzer,elastic-workbench-cv-analyzer-1,147,"{'data_quality': 224, 'model_size': 2, 'parallelism': 1}",5.44,-1,4,-1
2025-07-03 10:34:04.898825,elastic-workbench-pc-visualizer,elastic-workbench-pc-visualizer-1,20,"{'data_quality': 40, 'model_size': 1, 'parallelism': 1}",1.0,-1,48,-1
2025-07-03 10:34:14.895273,elastic-workbench-qr-detector,elastic-workbench-qr-detector-1,31,"{'data_quality': 551, 'parallelism': 1}",1.57,-1,49,-1
2025-07-03 10:34:14.898356,elastic-workbench-cv-analyzer,elastic-workbench-cv-analyzer-1,181,"{'data_quality': 224, 'model_size': 2, 'parallelism': 1}",5.43,-1,4,-1
2025-07-03 10:34:14.900862,elastic-workbench-pc-visualizer,elastic-workbench-pc-visualizer-1,20,"{'data_quality': 40, 'model_size': 1, 'parallelism': 1}",1.0,-1,47,-1
2025-07-03 10:34:24.899249,elastic-workbench-qr-detector,elastic-workbench-qr-detector-1,30,"{'data_quality': 551, 'parallelism': 1}",1.56,-1,50,-1
2025-07-03 10:34:24.902318,elastic-workbench-cv-analyzer,elastic-workbench-cv-analyzer-1,165,"{'data_quality': 224, 'model_size': 2, 'parallelism': 1}",5.44,-1,5,-1
2025-07-03 10:34:24.905075,elastic-workbench-pc-visualizer,elastic-workbench-pc-visualizer-1,19,"{'data_quality': 40, 'model_size': 1, 'parallelism': 1}",1.0,-1,50,-1
2025-07-03 10:34:34.895621,elastic-workbench-qr-detector,elastic-workbench-qr-detector-1,29,"{'data_quality': 551, 'parallelism': 1}",1.58,-1,51,-1
2025-07-03 10:34:34.898689,elastic-workbench-cv-analyzer,elastic-workbench-cv-analyzer-1,184,"{'data_quality': 224, 'model_size': 2, 'parallelism': 1}",5.42,-1,4,-1
2025-07-03 10:34:34.905232,elastic-workbench-pc-visualizer,elastic-workbench-pc-visualizer-1,20,"{'data_quality': 40, 'model_size': 1, 'parallelism': 1}",1.0,-1,47,-1
2025-07-03 10:34:44.896557,elastic-workbench-qr-detector,elastic-workbench-qr-detector-1,30,"{'data_quality': 551, 'parallelism': 1}",1.58,-1,51,-1
2025-07-03 10:34:44.899583,elastic-workbench-cv-analyzer,elastic-workbench-cv-analyzer-1,158,"{'data_quality': 224, 'model_size': 2, 'parallelism': 1}",5.42,-1,4,-1
2025-07-03 10:34:44.902363,elastic-workbench-pc-visualizer,elastic-workbench-pc-visualizer-1,19,"{'data_quality': 40, 'model_size': 1, 'parallelism': 1}",1.0,-1,49,-1
2025-07-03 10:34:54.896450,elastic-workbench-qr-detector,elastic-workbench-qr-detector-1,30,"{'data_quality': 551, 'parallelism': 1}",1.58,-1,49,-1
2025-07-03 10:34:54.899495,elastic-workbench-cv-analyzer,elastic-workbench-cv-analyzer-1,138,"{'data_quality': 224, 'model_size': 2, 'parallelism': 1}",5.42,-1,5,-1
2025-07-03 10:34:54.902007,elastic-workbench-pc-visualizer,elastic-workbench-pc-visualizer-1,19,"{'data_quality': 40, 'model_size': 1, 'parallelism': 1}",1.0,-1,50,-1
2025-07-03 10:35:04.898013,elastic-workbench-qr-detector,elastic-workbench-qr-detector-1,30,"{'data_quality': 551, 'parallelism': 1}",1.56,-1,49,-1
2025-07-03 10:35:04.900956,elastic-workbench-cv-analyzer,elastic-workbench-cv-analyzer-1,149,"{'data_quality': 224, 'model_size': 2, 'parallelism': 1}",5.44,-1,5,-1
2025-07-03 10:35:04.903454,elastic-workbench-pc-visualizer,elastic-workbench-pc-visualizer-1,19,"{'data_quality': 40, 'model_size': 1, 'parallelism': 1}",1.0,-1,50,-1
2025-07-03 10:35:14.898275,elastic-workbench-qr-detector,elastic-workbench-qr-detector-1,30,"{'data_quality': 551, 'parallelism': 1}",1.56,-1,50,-1
2025-07-03 10:35:14.904703,elastic-workbench-cv-analyzer,elastic-workbench-cv-analyzer-1,162,"{'data_quality': 224, 'model_size': 2, 'parallelism': 1}",5.44,-1,5,-1
2025-07-03 10:35:14.909434,elastic-workbench-pc-visualizer,elastic-workbench-pc-visualizer-1,19,"{'data_quality': 40, 'model_size': 1, 'parallelism': 1}",1.0,-1,49,-1
2025-07-03 10:35:24.898450,elastic-workbench-qr-detector,elastic-workbench-qr-detector-1,30,"{'data_quality': 551, 'parallelism': 1}",1.57,-1,50,-1
2025-07-03 10:35:24.901559,elastic-workbench-cv-analyzer,elastic-workbench-cv-analyzer-1,163,"{'data_quality': 224, 'model_size': 2, 'parallelism': 1}",5.43,-1,4,-1
2025-07-03 10:35:24.904268,elastic-workbench-pc-visualizer,elastic-workbench-pc-visualizer-1,19,"{'data_quality': 40, 'model_size': 1, 'parallelism': 1}",1.0,-1,48,-1
2025-07-03 10:35:34.899156,elastic-workbench-qr-detector,elastic-workbench-qr-detector-1,30,"{'data_quality': 551, 'parallelism': 1}",1.57,-1,48,-1
2025-07-03 10:35:34.902367,elastic-workbench-cv-analyzer,elastic-workbench-cv-analyzer-1,175,"{'data_quality': 224, 'model_size': 2, 'parallelism': 1}",5.43,-1,4,-1
2025-07-03 10:35:34.905056,elastic-workbench-pc-visualizer,elastic-workbench-pc-visualizer-1,20,"{'data_quality': 40, 'model_size': 1, 'parallelism': 1}",1.0,-1,47,-1
2025-07-03 10:35:44.900399,elastic-workbench-qr-detector,elastic-workbench-qr-detector-1,31,"{'data_quality': 551, 'parallelism': 1}",1.55,-1,49,-1
2025-07-03 10:35:44.903321,elastic-workbench-cv-analyzer,elastic-workbench-cv-analyzer-1,173,"{'data_quality': 224, 'model_size': 2, 'parallelism': 1}",5.45,-1,5,-1
2025-07-03 10:35:44.905908,elastic-workbench-pc-visualizer,elastic-workbench-pc-visualizer-1,19,"{'data_quality': 40, 'model_size': 1, 'parallelism': 1}",1.0,-1,49,-1
2025-07-03 10:35:54.906079,elastic-workbench-qr-detector,elastic-workbench-qr-detector-1,30,"{'data_quality': 551, 'parallelism': 1}",1.56,-1,49,-1
2025-07-03 10:35:54.921275,elastic-workbench-cv-analyzer,elastic-workbench-cv-analyzer-1,191,"{'data_quality': 224, 'model_size': 2, 'parallelism': 1}",5.44,-1,4,-1
2025-07-03 10:35:54.923843,elastic-workbench-pc-visualizer,elastic-workbench-pc-visualizer-1,19,"{'data_quality': 40, 'model_size': 1, 'parallelism': 1}",1.0,-1,49,-1
2025-07-03 10:36:04.901201,elastic-workbench-qr-detector,elastic-workbench-qr-detector-1,30,"{'data_quality': 551, 'parallelism': 1}",1.56,-1,47,-1
2025-07-03 10:36:04.904882,elastic-workbench-cv-analyzer,elastic-workbench-cv-analyzer-1,165,"{'data_quality': 224, 'model_size': 2, 'parallelism': 1}",5.44,-1,5,-1
2025-07-03 10:36:04.912133,elastic-workbench-pc-visualizer,elastic-workbench-pc-visualizer-1,19,"{'data_quality': 40, 'model_size': 1, 'parallelism': 1}",1.0,-1,50,-1
2025-07-03 10:36:14.901620,elastic-workbench-qr-detector,elastic-workbench-qr-detector-1,31,"{'data_quality': 551, 'parallelism': 1}",1.53,-1,49,-1
2025-07-03 10:36:14.904531,elastic-workbench-cv-analyzer,elastic-workbench-cv-analyzer-1,185,"{'data_quality': 224, 'model_size': 2, 'parallelism': 1}",5.47,-1,4,-1
2025-07-03 10:36:14.912137,elastic-workbench-pc-visualizer,elastic-workbench-pc-visualizer-1,19,"{'data_quality': 40, 'model_size': 1, 'parallelism': 1}",1.0,-1,49,-1
2025-07-03 10:36:24.901586,elastic-workbench-qr-detector,elastic-workbench-qr-detector-1,30,"{'data_quality': 551, 'parallelism': 1}",1.55,-1,48,-1
2025-07-03 10:36:24.904415,elastic-workbench-cv-analyzer,elastic-workbench-cv-analyzer-1,173,"{'data_quality': 224, 'model_size': 2, 'parallelism': 1}",5.45,-1,4,-1
2025-07-03 10:36:24.911275,elastic-workbench-pc-visualizer,elastic-workbench-pc-visualizer-1,20,"{'data_quality': 40, 'model_size': 1, 'parallelism': 1}",1.0,-1,47,-1
2025-07-03 10:36:34.902520,elastic-workbench-qr-detector,elastic-workbench-qr-detector-1,31,"{'data_quality': 551, 'parallelism': 1}",1.54,-1,49,-1
2025-07-03 10:36:34.905208,elastic-workbench-cv-analyzer,elastic-workbench-cv-analyzer-1,195,"{'data_quality': 224, 'model_size': 2, 'parallelism': 1}",5.46,-1,4,-1
2025-07-03 10:36:34.911956,elastic-workbench-pc-visualizer,elastic-workbench-pc-visualizer-1,20,"{'data_quality': 40, 'model_size': 1, 'parallelism': 1}",1.0,-1,47,-1
2025-07-03 10:36:44.903754,elastic-workbench-qr-detector,elastic-workbench-qr-detector-1,29,"{'data_quality': 551, 'parallelism': 1}",1.55,-1,48,-1
2025-07-03 10:36:44.909674,elastic-workbench-cv-analyzer,elastic-workbench-cv-analyzer-1,153,"{'data_quality': 224, 'model_size': 2, 'parallelism': 1}",5.45,-1,5,-1
2025-07-03 10:36:44.914144,elastic-workbench-pc-visualizer,elastic-workbench-pc-visualizer-1,19,"{'data_quality': 40, 'model_size': 1, 'parallelism': 1}",1.0,-1,49,-1
2025-07-03 10:36:54.904348,elastic-workbench-qr-detector,elastic-workbench-qr-detector-1,30,"{'data_quality': 551, 'parallelism': 1}",1.54,-1,49,-1
2025-07-03 10:36:54.913298,elastic-workbench-cv-analyzer,elastic-workbench-cv-analyzer-1,130,"{'data_quality': 224, 'model_size': 2, 'parallelism': 1}",5.46,-1,5,-1
2025-07-03 10:36:54.918879,elastic-workbench-pc-visualizer,elastic-workbench-pc-visualizer-1,19,"{'data_quality': 40, 'model_size': 1, 'parallelism': 1}",1.0,-1,48,-1
2025-07-03 10:37:04.905373,elastic-workbench-qr-detector,elastic-workbench-qr-detector-1,30,"{'data_quality': 551, 'parallelism': 1}",1.54,-1,50,-1
2025-07-03 10:37:04.912877,elastic-workbench-cv-analyzer,elastic-workbench-cv-analyzer-1,221,"{'data_quality': 224, 'model_size': 2, 'parallelism': 1}",5.46,-1,4,-1
2025-07-03 10:37:04.918478,elastic-workbench-pc-visualizer,elastic-workbench-pc-visualizer-1,20,"{'data_quality': 40, 'model_size': 1, 'parallelism': 1}",1.0,-1,48,-1
2025-07-03 10:37:14.905525,elastic-workbench-qr-detector,elastic-workbench-qr-detector-1,30,"{'data_quality': 551, 'parallelism': 1}",1.55,-1,49,-1
2025-07-03 10:37:14.910394,elastic-workbench-cv-analyzer,elastic-workbench-cv-analyzer-1,156,"{'data_quality': 224, 'model_size': 2, 'parallelism': 1}",5.45,-1,5,-1
2025-07-03 10:37:14.914272,elastic-workbench-pc-visualizer,elastic-workbench-pc-visualizer-1,19,"{'data_quality': 40, 'model_size': 1, 'parallelism': 1}",1.0,-1,48,-1
2025-07-03 10:37:24.910342,elastic-workbench-qr-detector,elastic-workbench-qr-detector-1,30,"{'data_quality': 551, 'parallelism': 1}",1.54,-1,49,-1
2025-07-03 10:37:24.924813,elastic-workbench-cv-analyzer,elastic-workbench-cv-analyzer-1,172,"{'data_quality': 224, 'model_size': 2, 'parallelism': 1}",5.46,-1,5,-1
2025-07-03 10:37:24.928537,elastic-workbench-pc-visualizer,elastic-workbench-pc-visualizer-1,20,"{'data_quality': 40, 'model_size': 1, 'parallelism': 1}",1.0,-1,48,-1
2025-07-03 22:19:41.753355,elastic-workbench-qr-detector,elastic-workbench-qr-detector-1,27,"{'data_quality': 550, 'parallelism': 1}",2.67,-1,73,-1
2025-07-03 22:19:41.756360,elastic-workbench-cv-analyzer,elastic-workbench-cv-analyzer-1,548,"{'data_quality': 224, 'model_size': 3, 'parallelism': 1}",2.67,-1,0,-1
2025-07-03 22:19:41.760815,elastic-workbench-pc-visualizer,elastic-workbench-pc-visualizer-1,21,"{'data_quality': 30, 'model_size': 1, 'parallelism': 1}",2.67,-1,46,-1
2025-07-03 22:19:51.752197,elastic-workbench-qr-detector,elastic-workbench-qr-detector-1,24,"{'data_quality': 551, 'parallelism': 1}",2.12,-1,50,-1
2025-07-03 22:19:51.757065,elastic-workbench-cv-analyzer,elastic-workbench-cv-analyzer-1,172,"{'data_quality': 224, 'model_size': 2, 'parallelism': 1}",4.88,-1,4,-1
2025-07-03 22:19:51.759690,elastic-workbench-pc-visualizer,elastic-workbench-pc-visualizer-1,21,"{'data_quality': 40, 'model_size': 1, 'parallelism': 1}",1.0,-1,46,-1
2025-07-03 22:20:01.752598,elastic-workbench-qr-detector,elastic-workbench-qr-detector-1,28,"{'data_quality': 551, 'parallelism': 1}",1.84,-1,47,-1
2025-07-03 22:20:01.755644,elastic-workbench-cv-analyzer,elastic-workbench-cv-analyzer-1,215,"{'data_quality': 224, 'model_size': 2, 'parallelism': 1}",5.16,-1,4,-1
2025-07-03 22:20:01.762336,elastic-workbench-pc-visualizer,elastic-workbench-pc-visualizer-1,21,"{'data_quality': 40, 'model_size': 1, 'parallelism': 1}",1.0,-1,47,-1
2025-07-03 22:20:11.749302,elastic-workbench-qr-detector,elastic-workbench-qr-detector-1,27,"{'data_quality': 551, 'parallelism': 1}",1.81,-1,47,-1
2025-07-03 22:20:11.752788,elastic-workbench-cv-analyzer,elastic-workbench-cv-analyzer-1,236,"{'data_quality': 224, 'model_size': 2, 'parallelism': 1}",5.19,-1,3,-1
2025-07-03 22:20:11.758383,elastic-workbench-pc-visualizer,elastic-workbench-pc-visualizer-1,21,"{'data_quality': 40, 'model_size': 1, 'parallelism': 1}",1.0,-1,47,-1
2025-07-03 22:20:21.752753,elastic-workbench-qr-detector,elastic-workbench-qr-detector-1,27,"{'data_quality': 551, 'parallelism': 1}",1.8,-1,46,-1
2025-07-03 22:20:21.759573,elastic-workbench-cv-analyzer,elastic-workbench-cv-analyzer-1,216,"{'data_quality': 224, 'model_size': 2, 'parallelism': 1}",5.2,-1,4,-1
2025-07-03 22:20:21.765458,elastic-workbench-pc-visualizer,elastic-workbench-pc-visualizer-1,20,"{'data_quality': 40, 'model_size': 1, 'parallelism': 1}",1.0,-1,47,-1
2025-07-03 22:20:31.751823,elastic-workbench-qr-detector,elastic-workbench-qr-detector-1,26,"{'data_quality': 551, 'parallelism': 1}",1.78,-1,47,-1
2025-07-03 22:20:31.755768,elastic-workbench-cv-analyzer,elastic-workbench-cv-analyzer-1,202,"{'data_quality': 224, 'model_size': 2, 'parallelism': 1}",5.22,-1,4,-1
2025-07-03 22:20:31.758597,elastic-workbench-pc-visualizer,elastic-workbench-pc-visualizer-1,21,"{'data_quality': 40, 'model_size': 1, 'parallelism': 1}",1.0,-1,46,-1
2025-07-03 22:20:41.752713,elastic-workbench-qr-detector,elastic-workbench-qr-detector-1,27,"{'data_quality': 551, 'parallelism': 1}",1.78,-1,46,-1
2025-07-03 22:20:41.755547,elastic-workbench-cv-analyzer,elastic-workbench-cv-analyzer-1,190,"{'data_quality': 224, 'model_size': 2, 'parallelism': 1}",5.22,-1,4,-1
2025-07-03 22:20:41.759054,elastic-workbench-pc-visualizer,elastic-workbench-pc-visualizer-1,21,"{'data_quality': 40, 'model_size': 1, 'parallelism': 1}",1.0,-1,46,-1
2025-07-03 22:20:51.756396,elastic-workbench-qr-detector,elastic-workbench-qr-detector-1,28,"{'data_quality': 551, 'parallelism': 1}",1.77,-1,47,-1
2025-07-03 22:20:51.760625,elastic-workbench-cv-analyzer,elastic-workbench-cv-analyzer-1,207,"{'data_quality': 224, 'model_size': 2, 'parallelism': 1}",5.23,-1,4,-1
2025-07-03 22:20:51.763935,elastic-workbench-pc-visualizer,elastic-workbench-pc-visualizer-1,21,"{'data_quality': 40, 'model_size': 1, 'parallelism': 1}",1.0,-1,46,-1
2025-07-03 22:21:01.753299,elastic-workbench-qr-detector,elastic-workbench-qr-detector-1,27,"{'data_quality': 551, 'parallelism': 1}",1.77,-1,47,-1
2025-07-03 22:21:01.759036,elastic-workbench-cv-analyzer,elastic-workbench-cv-analyzer-1,272,"{'data_quality': 224, 'model_size': 2, 'parallelism': 1}",5.23,-1,3,-1
2025-07-03 22:21:01.761927,elastic-workbench-pc-visualizer,elastic-workbench-pc-visualizer-1,21,"{'data_quality': 40, 'model_size': 1, 'parallelism': 1}",1.0,-1,46,-1
2025-07-03 22:21:11.755560,elastic-workbench-qr-detector,elastic-workbench-qr-detector-1,28,"{'data_quality': 551, 'parallelism': 1}",1.76,-1,48,-1
2025-07-03 22:21:11.758546,elastic-workbench-cv-analyzer,elastic-workbench-cv-analyzer-1,255,"{'data_quality': 224, 'model_size': 2, 'parallelism': 1}",5.24,-1,3,-1
2025-07-03 22:21:11.761134,elastic-workbench-pc-visualizer,elastic-workbench-pc-visualizer-1,21,"{'data_quality': 40, 'model_size': 1, 'parallelism': 1}",1.0,-1,46,-1
2025-07-03 22:21:21.761786,elastic-workbench-qr-detector,elastic-workbench-qr-detector-1,28,"{'data_quality': 551, 'parallelism': 1}",1.77,-1,50,-1
2025-07-03 22:21:21.767248,elastic-workbench-cv-analyzer,elastic-workbench-cv-analyzer-1,186,"{'data_quality': 224, 'model_size': 2, 'parallelism': 1}",5.23,-1,4,-1
2025-07-03 22:21:21.770290,elastic-workbench-pc-visualizer,elastic-workbench-pc-visualizer-1,20,"{'data_quality': 40, 'model_size': 1, 'parallelism': 1}",1.0,-1,47,-1
2025-07-03 22:21:31.756782,elastic-workbench-qr-detector,elastic-workbench-qr-detector-1,27,"{'data_quality': 551, 'parallelism': 1}",1.78,-1,50,-1
2025-07-03 22:21:31.759361,elastic-workbench-cv-analyzer,elastic-workbench-cv-analyzer-1,207,"{'data_quality': 224, 'model_size': 2, 'parallelism': 1}",5.22,-1,4,-1
2025-07-03 22:21:31.764225,elastic-workbench-pc-visualizer,elastic-workbench-pc-visualizer-1,21,"{'data_quality': 40, 'model_size': 1, 'parallelism': 1}",1.0,-1,46,-1
2025-07-03 22:21:41.754835,elastic-workbench-qr-detector,elastic-workbench-qr-detector-1,28,"{'data_quality': 551, 'parallelism': 1}",1.77,-1,50,-1
2025-07-03 22:21:41.757668,elastic-workbench-cv-analyzer,elastic-workbench-cv-analyzer-1,174,"{'data_quality': 224, 'model_size': 2, 'parallelism': 1}",5.23,-1,4,-1
2025-07-03 22:21:41.760173,elastic-workbench-pc-visualizer,elastic-workbench-pc-visualizer-1,21,"{'data_quality': 40, 'model_size': 1, 'parallelism': 1}",1.0,-1,45,-1
2025-07-03 22:21:51.757219,elastic-workbench-qr-detector,elastic-workbench-qr-detector-1,29,"{'data_quality': 551, 'parallelism': 1}",1.77,-1,50,-1
2025-07-03 22:21:51.760158,elastic-workbench-cv-analyzer,elastic-workbench-cv-analyzer-1,175,"{'data_quality': 224, 'model_size': 2, 'parallelism': 1}",5.23,-1,4,-1
2025-07-03 22:21:51.762947,elastic-workbench-pc-visualizer,elastic-workbench-pc-visualizer-1,20,"{'data_quality': 40, 'model_size': 1, 'parallelism': 1}",1.0,-1,47,-1
2025-07-03 22:22:01.755876,elastic-workbench-qr-detector,elastic-workbench-qr-detector-1,30,"{'data_quality': 551, 'parallelism': 1}",1.76,-1,50,-1
2025-07-03 22:22:01.759669,elastic-workbench-cv-analyzer,elastic-workbench-cv-analyzer-1,202,"{'data_quality': 224, 'model_size': 2, 'parallelism': 1}",5.24,-1,3,-1
2025-07-03 22:22:01.762436,elastic-workbench-pc-visualizer,elastic-workbench-pc-visualizer-1,21,"{'data_quality': 40, 'model_size': 1, 'parallelism': 1}",1.0,-1,46,-1
2025-07-03 22:22:11.757745,elastic-workbench-qr-detector,elastic-workbench-qr-detector-1,28,"{'data_quality': 551, 'parallelism': 1}",1.76,-1,50,-1
2025-07-03 22:22:11.760779,elastic-workbench-cv-analyzer,elastic-workbench-cv-analyzer-1,208,"{'data_quality': 224, 'model_size': 2, 'parallelism': 1}",5.24,-1,4,-1
2025-07-03 22:22:11.763630,elastic-workbench-pc-visualizer,elastic-workbench-pc-visualizer-1,21,"{'data_quality': 40, 'model_size': 1, 'parallelism': 1}",1.0,-1,46,-1
2025-07-03 22:22:21.759010,elastic-workbench-qr-detector,elastic-workbench-qr-detector-1,29,"{'data_quality': 551, 'parallelism': 1}",1.76,-1,50,-1
2025-07-03 22:22:21.764850,elastic-workbench-cv-analyzer,elastic-workbench-cv-analyzer-1,188,"{'data_quality': 224, 'model_size': 2, 'parallelism': 1}",5.24,-1,4,-1
2025-07-03 22:22:21.767805,elastic-workbench-pc-visualizer,elastic-workbench-pc-visualizer-1,20,"{'data_quality': 40, 'model_size': 1, 'parallelism': 1}",1.0,-1,47,-1
2025-07-03 22:22:31.764744,elastic-workbench-qr-detector,elastic-workbench-qr-detector-1,29,"{'data_quality': 551, 'parallelism': 1}",1.75,-1,50,-1
2025-07-03 22:22:31.767557,elastic-workbench-cv-analyzer,elastic-workbench-cv-analyzer-1,199,"{'data_quality': 224, 'model_size': 2, 'parallelism': 1}",5.25,-1,4,-1
2025-07-03 22:22:31.770263,elastic-workbench-pc-visualizer,elastic-workbench-pc-visualizer-1,19,"{'data_quality': 40, 'model_size': 1, 'parallelism': 1}",1.0,-1,48,-1
2025-07-03 22:22:41.757597,elastic-workbench-qr-detector,elastic-workbench-qr-detector-1,28,"{'data_quality': 551, 'parallelism': 1}",1.75,-1,50,-1
2025-07-03 22:22:41.761458,elastic-workbench-cv-analyzer,elastic-workbench-cv-analyzer-1,190,"{'data_quality': 224, 'model_size': 2, 'parallelism': 1}",5.25,-1,4,-1
2025-07-03 22:22:41.764298,elastic-workbench-pc-visualizer,elastic-workbench-pc-visualizer-1,21,"{'data_quality': 40, 'model_size': 1, 'parallelism': 1}",1.0,-1,45,-1
2025-07-03 22:22:51.766310,elastic-workbench-qr-detector,elastic-workbench-qr-detector-1,28,"{'data_quality': 551, 'parallelism': 1}",1.74,-1,51,-1
2025-07-03 22:22:51.770011,elastic-workbench-cv-analyzer,elastic-workbench-cv-analyzer-1,260,"{'data_quality': 224, 'model_size': 2, 'parallelism': 1}",5.26,-1,3,-1
2025-07-03 22:22:51.772953,elastic-workbench-pc-visualizer,elastic-workbench-pc-visualizer-1,21,"{'data_quality': 40, 'model_size': 1, 'parallelism': 1}",1.0,-1,46,-1
2025-07-03 22:23:01.759950,elastic-workbench-qr-detector,elastic-workbench-qr-detector-1,27,"{'data_quality': 551, 'parallelism': 1}",1.75,-1,50,-1
2025-07-03 22:23:01.762640,elastic-workbench-cv-analyzer,elastic-workbench-cv-analyzer-1,192,"{'data_quality': 224, 'model_size': 2, 'parallelism': 1}",5.25,-1,4,-1
2025-07-03 22:23:01.766735,elastic-workbench-pc-visualizer,elastic-workbench-pc-visualizer-1,21,"{'data_quality': 40, 'model_size': 1, 'parallelism': 1}",1.0,-1,46,-1
2025-07-03 22:23:11.766682,elastic-workbench-qr-detector,elastic-workbench-qr-detector-1,29,"{'data_quality': 551, 'parallelism': 1}",1.74,-1,51,-1
2025-07-03 22:23:11.769905,elastic-workbench-cv-analyzer,elastic-workbench-cv-analyzer-1,183,"{'data_quality': 224, 'model_size': 2, 'parallelism': 1}",5.26,-1,4,-1
2025-07-03 22:23:11.772677,elastic-workbench-pc-visualizer,elastic-workbench-pc-visualizer-1,21,"{'data_quality': 40, 'model_size': 1, 'parallelism': 1}",1.0,-1,46,-1
2025-07-03 22:23:21.761773,elastic-workbench-qr-detector,elastic-workbench-qr-detector-1,29,"{'data_quality': 551, 'parallelism': 1}",1.74,-1,51,-1
2025-07-03 22:23:21.764395,elastic-workbench-cv-analyzer,elastic-workbench-cv-analyzer-1,248,"{'data_quality': 224, 'model_size': 2, 'parallelism': 1}",5.26,-1,3,-1
2025-07-03 22:23:21.768679,elastic-workbench-pc-visualizer,elastic-workbench-pc-visualizer-1,21,"{'data_quality': 40, 'model_size': 1, 'parallelism': 1}",1.0,-1,47,-1
2025-07-03 22:23:31.764465,elastic-workbench-qr-detector,elastic-workbench-qr-detector-1,29,"{'data_quality': 551, 'parallelism': 1}",1.74,-1,51,-1
2025-07-03 22:23:31.767110,elastic-workbench-cv-analyzer,elastic-workbench-cv-analyzer-1,178,"{'data_quality': 224, 'model_size': 2, 'parallelism': 1}",5.26,-1,4,-1
2025-07-03 22:23:31.769651,elastic-workbench-pc-visualizer,elastic-workbench-pc-visualizer-1,21,"{'data_quality': 40, 'model_size': 1, 'parallelism': 1}",1.0,-1,46,-1
2025-07-03 22:23:41.763016,elastic-workbench-qr-detector,elastic-workbench-qr-detector-1,29,"{'data_quality': 551, 'parallelism': 1}",1.74,-1,50,-1
2025-07-03 22:23:41.766004,elastic-workbench-cv-analyzer,elastic-workbench-cv-analyzer-1,218,"{'data_quality': 224, 'model_size': 2, 'parallelism': 1}",5.26,-1,4,-1
2025-07-03 22:23:41.768832,elastic-workbench-pc-visualizer,elastic-workbench-pc-visualizer-1,21,"{'data_quality': 40, 'model_size': 1, 'parallelism': 1}",1.0,-1,45,-1
2025-07-03 22:23:51.763812,elastic-workbench-qr-detector,elastic-workbench-qr-detector-1,29,"{'data_quality': 551, 'parallelism': 1}",1.72,-1,51,-1
2025-07-03 22:23:51.766438,elastic-workbench-cv-analyzer,elastic-workbench-cv-analyzer-1,211,"{'data_quality': 224, 'model_size': 2, 'parallelism': 1}",5.28,-1,4,-1
2025-07-03 22:23:51.768949,elastic-workbench-pc-visualizer,elastic-workbench-pc-visualizer-1,21,"{'data_quality': 40, 'model_size': 1, 'parallelism': 1}",1.0,-1,45,-1
2025-07-03 22:24:01.767691,elastic-workbench-qr-detector,elastic-workbench-qr-detector-1,29,"{'data_quality': 551, 'parallelism': 1}",1.73,-1,50,-1
2025-07-03 22:24:01.771189,elastic-workbench-cv-analyzer,elastic-workbench-cv-analyzer-1,194,"{'data_quality': 224, 'model_size': 2, 'parallelism': 1}",5.27,-1,4,-1
2025-07-03 22:24:01.773789,elastic-workbench-pc-visualizer,elastic-workbench-pc-visualizer-1,21,"{'data_quality': 40, 'model_size': 1, 'parallelism': 1}",1.0,-1,46,-1
2025-07-03 22:24:11.768633,elastic-workbench-qr-detector,elastic-workbench-qr-detector-1,29,"{'data_quality': 551, 'parallelism': 1}",1.72,-1,51,-1
2025-07-03 22:24:11.776423,elastic-workbench-cv-analyzer,elastic-workbench-cv-analyzer-1,203,"{'data_quality': 224, 'model_size': 2, 'parallelism': 1}",5.28,-1,4,-1
2025-07-03 22:24:11.779517,elastic-workbench-pc-visualizer,elastic-workbench-pc-visualizer-1,21,"{'data_quality': 40, 'model_size': 1, 'parallelism': 1}",1.0,-1,47,-1
2025-07-03 22:24:21.770524,elastic-workbench-qr-detector,elastic-workbench-qr-detector-1,29,"{'data_quality': 551, 'parallelism': 1}",1.72,-1,52,-1
2025-07-03 22:24:21.773502,elastic-workbench-cv-analyzer,elastic-workbench-cv-analyzer-1,288,"{'data_quality': 224, 'model_size': 2, 'parallelism': 1}",5.28,-1,3,-1
2025-07-03 22:24:21.776908,elastic-workbench-pc-visualizer,elastic-workbench-pc-visualizer-1,21,"{'data_quality': 40, 'model_size': 1, 'parallelism': 1}",1.0,-1,46,-1
2025-07-03 22:24:31.770162,elastic-workbench-qr-detector,elastic-workbench-qr-detector-1,30,"{'data_quality': 551, 'parallelism': 1}",1.73,-1,52,-1
2025-07-03 22:24:31.773001,elastic-workbench-cv-analyzer,elastic-workbench-cv-analyzer-1,188,"{'data_quality': 224, 'model_size': 2, 'parallelism': 1}",5.27,-1,4,-1
2025-07-03 22:24:31.775540,elastic-workbench-pc-visualizer,elastic-workbench-pc-visualizer-1,21,"{'data_quality': 40, 'model_size': 1, 'parallelism': 1}",1.0,-1,46,-1
2025-07-03 22:24:41.770979,elastic-workbench-qr-detector,elastic-workbench-qr-detector-1,28,"{'data_quality': 551, 'parallelism': 1}",1.73,-1,52,-1
2025-07-03 22:24:41.775467,elastic-workbench-cv-analyzer,elastic-workbench-cv-analyzer-1,205,"{'data_quality': 224, 'model_size': 2, 'parallelism': 1}",5.27,-1,4,-1
2025-07-03 22:24:41.779398,elastic-workbench-pc-visualizer,elastic-workbench-pc-visualizer-1,21,"{'data_quality': 40, 'model_size': 1, 'parallelism': 1}",1.0,-1,46,-1
2025-07-03 22:24:51.772454,elastic-workbench-qr-detector,elastic-workbench-qr-detector-1,28,"{'data_quality': 551, 'parallelism': 1}",1.72,-1,52,-1
2025-07-03 22:24:51.775308,elastic-workbench-cv-analyzer,elastic-workbench-cv-analyzer-1,219,"{'data_quality': 224, 'model_size': 2, 'parallelism': 1}",5.28,-1,4,-1
2025-07-03 22:24:51.777868,elastic-workbench-pc-visualizer,elastic-workbench-pc-visualizer-1,21,"{'data_quality': 40, 'model_size': 1, 'parallelism': 1}",1.0,-1,46,-1
2025-07-03 22:25:01.772570,elastic-workbench-qr-detector,elastic-workbench-qr-detector-1,28,"{'data_quality': 551, 'parallelism': 1}",1.72,-1,52,-1
2025-07-03 22:25:01.775512,elastic-workbench-cv-analyzer,elastic-workbench-cv-analyzer-1,219,"{'data_quality': 224, 'model_size': 2, 'parallelism': 1}",5.28,-1,4,-1
2025-07-03 22:25:01.778256,elastic-workbench-pc-visualizer,elastic-workbench-pc-visualizer-1,21,"{'data_quality': 40, 'model_size': 1, 'parallelism': 1}",1.0,-1,45,-1
2025-07-03 22:25:11.772672,elastic-workbench-qr-detector,elastic-workbench-qr-detector-1,28,"{'data_quality': 551, 'parallelism': 1}",1.72,-1,54,-1
2025-07-03 22:25:11.775773,elastic-workbench-cv-analyzer,elastic-workbench-cv-analyzer-1,198,"{'data_quality': 224, 'model_size': 2, 'parallelism': 1}",5.28,-1,4,-1
2025-07-03 22:25:11.780663,elastic-workbench-pc-visualizer,elastic-workbench-pc-visualizer-1,21,"{'data_quality': 40, 'model_size': 1, 'parallelism': 1}",1.0,-1,46,-1
2025-07-03 22:25:21.775673,elastic-workbench-qr-detector,elastic-workbench-qr-detector-1,29,"{'data_quality': 551, 'parallelism': 1}",1.73,-1,57,-1
2025-07-03 22:25:21.778291,elastic-workbench-cv-analyzer,elastic-workbench-cv-analyzer-1,209,"{'data_quality': 224, 'model_size': 2, 'parallelism': 1}",5.27,-1,4,-1
2025-07-03 22:25:21.781039,elastic-workbench-pc-visualizer,elastic-workbench-pc-visualizer-1,21,"{'data_quality': 40, 'model_size': 1, 'parallelism': 1}",1.0,-1,45,-1
2025-07-03 22:25:31.773089,elastic-workbench-qr-detector,elastic-workbench-qr-detector-1,29,"{'data_quality': 551, 'parallelism': 1}",1.76,-1,58,-1
2025-07-03 22:25:31.775913,elastic-workbench-cv-analyzer,elastic-workbench-cv-analyzer-1,205,"{'data_quality': 224, 'model_size': 2, 'parallelism': 1}",5.24,-1,4,-1
2025-07-03 22:25:31.778601,elastic-workbench-pc-visualizer,elastic-workbench-pc-visualizer-1,21,"{'data_quality': 40, 'model_size': 1, 'parallelism': 1}",1.0,-1,45,-1
2025-07-03 22:25:41.774488,elastic-workbench-qr-detector,elastic-workbench-qr-detector-1,28,"{'data_quality': 551, 'parallelism': 1}",1.77,-1,59,-1
2025-07-03 22:25:41.781376,elastic-workbench-cv-analyzer,elastic-workbench-cv-analyzer-1,178,"{'data_quality': 224, 'model_size': 2, 'parallelism': 1}",5.23,-1,4,-1
2025-07-03 22:25:41.787321,elastic-workbench-pc-visualizer,elastic-workbench-pc-visualizer-1,21,"{'data_quality': 40, 'model_size': 1, 'parallelism': 1}",1.0,-1,46,-1
2025-07-03 22:25:51.773521,elastic-workbench-qr-detector,elastic-workbench-qr-detector-1,28,"{'data_quality': 551, 'parallelism': 1}",1.77,-1,60,-1
2025-07-03 22:25:51.776354,elastic-workbench-cv-analyzer,elastic-workbench-cv-analyzer-1,258,"{'data_quality': 224, 'model_size': 2, 'parallelism': 1}",5.23,-1,3,-1
2025-07-03 22:25:51.778920,elastic-workbench-pc-visualizer,elastic-workbench-pc-visualizer-1,21,"{'data_quality': 40, 'model_size': 1, 'parallelism': 1}",1.0,-1,46,-1
2025-07-03 22:26:01.775558,elastic-workbench-qr-detector,elastic-workbench-qr-detector-1,29,"{'data_quality': 551, 'parallelism': 1}",1.78,-1,60,-1
2025-07-03 22:26:01.779299,elastic-workbench-cv-analyzer,elastic-workbench-cv-analyzer-1,221,"{'data_quality': 224, 'model_size': 2, 'parallelism': 1}",5.22,-1,4,-1
2025-07-03 22:26:01.782610,elastic-workbench-pc-visualizer,elastic-workbench-pc-visualizer-1,21,"{'data_quality': 40, 'model_size': 1, 'parallelism': 1}",1.0,-1,46,-1
2025-07-03 22:26:11.780163,elastic-workbench-qr-detector,elastic-workbench-qr-detector-1,28,"{'data_quality': 551, 'parallelism': 1}",1.78,-1,60,-1
2025-07-03 22:26:11.783130,elastic-workbench-cv-analyzer,elastic-workbench-cv-analyzer-1,241,"{'data_quality': 224, 'model_size': 2, 'parallelism': 1}",5.22,-1,4,-1
2025-07-03 22:26:11.785952,elastic-workbench-pc-visualizer,elastic-workbench-pc-visualizer-1,21,"{'data_quality': 40, 'model_size': 1, 'parallelism': 1}",1.0,-1,45,-1
2025-07-03 22:26:21.778489,elastic-workbench-qr-detector,elastic-workbench-qr-detector-1,28,"{'data_quality': 551, 'parallelism': 1}",1.78,-1,60,-1
2025-07-03 22:26:21.781163,elastic-workbench-cv-analyzer,elastic-workbench-cv-analyzer-1,284,"{'data_quality': 224, 'model_size': 2, 'parallelism': 1}",5.22,-1,3,-1
2025-07-03 22:26:21.784233,elastic-workbench-pc-visualizer,elastic-workbench-pc-visualizer-1,22,"{'data_quality': 40, 'model_size': 1, 'parallelism': 1}",1.0,-1,45,-1
2025-07-03 22:26:31.777318,elastic-workbench-qr-detector,elastic-workbench-qr-detector-1,28,"{'data_quality': 551, 'parallelism': 1}",1.78,-1,60,-1
2025-07-03 22:26:31.780407,elastic-workbench-cv-analyzer,elastic-workbench-cv-analyzer-1,235,"{'data_quality': 224, 'model_size': 2, 'parallelism': 1}",5.22,-1,3,-1
2025-07-03 22:26:31.783228,elastic-workbench-pc-visualizer,elastic-workbench-pc-visualizer-1,21,"{'data_quality': 40, 'model_size': 1, 'parallelism': 1}",1.0,-1,46,-1
2025-07-03 22:26:41.781332,elastic-workbench-qr-detector,elastic-workbench-qr-detector-1,28,"{'data_quality': 551, 'parallelism': 1}",1.78,-1,61,-1
2025-07-03 22:26:41.787330,elastic-workbench-cv-analyzer,elastic-workbench-cv-analyzer-1,275,"{'data_quality': 224, 'model_size': 2, 'parallelism': 1}",5.22,-1,3,-1
2025-07-03 22:26:41.792256,elastic-workbench-pc-visualizer,elastic-workbench-pc-visualizer-1,20,"{'data_quality': 40, 'model_size': 1, 'parallelism': 1}",1.0,-1,47,-1
2025-07-03 22:26:51.779102,elastic-workbench-qr-detector,elastic-workbench-qr-detector-1,28,"{'data_quality': 551, 'parallelism': 1}",1.78,-1,62,-1
2025-07-03 22:26:51.781946,elastic-workbench-cv-analyzer,elastic-workbench-cv-analyzer-1,191,"{'data_quality': 224, 'model_size': 2, 'parallelism': 1}",5.22,-1,4,-1
2025-07-03 22:26:51.784735,elastic-workbench-pc-visualizer,elastic-workbench-pc-visualizer-1,22,"{'data_quality': 40, 'model_size': 1, 'parallelism': 1}",1.0,-1,45,-1
2025-07-03 22:27:01.779326,elastic-workbench-qr-detector,elastic-workbench-qr-detector-1,27,"{'data_quality': 551, 'parallelism': 1}",1.79,-1,61,-1
2025-07-03 22:27:01.782187,elastic-workbench-cv-analyzer,elastic-workbench-cv-analyzer-1,235,"{'data_quality': 224, 'model_size': 2, 'parallelism': 1}",5.21,-1,3,-1
2025-07-03 22:27:01.785284,elastic-workbench-pc-visualizer,elastic-workbench-pc-visualizer-1,21,"{'data_quality': 40, 'model_size': 1, 'parallelism': 1}",1.0,-1,46,-1
2025-07-03 22:27:11.779104,elastic-workbench-qr-detector,elastic-workbench-qr-detector-1,28,"{'data_quality': 551, 'parallelism': 1}",1.78,-1,61,-1
2025-07-03 22:27:11.786267,elastic-workbench-cv-analyzer,elastic-workbench-cv-analyzer-1,197,"{'data_quality': 224, 'model_size': 2, 'parallelism': 1}",5.22,-1,4,-1
2025-07-03 22:27:11.791829,elastic-workbench-pc-visualizer,elastic-workbench-pc-visualizer-1,21,"{'data_quality': 40, 'model_size': 1, 'parallelism': 1}",1.0,-1,45,-1
2025-07-03 22:27:21.780715,elastic-workbench-qr-detector,elastic-workbench-qr-detector-1,27,"{'data_quality': 551, 'parallelism': 1}",1.78,-1,62,-1
2025-07-03 22:27:21.783714,elastic-workbench-cv-analyzer,elastic-workbench-cv-analyzer-1,212,"{'data_quality': 224, 'model_size': 2, 'parallelism': 1}",5.22,-1,4,-1
2025-07-03 22:27:21.786359,elastic-workbench-pc-visualizer,elastic-workbench-pc-visualizer-1,20,"{'data_quality': 40, 'model_size': 1, 'parallelism': 1}",1.0,-1,47,-1
2025-07-03 22:27:31.780858,elastic-workbench-qr-detector,elastic-workbench-qr-detector-1,28,"{'data_quality': 551, 'parallelism': 1}",1.79,-1,62,-1
2025-07-03 22:27:31.784311,elastic-workbench-cv-analyzer,elastic-workbench-cv-analyzer-1,231,"{'data_quality': 224, 'model_size': 2, 'parallelism': 1}",5.21,-1,3,-1
2025-07-03 22:27:31.787144,elastic-workbench-pc-visualizer,elastic-workbench-pc-visualizer-1,21,"{'data_quality': 40, 'model_size': 1, 'parallelism': 1}",1.0,-1,45,-1
2025-07-03 22:27:41.780487,elastic-workbench-qr-detector,elastic-workbench-qr-detector-1,27,"{'data_quality': 551, 'parallelism': 1}",1.79,-1,62,-1
2025-07-03 22:27:41.783319,elastic-workbench-cv-analyzer,elastic-workbench-cv-analyzer-1,195,"{'data_quality': 224, 'model_size': 2, 'parallelism': 1}",5.21,-1,4,-1
2025-07-03 22:27:41.786177,elastic-workbench-pc-visualizer,elastic-workbench-pc-visualizer-1,21,"{'data_quality': 40, 'model_size': 1, 'parallelism': 1}",1.0,-1,46,-1
2025-07-03 22:27:51.780944,elastic-workbench-qr-detector,elastic-workbench-qr-detector-1,27,"{'data_quality': 551, 'parallelism': 1}",1.79,-1,61,-1
2025-07-03 22:27:51.784239,elastic-workbench-cv-analyzer,elastic-workbench-cv-analyzer-1,247,"{'data_quality': 224, 'model_size': 2, 'parallelism': 1}",5.21,-1,3,-1
2025-07-03 22:27:51.787084,elastic-workbench-pc-visualizer,elastic-workbench-pc-visualizer-1,21,"{'data_quality': 40, 'model_size': 1, 'parallelism': 1}",1.0,-1,46,-1
2025-07-03 22:28:01.783380,elastic-workbench-qr-detector,elastic-workbench-qr-detector-1,28,"{'data_quality': 551, 'parallelism': 1}",1.78,-1,61,-1
2025-07-03 22:28:01.790313,elastic-workbench-cv-analyzer,elastic-workbench-cv-analyzer-1,268,"{'data_quality': 224, 'model_size': 2, 'parallelism': 1}",5.22,-1,3,-1
2025-07-03 22:28:01.795383,elastic-workbench-pc-visualizer,elastic-workbench-pc-visualizer-1,21,"{'data_quality': 40, 'model_size': 1, 'parallelism': 1}",1.0,-1,46,-1
2025-07-03 22:28:11.781858,elastic-workbench-qr-detector,elastic-workbench-qr-detector-1,28,"{'data_quality': 551, 'parallelism': 1}",1.77,-1,60,-1
2025-07-03 22:28:11.784687,elastic-workbench-cv-analyzer,elastic-workbench-cv-analyzer-1,264,"{'data_quality': 224, 'model_size': 2, 'parallelism': 1}",5.23,-1,3,-1
2025-07-03 22:28:11.787661,elastic-workbench-pc-visualizer,elastic-workbench-pc-visualizer-1,21,"{'data_quality': 40, 'model_size': 1, 'parallelism': 1}",1.0,-1,47,-1
2025-07-03 22:28:21.782477,elastic-workbench-qr-detector,elastic-workbench-qr-detector-1,29,"{'data_quality': 551, 'parallelism': 1}",1.76,-1,60,-1
2025-07-03 22:28:21.785076,elastic-workbench-cv-analyzer,elastic-workbench-cv-analyzer-1,245,"{'data_quality': 224, 'model_size': 2, 'parallelism': 1}",5.24,-1,3,-1
2025-07-03 22:28:21.787934,elastic-workbench-pc-visualizer,elastic-workbench-pc-visualizer-1,21,"{'data_quality': 40, 'model_size': 1, 'parallelism': 1}",1.0,-1,45,-1
2025-07-03 22:28:31.783512,elastic-workbench-qr-detector,elastic-workbench-qr-detector-1,30,"{'data_quality': 551, 'parallelism': 1}",1.76,-1,61,-1
2025-07-03 22:28:31.790689,elastic-workbench-cv-analyzer,elastic-workbench-cv-analyzer-1,271,"{'data_quality': 224, 'model_size': 2, 'parallelism': 1}",5.24,-1,3,-1
2025-07-03 22:28:31.793993,elastic-workbench-pc-visualizer,elastic-workbench-pc-visualizer-1,21,"{'data_quality': 40, 'model_size': 1, 'parallelism': 1}",1.0,-1,45,-1
2025-07-03 22:28:41.785418,elastic-workbench-qr-detector,elastic-workbench-qr-detector-1,28,"{'data_quality': 551, 'parallelism': 1}",1.77,-1,60,-1
2025-07-03 22:28:41.788654,elastic-workbench-cv-analyzer,elastic-workbench-cv-analyzer-1,231,"{'data_quality': 224, 'model_size': 2, 'parallelism': 1}",5.23,-1,3,-1
2025-07-03 22:28:41.791491,elastic-workbench-pc-visualizer,elastic-workbench-pc-visualizer-1,21,"{'data_quality': 40, 'model_size': 1, 'parallelism': 1}",1.0,-1,45,-1
2025-07-03 22:28:51.784330,elastic-workbench-qr-detector,elastic-workbench-qr-detector-1,28,"{'data_quality': 551, 'parallelism': 1}",1.76,-1,60,-1
2025-07-03 22:28:51.787549,elastic-workbench-cv-analyzer,elastic-workbench-cv-analyzer-1,231,"{'data_quality': 224, 'model_size': 2, 'parallelism': 1}",5.24,-1,4,-1
2025-07-03 22:28:51.790373,elastic-workbench-pc-visualizer,elastic-workbench-pc-visualizer-1,21,"{'data_quality': 40, 'model_size': 1, 'parallelism': 1}",1.0,-1,45,-1
2025-07-03 22:29:01.787590,elastic-workbench-qr-detector,elastic-workbench-qr-detector-1,28,"{'data_quality': 551, 'parallelism': 1}",1.76,-1,60,-1
2025-07-03 22:29:01.795998,elastic-workbench-cv-analyzer,elastic-workbench-cv-analyzer-1,181,"{'data_quality': 224, 'model_size': 2, 'parallelism': 1}",5.24,-1,4,-1
2025-07-03 22:29:01.800006,elastic-workbench-pc-visualizer,elastic-workbench-pc-visualizer-1,21,"{'data_quality': 40, 'model_size': 1, 'parallelism': 1}",1.0,-1,46,-1
2025-07-03 22:29:11.785431,elastic-workbench-qr-detector,elastic-workbench-qr-detector-1,28,"{'data_quality': 551, 'parallelism': 1}",1.76,-1,63,-1
2025-07-03 22:29:11.788397,elastic-workbench-cv-analyzer,elastic-workbench-cv-analyzer-1,196,"{'data_quality': 224, 'model_size': 2, 'parallelism': 1}",5.24,-1,5,-1
2025-07-03 22:29:11.791179,elastic-workbench-pc-visualizer,elastic-workbench-pc-visualizer-1,21,"{'data_quality': 40, 'model_size': 1, 'parallelism': 1}",1.0,-1,45,-1
2025-07-03 22:29:21.787594,elastic-workbench-qr-detector,elastic-workbench-qr-detector-1,28,"{'data_quality': 551, 'parallelism': 1}",1.79,-1,63,-1
2025-07-03 22:29:21.790364,elastic-workbench-cv-analyzer,elastic-workbench-cv-analyzer-1,271,"{'data_quality': 224, 'model_size': 2, 'parallelism': 1}",5.21,-1,3,-1
2025-07-03 22:29:21.793749,elastic-workbench-pc-visualizer,elastic-workbench-pc-visualizer-1,20,"{'data_quality': 40, 'model_size': 1, 'parallelism': 1}",1.0,-1,46,-1
2025-07-03 22:29:31.792598,elastic-workbench-qr-detector,elastic-workbench-qr-detector-1,28,"{'data_quality': 551, 'parallelism': 1}",1.78,-1,65,-1
2025-07-03 22:29:31.795935,elastic-workbench-cv-analyzer,elastic-workbench-cv-analyzer-1,225,"{'data_quality': 224, 'model_size': 2, 'parallelism': 1}",5.22,-1,4,-1
2025-07-03 22:29:31.798939,elastic-workbench-pc-visualizer,elastic-workbench-pc-visualizer-1,21,"{'data_quality': 40, 'model_size': 1, 'parallelism': 1}",1.0,-1,45,-1
2025-07-03 22:29:41.789740,elastic-workbench-qr-detector,elastic-workbench-qr-detector-1,28,"{'data_quality': 551, 'parallelism': 1}",1.8,-1,66,-1
2025-07-03 22:29:41.792367,elastic-workbench-cv-analyzer,elastic-workbench-cv-analyzer-1,118,"{'data_quality': 224, 'model_size': 1, 'parallelism': 1}",5.2,-1,6,-1
2025-07-03 22:29:41.795697,elastic-workbench-pc-visualizer,elastic-workbench-pc-visualizer-1,20,"{'data_quality': 40, 'model_size': 1, 'parallelism': 1}",1.0,-1,47,-1
2025-07-03 22:29:51.793516,elastic-workbench-qr-detector,elastic-workbench-qr-detector-1,29,"{'data_quality': 551, 'parallelism': 1}",1.81,-1,65,-1
2025-07-03 22:29:51.796893,elastic-workbench-cv-analyzer,elastic-workbench-cv-analyzer-1,107,"{'data_quality': 224, 'model_size': 1, 'parallelism': 1}",5.19,-1,7,-1
2025-07-03 22:29:51.809311,elastic-workbench-pc-visualizer,elastic-workbench-pc-visualizer-1,19,"{'data_quality': 40, 'model_size': 1, 'parallelism': 1}",1.0,-1,49,-1
2025-07-03 22:30:01.791360,elastic-workbench-qr-detector,elastic-workbench-qr-detector-1,29,"{'data_quality': 551, 'parallelism': 1}",1.81,-1,65,-1
2025-07-03 22:30:01.794236,elastic-workbench-cv-analyzer,elastic-workbench-cv-analyzer-1,140,"{'data_quality': 224, 'model_size': 1, 'parallelism': 1}",5.19,-1,6,-1
2025-07-03 22:30:01.796814,elastic-workbench-pc-visualizer,elastic-workbench-pc-visualizer-1,21,"{'data_quality': 40, 'model_size': 1, 'parallelism': 1}",1.0,-1,45,-1
2025-07-03 22:30:11.791105,elastic-workbench-qr-detector,elastic-workbench-qr-detector-1,29,"{'data_quality': 551, 'parallelism': 1}",1.81,-1,66,-1
2025-07-03 22:30:11.793870,elastic-workbench-cv-analyzer,elastic-workbench-cv-analyzer-1,106,"{'data_quality': 224, 'model_size': 1, 'parallelism': 1}",5.19,-1,6,-1
2025-07-03 22:30:11.796583,elastic-workbench-pc-visualizer,elastic-workbench-pc-visualizer-1,21,"{'data_quality': 40, 'model_size': 1, 'parallelism': 1}",1.0,-1,47,-1
2025-07-03 22:30:21.792329,elastic-workbench-qr-detector,elastic-workbench-qr-detector-1,27,"{'data_quality': 551, 'parallelism': 1}",1.82,-1,68,-1
2025-07-03 22:30:21.800901,elastic-workbench-cv-analyzer,elastic-workbench-cv-analyzer-1,102,"{'data_quality': 224, 'model_size': 1, 'parallelism': 1}",5.18,-1,7,-1
2025-07-03 22:30:21.804339,elastic-workbench-pc-visualizer,elastic-workbench-pc-visualizer-1,21,"{'data_quality': 40, 'model_size': 1, 'parallelism': 1}",1.0,-1,46,-1
2025-07-03 22:30:31.792202,elastic-workbench-qr-detector,elastic-workbench-qr-detector-1,29,"{'data_quality': 551, 'parallelism': 1}",1.83,-1,65,-1
2025-07-03 22:30:31.795122,elastic-workbench-cv-analyzer,elastic-workbench-cv-analyzer-1,110,"{'data_quality': 224, 'model_size': 1, 'parallelism': 1}",5.17,-1,6,-1
2025-07-03 22:30:31.797686,elastic-workbench-pc-visualizer,elastic-workbench-pc-visualizer-1,20,"{'data_quality': 40, 'model_size': 1, 'parallelism': 1}",1.0,-1,47,-1
2025-07-03 22:30:41.792334,elastic-workbench-qr-detector,elastic-workbench-qr-detector-1,28,"{'data_quality': 551, 'parallelism': 1}",1.82,-1,66,-1
2025-07-03 22:30:41.795930,elastic-workbench-cv-analyzer,elastic-workbench-cv-analyzer-1,132,"{'data_quality': 224, 'model_size': 1, 'parallelism': 1}",5.18,-1,6,-1
2025-07-03 22:30:41.801945,elastic-workbench-pc-visualizer,elastic-workbench-pc-visualizer-1,21,"{'data_quality': 40, 'model_size': 1, 'parallelism': 1}",1.0,-1,46,-1
2025-07-03 22:30:51.793542,elastic-workbench-qr-detector,elastic-workbench-qr-detector-1,28,"{'data_quality': 551, 'parallelism': 1}",1.81,-1,65,-1
2025-07-03 22:30:51.796718,elastic-workbench-cv-analyzer,elastic-workbench-cv-analyzer-1,95,"{'data_quality': 224, 'model_size': 1, 'parallelism': 1}",5.19,-1,7,-1
2025-07-03 22:30:51.800752,elastic-workbench-pc-visualizer,elastic-workbench-pc-visualizer-1,21,"{'data_quality': 40, 'model_size': 1, 'parallelism': 1}",1.0,-1,46,-1
2025-07-03 22:31:01.793730,elastic-workbench-qr-detector,elastic-workbench-qr-detector-1,30,"{'data_quality': 551, 'parallelism': 1}",1.8,-1,63,-1
2025-07-03 22:31:01.796576,elastic-workbench-cv-analyzer,elastic-workbench-cv-analyzer-1,84,"{'data_quality': 224, 'model_size': 1, 'parallelism': 1}",5.2,-1,7,-1
2025-07-03 22:31:01.799105,elastic-workbench-pc-visualizer,elastic-workbench-pc-visualizer-1,21,"{'data_quality': 40, 'model_size': 1, 'parallelism': 1}",1.0,-1,46,-1
2025-07-03 22:31:11.794146,elastic-workbench-qr-detector,elastic-workbench-qr-detector-1,29,"{'data_quality': 551, 'parallelism': 1}",1.81,-1,65,-1
2025-07-03 22:31:11.797672,elastic-workbench-cv-analyzer,elastic-workbench-cv-analyzer-1,105,"{'data_quality': 224, 'model_size': 1, 'parallelism': 1}",5.19,-1,6,-1
2025-07-03 22:31:11.801286,elastic-workbench-pc-visualizer,elastic-workbench-pc-visualizer-1,20,"{'data_quality': 40, 'model_size': 1, 'parallelism': 1}",1.0,-1,47,-1
2025-07-03 22:31:21.794577,elastic-workbench-qr-detector,elastic-workbench-qr-detector-1,27,"{'data_quality': 551, 'parallelism': 1}",1.81,-1,66,-1
2025-07-03 22:31:21.797460,elastic-workbench-cv-analyzer,elastic-workbench-cv-analyzer-1,93,"{'data_quality': 224, 'model_size': 1, 'parallelism': 1}",5.19,-1,7,-1
2025-07-03 22:31:21.800025,elastic-workbench-pc-visualizer,elastic-workbench-pc-visualizer-1,20,"{'data_quality': 40, 'model_size': 1, 'parallelism': 1}",1.0,-1,47,-1
2025-07-03 22:31:31.796177,elastic-workbench-qr-detector,elastic-workbench-qr-detector-1,27,"{'data_quality': 551, 'parallelism': 1}",1.81,-1,66,-1
2025-07-03 22:31:31.799342,elastic-workbench-cv-analyzer,elastic-workbench-cv-analyzer-1,211,"{'data_quality': 224, 'model_size': 2, 'parallelism': 1}",5.19,-1,3,-1
2025-07-03 22:31:31.802028,elastic-workbench-pc-visualizer,elastic-workbench-pc-visualizer-1,21,"{'data_quality': 40, 'model_size': 1, 'parallelism': 1}",1.0,-1,46,-1
2025-07-03 22:31:41.796592,elastic-workbench-qr-detector,elastic-workbench-qr-detector-1,29,"{'data_quality': 551, 'parallelism': 1}",1.81,-1,65,-1
2025-07-03 22:31:41.799652,elastic-workbench-cv-analyzer,elastic-workbench-cv-analyzer-1,129,"{'data_quality': 224, 'model_size': 1, 'parallelism': 1}",5.19,-1,6,-1
2025-07-03 22:31:41.803608,elastic-workbench-pc-visualizer,elastic-workbench-pc-visualizer-1,20,"{'data_quality': 40, 'model_size': 1, 'parallelism': 1}",1.0,-1,46,-1
2025-07-03 22:31:51.797452,elastic-workbench-qr-detector,elastic-workbench-qr-detector-1,30,"{'data_quality': 551, 'parallelism': 1}",1.82,-1,65,-1
2025-07-03 22:31:51.802538,elastic-workbench-cv-analyzer,elastic-workbench-cv-analyzer-1,104,"{'data_quality': 224, 'model_size': 1, 'parallelism': 1}",5.18,-1,7,-1
2025-07-03 22:31:51.806488,elastic-workbench-pc-visualizer,elastic-workbench-pc-visualizer-1,20,"{'data_quality': 40, 'model_size': 1, 'parallelism': 1}",1.0,-1,47,-1
2025-07-03 22:32:01.797702,elastic-workbench-qr-detector,elastic-workbench-qr-detector-1,28,"{'data_quality': 551, 'parallelism': 1}",1.84,-1,67,-1
2025-07-03 22:32:01.802637,elastic-workbench-cv-analyzer,elastic-workbench-cv-analyzer-1,149,"{'data_quality': 224, 'model_size': 1, 'parallelism': 1}",5.16,-1,6,-1
2025-07-03 22:32:01.807038,elastic-workbench-pc-visualizer,elastic-workbench-pc-visualizer-1,20,"{'data_quality': 40, 'model_size': 1, 'parallelism': 1}",1.0,-1,47,-1
2025-07-03 22:32:11.798019,elastic-workbench-qr-detector,elastic-workbench-qr-detector-1,28,"{'data_quality': 551, 'parallelism': 1}",1.83,-1,68,-1
2025-07-03 22:32:11.800994,elastic-workbench-cv-analyzer,elastic-workbench-cv-analyzer-1,88,"{'data_quality': 224, 'model_size': 1, 'parallelism': 1}",5.17,-1,7,-1
2025-07-03 22:32:11.803660,elastic-workbench-pc-visualizer,elastic-workbench-pc-visualizer-1,20,"{'data_quality': 40, 'model_size': 1, 'parallelism': 1}",1.0,-1,48,-1
2025-07-03 22:32:21.799112,elastic-workbench-qr-detector,elastic-workbench-qr-detector-1,28,"{'data_quality': 551, 'parallelism': 1}",1.83,-1,69,-1
2025-07-03 22:32:21.803304,elastic-workbench-cv-analyzer,elastic-workbench-cv-analyzer-1,112,"{'data_quality': 224, 'model_size': 1, 'parallelism': 1}",5.17,-1,6,-1
2025-07-03 22:32:21.805935,elastic-workbench-pc-visualizer,elastic-workbench-pc-visualizer-1,20,"{'data_quality': 40, 'model_size': 1, 'parallelism': 1}",1.0,-1,48,-1
2025-07-03 22:32:31.799669,elastic-workbench-qr-detector,elastic-workbench-qr-detector-1,28,"{'data_quality': 551, 'parallelism': 1}",1.84,-1,69,-1
2025-07-03 22:32:31.802505,elastic-workbench-cv-analyzer,elastic-workbench-cv-analyzer-1,119,"{'data_quality': 224, 'model_size': 1, 'parallelism': 1}",5.16,-1,6,-1
2025-07-03 22:32:31.808294,elastic-workbench-pc-visualizer,elastic-workbench-pc-visualizer-1,21,"{'data_quality': 40, 'model_size': 1, 'parallelism': 1}",1.0,-1,45,-1
2025-07-03 22:32:41.802388,elastic-workbench-qr-detector,elastic-workbench-qr-detector-1,30,"{'data_quality': 551, 'parallelism': 1}",1.84,-1,65,-1
2025-07-03 22:32:41.805255,elastic-workbench-cv-analyzer,elastic-workbench-cv-analyzer-1,113,"{'data_quality': 224, 'model_size': 1, 'parallelism': 1}",5.16,-1,6,-1
2025-07-03 22:32:41.807946,elastic-workbench-pc-visualizer,elastic-workbench-pc-visualizer-1,20,"{'data_quality': 40, 'model_size': 1, 'parallelism': 1}",1.0,-1,47,-1
2025-07-03 22:32:51.800852,elastic-workbench-qr-detector,elastic-workbench-qr-detector-1,28,"{'data_quality': 551, 'parallelism': 1}",1.84,-1,69,-1
2025-07-03 22:32:51.803688,elastic-workbench-cv-analyzer,elastic-workbench-cv-analyzer-1,125,"{'data_quality': 224, 'model_size': 1, 'parallelism': 1}",5.16,-1,6,-1
2025-07-03 22:32:51.806713,elastic-workbench-pc-visualizer,elastic-workbench-pc-visualizer-1,21,"{'data_quality': 40, 'model_size': 1, 'parallelism': 1}",1.0,-1,46,-1
2025-07-03 22:33:01.801746,elastic-workbench-qr-detector,elastic-workbench-qr-detector-1,29,"{'data_quality': 551, 'parallelism': 1}",1.83,-1,66,-1
2025-07-03 22:33:01.804791,elastic-workbench-cv-analyzer,elastic-workbench-cv-analyzer-1,102,"{'data_quality': 224, 'model_size': 1, 'parallelism': 1}",5.17,-1,7,-1
2025-07-03 22:33:01.813285,elastic-workbench-pc-visualizer,elastic-workbench-pc-visualizer-1,20,"{'data_quality': 40, 'model_size': 1, 'parallelism': 1}",1.0,-1,48,-1
2025-07-03 22:33:11.802996,elastic-workbench-qr-detector,elastic-workbench-qr-detector-1,28,"{'data_quality': 551, 'parallelism': 1}",1.84,-1,69,-1
2025-07-03 22:33:11.806036,elastic-workbench-cv-analyzer,elastic-workbench-cv-analyzer-1,131,"{'data_quality': 224, 'model_size': 1, 'parallelism': 1}",5.16,-1,7,-1
2025-07-03 22:33:11.808720,elastic-workbench-pc-visualizer,elastic-workbench-pc-visualizer-1,20,"{'data_quality': 40, 'model_size': 1, 'parallelism': 1}",1.0,-1,46,-1
2025-07-03 22:33:21.803168,elastic-workbench-qr-detector,elastic-workbench-qr-detector-1,29,"{'data_quality': 551, 'parallelism': 1}",1.84,-1,66,-1
2025-07-03 22:33:21.806213,elastic-workbench-cv-analyzer,elastic-workbench-cv-analyzer-1,108,"{'data_quality': 224, 'model_size': 1, 'parallelism': 1}",5.16,-1,6,-1
2025-07-03 22:33:21.809069,elastic-workbench-pc-visualizer,elastic-workbench-pc-visualizer-1,21,"{'data_quality': 40, 'model_size': 1, 'parallelism': 1}",1.0,-1,46,-1
2025-07-03 22:33:31.804657,elastic-workbench-qr-detector,elastic-workbench-qr-detector-1,27,"{'data_quality': 551, 'parallelism': 1}",1.84,-1,68,-1
2025-07-03 22:33:31.808012,elastic-workbench-cv-analyzer,elastic-workbench-cv-analyzer-1,120,"{'data_quality': 224, 'model_size': 1, 'parallelism': 1}",5.16,-1,6,-1
2025-07-03 22:33:31.810672,elastic-workbench-pc-visualizer,elastic-workbench-pc-visualizer-1,20,"{'data_quality': 40, 'model_size': 1, 'parallelism': 1}",1.0,-1,48,-1
2025-07-03 22:33:41.804707,elastic-workbench-qr-detector,elastic-workbench-qr-detector-1,28,"{'data_quality': 551, 'parallelism': 1}",1.83,-1,67,-1
2025-07-03 22:33:41.818257,elastic-workbench-cv-analyzer,elastic-workbench-cv-analyzer-1,105,"{'data_quality': 224, 'model_size': 1, 'parallelism': 1}",5.17,-1,6,-1
2025-07-03 22:33:41.827487,elastic-workbench-pc-visualizer,elastic-workbench-pc-visualizer-1,21,"{'data_quality': 40, 'model_size': 1, 'parallelism': 1}",1.0,-1,47,-1
2025-07-03 22:33:51.807739,elastic-workbench-qr-detector,elastic-workbench-qr-detector-1,29,"{'data_quality': 551, 'parallelism': 1}",1.84,-1,67,-1
2025-07-03 22:33:51.810734,elastic-workbench-cv-analyzer,elastic-workbench-cv-analyzer-1,104,"{'data_quality': 224, 'model_size': 1, 'parallelism': 1}",5.16,-1,7,-1
2025-07-03 22:33:51.813502,elastic-workbench-pc-visualizer,elastic-workbench-pc-visualizer-1,21,"{'data_quality': 40, 'model_size': 1, 'parallelism': 1}",1.0,-1,45,-1
2025-07-03 22:34:01.806841,elastic-workbench-qr-detector,elastic-workbench-qr-detector-1,28,"{'data_quality': 551, 'parallelism': 1}",1.86,-1,69,-1
2025-07-03 22:34:01.810005,elastic-workbench-cv-analyzer,elastic-workbench-cv-analyzer-1,97,"{'data_quality': 224, 'model_size': 1, 'parallelism': 1}",5.14,-1,7,-1
2025-07-03 22:34:01.812718,elastic-workbench-pc-visualizer,elastic-workbench-pc-visualizer-1,21,"{'data_quality': 40, 'model_size': 1, 'parallelism': 1}",1.0,-1,46,-1
2025-07-03 22:34:11.806987,elastic-workbench-qr-detector,elastic-workbench-qr-detector-1,28,"{'data_quality': 551, 'parallelism': 1}",1.88,-1,70,-1
2025-07-03 22:34:11.810033,elastic-workbench-cv-analyzer,elastic-workbench-cv-analyzer-1,100,"{'data_quality': 224, 'model_size': 1, 'parallelism': 1}",5.12,-1,7,-1
2025-07-03 22:34:11.816291,elastic-workbench-pc-visualizer,elastic-workbench-pc-visualizer-1,19,"{'data_quality': 40, 'model_size': 1, 'parallelism': 1}",1.0,-1,48,-1
2025-07-03 22:34:21.808527,elastic-workbench-qr-detector,elastic-workbench-qr-detector-1,28,"{'data_quality': 551, 'parallelism': 1}",1.89,-1,71,-1
2025-07-03 22:34:21.811492,elastic-workbench-cv-analyzer,elastic-workbench-cv-analyzer-1,106,"{'data_quality': 224, 'model_size': 1, 'parallelism': 1}",5.11,-1,7,-1
2025-07-03 22:34:21.814178,elastic-workbench-pc-visualizer,elastic-workbench-pc-visualizer-1,21,"{'data_quality': 40, 'model_size': 1, 'parallelism': 1}",1.0,-1,45,-1
2025-07-03 22:34:31.808904,elastic-workbench-qr-detector,elastic-workbench-qr-detector-1,27,"{'data_quality': 551, 'parallelism': 1}",1.9,-1,71,-1
2025-07-03 22:34:31.811778,elastic-workbench-cv-analyzer,elastic-workbench-cv-analyzer-1,121,"{'data_quality': 224, 'model_size': 1, 'parallelism': 1}",5.1,-1,7,-1
2025-07-03 22:34:31.820257,elastic-workbench-pc-visualizer,elastic-workbench-pc-visualizer-1,21,"{'data_quality': 40, 'model_size': 1, 'parallelism': 1}",1.0,-1,45,-1
2025-07-03 22:34:41.809083,elastic-workbench-qr-detector,elastic-workbench-qr-detector-1,28,"{'data_quality': 551, 'parallelism': 1}",1.92,-1,69,-1
2025-07-03 22:34:41.814207,elastic-workbench-cv-analyzer,elastic-workbench-cv-analyzer-1,113,"{'data_quality': 224, 'model_size': 1, 'parallelism': 1}",5.08,-1,7,-1
2025-07-03 22:34:41.825123,elastic-workbench-pc-visualizer,elastic-workbench-pc-visualizer-1,21,"{'data_quality': 40, 'model_size': 1, 'parallelism': 1}",1.0,-1,45,-1
2025-07-03 22:34:51.809728,elastic-workbench-qr-detector,elastic-workbench-qr-detector-1,27,"{'data_quality': 551, 'parallelism': 1}",1.91,-1,70,-1
2025-07-03 22:34:51.812395,elastic-workbench-cv-analyzer,elastic-workbench-cv-analyzer-1,116,"{'data_quality': 224, 'model_size': 1, 'parallelism': 1}",5.09,-1,7,-1
2025-07-03 22:34:51.821270,elastic-workbench-pc-visualizer,elastic-workbench-pc-visualizer-1,21,"{'data_quality': 40, 'model_size': 1, 'parallelism': 1}",1.0,-1,46,-1
2025-07-03 22:35:01.811293,elastic-workbench-qr-detector,elastic-workbench-qr-detector-1,27,"{'data_quality': 551, 'parallelism': 1}",1.9,-1,71,-1
2025-07-03 22:35:01.820635,elastic-workbench-cv-analyzer,elastic-workbench-cv-analyzer-1,107,"{'data_quality': 224, 'model_size': 1, 'parallelism': 1}",5.1,-1,7,-1
2025-07-03 22:35:01.823178,elastic-workbench-pc-visualizer,elastic-workbench-pc-visualizer-1,21,"{'data_quality': 40, 'model_size': 1, 'parallelism': 1}",1.0,-1,46,-1
2025-07-03 22:35:11.810104,elastic-workbench-qr-detector,elastic-workbench-qr-detector-1,27,"{'data_quality': 551, 'parallelism': 1}",1.9,-1,70,-1
2025-07-03 22:35:11.812692,elastic-workbench-cv-analyzer,elastic-workbench-cv-analyzer-1,103,"{'data_quality': 224, 'model_size': 1, 'parallelism': 1}",5.1,-1,7,-1
2025-07-03 22:35:11.821247,elastic-workbench-pc-visualizer,elastic-workbench-pc-visualizer-1,20,"{'data_quality': 40, 'model_size': 1, 'parallelism': 1}",1.0,-1,46,-1
2025-07-03 22:35:21.811186,elastic-workbench-qr-detector,elastic-workbench-qr-detector-1,27,"{'data_quality': 551, 'parallelism': 1}",1.92,-1,71,-1
2025-07-03 22:35:21.820297,elastic-workbench-cv-analyzer,elastic-workbench-cv-analyzer-1,97,"{'data_quality': 224, 'model_size': 1, 'parallelism': 1}",5.08,-1,8,-1
2025-07-03 22:35:21.823806,elastic-workbench-pc-visualizer,elastic-workbench-pc-visualizer-1,21,"{'data_quality': 40, 'model_size': 1, 'parallelism': 1}",1.0,-1,46,-1
2025-07-03 22:35:31.811491,elastic-workbench-qr-detector,elastic-workbench-qr-detector-1,28,"{'data_quality': 551, 'parallelism': 1}",1.92,-1,70,-1
2025-07-03 22:35:31.821688,elastic-workbench-cv-analyzer,elastic-workbench-cv-analyzer-1,120,"{'data_quality': 224, 'model_size': 1, 'parallelism': 1}",5.08,-1,7,-1
2025-07-03 22:35:31.827839,elastic-workbench-pc-visualizer,elastic-workbench-pc-visualizer-1,21,"{'data_quality': 40, 'model_size': 1, 'parallelism': 1}",1.0,-1,46,-1
2025-07-03 22:35:41.812001,elastic-workbench-qr-detector,elastic-workbench-qr-detector-1,27,"{'data_quality': 551, 'parallelism': 1}",1.93,-1,71,-1
2025-07-03 22:35:41.824264,elastic-workbench-cv-analyzer,elastic-workbench-cv-analyzer-1,110,"{'data_quality': 224, 'model_size': 1, 'parallelism': 1}",5.07,-1,7,-1
2025-07-03 22:35:41.827208,elastic-workbench-pc-visualizer,elastic-workbench-pc-visualizer-1,21,"{'data_quality': 40, 'model_size': 1, 'parallelism': 1}",1.0,-1,47,-1
2025-07-03 22:35:51.826875,elastic-workbench-qr-detector,elastic-workbench-qr-detector-1,27,"{'data_quality': 551, 'parallelism': 1}",1.93,-1,72,-1
2025-07-03 22:35:51.833904,elastic-workbench-cv-analyzer,elastic-workbench-cv-analyzer-1,131,"{'data_quality': 224, 'model_size': 1, 'parallelism': 1}",5.07,-1,6,-1
2025-07-03 22:35:51.837643,elastic-workbench-pc-visualizer,elastic-workbench-pc-visualizer-1,20,"{'data_quality': 40, 'model_size': 1, 'parallelism': 1}",1.0,-1,47,-1
2025-07-03 22:36:01.813554,elastic-workbench-qr-detector,elastic-workbench-qr-detector-1,27,"{'data_quality': 551, 'parallelism': 1}",1.94,-1,72,-1
2025-07-03 22:36:01.825262,elastic-workbench-cv-analyzer,elastic-workbench-cv-analyzer-1,95,"{'data_quality': 224, 'model_size': 1, 'parallelism': 1}",5.06,-1,7,-1
2025-07-03 22:36:01.827817,elastic-workbench-pc-visualizer,elastic-workbench-pc-visualizer-1,21,"{'data_quality': 40, 'model_size': 1, 'parallelism': 1}",1.0,-1,46,-1
2025-07-03 22:36:11.820305,elastic-workbench-qr-detector,elastic-workbench-qr-detector-1,28,"{'data_quality': 551, 'parallelism': 1}",1.94,-1,71,-1
2025-07-03 22:36:11.824601,elastic-workbench-cv-analyzer,elastic-workbench-cv-analyzer-1,109,"{'data_quality': 224, 'model_size': 1, 'parallelism': 1}",5.06,-1,7,-1
2025-07-03 22:36:11.829860,elastic-workbench-pc-visualizer,elastic-workbench-pc-visualizer-1,20,"{'data_quality': 40, 'model_size': 1, 'parallelism': 1}",1.0,-1,47,-1
2025-07-03 22:36:21.820312,elastic-workbench-qr-detector,elastic-workbench-qr-detector-1,27,"{'data_quality': 551, 'parallelism': 1}",1.93,-1,71,-1
2025-07-03 22:36:21.825898,elastic-workbench-cv-analyzer,elastic-workbench-cv-analyzer-1,115,"{'data_quality': 224, 'model_size': 1, 'parallelism': 1}",5.07,-1,7,-1
2025-07-03 22:36:21.828874,elastic-workbench-pc-visualizer,elastic-workbench-pc-visualizer-1,21,"{'data_quality': 40, 'model_size': 1, 'parallelism': 1}",1.0,-1,46,-1
2025-07-03 22:36:31.821756,elastic-workbench-qr-detector,elastic-workbench-qr-detector-1,27,"{'data_quality': 551, 'parallelism': 1}",1.93,-1,71,-1
2025-07-03 22:36:31.824326,elastic-workbench-cv-analyzer,elastic-workbench-cv-analyzer-1,103,"{'data_quality': 224, 'model_size': 1, 'parallelism': 1}",5.07,-1,7,-1
2025-07-03 22:36:31.826936,elastic-workbench-pc-visualizer,elastic-workbench-pc-visualizer-1,21,"{'data_quality': 40, 'model_size': 1, 'parallelism': 1}",1.0,-1,46,-1
2025-07-03 22:36:41.819824,elastic-workbench-qr-detector,elastic-workbench-qr-detector-1,26,"{'data_quality': 551, 'parallelism': 1}",1.94,-1,75,-1
2025-07-03 22:36:41.827216,elastic-workbench-cv-analyzer,elastic-workbench-cv-analyzer-1,109,"{'data_quality': 224, 'model_size': 1, 'parallelism': 1}",5.06,-1,7,-1
2025-07-03 22:36:41.829867,elastic-workbench-pc-visualizer,elastic-workbench-pc-visualizer-1,21,"{'data_quality': 40, 'model_size': 1, 'parallelism': 1}",1.0,-1,46,-1
2025-07-03 22:36:51.822721,elastic-workbench-qr-detector,elastic-workbench-qr-detector-1,27,"{'data_quality': 551, 'parallelism': 1}",1.93,-1,71,-1
2025-07-03 22:36:51.825349,elastic-workbench-cv-analyzer,elastic-workbench-cv-analyzer-1,107,"{'data_quality': 224, 'model_size': 1, 'parallelism': 1}",5.07,-1,7,-1
2025-07-03 22:36:51.828127,elastic-workbench-pc-visualizer,elastic-workbench-pc-visualizer-1,21,"{'data_quality': 40, 'model_size': 1, 'parallelism': 1}",1.0,-1,46,-1
2025-07-03 22:37:01.822974,elastic-workbench-qr-detector,elastic-workbench-qr-detector-1,27,"{'data_quality': 551, 'parallelism': 1}",1.92,-1,70,-1
2025-07-03 22:37:01.825398,elastic-workbench-cv-analyzer,elastic-workbench-cv-analyzer-1,125,"{'data_quality': 224, 'model_size': 1, 'parallelism': 1}",5.08,-1,6,-1
2025-07-03 22:37:01.828038,elastic-workbench-pc-visualizer,elastic-workbench-pc-visualizer-1,20,"{'data_quality': 40, 'model_size': 1, 'parallelism': 1}",1.0,-1,47,-1
2025-07-03 22:37:11.836726,elastic-workbench-qr-detector,elastic-workbench-qr-detector-1,28,"{'data_quality': 551, 'parallelism': 1}",1.92,-1,69,-1
2025-07-03 22:37:11.842546,elastic-workbench-cv-analyzer,elastic-workbench-cv-analyzer-1,126,"{'data_quality': 224, 'model_size': 1, 'parallelism': 1}",5.08,-1,6,-1
2025-07-03 22:37:11.849589,elastic-workbench-pc-visualizer,elastic-workbench-pc-visualizer-1,20,"{'data_quality': 40, 'model_size': 1, 'parallelism': 1}",1.0,-1,47,-1
2025-07-03 22:37:21.824456,elastic-workbench-qr-detector,elastic-workbench-qr-detector-1,27,"{'data_quality': 551, 'parallelism': 1}",1.92,-1,70,-1
2025-07-03 22:37:21.828538,elastic-workbench-cv-analyzer,elastic-workbench-cv-analyzer-1,118,"{'data_quality': 224, 'model_size': 1, 'parallelism': 1}",5.08,-1,7,-1
2025-07-03 22:37:21.831044,elastic-workbench-pc-visualizer,elastic-workbench-pc-visualizer-1,20,"{'data_quality': 40, 'model_size': 1, 'parallelism': 1}",1.0,-1,47,-1
2025-07-03 22:37:31.826618,elastic-workbench-qr-detector,elastic-workbench-qr-detector-1,27,"{'data_quality': 551, 'parallelism': 1}",1.92,-1,72,-1
2025-07-03 22:37:31.831575,elastic-workbench-cv-analyzer,elastic-workbench-cv-analyzer-1,115,"{'data_quality': 224, 'model_size': 1, 'parallelism': 1}",5.08,-1,7,-1
2025-07-03 22:37:31.835093,elastic-workbench-pc-visualizer,elastic-workbench-pc-visualizer-1,20,"{'data_quality': 40, 'model_size': 1, 'parallelism': 1}",1.0,-1,48,-1
2025-07-03 22:37:41.827363,elastic-workbench-qr-detector,elastic-workbench-qr-detector-1,27,"{'data_quality': 551, 'parallelism': 1}",1.93,-1,70,-1
2025-07-03 22:37:41.830441,elastic-workbench-cv-analyzer,elastic-workbench-cv-analyzer-1,117,"{'data_quality': 224, 'model_size': 1, 'parallelism': 1}",5.07,-1,7,-1
2025-07-03 22:37:41.833067,elastic-workbench-pc-visualizer,elastic-workbench-pc-visualizer-1,21,"{'data_quality': 40, 'model_size': 1, 'parallelism': 1}",1.0,-1,46,-1
2025-07-03 22:37:51.830999,elastic-workbench-qr-detector,elastic-workbench-qr-detector-1,27,"{'data_quality': 551, 'parallelism': 1}",1.94,-1,72,-1
2025-07-03 22:37:51.839740,elastic-workbench-cv-analyzer,elastic-workbench-cv-analyzer-1,96,"{'data_quality': 224, 'model_size': 1, 'parallelism': 1}",5.06,-1,7,-1
2025-07-03 22:37:51.842279,elastic-workbench-pc-visualizer,elastic-workbench-pc-visualizer-1,21,"{'data_quality': 40, 'model_size': 1, 'parallelism': 1}",1.0,-1,47,-1
2025-07-03 22:38:01.833861,elastic-workbench-qr-detector,elastic-workbench-qr-detector-1,27,"{'data_quality': 551, 'parallelism': 1}",1.94,-1,72,-1
2025-07-03 22:38:01.839305,elastic-workbench-cv-analyzer,elastic-workbench-cv-analyzer-1,137,"{'data_quality': 224, 'model_size': 1, 'parallelism': 1}",5.06,-1,6,-1
2025-07-03 22:38:01.843235,elastic-workbench-pc-visualizer,elastic-workbench-pc-visualizer-1,20,"{'data_quality': 40, 'model_size': 1, 'parallelism': 1}",1.0,-1,47,-1
2025-07-03 22:38:11.831173,elastic-workbench-qr-detector,elastic-workbench-qr-detector-1,26,"{'data_quality': 551, 'parallelism': 1}",1.96,-1,74,-1
2025-07-03 22:38:11.837774,elastic-workbench-cv-analyzer,elastic-workbench-cv-analyzer-1,162,"{'data_quality': 224, 'model_size': 1, 'parallelism': 1}",5.04,-1,5,-1
2025-07-03 22:38:11.841328,elastic-workbench-pc-visualizer,elastic-workbench-pc-visualizer-1,21,"{'data_quality': 40, 'model_size': 1, 'parallelism': 1}",1.0,-1,46,-1
2025-07-03 22:38:21.832824,elastic-workbench-qr-detector,elastic-workbench-qr-detector-1,27,"{'data_quality': 551, 'parallelism': 1}",1.97,-1,73,-1
2025-07-03 22:38:21.839937,elastic-workbench-cv-analyzer,elastic-workbench-cv-analyzer-1,129,"{'data_quality': 224, 'model_size': 1, 'parallelism': 1}",5.03,-1,6,-1
2025-07-03 22:38:21.842809,elastic-workbench-pc-visualizer,elastic-workbench-pc-visualizer-1,19,"{'data_quality': 40, 'model_size': 1, 'parallelism': 1}",1.0,-1,48,-1
2025-07-03 22:38:31.830789,elastic-workbench-qr-detector,elastic-workbench-qr-detector-1,26,"{'data_quality': 551, 'parallelism': 1}",1.97,-1,74,-1
2025-07-03 22:38:31.835872,elastic-workbench-cv-analyzer,elastic-workbench-cv-analyzer-1,111,"{'data_quality': 224, 'model_size': 1, 'parallelism': 1}",5.03,-1,7,-1
2025-07-03 22:38:31.838703,elastic-workbench-pc-visualizer,elastic-workbench-pc-visualizer-1,20,"{'data_quality': 40, 'model_size': 1, 'parallelism': 1}",1.0,-1,47,-1
2025-07-03 22:38:41.831790,elastic-workbench-qr-detector,elastic-workbench-qr-detector-1,26,"{'data_quality': 551, 'parallelism': 1}",1.98,-1,73,-1
2025-07-03 22:38:41.838955,elastic-workbench-cv-analyzer,elastic-workbench-cv-analyzer-1,108,"{'data_quality': 224, 'model_size': 1, 'parallelism': 1}",5.02,-1,7,-1
2025-07-03 22:38:41.841667,elastic-workbench-pc-visualizer,elastic-workbench-pc-visualizer-1,21,"{'data_quality': 40, 'model_size': 1, 'parallelism': 1}",1.0,-1,46,-1
2025-07-03 22:38:51.838267,elastic-workbench-qr-detector,elastic-workbench-qr-detector-1,26,"{'data_quality': 551, 'parallelism': 1}",1.98,-1,73,-1
2025-07-03 22:38:51.841049,elastic-workbench-cv-analyzer,elastic-workbench-cv-analyzer-1,106,"{'data_quality': 224, 'model_size': 1, 'parallelism': 1}",5.02,-1,8,-1
2025-07-03 22:38:51.843674,elastic-workbench-pc-visualizer,elastic-workbench-pc-visualizer-1,21,"{'data_quality': 40, 'model_size': 1, 'parallelism': 1}",1.0,-1,46,-1
2025-07-03 22:39:01.835720,elastic-workbench-qr-detector,elastic-workbench-qr-detector-1,26,"{'data_quality': 551, 'parallelism': 1}",1.97,-1,73,-1
2025-07-03 22:39:01.839349,elastic-workbench-cv-analyzer,elastic-workbench-cv-analyzer-1,110,"{'data_quality': 224, 'model_size': 1, 'parallelism': 1}",5.03,-1,7,-1
2025-07-03 22:39:01.842601,elastic-workbench-pc-visualizer,elastic-workbench-pc-visualizer-1,21,"{'data_quality': 40, 'model_size': 1, 'parallelism': 1}",1.0,-1,47,-1
2025-07-03 22:39:11.837524,elastic-workbench-qr-detector,elastic-workbench-qr-detector-1,26,"{'data_quality': 551, 'parallelism': 1}",1.99,-1,73,-1
2025-07-03 22:39:11.840017,elastic-workbench-cv-analyzer,elastic-workbench-cv-analyzer-1,112,"{'data_quality': 224, 'model_size': 1, 'parallelism': 1}",5.01,-1,7,-1
2025-07-03 22:39:11.842615,elastic-workbench-pc-visualizer,elastic-workbench-pc-visualizer-1,20,"{'data_quality': 40, 'model_size': 1, 'parallelism': 1}",1.0,-1,47,-1
2025-07-03 22:39:21.835775,elastic-workbench-qr-detector,elastic-workbench-qr-detector-1,26,"{'data_quality': 551, 'parallelism': 1}",1.99,-1,73,-1
2025-07-03 22:39:21.838496,elastic-workbench-cv-analyzer,elastic-workbench-cv-analyzer-1,108,"{'data_quality': 224, 'model_size': 1, 'parallelism': 1}",5.01,-1,7,-1
2025-07-03 22:39:21.844450,elastic-workbench-pc-visualizer,elastic-workbench-pc-visualizer-1,21,"{'data_quality': 40, 'model_size': 1, 'parallelism': 1}",1.0,-1,46,-1
2025-07-03 22:39:31.841294,elastic-workbench-qr-detector,elastic-workbench-qr-detector-1,26,"{'data_quality': 551, 'parallelism': 1}",1.98,-1,74,-1
2025-07-03 22:39:31.847257,elastic-workbench-cv-analyzer,elastic-workbench-cv-analyzer-1,117,"{'data_quality': 224, 'model_size': 1, 'parallelism': 1}",5.02,-1,7,-1
2025-07-03 22:39:31.850008,elastic-workbench-pc-visualizer,elastic-workbench-pc-visualizer-1,20,"{'data_quality': 40, 'model_size': 1, 'parallelism': 1}",1.0,-1,48,-1
2025-07-03 22:39:41.836450,elastic-workbench-qr-detector,elastic-workbench-qr-detector-1,27,"{'data_quality': 551, 'parallelism': 1}",1.97,-1,72,-1
2025-07-03 22:39:41.839252,elastic-workbench-cv-analyzer,elastic-workbench-cv-analyzer-1,120,"{'data_quality': 224, 'model_size': 1, 'parallelism': 1}",5.03,-1,7,-1
2025-07-03 22:39:41.842631,elastic-workbench-pc-visualizer,elastic-workbench-pc-visualizer-1,20,"{'data_quality': 40, 'model_size': 1, 'parallelism': 1}",1.0,-1,47,-1
2025-07-03 22:39:51.835016,elastic-workbench-qr-detector,elastic-workbench-qr-detector-1,26,"{'data_quality': 551, 'parallelism': 1}",1.97,-1,74,-1
2025-07-03 22:39:51.842272,elastic-workbench-cv-analyzer,elastic-workbench-cv-analyzer-1,133,"{'data_quality': 224, 'model_size': 1, 'parallelism': 1}",5.03,-1,7,-1
2025-07-03 22:39:51.844745,elastic-workbench-pc-visualizer,elastic-workbench-pc-visualizer-1,20,"{'data_quality': 40, 'model_size': 1, 'parallelism': 1}",1.0,-1,47,-1
2025-07-03 22:40:01.835314,elastic-workbench-qr-detector,elastic-workbench-qr-detector-1,27,"{'data_quality': 551, 'parallelism': 1}",1.97,-1,71,-1
2025-07-03 22:40:01.840071,elastic-workbench-cv-analyzer,elastic-workbench-cv-analyzer-1,138,"{'data_quality': 224, 'model_size': 1, 'parallelism': 1}",5.03,-1,6,-1
2025-07-03 22:40:01.843025,elastic-workbench-pc-visualizer,elastic-workbench-pc-visualizer-1,20,"{'data_quality': 40, 'model_size': 1, 'parallelism': 1}",1.0,-1,47,-1
2025-07-03 22:40:11.839185,elastic-workbench-qr-detector,elastic-workbench-qr-detector-1,27,"{'data_quality': 551, 'parallelism': 1}",1.98,-1,73,-1
2025-07-03 22:40:11.845214,elastic-workbench-cv-analyzer,elastic-workbench-cv-analyzer-1,112,"{'data_quality': 224, 'model_size': 1, 'parallelism': 1}",5.02,-1,7,-1
2025-07-03 22:40:11.851046,elastic-workbench-pc-visualizer,elastic-workbench-pc-visualizer-1,21,"{'data_quality': 40, 'model_size': 1, 'parallelism': 1}",1.0,-1,46,-1
2025-07-03 22:40:21.840318,elastic-workbench-qr-detector,elastic-workbench-qr-detector-1,26,"{'data_quality': 551, 'parallelism': 1}",1.98,-1,74,-1
2025-07-03 22:40:21.843082,elastic-workbench-cv-analyzer,elastic-workbench-cv-analyzer-1,117,"{'data_quality': 224, 'model_size': 1, 'parallelism': 1}",5.02,-1,7,-1
2025-07-03 22:40:21.846603,elastic-workbench-pc-visualizer,elastic-workbench-pc-visualizer-1,21,"{'data_quality': 40, 'model_size': 1, 'parallelism': 1}",1.0,-1,45,-1
2025-07-03 22:40:31.836932,elastic-workbench-qr-detector,elastic-workbench-qr-detector-1,27,"{'data_quality': 551, 'parallelism': 1}",1.98,-1,72,-1
2025-07-03 22:40:31.842854,elastic-workbench-cv-analyzer,elastic-workbench-cv-analyzer-1,124,"{'data_quality': 224, 'model_size': 1, 'parallelism': 1}",5.02,-1,7,-1
2025-07-03 22:40:31.845671,elastic-workbench-pc-visualizer,elastic-workbench-pc-visualizer-1,20,"{'data_quality': 40, 'model_size': 1, 'parallelism': 1}",1.0,-1,47,-1
2025-07-03 22:40:41.840462,elastic-workbench-qr-detector,elastic-workbench-qr-detector-1,26,"{'data_quality': 551, 'parallelism': 1}",1.97,-1,74,-1
2025-07-03 22:40:41.844319,elastic-workbench-cv-analyzer,elastic-workbench-cv-analyzer-1,118,"{'data_quality': 224, 'model_size': 1, 'parallelism': 1}",5.03,-1,7,-1
2025-07-03 22:40:41.848133,elastic-workbench-pc-visualizer,elastic-workbench-pc-visualizer-1,21,"{'data_quality': 40, 'model_size': 1, 'parallelism': 1}",1.0,-1,46,-1
2025-07-03 22:40:51.848255,elastic-workbench-qr-detector,elastic-workbench-qr-detector-1,26,"{'data_quality': 551, 'parallelism': 1}",1.99,-1,74,-1
2025-07-03 22:40:51.854734,elastic-workbench-cv-analyzer,elastic-workbench-cv-analyzer-1,121,"{'data_quality': 224, 'model_size': 1, 'parallelism': 1}",5.01,-1,7,-1
2025-07-03 22:40:51.857361,elastic-workbench-pc-visualizer,elastic-workbench-pc-visualizer-1,20,"{'data_quality': 40, 'model_size': 1, 'parallelism': 1}",1.0,-1,47,-1
2025-07-03 22:41:01.850202,elastic-workbench-qr-detector,elastic-workbench-qr-detector-1,26,"{'data_quality': 551, 'parallelism': 1}",2.0,-1,73,-1
2025-07-03 22:41:01.852659,elastic-workbench-cv-analyzer,elastic-workbench-cv-analyzer-1,105,"{'data_quality': 224, 'model_size': 1, 'parallelism': 1}",5.0,-1,8,-1
2025-07-03 22:41:01.855994,elastic-workbench-pc-visualizer,elastic-workbench-pc-visualizer-1,20,"{'data_quality': 40, 'model_size': 1, 'parallelism': 1}",1.0,-1,46,-1
2025-07-03 22:41:11.847615,elastic-workbench-qr-detector,elastic-workbench-qr-detector-1,26,"{'data_quality': 551, 'parallelism': 1}",2.01,-1,74,-1
2025-07-03 22:41:11.854282,elastic-workbench-cv-analyzer,elastic-workbench-cv-analyzer-1,118,"{'data_quality': 224, 'model_size': 1, 'parallelism': 1}",4.99,-1,7,-1
2025-07-03 22:41:11.857825,elastic-workbench-pc-visualizer,elastic-workbench-pc-visualizer-1,21,"{'data_quality': 40, 'model_size': 1, 'parallelism': 1}",1.0,-1,45,-1
2025-07-03 22:41:21.846136,elastic-workbench-qr-detector,elastic-workbench-qr-detector-1,26,"{'data_quality': 551, 'parallelism': 1}",2.02,-1,74,-1
2025-07-03 22:41:21.850279,elastic-workbench-cv-analyzer,elastic-workbench-cv-analyzer-1,112,"{'data_quality': 224, 'model_size': 1, 'parallelism': 1}",4.98,-1,7,-1
2025-07-03 22:41:21.852784,elastic-workbench-pc-visualizer,elastic-workbench-pc-visualizer-1,21,"{'data_quality': 40, 'model_size': 1, 'parallelism': 1}",1.0,-1,46,-1
2025-07-03 22:41:31.847456,elastic-workbench-qr-detector,elastic-workbench-qr-detector-1,26,"{'data_quality': 551, 'parallelism': 1}",2.02,-1,75,-1
2025-07-03 22:41:31.851361,elastic-workbench-cv-analyzer,elastic-workbench-cv-analyzer-1,120,"{'data_quality': 224, 'model_size': 1, 'parallelism': 1}",4.98,-1,7,-1
2025-07-03 22:41:31.854050,elastic-workbench-pc-visualizer,elastic-workbench-pc-visualizer-1,20,"{'data_quality': 40, 'model_size': 1, 'parallelism': 1}",1.0,-1,46,-1
2025-07-03 22:41:41.850126,elastic-workbench-qr-detector,elastic-workbench-qr-detector-1,26,"{'data_quality': 551, 'parallelism': 1}",2.02,-1,74,-1
2025-07-03 22:41:41.852847,elastic-workbench-cv-analyzer,elastic-workbench-cv-analyzer-1,121,"{'data_quality': 224, 'model_size': 1, 'parallelism': 1}",4.98,-1,7,-1
2025-07-03 22:41:41.858830,elastic-workbench-pc-visualizer,elastic-workbench-pc-visualizer-1,21,"{'data_quality': 40, 'model_size': 1, 'parallelism': 1}",1.0,-1,46,-1
2025-07-03 22:41:51.851854,elastic-workbench-qr-detector,elastic-workbench-qr-detector-1,25,"{'data_quality': 551, 'parallelism': 1}",2.02,-1,75,-1
2025-07-03 22:41:51.854719,elastic-workbench-cv-analyzer,elastic-workbench-cv-analyzer-1,142,"{'data_quality': 224, 'model_size': 1, 'parallelism': 1}",4.98,-1,6,-1
2025-07-03 22:41:51.857315,elastic-workbench-pc-visualizer,elastic-workbench-pc-visualizer-1,20,"{'data_quality': 40, 'model_size': 1, 'parallelism': 1}",1.0,-1,47,-1
2025-07-03 22:42:01.854584,elastic-workbench-qr-detector,elastic-workbench-qr-detector-1,26,"{'data_quality': 551, 'parallelism': 1}",2.02,-1,74,-1
2025-07-03 22:42:01.857382,elastic-workbench-cv-analyzer,elastic-workbench-cv-analyzer-1,116,"{'data_quality': 224, 'model_size': 1, 'parallelism': 1}",4.98,-1,8,-1
2025-07-03 22:42:01.860055,elastic-workbench-pc-visualizer,elastic-workbench-pc-visualizer-1,21,"{'data_quality': 40, 'model_size': 1, 'parallelism': 1}",1.0,-1,46,-1
2025-07-03 22:42:11.856550,elastic-workbench-qr-detector,elastic-workbench-qr-detector-1,26,"{'data_quality': 551, 'parallelism': 1}",2.01,-1,76,-1
2025-07-03 22:42:11.865124,elastic-workbench-cv-analyzer,elastic-workbench-cv-analyzer-1,132,"{'data_quality': 224, 'model_size': 1, 'parallelism': 1}",4.99,-1,7,-1
2025-07-03 22:42:11.869751,elastic-workbench-pc-visualizer,elastic-workbench-pc-visualizer-1,20,"{'data_quality': 40, 'model_size': 1, 'parallelism': 1}",1.0,-1,48,-1
2025-07-03 22:42:21.858631,elastic-workbench-qr-detector,elastic-workbench-qr-detector-1,26,"{'data_quality': 551, 'parallelism': 1}",2.01,-1,75,-1
2025-07-03 22:42:21.864677,elastic-workbench-cv-analyzer,elastic-workbench-cv-analyzer-1,103,"{'data_quality': 224, 'model_size': 1, 'parallelism': 1}",4.99,-1,8,-1
2025-07-03 22:42:21.867209,elastic-workbench-pc-visualizer,elastic-workbench-pc-visualizer-1,20,"{'data_quality': 40, 'model_size': 1, 'parallelism': 1}",1.0,-1,47,-1
2025-07-03 22:42:31.859023,elastic-workbench-qr-detector,elastic-workbench-qr-detector-1,26,"{'data_quality': 551, 'parallelism': 1}",2.03,-1,76,-1
2025-07-03 22:42:31.861936,elastic-workbench-cv-analyzer,elastic-workbench-cv-analyzer-1,123,"{'data_quality': 224, 'model_size': 1, 'parallelism': 1}",4.97,-1,7,-1
2025-07-03 22:42:31.864509,elastic-workbench-pc-visualizer,elastic-workbench-pc-visualizer-1,21,"{'data_quality': 40, 'model_size': 1, 'parallelism': 1}",1.0,-1,47,-1
2025-07-03 22:42:41.859670,elastic-workbench-qr-detector,elastic-workbench-qr-detector-1,26,"{'data_quality': 551, 'parallelism': 1}",2.05,-1,76,-1
2025-07-03 22:42:41.863111,elastic-workbench-cv-analyzer,elastic-workbench-cv-analyzer-1,134,"{'data_quality': 224, 'model_size': 1, 'parallelism': 1}",4.95,-1,7,-1
2025-07-03 22:42:41.866003,elastic-workbench-pc-visualizer,elastic-workbench-pc-visualizer-1,21,"{'data_quality': 40, 'model_size': 1, 'parallelism': 1}",1.0,-1,45,-1
2025-07-03 22:42:51.860274,elastic-workbench-qr-detector,elastic-workbench-qr-detector-1,25,"{'data_quality': 551, 'parallelism': 1}",2.06,-1,77,-1
2025-07-03 22:42:51.863386,elastic-workbench-cv-analyzer,elastic-workbench-cv-analyzer-1,121,"{'data_quality': 224, 'model_size': 1, 'parallelism': 1}",4.94,-1,7,-1
2025-07-03 22:42:51.865997,elastic-workbench-pc-visualizer,elastic-workbench-pc-visualizer-1,21,"{'data_quality': 40, 'model_size': 1, 'parallelism': 1}",1.0,-1,47,-1
2025-07-03 22:43:01.860639,elastic-workbench-qr-detector,elastic-workbench-qr-detector-1,25,"{'data_quality': 551, 'parallelism': 1}",2.07,-1,77,-1
2025-07-03 22:43:01.867712,elastic-workbench-cv-analyzer,elastic-workbench-cv-analyzer-1,121,"{'data_quality': 224, 'model_size': 1, 'parallelism': 1}",4.93,-1,7,-1
2025-07-03 22:43:01.872802,elastic-workbench-pc-visualizer,elastic-workbench-pc-visualizer-1,21,"{'data_quality': 40, 'model_size': 1, 'parallelism': 1}",1.0,-1,45,-1
2025-07-03 22:43:11.861028,elastic-workbench-qr-detector,elastic-workbench-qr-detector-1,25,"{'data_quality': 551, 'parallelism': 1}",2.08,-1,77,-1
2025-07-03 22:43:11.864157,elastic-workbench-cv-analyzer,elastic-workbench-cv-analyzer-1,91,"{'data_quality': 224, 'model_size': 1, 'parallelism': 1}",4.92,-1,8,-1
2025-07-03 22:43:11.866689,elastic-workbench-pc-visualizer,elastic-workbench-pc-visualizer-1,21,"{'data_quality': 40, 'model_size': 1, 'parallelism': 1}",1.0,-1,46,-1
2025-07-03 22:43:21.863946,elastic-workbench-qr-detector,elastic-workbench-qr-detector-1,26,"{'data_quality': 551, 'parallelism': 1}",2.07,-1,76,-1
2025-07-03 22:43:21.867051,elastic-workbench-cv-analyzer,elastic-workbench-cv-analyzer-1,105,"{'data_quality': 224, 'model_size': 1, 'parallelism': 1}",4.93,-1,8,-1
2025-07-03 22:43:21.873264,elastic-workbench-pc-visualizer,elastic-workbench-pc-visualizer-1,20,"{'data_quality': 40, 'model_size': 1, 'parallelism': 1}",1.0,-1,46,-1
2025-07-03 22:43:31.862097,elastic-workbench-qr-detector,elastic-workbench-qr-detector-1,26,"{'data_quality': 551, 'parallelism': 1}",2.07,-1,76,-1
2025-07-03 22:43:31.865030,elastic-workbench-cv-analyzer,elastic-workbench-cv-analyzer-1,152,"{'data_quality': 224, 'model_size': 1, 'parallelism': 1}",4.93,-1,6,-1
2025-07-03 22:43:31.867850,elastic-workbench-pc-visualizer,elastic-workbench-pc-visualizer-1,20,"{'data_quality': 40, 'model_size': 1, 'parallelism': 1}",1.0,-1,47,-1
2025-07-03 22:43:41.864453,elastic-workbench-qr-detector,elastic-workbench-qr-detector-1,26,"{'data_quality': 551, 'parallelism': 1}",2.07,-1,76,-1
2025-07-03 22:43:41.867420,elastic-workbench-cv-analyzer,elastic-workbench-cv-analyzer-1,112,"{'data_quality': 224, 'model_size': 1, 'parallelism': 1}",4.93,-1,8,-1
2025-07-03 22:43:41.872014,elastic-workbench-pc-visualizer,elastic-workbench-pc-visualizer-1,21,"{'data_quality': 40, 'model_size': 1, 'parallelism': 1}",1.0,-1,46,-1
2025-07-03 22:43:51.865541,elastic-workbench-qr-detector,elastic-workbench-qr-detector-1,26,"{'data_quality': 551, 'parallelism': 1}",2.07,-1,76,-1
2025-07-03 22:43:51.868197,elastic-workbench-cv-analyzer,elastic-workbench-cv-analyzer-1,91,"{'data_quality': 224, 'model_size': 1, 'parallelism': 1}",4.93,-1,8,-1
2025-07-03 22:43:51.874308,elastic-workbench-pc-visualizer,elastic-workbench-pc-visualizer-1,21,"{'data_quality': 40, 'model_size': 1, 'parallelism': 1}",1.0,-1,45,-1
2025-07-03 22:44:01.864597,elastic-workbench-qr-detector,elastic-workbench-qr-detector-1,26,"{'data_quality': 551, 'parallelism': 1}",2.07,-1,74,-1
2025-07-03 22:44:01.867511,elastic-workbench-cv-analyzer,elastic-workbench-cv-analyzer-1,133,"{'data_quality': 224, 'model_size': 1, 'parallelism': 1}",4.93,-1,7,-1
2025-07-03 22:44:01.870388,elastic-workbench-pc-visualizer,elastic-workbench-pc-visualizer-1,21,"{'data_quality': 40, 'model_size': 1, 'parallelism': 1}",1.0,-1,46,-1
2025-07-03 22:44:11.867527,elastic-workbench-qr-detector,elastic-workbench-qr-detector-1,26,"{'data_quality': 551, 'parallelism': 1}",2.06,-1,75,-1
2025-07-03 22:44:11.870514,elastic-workbench-cv-analyzer,elastic-workbench-cv-analyzer-1,120,"{'data_quality': 224, 'model_size': 1, 'parallelism': 1}",4.94,-1,7,-1
2025-07-03 22:44:11.873124,elastic-workbench-pc-visualizer,elastic-workbench-pc-visualizer-1,21,"{'data_quality': 40, 'model_size': 1, 'parallelism': 1}",1.0,-1,46,-1
2025-07-03 22:44:21.867142,elastic-workbench-qr-detector,elastic-workbench-qr-detector-1,26,"{'data_quality': 551, 'parallelism': 1}",2.06,-1,75,-1
2025-07-03 22:44:21.869940,elastic-workbench-cv-analyzer,elastic-workbench-cv-analyzer-1,97,"{'data_quality': 224, 'model_size': 1, 'parallelism': 1}",4.94,-1,8,-1
2025-07-03 22:44:21.872496,elastic-workbench-pc-visualizer,elastic-workbench-pc-visualizer-1,21,"{'data_quality': 40, 'model_size': 1, 'parallelism': 1}",1.0,-1,46,-1
2025-07-03 22:44:31.867653,elastic-workbench-qr-detector,elastic-workbench-qr-detector-1,26,"{'data_quality': 551, 'parallelism': 1}",2.06,-1,75,-1
2025-07-03 22:44:31.870507,elastic-workbench-cv-analyzer,elastic-workbench-cv-analyzer-1,157,"{'data_quality': 224, 'model_size': 1, 'parallelism': 1}",4.94,-1,6,-1
2025-07-03 22:44:31.873131,elastic-workbench-pc-visualizer,elastic-workbench-pc-visualizer-1,21,"{'data_quality': 40, 'model_size': 1, 'parallelism': 1}",1.0,-1,46,-1
2025-07-03 22:44:41.871428,elastic-workbench-qr-detector,elastic-workbench-qr-detector-1,24,"{'data_quality': 551, 'parallelism': 1}",2.08,-1,78,-1
2025-07-03 22:44:41.874036,elastic-workbench-cv-analyzer,elastic-workbench-cv-analyzer-1,117,"{'data_quality': 224, 'model_size': 1, 'parallelism': 1}",4.92,-1,7,-1
2025-07-03 22:44:41.876575,elastic-workbench-pc-visualizer,elastic-workbench-pc-visualizer-1,21,"{'data_quality': 40, 'model_size': 1, 'parallelism': 1}",1.0,-1,47,-1
2025-07-03 22:44:51.869227,elastic-workbench-qr-detector,elastic-workbench-qr-detector-1,26,"{'data_quality': 551, 'parallelism': 1}",2.07,-1,76,-1
2025-07-03 22:44:51.878260,elastic-workbench-cv-analyzer,elastic-workbench-cv-analyzer-1,107,"{'data_quality': 224, 'model_size': 1, 'parallelism': 1}",4.93,-1,8,-1
2025-07-03 22:44:51.881429,elastic-workbench-pc-visualizer,elastic-workbench-pc-visualizer-1,20,"{'data_quality': 40, 'model_size': 1, 'parallelism': 1}",1.0,-1,47,-1
2025-07-03 22:45:01.869580,elastic-workbench-qr-detector,elastic-workbench-qr-detector-1,25,"{'data_quality': 551, 'parallelism': 1}",2.08,-1,77,-1
2025-07-03 22:45:01.872405,elastic-workbench-cv-analyzer,elastic-workbench-cv-analyzer-1,113,"{'data_quality': 224, 'model_size': 1, 'parallelism': 1}",4.92,-1,8,-1
2025-07-03 22:45:01.874870,elastic-workbench-pc-visualizer,elastic-workbench-pc-visualizer-1,20,"{'data_quality': 40, 'model_size': 1, 'parallelism': 1}",1.0,-1,46,-1
2025-07-03 22:45:11.870603,elastic-workbench-qr-detector,elastic-workbench-qr-detector-1,25,"{'data_quality': 551, 'parallelism': 1}",2.09,-1,77,-1
2025-07-03 22:45:11.873809,elastic-workbench-cv-analyzer,elastic-workbench-cv-analyzer-1,107,"{'data_quality': 224, 'model_size': 1, 'parallelism': 1}",4.91,-1,8,-1
2025-07-03 22:45:11.877010,elastic-workbench-pc-visualizer,elastic-workbench-pc-visualizer-1,21,"{'data_quality': 40, 'model_size': 1, 'parallelism': 1}",1.0,-1,45,-1
2025-07-03 22:45:21.871170,elastic-workbench-qr-detector,elastic-workbench-qr-detector-1,25,"{'data_quality': 551, 'parallelism': 1}",2.1,-1,77,-1
2025-07-03 22:45:21.874263,elastic-workbench-cv-analyzer,elastic-workbench-cv-analyzer-1,115,"{'data_quality': 224, 'model_size': 1, 'parallelism': 1}",4.9,-1,8,-1
2025-07-03 22:45:21.877023,elastic-workbench-pc-visualizer,elastic-workbench-pc-visualizer-1,21,"{'data_quality': 40, 'model_size': 1, 'parallelism': 1}",1.0,-1,46,-1
2025-07-03 22:45:31.870761,elastic-workbench-qr-detector,elastic-workbench-qr-detector-1,25,"{'data_quality': 551, 'parallelism': 1}",2.09,-1,78,-1
2025-07-03 22:45:31.873608,elastic-workbench-cv-analyzer,elastic-workbench-cv-analyzer-1,105,"{'data_quality': 224, 'model_size': 1, 'parallelism': 1}",4.91,-1,8,-1
2025-07-03 22:45:31.876410,elastic-workbench-pc-visualizer,elastic-workbench-pc-visualizer-1,21,"{'data_quality': 40, 'model_size': 1, 'parallelism': 1}",1.0,-1,46,-1
2025-07-03 22:45:41.871875,elastic-workbench-qr-detector,elastic-workbench-qr-detector-1,25,"{'data_quality': 551, 'parallelism': 1}",2.1,-1,77,-1
2025-07-03 22:45:41.874693,elastic-workbench-cv-analyzer,elastic-workbench-cv-analyzer-1,129,"{'data_quality': 224, 'model_size': 1, 'parallelism': 1}",4.9,-1,7,-1
2025-07-03 22:45:41.877210,elastic-workbench-pc-visualizer,elastic-workbench-pc-visualizer-1,21,"{'data_quality': 40, 'model_size': 1, 'parallelism': 1}",1.0,-1,46,-1
2025-07-03 22:45:51.880421,elastic-workbench-qr-detector,elastic-workbench-qr-detector-1,25,"{'data_quality': 551, 'parallelism': 1}",2.09,-1,78,-1
2025-07-03 22:45:51.883594,elastic-workbench-cv-analyzer,elastic-workbench-cv-analyzer-1,115,"{'data_quality': 224, 'model_size': 1, 'parallelism': 1}",4.91,-1,8,-1
2025-07-03 22:45:51.886528,elastic-workbench-pc-visualizer,elastic-workbench-pc-visualizer-1,20,"{'data_quality': 40, 'model_size': 1, 'parallelism': 1}",1.0,-1,46,-1
2025-07-03 22:46:01.872679,elastic-workbench-qr-detector,elastic-workbench-qr-detector-1,25,"{'data_quality': 551, 'parallelism': 1}",2.09,-1,77,-1
2025-07-03 22:46:01.875621,elastic-workbench-cv-analyzer,elastic-workbench-cv-analyzer-1,125,"{'data_quality': 224, 'model_size': 1, 'parallelism': 1}",4.91,-1,7,-1
2025-07-03 22:46:01.878274,elastic-workbench-pc-visualizer,elastic-workbench-pc-visualizer-1,21,"{'data_quality': 40, 'model_size': 1, 'parallelism': 1}",1.0,-1,46,-1
2025-07-03 22:46:11.873628,elastic-workbench-qr-detector,elastic-workbench-qr-detector-1,25,"{'data_quality': 551, 'parallelism': 1}",2.1,-1,77,-1
2025-07-03 22:46:11.876619,elastic-workbench-cv-analyzer,elastic-workbench-cv-analyzer-1,124,"{'data_quality': 224, 'model_size': 1, 'parallelism': 1}",4.9,-1,7,-1
2025-07-03 22:46:11.879278,elastic-workbench-pc-visualizer,elastic-workbench-pc-visualizer-1,20,"{'data_quality': 40, 'model_size': 1, 'parallelism': 1}",1.0,-1,47,-1
2025-07-03 22:46:21.874800,elastic-workbench-qr-detector,elastic-workbench-qr-detector-1,25,"{'data_quality': 551, 'parallelism': 1}",2.09,-1,78,-1
2025-07-03 22:46:21.877640,elastic-workbench-cv-analyzer,elastic-workbench-cv-analyzer-1,115,"{'data_quality': 224, 'model_size': 1, 'parallelism': 1}",4.91,-1,8,-1
2025-07-03 22:46:21.880244,elastic-workbench-pc-visualizer,elastic-workbench-pc-visualizer-1,21,"{'data_quality': 40, 'model_size': 1, 'parallelism': 1}",1.0,-1,46,-1
2025-07-03 22:46:31.875491,elastic-workbench-qr-detector,elastic-workbench-qr-detector-1,26,"{'data_quality': 551, 'parallelism': 1}",2.09,-1,77,-1
2025-07-03 22:46:31.878376,elastic-workbench-cv-analyzer,elastic-workbench-cv-analyzer-1,125,"{'data_quality': 224, 'model_size': 1, 'parallelism': 1}",4.91,-1,7,-1
2025-07-03 22:46:31.881191,elastic-workbench-pc-visualizer,elastic-workbench-pc-visualizer-1,21,"{'data_quality': 40, 'model_size': 1, 'parallelism': 1}",1.0,-1,46,-1
2025-07-03 22:46:41.876885,elastic-workbench-qr-detector,elastic-workbench-qr-detector-1,25,"{'data_quality': 551, 'parallelism': 1}",2.1,-1,78,-1
2025-07-03 22:46:41.879728,elastic-workbench-cv-analyzer,elastic-workbench-cv-analyzer-1,114,"{'data_quality': 224, 'model_size': 1, 'parallelism': 1}",4.9,-1,8,-1
2025-07-03 22:46:41.882382,elastic-workbench-pc-visualizer,elastic-workbench-pc-visualizer-1,21,"{'data_quality': 40, 'model_size': 1, 'parallelism': 1}",1.0,-1,46,-1
2025-07-03 22:46:51.876789,elastic-workbench-qr-detector,elastic-workbench-qr-detector-1,25,"{'data_quality': 551, 'parallelism': 1}",2.13,-1,79,-1
2025-07-03 22:46:51.879992,elastic-workbench-cv-analyzer,elastic-workbench-cv-analyzer-1,115,"{'data_quality': 224, 'model_size': 1, 'parallelism': 1}",4.87,-1,7,-1
2025-07-03 22:46:51.882597,elastic-workbench-pc-visualizer,elastic-workbench-pc-visualizer-1,20,"{'data_quality': 40, 'model_size': 1, 'parallelism': 1}",1.0,-1,47,-1
2025-07-03 22:47:01.877684,elastic-workbench-qr-detector,elastic-workbench-qr-detector-1,24,"{'data_quality': 551, 'parallelism': 1}",2.11,-1,79,-1
2025-07-03 22:47:01.880570,elastic-workbench-cv-analyzer,elastic-workbench-cv-analyzer-1,119,"{'data_quality': 224, 'model_size': 1, 'parallelism': 1}",4.89,-1,7,-1
2025-07-03 22:47:01.883196,elastic-workbench-pc-visualizer,elastic-workbench-pc-visualizer-1,21,"{'data_quality': 40, 'model_size': 1, 'parallelism': 1}",1.0,-1,46,-1
2025-07-03 22:47:11.878167,elastic-workbench-qr-detector,elastic-workbench-qr-detector-1,25,"{'data_quality': 551, 'parallelism': 1}",2.11,-1,78,-1
2025-07-03 22:47:11.881200,elastic-workbench-cv-analyzer,elastic-workbench-cv-analyzer-1,129,"{'data_quality': 224, 'model_size': 1, 'parallelism': 1}",4.89,-1,7,-1
2025-07-03 22:47:11.883838,elastic-workbench-pc-visualizer,elastic-workbench-pc-visualizer-1,21,"{'data_quality': 40, 'model_size': 1, 'parallelism': 1}",1.0,-1,46,-1
2025-07-03 22:47:21.878384,elastic-workbench-qr-detector,elastic-workbench-qr-detector-1,25,"{'data_quality': 551, 'parallelism': 1}",2.12,-1,77,-1
2025-07-03 22:47:21.881481,elastic-workbench-cv-analyzer,elastic-workbench-cv-analyzer-1,134,"{'data_quality': 224, 'model_size': 1, 'parallelism': 1}",4.88,-1,7,-1
2025-07-03 22:47:21.884499,elastic-workbench-pc-visualizer,elastic-workbench-pc-visualizer-1,21,"{'data_quality': 40, 'model_size': 1, 'parallelism': 1}",1.0,-1,45,-1
2025-07-03 22:47:31.879683,elastic-workbench-qr-detector,elastic-workbench-qr-detector-1,24,"{'data_quality': 551, 'parallelism': 1}",2.13,-1,79,-1
2025-07-03 22:47:31.883666,elastic-workbench-cv-analyzer,elastic-workbench-cv-analyzer-1,114,"{'data_quality': 224, 'model_size': 1, 'parallelism': 1}",4.87,-1,7,-1
2025-07-03 22:47:31.886567,elastic-workbench-pc-visualizer,elastic-workbench-pc-visualizer-1,20,"{'data_quality': 40, 'model_size': 1, 'parallelism': 1}",1.0,-1,48,-1
2025-07-03 22:47:41.879208,elastic-workbench-qr-detector,elastic-workbench-qr-detector-1,25,"{'data_quality': 551, 'parallelism': 1}",2.11,-1,78,-1
2025-07-03 22:47:41.882027,elastic-workbench-cv-analyzer,elastic-workbench-cv-analyzer-1,119,"{'data_quality': 224, 'model_size': 1, 'parallelism': 1}",4.89,-1,7,-1
2025-07-03 22:47:41.884554,elastic-workbench-pc-visualizer,elastic-workbench-pc-visualizer-1,20,"{'data_quality': 40, 'model_size': 1, 'parallelism': 1}",1.0,-1,47,-1
2025-07-03 22:47:51.879991,elastic-workbench-qr-detector,elastic-workbench-qr-detector-1,25,"{'data_quality': 551, 'parallelism': 1}",2.13,-1,78,-1
2025-07-03 22:47:51.882918,elastic-workbench-cv-analyzer,elastic-workbench-cv-analyzer-1,134,"{'data_quality': 224, 'model_size': 1, 'parallelism': 1}",4.87,-1,6,-1
2025-07-03 22:47:51.885788,elastic-workbench-pc-visualizer,elastic-workbench-pc-visualizer-1,21,"{'data_quality': 40, 'model_size': 1, 'parallelism': 1}",1.0,-1,45,-1
2025-07-03 22:48:01.880415,elastic-workbench-qr-detector,elastic-workbench-qr-detector-1,25,"{'data_quality': 551, 'parallelism': 1}",2.12,-1,78,-1
2025-07-03 22:48:01.883358,elastic-workbench-cv-analyzer,elastic-workbench-cv-analyzer-1,133,"{'data_quality': 224, 'model_size': 1, 'parallelism': 1}",4.88,-1,6,-1
2025-07-03 22:48:01.886153,elastic-workbench-pc-visualizer,elastic-workbench-pc-visualizer-1,21,"{'data_quality': 40, 'model_size': 1, 'parallelism': 1}",1.0,-1,46,-1
2025-07-03 22:48:11.881084,elastic-workbench-qr-detector,elastic-workbench-qr-detector-1,25,"{'data_quality': 551, 'parallelism': 1}",2.11,-1,79,-1
2025-07-03 22:48:11.885975,elastic-workbench-cv-analyzer,elastic-workbench-cv-analyzer-1,116,"{'data_quality': 224, 'model_size': 1, 'parallelism': 1}",4.89,-1,7,-1
2025-07-03 22:48:11.888591,elastic-workbench-pc-visualizer,elastic-workbench-pc-visualizer-1,20,"{'data_quality': 40, 'model_size': 1, 'parallelism': 1}",1.0,-1,47,-1
2025-07-03 22:48:21.882915,elastic-workbench-qr-detector,elastic-workbench-qr-detector-1,25,"{'data_quality': 551, 'parallelism': 1}",2.11,-1,79,-1
2025-07-03 22:48:21.885775,elastic-workbench-cv-analyzer,elastic-workbench-cv-analyzer-1,149,"{'data_quality': 224, 'model_size': 1, 'parallelism': 1}",4.89,-1,7,-1
2025-07-03 22:48:21.888399,elastic-workbench-pc-visualizer,elastic-workbench-pc-visualizer-1,21,"{'data_quality': 40, 'model_size': 1, 'parallelism': 1}",1.0,-1,46,-1
2025-07-03 22:48:31.884096,elastic-workbench-qr-detector,elastic-workbench-qr-detector-1,25,"{'data_quality': 551, 'parallelism': 1}",2.11,-1,78,-1
2025-07-03 22:48:31.887381,elastic-workbench-cv-analyzer,elastic-workbench-cv-analyzer-1,105,"{'data_quality': 224, 'model_size': 1, 'parallelism': 1}",4.89,-1,8,-1
2025-07-03 22:48:31.896931,elastic-workbench-pc-visualizer,elastic-workbench-pc-visualizer-1,21,"{'data_quality': 40, 'model_size': 1, 'parallelism': 1}",1.0,-1,46,-1
2025-07-03 22:48:41.883458,elastic-workbench-qr-detector,elastic-workbench-qr-detector-1,25,"{'data_quality': 551, 'parallelism': 1}",2.11,-1,79,-1
2025-07-03 22:48:41.886295,elastic-workbench-cv-analyzer,elastic-workbench-cv-analyzer-1,133,"{'data_quality': 224, 'model_size': 1, 'parallelism': 1}",4.89,-1,6,-1
2025-07-03 22:48:41.888903,elastic-workbench-pc-visualizer,elastic-workbench-pc-visualizer-1,20,"{'data_quality': 40, 'model_size': 1, 'parallelism': 1}",1.0,-1,47,-1
2025-07-03 22:48:51.885485,elastic-workbench-qr-detector,elastic-workbench-qr-detector-1,24,"{'data_quality': 551, 'parallelism': 1}",2.1,-1,80,-1
2025-07-03 22:48:51.888424,elastic-workbench-cv-analyzer,elastic-workbench-cv-analyzer-1,107,"{'data_quality': 224, 'model_size': 1, 'parallelism': 1}",4.9,-1,8,-1
2025-07-03 22:48:51.890995,elastic-workbench-pc-visualizer,elastic-workbench-pc-visualizer-1,21,"{'data_quality': 40, 'model_size': 1, 'parallelism': 1}",1.0,-1,46,-1
2025-07-03 22:49:01.886532,elastic-workbench-qr-detector,elastic-workbench-qr-detector-1,24,"{'data_quality': 551, 'parallelism': 1}",2.12,-1,79,-1
2025-07-03 22:49:01.889774,elastic-workbench-cv-analyzer,elastic-workbench-cv-analyzer-1,117,"{'data_quality': 224, 'model_size': 1, 'parallelism': 1}",4.88,-1,8,-1
2025-07-03 22:49:01.892372,elastic-workbench-pc-visualizer,elastic-workbench-pc-visualizer-1,21,"{'data_quality': 40, 'model_size': 1, 'parallelism': 1}",1.0,-1,45,-1
2025-07-03 22:49:11.884986,elastic-workbench-qr-detector,elastic-workbench-qr-detector-1,24,"{'data_quality': 551, 'parallelism': 1}",2.11,-1,79,-1
2025-07-03 22:49:11.888124,elastic-workbench-cv-analyzer,elastic-workbench-cv-analyzer-1,151,"{'data_quality': 224, 'model_size': 1, 'parallelism': 1}",4.89,-1,6,-1
2025-07-03 22:49:11.891121,elastic-workbench-pc-visualizer,elastic-workbench-pc-visualizer-1,20,"{'data_quality': 40, 'model_size': 1, 'parallelism': 1}",1.0,-1,48,-1
2025-07-03 22:49:21.885931,elastic-workbench-qr-detector,elastic-workbench-qr-detector-1,25,"{'data_quality': 551, 'parallelism': 1}",2.11,-1,78,-1
2025-07-03 22:49:21.888748,elastic-workbench-cv-analyzer,elastic-workbench-cv-analyzer-1,138,"{'data_quality': 224, 'model_size': 1, 'parallelism': 1}",4.89,-1,6,-1
2025-07-03 22:49:21.891495,elastic-workbench-pc-visualizer,elastic-workbench-pc-visualizer-1,21,"{'data_quality': 40, 'model_size': 1, 'parallelism': 1}",1.0,-1,45,-1
2025-07-03 22:49:31.886874,elastic-workbench-qr-detector,elastic-workbench-qr-detector-1,25,"{'data_quality': 551, 'parallelism': 1}",2.1,-1,78,-1
2025-07-03 22:49:31.889727,elastic-workbench-cv-analyzer,elastic-workbench-cv-analyzer-1,114,"{'data_quality': 224, 'model_size': 1, 'parallelism': 1}",4.9,-1,7,-1
2025-07-03 22:49:31.892343,elastic-workbench-pc-visualizer,elastic-workbench-pc-visualizer-1,20,"{'data_quality': 40, 'model_size': 1, 'parallelism': 1}",1.0,-1,47,-1
2025-07-03 22:49:41.887543,elastic-workbench-qr-detector,elastic-workbench-qr-detector-1,25,"{'data_quality': 551, 'parallelism': 1}",2.11,-1,78,-1
2025-07-03 22:49:41.890274,elastic-workbench-cv-analyzer,elastic-workbench-cv-analyzer-1,102,"{'data_quality': 224, 'model_size': 1, 'parallelism': 1}",4.89,-1,8,-1
2025-07-03 22:49:41.893380,elastic-workbench-pc-visualizer,elastic-workbench-pc-visualizer-1,20,"{'data_quality': 40, 'model_size': 1, 'parallelism': 1}",1.0,-1,48,-1
2025-07-03 22:49:51.888225,elastic-workbench-qr-detector,elastic-workbench-qr-detector-1,25,"{'data_quality': 551, 'parallelism': 1}",2.11,-1,78,-1
2025-07-03 22:49:51.891063,elastic-workbench-cv-analyzer,elastic-workbench-cv-analyzer-1,109,"{'data_quality': 224, 'model_size': 1, 'parallelism': 1}",4.89,-1,8,-1
2025-07-03 22:49:51.893832,elastic-workbench-pc-visualizer,elastic-workbench-pc-visualizer-1,21,"{'data_quality': 40, 'model_size': 1, 'parallelism': 1}",1.0,-1,46,-1
2025-07-03 22:50:01.889230,elastic-workbench-qr-detector,elastic-workbench-qr-detector-1,25,"{'data_quality': 551, 'parallelism': 1}",2.11,-1,77,-1
2025-07-03 22:50:01.892198,elastic-workbench-cv-analyzer,elastic-workbench-cv-analyzer-1,115,"{'data_quality': 224, 'model_size': 1, 'parallelism': 1}",4.89,-1,8,-1
2025-07-03 22:50:01.894895,elastic-workbench-pc-visualizer,elastic-workbench-pc-visualizer-1,21,"{'data_quality': 40, 'model_size': 1, 'parallelism': 1}",1.0,-1,46,-1
2025-07-03 22:50:11.889825,elastic-workbench-qr-detector,elastic-workbench-qr-detector-1,25,"{'data_quality': 551, 'parallelism': 1}",2.1,-1,77,-1
2025-07-03 22:50:11.892958,elastic-workbench-cv-analyzer,elastic-workbench-cv-analyzer-1,130,"{'data_quality': 224, 'model_size': 1, 'parallelism': 1}",4.9,-1,7,-1
2025-07-03 22:50:11.895570,elastic-workbench-pc-visualizer,elastic-workbench-pc-visualizer-1,21,"{'data_quality': 40, 'model_size': 1, 'parallelism': 1}",1.0,-1,46,-1
2025-07-03 22:50:21.890818,elastic-workbench-qr-detector,elastic-workbench-qr-detector-1,24,"{'data_quality': 551, 'parallelism': 1}",2.1,-1,79,-1
2025-07-03 22:50:21.893765,elastic-workbench-cv-analyzer,elastic-workbench-cv-analyzer-1,120,"{'data_quality': 224, 'model_size': 1, 'parallelism': 1}",4.9,-1,8,-1
2025-07-03 22:50:21.896629,elastic-workbench-pc-visualizer,elastic-workbench-pc-visualizer-1,21,"{'data_quality': 40, 'model_size': 1, 'parallelism': 1}",1.0,-1,46,-1
2025-07-03 22:50:31.891912,elastic-workbench-qr-detector,elastic-workbench-qr-detector-1,25,"{'data_quality': 551, 'parallelism': 1}",2.1,-1,78,-1
2025-07-03 22:50:31.894518,elastic-workbench-cv-analyzer,elastic-workbench-cv-analyzer-1,117,"{'data_quality': 224, 'model_size': 1, 'parallelism': 1}",4.9,-1,7,-1
2025-07-03 22:50:31.897088,elastic-workbench-pc-visualizer,elastic-workbench-pc-visualizer-1,21,"{'data_quality': 40, 'model_size': 1, 'parallelism': 1}",1.0,-1,46,-1
2025-07-03 22:50:41.892995,elastic-workbench-qr-detector,elastic-workbench-qr-detector-1,25,"{'data_quality': 551, 'parallelism': 1}",2.1,-1,79,-1
2025-07-03 22:50:41.896243,elastic-workbench-cv-analyzer,elastic-workbench-cv-analyzer-1,142,"{'data_quality': 224, 'model_size': 1, 'parallelism': 1}",4.9,-1,6,-1
2025-07-03 22:50:41.899199,elastic-workbench-pc-visualizer,elastic-workbench-pc-visualizer-1,21,"{'data_quality': 40, 'model_size': 1, 'parallelism': 1}",1.0,-1,46,-1
2025-07-03 22:50:51.892880,elastic-workbench-qr-detector,elastic-workbench-qr-detector-1,25,"{'data_quality': 551, 'parallelism': 1}",2.09,-1,78,-1
2025-07-03 22:50:51.902691,elastic-workbench-cv-analyzer,elastic-workbench-cv-analyzer-1,136,"{'data_quality': 224, 'model_size': 1, 'parallelism': 1}",4.91,-1,7,-1
2025-07-03 22:50:51.905422,elastic-workbench-pc-visualizer,elastic-workbench-pc-visualizer-1,21,"{'data_quality': 40, 'model_size': 1, 'parallelism': 1}",1.0,-1,47,-1
2025-07-03 22:51:01.893440,elastic-workbench-qr-detector,elastic-workbench-qr-detector-1,25,"{'data_quality': 551, 'parallelism': 1}",2.11,-1,79,-1
2025-07-03 22:51:01.896347,elastic-workbench-cv-analyzer,elastic-workbench-cv-analyzer-1,128,"{'data_quality': 224, 'model_size': 1, 'parallelism': 1}",4.89,-1,7,-1
2025-07-03 22:51:01.898856,elastic-workbench-pc-visualizer,elastic-workbench-pc-visualizer-1,21,"{'data_quality': 40, 'model_size': 1, 'parallelism': 1}",1.0,-1,46,-1
2025-07-03 22:51:11.894104,elastic-workbench-qr-detector,elastic-workbench-qr-detector-1,25,"{'data_quality': 551, 'parallelism': 1}",2.14,-1,78,-1
2025-07-03 22:51:11.896993,elastic-workbench-cv-analyzer,elastic-workbench-cv-analyzer-1,114,"{'data_quality': 224, 'model_size': 1, 'parallelism': 1}",4.86,-1,8,-1
2025-07-03 22:51:11.899501,elastic-workbench-pc-visualizer,elastic-workbench-pc-visualizer-1,21,"{'data_quality': 40, 'model_size': 1, 'parallelism': 1}",1.0,-1,46,-1
2025-07-03 22:51:21.894703,elastic-workbench-qr-detector,elastic-workbench-qr-detector-1,24,"{'data_quality': 547, 'parallelism': 1}",2.14,-1,81,-1
2025-07-03 22:51:21.897907,elastic-workbench-cv-analyzer,elastic-workbench-cv-analyzer-1,108,"{'data_quality': 194, 'model_size': 1, 'parallelism': 1}",4.86,-1,8,-1
2025-07-03 22:51:21.901826,elastic-workbench-pc-visualizer,elastic-workbench-pc-visualizer-1,21,"{'data_quality': 40, 'model_size': 1, 'parallelism': 1}",1.0,-1,46,-1
2025-07-03 22:51:31.902427,elastic-workbench-qr-detector,elastic-workbench-qr-detector-1,24,"{'data_quality': 547, 'parallelism': 1}",2.16,-1,83,-1
2025-07-03 22:51:31.905560,elastic-workbench-cv-analyzer,elastic-workbench-cv-analyzer-1,127,"{'data_quality': 194, 'model_size': 1, 'parallelism': 1}",4.84,-1,7,-1
2025-07-03 22:51:31.908408,elastic-workbench-pc-visualizer,elastic-workbench-pc-visualizer-1,20,"{'data_quality': 40, 'model_size': 1, 'parallelism': 1}",1.0,-1,48,-1
2025-07-03 22:51:41.897474,elastic-workbench-qr-detector,elastic-workbench-qr-detector-1,23,"{'data_quality': 547, 'parallelism': 1}",2.18,-1,83,-1
2025-07-03 22:51:41.900370,elastic-workbench-cv-analyzer,elastic-workbench-cv-analyzer-1,101,"{'data_quality': 194, 'model_size': 1, 'parallelism': 1}",4.82,-1,8,-1
2025-07-03 22:51:41.903824,elastic-workbench-pc-visualizer,elastic-workbench-pc-visualizer-1,21,"{'data_quality': 40, 'model_size': 1, 'parallelism': 1}",1.0,-1,46,-1
2025-07-03 22:51:51.898498,elastic-workbench-qr-detector,elastic-workbench-qr-detector-1,23,"{'data_quality': 547, 'parallelism': 1}",2.17,-1,83,-1
2025-07-03 22:51:51.901556,elastic-workbench-cv-analyzer,elastic-workbench-cv-analyzer-1,103,"{'data_quality': 194, 'model_size': 1, 'parallelism': 1}",4.83,-1,8,-1
2025-07-03 22:51:51.904230,elastic-workbench-pc-visualizer,elastic-workbench-pc-visualizer-1,20,"{'data_quality': 40, 'model_size': 1, 'parallelism': 1}",1.0,-1,47,-1
2025-07-03 22:52:01.905332,elastic-workbench-qr-detector,elastic-workbench-qr-detector-1,24,"{'data_quality': 547, 'parallelism': 1}",2.15,-1,82,-1
2025-07-03 22:52:01.908743,elastic-workbench-cv-analyzer,elastic-workbench-cv-analyzer-1,114,"{'data_quality': 194, 'model_size': 1, 'parallelism': 1}",4.85,-1,8,-1
2025-07-03 22:52:01.911815,elastic-workbench-pc-visualizer,elastic-workbench-pc-visualizer-1,19,"{'data_quality': 40, 'model_size': 1, 'parallelism': 1}",1.0,-1,49,-1
2025-07-03 22:52:11.900481,elastic-workbench-qr-detector,elastic-workbench-qr-detector-1,24,"{'data_quality': 547, 'parallelism': 1}",2.13,-1,80,-1
2025-07-03 22:52:11.903422,elastic-workbench-cv-analyzer,elastic-workbench-cv-analyzer-1,134,"{'data_quality': 194, 'model_size': 1, 'parallelism': 1}",4.87,-1,7,-1
2025-07-03 22:52:11.906096,elastic-workbench-pc-visualizer,elastic-workbench-pc-visualizer-1,20,"{'data_quality': 40, 'model_size': 1, 'parallelism': 1}",1.0,-1,47,-1
2025-07-03 22:52:21.900526,elastic-workbench-qr-detector,elastic-workbench-qr-detector-1,24,"{'data_quality': 547, 'parallelism': 1}",2.11,-1,81,-1
2025-07-03 22:52:21.903370,elastic-workbench-cv-analyzer,elastic-workbench-cv-analyzer-1,109,"{'data_quality': 194, 'model_size': 1, 'parallelism': 1}",4.89,-1,8,-1
2025-07-03 22:52:21.906164,elastic-workbench-pc-visualizer,elastic-workbench-pc-visualizer-1,21,"{'data_quality': 40, 'model_size': 1, 'parallelism': 1}",1.0,-1,46,-1
2025-07-03 22:52:31.900907,elastic-workbench-qr-detector,elastic-workbench-qr-detector-1,24,"{'data_quality': 547, 'parallelism': 1}",2.11,-1,80,-1
2025-07-03 22:52:31.904134,elastic-workbench-cv-analyzer,elastic-workbench-cv-analyzer-1,126,"{'data_quality': 194, 'model_size': 1, 'parallelism': 1}",4.89,-1,7,-1
2025-07-03 22:52:31.906747,elastic-workbench-pc-visualizer,elastic-workbench-pc-visualizer-1,21,"{'data_quality': 40, 'model_size': 1, 'parallelism': 1}",1.0,-1,46,-1
2025-07-03 22:52:41.901742,elastic-workbench-qr-detector,elastic-workbench-qr-detector-1,25,"{'data_quality': 547, 'parallelism': 1}",2.09,-1,78,-1
2025-07-03 22:52:41.905048,elastic-workbench-cv-analyzer,elastic-workbench-cv-analyzer-1,76,"{'data_quality': 194, 'model_size': 1, 'parallelism': 1}",4.91,-1,9,-1
2025-07-03 22:52:41.907622,elastic-workbench-pc-visualizer,elastic-workbench-pc-visualizer-1,21,"{'data_quality': 40, 'model_size': 1, 'parallelism': 1}",1.0,-1,46,-1
2025-07-03 22:52:51.902521,elastic-workbench-qr-detector,elastic-workbench-qr-detector-1,25,"{'data_quality': 547, 'parallelism': 1}",2.07,-1,77,-1
2025-07-03 22:52:51.905343,elastic-workbench-cv-analyzer,elastic-workbench-cv-analyzer-1,87,"{'data_quality': 194, 'model_size': 1, 'parallelism': 1}",4.93,-1,9,-1
2025-07-03 22:52:51.907827,elastic-workbench-pc-visualizer,elastic-workbench-pc-visualizer-1,21,"{'data_quality': 40, 'model_size': 1, 'parallelism': 1}",1.0,-1,46,-1
2025-07-03 22:53:01.902377,elastic-workbench-qr-detector,elastic-workbench-qr-detector-1,25,"{'data_quality': 547, 'parallelism': 1}",2.07,-1,78,-1
2025-07-03 22:53:01.905342,elastic-workbench-cv-analyzer,elastic-workbench-cv-analyzer-1,106,"{'data_quality': 194, 'model_size': 1, 'parallelism': 1}",4.93,-1,8,-1
2025-07-03 22:53:01.908392,elastic-workbench-pc-visualizer,elastic-workbench-pc-visualizer-1,20,"{'data_quality': 40, 'model_size': 1, 'parallelism': 1}",1.0,-1,47,-1
2025-07-03 22:53:11.902293,elastic-workbench-qr-detector,elastic-workbench-qr-detector-1,25,"{'data_quality': 547, 'parallelism': 1}",2.06,-1,79,-1
2025-07-03 22:53:11.905344,elastic-workbench-cv-analyzer,elastic-workbench-cv-analyzer-1,126,"{'data_quality': 194, 'model_size': 1, 'parallelism': 1}",4.94,-1,7,-1
2025-07-03 22:53:11.908205,elastic-workbench-pc-visualizer,elastic-workbench-pc-visualizer-1,20,"{'data_quality': 40, 'model_size': 1, 'parallelism': 1}",1.0,-1,47,-1
2025-07-03 22:53:21.903326,elastic-workbench-qr-detector,elastic-workbench-qr-detector-1,25,"{'data_quality': 547, 'parallelism': 1}",2.04,-1,78,-1
2025-07-03 22:53:21.906323,elastic-workbench-cv-analyzer,elastic-workbench-cv-analyzer-1,106,"{'data_quality': 194, 'model_size': 1, 'parallelism': 1}",4.96,-1,8,-1
2025-07-03 22:53:21.909088,elastic-workbench-pc-visualizer,elastic-workbench-pc-visualizer-1,21,"{'data_quality': 40, 'model_size': 1, 'parallelism': 1}",1.0,-1,47,-1
2025-07-03 22:53:31.909804,elastic-workbench-qr-detector,elastic-workbench-qr-detector-1,26,"{'data_quality': 547, 'parallelism': 1}",2.02,-1,75,-1
2025-07-03 22:53:31.912467,elastic-workbench-cv-analyzer,elastic-workbench-cv-analyzer-1,102,"{'data_quality': 194, 'model_size': 1, 'parallelism': 1}",4.98,-1,7,-1
2025-07-03 22:53:31.921264,elastic-workbench-pc-visualizer,elastic-workbench-pc-visualizer-1,21,"{'data_quality': 40, 'model_size': 1, 'parallelism': 1}",1.0,-1,46,-1
2025-07-03 22:53:41.904903,elastic-workbench-qr-detector,elastic-workbench-qr-detector-1,25,"{'data_quality': 547, 'parallelism': 1}",2.01,-1,75,-1
2025-07-03 22:53:41.907935,elastic-workbench-cv-analyzer,elastic-workbench-cv-analyzer-1,115,"{'data_quality': 194, 'model_size': 1, 'parallelism': 1}",4.99,-1,7,-1
2025-07-03 22:53:41.910647,elastic-workbench-pc-visualizer,elastic-workbench-pc-visualizer-1,21,"{'data_quality': 40, 'model_size': 1, 'parallelism': 1}",1.0,-1,47,-1
2025-07-03 22:53:51.906011,elastic-workbench-qr-detector,elastic-workbench-qr-detector-1,26,"{'data_quality': 547, 'parallelism': 1}",2.01,-1,75,-1
2025-07-03 22:53:51.909631,elastic-workbench-cv-analyzer,elastic-workbench-cv-analyzer-1,96,"{'data_quality': 194, 'model_size': 1, 'parallelism': 1}",4.99,-1,8,-1
2025-07-03 22:53:51.920197,elastic-workbench-pc-visualizer,elastic-workbench-pc-visualizer-1,21,"{'data_quality': 40, 'model_size': 1, 'parallelism': 1}",1.0,-1,46,-1
2025-07-03 22:54:01.906653,elastic-workbench-qr-detector,elastic-workbench-qr-detector-1,25,"{'data_quality': 547, 'parallelism': 1}",2.01,-1,78,-1
2025-07-03 22:54:01.910017,elastic-workbench-cv-analyzer,elastic-workbench-cv-analyzer-1,123,"{'data_quality': 194, 'model_size': 1, 'parallelism': 1}",4.99,-1,7,-1
2025-07-03 22:54:01.913008,elastic-workbench-pc-visualizer,elastic-workbench-pc-visualizer-1,19,"{'data_quality': 40, 'model_size': 1, 'parallelism': 1}",1.0,-1,48,-1
2025-07-03 22:54:11.907490,elastic-workbench-qr-detector,elastic-workbench-qr-detector-1,26,"{'data_quality': 547, 'parallelism': 1}",2.0,-1,75,-1
2025-07-03 22:54:11.910347,elastic-workbench-cv-analyzer,elastic-workbench-cv-analyzer-1,114,"{'data_quality': 194, 'model_size': 1, 'parallelism': 1}",5.0,-1,7,-1
2025-07-03 22:54:11.920253,elastic-workbench-pc-visualizer,elastic-workbench-pc-visualizer-1,21,"{'data_quality': 40, 'model_size': 1, 'parallelism': 1}",1.0,-1,46,-1
2025-07-03 22:54:21.908120,elastic-workbench-qr-detector,elastic-workbench-qr-detector-1,26,"{'data_quality': 547, 'parallelism': 1}",2.0,-1,73,-1
2025-07-03 22:54:21.911066,elastic-workbench-cv-analyzer,elastic-workbench-cv-analyzer-1,129,"{'data_quality': 194, 'model_size': 1, 'parallelism': 1}",5.0,-1,6,-1
2025-07-03 22:54:21.917297,elastic-workbench-pc-visualizer,elastic-workbench-pc-visualizer-1,21,"{'data_quality': 40, 'model_size': 1, 'parallelism': 1}",1.0,-1,47,-1
2025-07-03 22:54:31.909112,elastic-workbench-qr-detector,elastic-workbench-qr-detector-1,26,"{'data_quality': 547, 'parallelism': 1}",2.0,-1,75,-1
2025-07-03 22:54:31.911934,elastic-workbench-cv-analyzer,elastic-workbench-cv-analyzer-1,110,"{'data_quality': 194, 'model_size': 1, 'parallelism': 1}",5.0,-1,7,-1
2025-07-03 22:54:31.927505,elastic-workbench-pc-visualizer,elastic-workbench-pc-visualizer-1,21,"{'data_quality': 40, 'model_size': 1, 'parallelism': 1}",1.0,-1,46,-1
2025-07-03 22:54:41.909781,elastic-workbench-qr-detector,elastic-workbench-qr-detector-1,26,"{'data_quality': 547, 'parallelism': 1}",1.98,-1,75,-1
2025-07-03 22:54:41.912641,elastic-workbench-cv-analyzer,elastic-workbench-cv-analyzer-1,110,"{'data_quality': 194, 'model_size': 1, 'parallelism': 1}",5.02,-1,7,-1
2025-07-03 22:54:41.921687,elastic-workbench-pc-visualizer,elastic-workbench-pc-visualizer-1,20,"{'data_quality': 40, 'model_size': 1, 'parallelism': 1}",1.0,-1,47,-1
2025-07-03 22:54:51.912305,elastic-workbench-qr-detector,elastic-workbench-qr-detector-1,26,"{'data_quality': 547, 'parallelism': 1}",1.98,-1,74,-1
2025-07-03 22:54:51.918732,elastic-workbench-cv-analyzer,elastic-workbench-cv-analyzer-1,104,"{'data_quality': 194, 'model_size': 1, 'parallelism': 1}",5.02,-1,8,-1
2025-07-03 22:54:51.926467,elastic-workbench-pc-visualizer,elastic-workbench-pc-visualizer-1,20,"{'data_quality': 40, 'model_size': 1, 'parallelism': 1}",1.0,-1,47,-1
2025-07-03 22:55:01.912720,elastic-workbench-qr-detector,elastic-workbench-qr-detector-1,27,"{'data_quality': 547, 'parallelism': 1}",1.98,-1,73,-1
2025-07-03 22:55:01.918304,elastic-workbench-cv-analyzer,elastic-workbench-cv-analyzer-1,105,"{'data_quality': 194, 'model_size': 1, 'parallelism': 1}",5.02,-1,7,-1
2025-07-03 22:55:01.931584,elastic-workbench-pc-visualizer,elastic-workbench-pc-visualizer-1,20,"{'data_quality': 40, 'model_size': 1, 'parallelism': 1}",1.0,-1,47,-1
2025-07-03 22:55:11.912424,elastic-workbench-qr-detector,elastic-workbench-qr-detector-1,26,"{'data_quality': 547, 'parallelism': 1}",1.96,-1,73,-1
2025-07-03 22:55:11.918481,elastic-workbench-cv-analyzer,elastic-workbench-cv-analyzer-1,103,"{'data_quality': 194, 'model_size': 1, 'parallelism': 1}",5.04,-1,8,-1
2025-07-03 22:55:11.923240,elastic-workbench-pc-visualizer,elastic-workbench-pc-visualizer-1,21,"{'data_quality': 40, 'model_size': 1, 'parallelism': 1}",1.0,-1,47,-1
2025-07-03 22:55:21.917358,elastic-workbench-qr-detector,elastic-workbench-qr-detector-1,26,"{'data_quality': 547, 'parallelism': 1}",1.97,-1,74,-1
2025-07-03 22:55:21.926261,elastic-workbench-cv-analyzer,elastic-workbench-cv-analyzer-1,100,"{'data_quality': 194, 'model_size': 1, 'parallelism': 1}",5.03,-1,7,-1
2025-07-03 22:55:21.928660,elastic-workbench-pc-visualizer,elastic-workbench-pc-visualizer-1,21,"{'data_quality': 40, 'model_size': 1, 'parallelism': 1}",1.0,-1,46,-1
2025-07-03 22:55:31.912806,elastic-workbench-qr-detector,elastic-workbench-qr-detector-1,26,"{'data_quality': 547, 'parallelism': 1}",1.97,-1,75,-1
2025-07-03 22:55:31.921797,elastic-workbench-cv-analyzer,elastic-workbench-cv-analyzer-1,127,"{'data_quality': 194, 'model_size': 1, 'parallelism': 1}",5.03,-1,7,-1
2025-07-03 22:55:31.924535,elastic-workbench-pc-visualizer,elastic-workbench-pc-visualizer-1,20,"{'data_quality': 40, 'model_size': 1, 'parallelism': 1}",1.0,-1,47,-1
2025-07-03 22:55:41.928629,elastic-workbench-qr-detector,elastic-workbench-qr-detector-1,26,"{'data_quality': 547, 'parallelism': 1}",1.97,-1,74,-1
2025-07-03 22:55:41.936824,elastic-workbench-cv-analyzer,elastic-workbench-cv-analyzer-1,105,"{'data_quality': 194, 'model_size': 1, 'parallelism': 1}",5.03,-1,8,-1
2025-07-03 22:55:41.941543,elastic-workbench-pc-visualizer,elastic-workbench-pc-visualizer-1,21,"{'data_quality': 40, 'model_size': 1, 'parallelism': 1}",1.0,-1,45,-1
2025-07-03 22:55:51.917393,elastic-workbench-qr-detector,elastic-workbench-qr-detector-1,26,"{'data_quality': 547, 'parallelism': 1}",1.98,-1,75,-1
2025-07-03 22:55:51.920425,elastic-workbench-cv-analyzer,elastic-workbench-cv-analyzer-1,97,"{'data_quality': 194, 'model_size': 1, 'parallelism': 1}",5.02,-1,8,-1
2025-07-03 22:55:51.928358,elastic-workbench-pc-visualizer,elastic-workbench-pc-visualizer-1,21,"{'data_quality': 40, 'model_size': 1, 'parallelism': 1}",1.0,-1,46,-1
2025-07-03 22:56:01.923997,elastic-workbench-qr-detector,elastic-workbench-qr-detector-1,26,"{'data_quality': 547, 'parallelism': 1}",1.97,-1,74,-1
2025-07-03 22:56:01.926807,elastic-workbench-cv-analyzer,elastic-workbench-cv-analyzer-1,100,"{'data_quality': 194, 'model_size': 1, 'parallelism': 1}",5.03,-1,8,-1
2025-07-03 22:56:01.932384,elastic-workbench-pc-visualizer,elastic-workbench-pc-visualizer-1,20,"{'data_quality': 40, 'model_size': 1, 'parallelism': 1}",1.0,-1,47,-1
2025-07-03 22:56:11.927480,elastic-workbench-qr-detector,elastic-workbench-qr-detector-1,27,"{'data_quality': 547, 'parallelism': 1}",1.96,-1,73,-1
2025-07-03 22:56:11.936152,elastic-workbench-cv-analyzer,elastic-workbench-cv-analyzer-1,113,"{'data_quality': 194, 'model_size': 1, 'parallelism': 1}",5.04,-1,7,-1
2025-07-03 22:56:11.938981,elastic-workbench-pc-visualizer,elastic-workbench-pc-visualizer-1,21,"{'data_quality': 40, 'model_size': 1, 'parallelism': 1}",1.0,-1,47,-1
2025-07-03 22:56:21.920647,elastic-workbench-qr-detector,elastic-workbench-qr-detector-1,26,"{'data_quality': 547, 'parallelism': 1}",1.96,-1,74,-1
2025-07-03 22:56:21.926408,elastic-workbench-cv-analyzer,elastic-workbench-cv-analyzer-1,104,"{'data_quality': 194, 'model_size': 1, 'parallelism': 1}",5.04,-1,8,-1
2025-07-03 22:56:21.929383,elastic-workbench-pc-visualizer,elastic-workbench-pc-visualizer-1,20,"{'data_quality': 40, 'model_size': 1, 'parallelism': 1}",1.0,-1,48,-1
2025-07-03 22:56:31.923856,elastic-workbench-qr-detector,elastic-workbench-qr-detector-1,25,"{'data_quality': 547, 'parallelism': 1}",1.95,-1,75,-1
2025-07-03 22:56:31.927439,elastic-workbench-cv-analyzer,elastic-workbench-cv-analyzer-1,142,"{'data_quality': 194, 'model_size': 1, 'parallelism': 1}",5.05,-1,6,-1
2025-07-03 22:56:31.930246,elastic-workbench-pc-visualizer,elastic-workbench-pc-visualizer-1,20,"{'data_quality': 40, 'model_size': 1, 'parallelism': 1}",1.0,-1,47,-1
2025-07-03 22:56:41.927493,elastic-workbench-qr-detector,elastic-workbench-qr-detector-1,26,"{'data_quality': 547, 'parallelism': 1}",1.94,-1,75,-1
2025-07-03 22:56:41.931430,elastic-workbench-cv-analyzer,elastic-workbench-cv-analyzer-1,109,"{'data_quality': 194, 'model_size': 1, 'parallelism': 1}",5.06,-1,7,-1
2025-07-03 22:56:41.933879,elastic-workbench-pc-visualizer,elastic-workbench-pc-visualizer-1,21,"{'data_quality': 40, 'model_size': 1, 'parallelism': 1}",1.0,-1,46,-1
2025-07-03 22:56:51.925396,elastic-workbench-qr-detector,elastic-workbench-qr-detector-1,26,"{'data_quality': 547, 'parallelism': 1}",1.94,-1,75,-1
2025-07-03 22:56:51.928163,elastic-workbench-cv-analyzer,elastic-workbench-cv-analyzer-1,114,"{'data_quality': 194, 'model_size': 1, 'parallelism': 1}",5.06,-1,7,-1
2025-07-03 22:56:51.930885,elastic-workbench-pc-visualizer,elastic-workbench-pc-visualizer-1,21,"{'data_quality': 40, 'model_size': 1, 'parallelism': 1}",1.0,-1,47,-1
2025-07-03 22:57:01.932378,elastic-workbench-qr-detector,elastic-workbench-qr-detector-1,26,"{'data_quality': 547, 'parallelism': 1}",1.93,-1,74,-1
2025-07-03 22:57:01.938715,elastic-workbench-cv-analyzer,elastic-workbench-cv-analyzer-1,96,"{'data_quality': 194, 'model_size': 1, 'parallelism': 1}",5.07,-1,7,-1
2025-07-03 22:57:01.944271,elastic-workbench-pc-visualizer,elastic-workbench-pc-visualizer-1,21,"{'data_quality': 40, 'model_size': 1, 'parallelism': 1}",1.0,-1,46,-1
2025-07-03 22:57:11.929574,elastic-workbench-qr-detector,elastic-workbench-qr-detector-1,26,"{'data_quality': 547, 'parallelism': 1}",1.92,-1,73,-1
2025-07-03 22:57:11.932201,elastic-workbench-cv-analyzer,elastic-workbench-cv-analyzer-1,208,"{'data_quality': 194, 'model_size': 2, 'parallelism': 1}",5.08,-1,4,-1
2025-07-03 22:57:11.935023,elastic-workbench-pc-visualizer,elastic-workbench-pc-visualizer-1,21,"{'data_quality': 40, 'model_size': 1, 'parallelism': 1}",1.0,-1,45,-1
2025-07-03 22:57:21.935410,elastic-workbench-qr-detector,elastic-workbench-qr-detector-1,27,"{'data_quality': 547, 'parallelism': 1}",1.91,-1,72,-1
2025-07-03 22:57:21.940730,elastic-workbench-cv-analyzer,elastic-workbench-cv-analyzer-1,196,"{'data_quality': 194, 'model_size': 2, 'parallelism': 1}",5.09,-1,4,-1
2025-07-03 22:57:21.946836,elastic-workbench-pc-visualizer,elastic-workbench-pc-visualizer-1,21,"{'data_quality': 40, 'model_size': 1, 'parallelism': 1}",1.0,-1,46,-1
2025-07-03 22:57:31.929721,elastic-workbench-qr-detector,elastic-workbench-qr-detector-1,25,"{'data_quality': 547, 'parallelism': 1}",1.92,-1,73,-1
2025-07-03 22:57:31.932467,elastic-workbench-cv-analyzer,elastic-workbench-cv-analyzer-1,206,"{'data_quality': 194, 'model_size': 2, 'parallelism': 1}",5.08,-1,4,-1
2025-07-03 22:57:31.934995,elastic-workbench-pc-visualizer,elastic-workbench-pc-visualizer-1,21,"{'data_quality': 40, 'model_size': 1, 'parallelism': 1}",1.0,-1,46,-1
2025-07-03 22:57:41.930486,elastic-workbench-qr-detector,elastic-workbench-qr-detector-1,25,"{'data_quality': 547, 'parallelism': 1}",1.91,-1,73,-1
2025-07-03 22:57:41.933418,elastic-workbench-cv-analyzer,elastic-workbench-cv-analyzer-1,196,"{'data_quality': 194, 'model_size': 2, 'parallelism': 1}",5.09,-1,4,-1
2025-07-03 22:57:41.938597,elastic-workbench-pc-visualizer,elastic-workbench-pc-visualizer-1,20,"{'data_quality': 40, 'model_size': 1, 'parallelism': 1}",1.0,-1,47,-1
2025-07-03 22:57:51.939775,elastic-workbench-qr-detector,elastic-workbench-qr-detector-1,25,"{'data_quality': 547, 'parallelism': 1}",1.91,-1,73,-1
2025-07-03 22:57:51.942420,elastic-workbench-cv-analyzer,elastic-workbench-cv-analyzer-1,179,"{'data_quality': 194, 'model_size': 2, 'parallelism': 1}",5.09,-1,5,-1
2025-07-03 22:57:51.951153,elastic-workbench-pc-visualizer,elastic-workbench-pc-visualizer-1,21,"{'data_quality': 40, 'model_size': 1, 'parallelism': 1}",1.0,-1,46,-1
2025-07-03 22:58:01.935278,elastic-workbench-qr-detector,elastic-workbench-qr-detector-1,25,"{'data_quality': 547, 'parallelism': 1}",1.91,-1,72,-1
2025-07-03 22:58:01.941478,elastic-workbench-cv-analyzer,elastic-workbench-cv-analyzer-1,209,"{'data_quality': 194, 'model_size': 2, 'parallelism': 1}",5.09,-1,4,-1
2025-07-03 22:58:01.943939,elastic-workbench-pc-visualizer,elastic-workbench-pc-visualizer-1,21,"{'data_quality': 40, 'model_size': 1, 'parallelism': 1}",1.0,-1,46,-1
2025-07-03 22:58:11.932024,elastic-workbench-qr-detector,elastic-workbench-qr-detector-1,26,"{'data_quality': 547, 'parallelism': 1}",1.9,-1,72,-1
2025-07-03 22:58:11.934936,elastic-workbench-cv-analyzer,elastic-workbench-cv-analyzer-1,211,"{'data_quality': 194, 'model_size': 2, 'parallelism': 1}",5.1,-1,4,-1
2025-07-03 22:58:11.937688,elastic-workbench-pc-visualizer,elastic-workbench-pc-visualizer-1,21,"{'data_quality': 40, 'model_size': 1, 'parallelism': 1}",1.0,-1,46,-1
2025-07-03 22:58:21.933307,elastic-workbench-qr-detector,elastic-workbench-qr-detector-1,26,"{'data_quality': 547, 'parallelism': 1}",1.9,-1,71,-1
2025-07-03 22:58:21.937633,elastic-workbench-cv-analyzer,elastic-workbench-cv-analyzer-1,229,"{'data_quality': 194, 'model_size': 2, 'parallelism': 1}",5.1,-1,3,-1
2025-07-03 22:58:21.944802,elastic-workbench-pc-visualizer,elastic-workbench-pc-visualizer-1,21,"{'data_quality': 40, 'model_size': 1, 'parallelism': 1}",1.0,-1,46,-1
2025-07-03 22:58:31.935824,elastic-workbench-qr-detector,elastic-workbench-qr-detector-1,25,"{'data_quality': 547, 'parallelism': 1}",1.89,-1,70,-1
2025-07-03 22:58:31.939228,elastic-workbench-cv-analyzer,elastic-workbench-cv-analyzer-1,184,"{'data_quality': 194, 'model_size': 2, 'parallelism': 1}",5.11,-1,4,-1
2025-07-03 22:58:31.942000,elastic-workbench-pc-visualizer,elastic-workbench-pc-visualizer-1,21,"{'data_quality': 40, 'model_size': 1, 'parallelism': 1}",1.0,-1,46,-1
2025-07-03 22:58:41.939569,elastic-workbench-qr-detector,elastic-workbench-qr-detector-1,25,"{'data_quality': 547, 'parallelism': 1}",1.88,-1,69,-1
2025-07-03 22:58:41.943812,elastic-workbench-cv-analyzer,elastic-workbench-cv-analyzer-1,226,"{'data_quality': 194, 'model_size': 2, 'parallelism': 1}",5.12,-1,4,-1
2025-07-03 22:58:41.950556,elastic-workbench-pc-visualizer,elastic-workbench-pc-visualizer-1,20,"{'data_quality': 40, 'model_size': 1, 'parallelism': 1}",1.0,-1,47,-1
2025-07-03 22:58:51.937810,elastic-workbench-qr-detector,elastic-workbench-qr-detector-1,26,"{'data_quality': 547, 'parallelism': 1}",1.87,-1,69,-1
2025-07-03 22:58:51.940342,elastic-workbench-cv-analyzer,elastic-workbench-cv-analyzer-1,184,"{'data_quality': 194, 'model_size': 2, 'parallelism': 1}",5.13,-1,5,-1
2025-07-03 22:58:51.943413,elastic-workbench-pc-visualizer,elastic-workbench-pc-visualizer-1,21,"{'data_quality': 40, 'model_size': 1, 'parallelism': 1}",1.0,-1,46,-1
2025-07-03 22:59:01.941378,elastic-workbench-qr-detector,elastic-workbench-qr-detector-1,26,"{'data_quality': 547, 'parallelism': 1}",1.87,-1,69,-1
2025-07-03 22:59:01.944918,elastic-workbench-cv-analyzer,elastic-workbench-cv-analyzer-1,242,"{'data_quality': 194, 'model_size': 2, 'parallelism': 1}",5.13,-1,3,-1
2025-07-03 22:59:01.947428,elastic-workbench-pc-visualizer,elastic-workbench-pc-visualizer-1,21,"{'data_quality': 40, 'model_size': 1, 'parallelism': 1}",1.0,-1,47,-1
2025-07-03 22:59:11.936067,elastic-workbench-qr-detector,elastic-workbench-qr-detector-1,26,"{'data_quality': 547, 'parallelism': 1}",1.87,-1,70,-1
2025-07-03 22:59:11.940343,elastic-workbench-cv-analyzer,elastic-workbench-cv-analyzer-1,241,"{'data_quality': 194, 'model_size': 2, 'parallelism': 1}",5.13,-1,3,-1
2025-07-03 22:59:11.942880,elastic-workbench-pc-visualizer,elastic-workbench-pc-visualizer-1,21,"{'data_quality': 40, 'model_size': 1, 'parallelism': 1}",1.0,-1,46,-1
2025-07-03 22:59:21.936139,elastic-workbench-qr-detector,elastic-workbench-qr-detector-1,26,"{'data_quality': 547, 'parallelism': 1}",1.88,-1,69,-1
2025-07-03 22:59:21.939421,elastic-workbench-cv-analyzer,elastic-workbench-cv-analyzer-1,246,"{'data_quality': 194, 'model_size': 2, 'parallelism': 1}",5.12,-1,3,-1
2025-07-03 22:59:21.943256,elastic-workbench-pc-visualizer,elastic-workbench-pc-visualizer-1,21,"{'data_quality': 40, 'model_size': 1, 'parallelism': 1}",1.0,-1,46,-1
2025-07-03 22:59:31.943881,elastic-workbench-qr-detector,elastic-workbench-qr-detector-1,26,"{'data_quality': 547, 'parallelism': 1}",1.87,-1,71,-1
2025-07-03 22:59:31.949391,elastic-workbench-cv-analyzer,elastic-workbench-cv-analyzer-1,239,"{'data_quality': 194, 'model_size': 2, 'parallelism': 1}",5.13,-1,3,-1
2025-07-03 22:59:31.952040,elastic-workbench-pc-visualizer,elastic-workbench-pc-visualizer-1,21,"{'data_quality': 40, 'model_size': 1, 'parallelism': 1}",1.0,-1,46,-1
2025-07-03 22:59:41.952457,elastic-workbench-qr-detector,elastic-workbench-qr-detector-1,25,"{'data_quality': 547, 'parallelism': 1}",1.89,-1,69,-1
2025-07-03 22:59:41.957270,elastic-workbench-cv-analyzer,elastic-workbench-cv-analyzer-1,177,"{'data_quality': 194, 'model_size': 2, 'parallelism': 1}",5.11,-1,4,-1
2025-07-03 22:59:41.960093,elastic-workbench-pc-visualizer,elastic-workbench-pc-visualizer-1,22,"{'data_quality': 40, 'model_size': 1, 'parallelism': 1}",1.0,-1,45,-1
2025-07-03 22:59:51.942012,elastic-workbench-qr-detector,elastic-workbench-qr-detector-1,25,"{'data_quality': 547, 'parallelism': 1}",1.87,-1,68,-1
2025-07-03 22:59:51.948285,elastic-workbench-cv-analyzer,elastic-workbench-cv-analyzer-1,253,"{'data_quality': 194, 'model_size': 2, 'parallelism': 1}",5.13,-1,3,-1
2025-07-03 22:59:51.950891,elastic-workbench-pc-visualizer,elastic-workbench-pc-visualizer-1,20,"{'data_quality': 40, 'model_size': 1, 'parallelism': 1}",1.0,-1,48,-1
2025-07-03 23:00:01.944782,elastic-workbench-qr-detector,elastic-workbench-qr-detector-1,26,"{'data_quality': 547, 'parallelism': 1}",1.86,-1,67,-1
2025-07-03 23:00:01.947348,elastic-workbench-cv-analyzer,elastic-workbench-cv-analyzer-1,207,"{'data_quality': 194, 'model_size': 2, 'parallelism': 1}",5.14,-1,4,-1
2025-07-03 23:00:01.949806,elastic-workbench-pc-visualizer,elastic-workbench-pc-visualizer-1,21,"{'data_quality': 40, 'model_size': 1, 'parallelism': 1}",1.0,-1,45,-1
2025-07-03 23:00:11.953724,elastic-workbench-qr-detector,elastic-workbench-qr-detector-1,26,"{'data_quality': 547, 'parallelism': 1}",1.85,-1,67,-1
2025-07-03 23:00:11.956652,elastic-workbench-cv-analyzer,elastic-workbench-cv-analyzer-1,211,"{'data_quality': 194, 'model_size': 2, 'parallelism': 1}",5.15,-1,4,-1
2025-07-03 23:00:11.959448,elastic-workbench-pc-visualizer,elastic-workbench-pc-visualizer-1,21,"{'data_quality': 40, 'model_size': 1, 'parallelism': 1}",1.0,-1,47,-1
2025-07-03 23:00:21.949799,elastic-workbench-qr-detector,elastic-workbench-qr-detector-1,26,"{'data_quality': 547, 'parallelism': 1}",1.85,-1,67,-1
2025-07-03 23:00:21.952359,elastic-workbench-cv-analyzer,elastic-workbench-cv-analyzer-1,173,"{'data_quality': 194, 'model_size': 2, 'parallelism': 1}",5.15,-1,5,-1
2025-07-03 23:00:21.955731,elastic-workbench-pc-visualizer,elastic-workbench-pc-visualizer-1,21,"{'data_quality': 40, 'model_size': 1, 'parallelism': 1}",1.0,-1,46,-1
2025-07-03 23:00:31.950761,elastic-workbench-qr-detector,elastic-workbench-qr-detector-1,26,"{'data_quality': 547, 'parallelism': 1}",1.85,-1,67,-1
2025-07-03 23:00:31.965034,elastic-workbench-cv-analyzer,elastic-workbench-cv-analyzer-1,227,"{'data_quality': 194, 'model_size': 2, 'parallelism': 1}",5.15,-1,4,-1
2025-07-03 23:00:31.968353,elastic-workbench-pc-visualizer,elastic-workbench-pc-visualizer-1,22,"{'data_quality': 40, 'model_size': 1, 'parallelism': 1}",1.0,-1,45,-1
2025-07-03 23:00:41.952377,elastic-workbench-qr-detector,elastic-workbench-qr-detector-1,26,"{'data_quality': 547, 'parallelism': 1}",1.85,-1,67,-1
2025-07-03 23:00:41.954977,elastic-workbench-cv-analyzer,elastic-workbench-cv-analyzer-1,228,"{'data_quality': 194, 'model_size': 2, 'parallelism': 1}",5.15,-1,3,-1
2025-07-03 23:00:41.957621,elastic-workbench-pc-visualizer,elastic-workbench-pc-visualizer-1,20,"{'data_quality': 40, 'model_size': 1, 'parallelism': 1}",1.0,-1,47,-1
2025-07-03 23:00:51.952677,elastic-workbench-qr-detector,elastic-workbench-qr-detector-1,26,"{'data_quality': 547, 'parallelism': 1}",1.85,-1,66,-1
2025-07-03 23:00:51.957646,elastic-workbench-cv-analyzer,elastic-workbench-cv-analyzer-1,256,"{'data_quality': 194, 'model_size': 2, 'parallelism': 1}",5.15,-1,3,-1
2025-07-03 23:00:51.961185,elastic-workbench-pc-visualizer,elastic-workbench-pc-visualizer-1,21,"{'data_quality': 40, 'model_size': 1, 'parallelism': 1}",1.0,-1,45,-1
2025-07-03 23:01:01.955043,elastic-workbench-qr-detector,elastic-workbench-qr-detector-1,27,"{'data_quality': 547, 'parallelism': 1}",1.83,-1,65,-1
2025-07-03 23:01:01.958897,elastic-workbench-cv-analyzer,elastic-workbench-cv-analyzer-1,255,"{'data_quality': 194, 'model_size': 2, 'parallelism': 1}",5.17,-1,3,-1
2025-07-03 23:01:01.962467,elastic-workbench-pc-visualizer,elastic-workbench-pc-visualizer-1,21,"{'data_quality': 40, 'model_size': 1, 'parallelism': 1}",1.0,-1,45,-1
2025-07-03 23:01:11.952557,elastic-workbench-qr-detector,elastic-workbench-qr-detector-1,27,"{'data_quality': 547, 'parallelism': 1}",1.82,-1,64,-1
2025-07-03 23:01:11.956753,elastic-workbench-cv-analyzer,elastic-workbench-cv-analyzer-1,190,"{'data_quality': 194, 'model_size': 2, 'parallelism': 1}",5.18,-1,4,-1
2025-07-03 23:01:11.959921,elastic-workbench-pc-visualizer,elastic-workbench-pc-visualizer-1,21,"{'data_quality': 40, 'model_size': 1, 'parallelism': 1}",1.0,-1,45,-1
2025-07-03 23:01:21.950856,elastic-workbench-qr-detector,elastic-workbench-qr-detector-1,28,"{'data_quality': 547, 'parallelism': 1}",1.81,-1,64,-1
2025-07-03 23:01:21.954522,elastic-workbench-cv-analyzer,elastic-workbench-cv-analyzer-1,181,"{'data_quality': 194, 'model_size': 2, 'parallelism': 1}",5.19,-1,4,-1
2025-07-03 23:01:21.958523,elastic-workbench-pc-visualizer,elastic-workbench-pc-visualizer-1,21,"{'data_quality': 40, 'model_size': 1, 'parallelism': 1}",1.0,-1,46,-1
2025-07-03 23:01:31.962389,elastic-workbench-qr-detector,elastic-workbench-qr-detector-1,27,"{'data_quality': 547, 'parallelism': 1}",1.81,-1,63,-1
2025-07-03 23:01:31.965688,elastic-workbench-cv-analyzer,elastic-workbench-cv-analyzer-1,219,"{'data_quality': 194, 'model_size': 2, 'parallelism': 1}",5.19,-1,4,-1
2025-07-03 23:01:31.968224,elastic-workbench-pc-visualizer,elastic-workbench-pc-visualizer-1,21,"{'data_quality': 40, 'model_size': 1, 'parallelism': 1}",1.0,-1,46,-1
2025-07-03 23:01:41.954422,elastic-workbench-qr-detector,elastic-workbench-qr-detector-1,27,"{'data_quality': 547, 'parallelism': 1}",1.8,-1,63,-1
2025-07-03 23:01:41.957280,elastic-workbench-cv-analyzer,elastic-workbench-cv-analyzer-1,209,"{'data_quality': 194, 'model_size': 2, 'parallelism': 1}",5.2,-1,4,-1
2025-07-03 23:01:41.960010,elastic-workbench-pc-visualizer,elastic-workbench-pc-visualizer-1,21,"{'data_quality': 40, 'model_size': 1, 'parallelism': 1}",1.0,-1,46,-1
2025-07-03 23:01:51.956045,elastic-workbench-qr-detector,elastic-workbench-qr-detector-1,27,"{'data_quality': 547, 'parallelism': 1}",1.8,-1,63,-1
2025-07-03 23:01:51.959800,elastic-workbench-cv-analyzer,elastic-workbench-cv-analyzer-1,247,"{'data_quality': 194, 'model_size': 2, 'parallelism': 1}",5.2,-1,3,-1
2025-07-03 23:01:51.970079,elastic-workbench-pc-visualizer,elastic-workbench-pc-visualizer-1,21,"{'data_quality': 40, 'model_size': 1, 'parallelism': 1}",1.0,-1,46,-1
2025-07-03 23:02:01.952907,elastic-workbench-qr-detector,elastic-workbench-qr-detector-1,27,"{'data_quality': 547, 'parallelism': 1}",1.8,-1,62,-1
2025-07-03 23:02:01.955646,elastic-workbench-cv-analyzer,elastic-workbench-cv-analyzer-1,174,"{'data_quality': 194, 'model_size': 2, 'parallelism': 1}",5.2,-1,5,-1
2025-07-03 23:02:01.958740,elastic-workbench-pc-visualizer,elastic-workbench-pc-visualizer-1,21,"{'data_quality': 40, 'model_size': 1, 'parallelism': 1}",1.0,-1,47,-1
2025-07-03 23:02:11.954408,elastic-workbench-qr-detector,elastic-workbench-qr-detector-1,27,"{'data_quality': 547, 'parallelism': 1}",1.79,-1,62,-1
2025-07-03 23:02:11.957159,elastic-workbench-cv-analyzer,elastic-workbench-cv-analyzer-1,215,"{'data_quality': 194, 'model_size': 2, 'parallelism': 1}",5.21,-1,4,-1
2025-07-03 23:02:11.960134,elastic-workbench-pc-visualizer,elastic-workbench-pc-visualizer-1,21,"{'data_quality': 40, 'model_size': 1, 'parallelism': 1}",1.0,-1,46,-1
2025-07-03 23:02:21.955500,elastic-workbench-qr-detector,elastic-workbench-qr-detector-1,26,"{'data_quality': 547, 'parallelism': 1}",1.79,-1,61,-1
2025-07-03 23:02:21.960731,elastic-workbench-cv-analyzer,elastic-workbench-cv-analyzer-1,215,"{'data_quality': 194, 'model_size': 2, 'parallelism': 1}",5.21,-1,4,-1
2025-07-03 23:02:21.965732,elastic-workbench-pc-visualizer,elastic-workbench-pc-visualizer-1,20,"{'data_quality': 40, 'model_size': 1, 'parallelism': 1}",1.0,-1,46,-1
2025-07-03 23:02:31.956376,elastic-workbench-qr-detector,elastic-workbench-qr-detector-1,27,"{'data_quality': 547, 'parallelism': 1}",1.78,-1,61,-1
2025-07-03 23:02:31.959020,elastic-workbench-cv-analyzer,elastic-workbench-cv-analyzer-1,174,"{'data_quality': 194, 'model_size': 2, 'parallelism': 1}",5.22,-1,5,-1
2025-07-03 23:02:31.963721,elastic-workbench-pc-visualizer,elastic-workbench-pc-visualizer-1,20,"{'data_quality': 40, 'model_size': 1, 'parallelism': 1}",1.0,-1,47,-1
2025-07-03 23:02:41.956088,elastic-workbench-qr-detector,elastic-workbench-qr-detector-1,27,"{'data_quality': 547, 'parallelism': 1}",1.78,-1,61,-1
2025-07-03 23:02:41.958618,elastic-workbench-cv-analyzer,elastic-workbench-cv-analyzer-1,186,"{'data_quality': 194, 'model_size': 2, 'parallelism': 1}",5.22,-1,4,-1
2025-07-03 23:02:41.961191,elastic-workbench-pc-visualizer,elastic-workbench-pc-visualizer-1,21,"{'data_quality': 40, 'model_size': 1, 'parallelism': 1}",1.0,-1,46,-1
2025-07-03 23:02:51.957067,elastic-workbench-qr-detector,elastic-workbench-qr-detector-1,28,"{'data_quality': 547, 'parallelism': 1}",1.78,-1,59,-1
2025-07-03 23:02:51.962942,elastic-workbench-cv-analyzer,elastic-workbench-cv-analyzer-1,204,"{'data_quality': 194, 'model_size': 2, 'parallelism': 1}",5.22,-1,4,-1
2025-07-03 23:02:51.966694,elastic-workbench-pc-visualizer,elastic-workbench-pc-visualizer-1,21,"{'data_quality': 40, 'model_size': 1, 'parallelism': 1}",1.0,-1,46,-1
2025-07-03 23:03:01.957826,elastic-workbench-qr-detector,elastic-workbench-qr-detector-1,28,"{'data_quality': 547, 'parallelism': 1}",1.76,-1,59,-1
2025-07-03 23:03:01.960458,elastic-workbench-cv-analyzer,elastic-workbench-cv-analyzer-1,217,"{'data_quality': 194, 'model_size': 2, 'parallelism': 1}",5.24,-1,3,-1
2025-07-03 23:03:01.965945,elastic-workbench-pc-visualizer,elastic-workbench-pc-visualizer-1,21,"{'data_quality': 40, 'model_size': 1, 'parallelism': 1}",1.0,-1,46,-1
2025-07-03 23:03:11.958047,elastic-workbench-qr-detector,elastic-workbench-qr-detector-1,28,"{'data_quality': 547, 'parallelism': 1}",1.76,-1,59,-1
2025-07-03 23:03:11.960617,elastic-workbench-cv-analyzer,elastic-workbench-cv-analyzer-1,226,"{'data_quality': 194, 'model_size': 2, 'parallelism': 1}",5.24,-1,4,-1
2025-07-03 23:03:11.963508,elastic-workbench-pc-visualizer,elastic-workbench-pc-visualizer-1,21,"{'data_quality': 40, 'model_size': 1, 'parallelism': 1}",1.0,-1,46,-1
2025-07-03 23:03:21.962741,elastic-workbench-qr-detector,elastic-workbench-qr-detector-1,28,"{'data_quality': 547, 'parallelism': 1}",1.76,-1,60,-1
2025-07-03 23:03:21.967167,elastic-workbench-cv-analyzer,elastic-workbench-cv-analyzer-1,200,"{'data_quality': 194, 'model_size': 2, 'parallelism': 1}",5.24,-1,4,-1
2025-07-03 23:03:21.970144,elastic-workbench-pc-visualizer,elastic-workbench-pc-visualizer-1,21,"{'data_quality': 40, 'model_size': 1, 'parallelism': 1}",1.0,-1,46,-1
2025-07-03 23:03:31.959128,elastic-workbench-qr-detector,elastic-workbench-qr-detector-1,28,"{'data_quality': 547, 'parallelism': 1}",1.77,-1,58,-1
2025-07-03 23:03:31.962050,elastic-workbench-cv-analyzer,elastic-workbench-cv-analyzer-1,214,"{'data_quality': 194, 'model_size': 2, 'parallelism': 1}",5.23,-1,4,-1
2025-07-03 23:03:31.964665,elastic-workbench-pc-visualizer,elastic-workbench-pc-visualizer-1,21,"{'data_quality': 40, 'model_size': 1, 'parallelism': 1}",1.0,-1,46,-1
2025-07-03 23:03:41.959873,elastic-workbench-qr-detector,elastic-workbench-qr-detector-1,27,"{'data_quality': 547, 'parallelism': 1}",1.75,-1,58,-1
2025-07-03 23:03:41.962940,elastic-workbench-cv-analyzer,elastic-workbench-cv-analyzer-1,161,"{'data_quality': 194, 'model_size': 2, 'parallelism': 1}",5.25,-1,5,-1
2025-07-03 23:03:41.965627,elastic-workbench-pc-visualizer,elastic-workbench-pc-visualizer-1,21,"{'data_quality': 40, 'model_size': 1, 'parallelism': 1}",1.0,-1,47,-1
2025-07-03 23:03:51.961909,elastic-workbench-qr-detector,elastic-workbench-qr-detector-1,27,"{'data_quality': 547, 'parallelism': 1}",1.75,-1,59,-1
2025-07-03 23:03:51.964876,elastic-workbench-cv-analyzer,elastic-workbench-cv-analyzer-1,210,"{'data_quality': 194, 'model_size': 2, 'parallelism': 1}",5.25,-1,4,-1
2025-07-03 23:03:51.968708,elastic-workbench-pc-visualizer,elastic-workbench-pc-visualizer-1,21,"{'data_quality': 40, 'model_size': 1, 'parallelism': 1}",1.0,-1,46,-1
2025-07-03 23:04:01.961993,elastic-workbench-qr-detector,elastic-workbench-qr-detector-1,27,"{'data_quality': 547, 'parallelism': 1}",1.76,-1,57,-1
2025-07-03 23:04:01.965072,elastic-workbench-cv-analyzer,elastic-workbench-cv-analyzer-1,173,"{'data_quality': 194, 'model_size': 2, 'parallelism': 1}",5.24,-1,4,-1
2025-07-03 23:04:01.968008,elastic-workbench-pc-visualizer,elastic-workbench-pc-visualizer-1,20,"{'data_quality': 40, 'model_size': 1, 'parallelism': 1}",1.0,-1,47,-1
2025-07-03 23:04:11.962909,elastic-workbench-qr-detector,elastic-workbench-qr-detector-1,27,"{'data_quality': 547, 'parallelism': 1}",1.73,-1,57,-1
2025-07-03 23:04:11.965810,elastic-workbench-cv-analyzer,elastic-workbench-cv-analyzer-1,175,"{'data_quality': 194, 'model_size': 2, 'parallelism': 1}",5.27,-1,5,-1
2025-07-03 23:04:11.968383,elastic-workbench-pc-visualizer,elastic-workbench-pc-visualizer-1,21,"{'data_quality': 40, 'model_size': 1, 'parallelism': 1}",1.0,-1,45,-1
2025-07-03 23:04:21.963152,elastic-workbench-qr-detector,elastic-workbench-qr-detector-1,27,"{'data_quality': 547, 'parallelism': 1}",1.73,-1,56,-1
2025-07-03 23:04:21.967049,elastic-workbench-cv-analyzer,elastic-workbench-cv-analyzer-1,214,"{'data_quality': 194, 'model_size': 2, 'parallelism': 1}",5.27,-1,4,-1
2025-07-03 23:04:21.970770,elastic-workbench-pc-visualizer,elastic-workbench-pc-visualizer-1,21,"{'data_quality': 40, 'model_size': 1, 'parallelism': 1}",1.0,-1,46,-1
2025-07-03 23:04:31.964703,elastic-workbench-qr-detector,elastic-workbench-qr-detector-1,28,"{'data_quality': 547, 'parallelism': 1}",1.72,-1,57,-1
2025-07-03 23:04:31.972395,elastic-workbench-cv-analyzer,elastic-workbench-cv-analyzer-1,201,"{'data_quality': 194, 'model_size': 2, 'parallelism': 1}",5.28,-1,4,-1
2025-07-03 23:04:31.975831,elastic-workbench-pc-visualizer,elastic-workbench-pc-visualizer-1,20,"{'data_quality': 40, 'model_size': 1, 'parallelism': 1}",1.0,-1,47,-1
2025-07-03 23:04:41.964602,elastic-workbench-qr-detector,elastic-workbench-qr-detector-1,28,"{'data_quality': 547, 'parallelism': 1}",1.73,-1,57,-1
2025-07-03 23:04:41.967851,elastic-workbench-cv-analyzer,elastic-workbench-cv-analyzer-1,171,"{'data_quality': 194, 'model_size': 2, 'parallelism': 1}",5.27,-1,5,-1
2025-07-03 23:04:41.970441,elastic-workbench-pc-visualizer,elastic-workbench-pc-visualizer-1,20,"{'data_quality': 40, 'model_size': 1, 'parallelism': 1}",1.0,-1,47,-1
2025-07-03 23:04:51.966505,elastic-workbench-qr-detector,elastic-workbench-qr-detector-1,29,"{'data_quality': 547, 'parallelism': 1}",1.73,-1,57,-1
2025-07-03 23:04:51.969391,elastic-workbench-cv-analyzer,elastic-workbench-cv-analyzer-1,171,"{'data_quality': 194, 'model_size': 2, 'parallelism': 1}",5.27,-1,5,-1
2025-07-03 23:04:51.975272,elastic-workbench-pc-visualizer,elastic-workbench-pc-visualizer-1,21,"{'data_quality': 40, 'model_size': 1, 'parallelism': 1}",1.0,-1,46,-1
2025-07-03 23:05:01.966743,elastic-workbench-qr-detector,elastic-workbench-qr-detector-1,28,"{'data_quality': 547, 'parallelism': 1}",1.73,-1,56,-1
2025-07-03 23:05:01.969667,elastic-workbench-cv-analyzer,elastic-workbench-cv-analyzer-1,190,"{'data_quality': 194, 'model_size': 2, 'parallelism': 1}",5.27,-1,4,-1
2025-07-03 23:05:01.972281,elastic-workbench-pc-visualizer,elastic-workbench-pc-visualizer-1,21,"{'data_quality': 40, 'model_size': 1, 'parallelism': 1}",1.0,-1,46,-1
2025-07-03 23:05:11.967243,elastic-workbench-qr-detector,elastic-workbench-qr-detector-1,29,"{'data_quality': 547, 'parallelism': 1}",1.72,-1,55,-1
2025-07-03 23:05:11.972983,elastic-workbench-cv-analyzer,elastic-workbench-cv-analyzer-1,204,"{'data_quality': 194, 'model_size': 2, 'parallelism': 1}",5.28,-1,4,-1
2025-07-03 23:05:11.976014,elastic-workbench-pc-visualizer,elastic-workbench-pc-visualizer-1,21,"{'data_quality': 40, 'model_size': 1, 'parallelism': 1}",1.0,-1,46,-1
2025-07-03 23:05:21.968740,elastic-workbench-qr-detector,elastic-workbench-qr-detector-1,29,"{'data_quality': 547, 'parallelism': 1}",1.71,-1,55,-1
2025-07-03 23:05:21.972090,elastic-workbench-cv-analyzer,elastic-workbench-cv-analyzer-1,211,"{'data_quality': 194, 'model_size': 2, 'parallelism': 1}",5.29,-1,4,-1
2025-07-03 23:05:21.975131,elastic-workbench-pc-visualizer,elastic-workbench-pc-visualizer-1,20,"{'data_quality': 40, 'model_size': 1, 'parallelism': 1}",1.0,-1,47,-1
2025-07-03 23:05:31.969391,elastic-workbench-qr-detector,elastic-workbench-qr-detector-1,29,"{'data_quality': 547, 'parallelism': 1}",1.71,-1,54,-1
2025-07-03 23:05:31.973144,elastic-workbench-cv-analyzer,elastic-workbench-cv-analyzer-1,200,"{'data_quality': 194, 'model_size': 2, 'parallelism': 1}",5.29,-1,4,-1
2025-07-03 23:05:31.975782,elastic-workbench-pc-visualizer,elastic-workbench-pc-visualizer-1,21,"{'data_quality': 40, 'model_size': 1, 'parallelism': 1}",1.0,-1,46,-1
2025-07-03 23:05:41.968858,elastic-workbench-qr-detector,elastic-workbench-qr-detector-1,29,"{'data_quality': 547, 'parallelism': 1}",1.7,-1,54,-1
2025-07-03 23:05:41.971729,elastic-workbench-cv-analyzer,elastic-workbench-cv-analyzer-1,249,"{'data_quality': 194, 'model_size': 2, 'parallelism': 1}",5.3,-1,3,-1
2025-07-03 23:05:41.974335,elastic-workbench-pc-visualizer,elastic-workbench-pc-visualizer-1,21,"{'data_quality': 40, 'model_size': 1, 'parallelism': 1}",1.0,-1,46,-1
2025-07-03 23:05:51.970542,elastic-workbench-qr-detector,elastic-workbench-qr-detector-1,28,"{'data_quality': 547, 'parallelism': 1}",1.7,-1,55,-1
2025-07-03 23:05:51.973734,elastic-workbench-cv-analyzer,elastic-workbench-cv-analyzer-1,135,"{'data_quality': 194, 'model_size': 2, 'parallelism': 1}",5.3,-1,6,-1
2025-07-03 23:05:51.976387,elastic-workbench-pc-visualizer,elastic-workbench-pc-visualizer-1,21,"{'data_quality': 40, 'model_size': 1, 'parallelism': 1}",1.0,-1,46,-1
2025-07-03 23:06:01.971373,elastic-workbench-qr-detector,elastic-workbench-qr-detector-1,28,"{'data_quality': 547, 'parallelism': 1}",1.71,-1,54,-1
2025-07-03 23:06:01.977485,elastic-workbench-cv-analyzer,elastic-workbench-cv-analyzer-1,147,"{'data_quality': 194, 'model_size': 2, 'parallelism': 1}",5.29,-1,5,-1
2025-07-03 23:06:01.980326,elastic-workbench-pc-visualizer,elastic-workbench-pc-visualizer-1,21,"{'data_quality': 40, 'model_size': 1, 'parallelism': 1}",1.0,-1,46,-1
2025-07-03 23:06:11.971220,elastic-workbench-qr-detector,elastic-workbench-qr-detector-1,29,"{'data_quality': 547, 'parallelism': 1}",1.7,-1,54,-1
2025-07-03 23:06:11.974794,elastic-workbench-cv-analyzer,elastic-workbench-cv-analyzer-1,175,"{'data_quality': 194, 'model_size': 2, 'parallelism': 1}",5.3,-1,4,-1
2025-07-03 23:06:11.977464,elastic-workbench-pc-visualizer,elastic-workbench-pc-visualizer-1,21,"{'data_quality': 40, 'model_size': 1, 'parallelism': 1}",1.0,-1,46,-1
2025-07-03 23:06:21.972153,elastic-workbench-qr-detector,elastic-workbench-qr-detector-1,27,"{'data_quality': 547, 'parallelism': 1}",1.7,-1,55,-1
2025-07-03 23:06:21.975129,elastic-workbench-cv-analyzer,elastic-workbench-cv-analyzer-1,160,"{'data_quality': 194, 'model_size': 2, 'parallelism': 1}",5.3,-1,5,-1
2025-07-03 23:06:21.977911,elastic-workbench-pc-visualizer,elastic-workbench-pc-visualizer-1,20,"{'data_quality': 40, 'model_size': 1, 'parallelism': 1}",1.0,-1,47,-1
2025-07-03 23:06:31.973084,elastic-workbench-qr-detector,elastic-workbench-qr-detector-1,28,"{'data_quality': 547, 'parallelism': 1}",1.7,-1,55,-1
2025-07-03 23:06:31.979213,elastic-workbench-cv-analyzer,elastic-workbench-cv-analyzer-1,221,"{'data_quality': 194, 'model_size': 2, 'parallelism': 1}",5.3,-1,3,-1
2025-07-03 23:06:31.983238,elastic-workbench-pc-visualizer,elastic-workbench-pc-visualizer-1,22,"{'data_quality': 40, 'model_size': 1, 'parallelism': 1}",1.0,-1,45,-1
2025-07-03 23:06:41.973623,elastic-workbench-qr-detector,elastic-workbench-qr-detector-1,28,"{'data_quality': 547, 'parallelism': 1}",1.7,-1,55,-1
2025-07-03 23:06:41.976437,elastic-workbench-cv-analyzer,elastic-workbench-cv-analyzer-1,174,"{'data_quality': 194, 'model_size': 2, 'parallelism': 1}",5.3,-1,4,-1
2025-07-03 23:06:41.979047,elastic-workbench-pc-visualizer,elastic-workbench-pc-visualizer-1,21,"{'data_quality': 40, 'model_size': 1, 'parallelism': 1}",1.0,-1,47,-1
2025-07-03 23:06:51.974580,elastic-workbench-qr-detector,elastic-workbench-qr-detector-1,28,"{'data_quality': 547, 'parallelism': 1}",1.7,-1,54,-1
2025-07-03 23:06:51.977584,elastic-workbench-cv-analyzer,elastic-workbench-cv-analyzer-1,194,"{'data_quality': 194, 'model_size': 2, 'parallelism': 1}",5.3,-1,4,-1
2025-07-03 23:06:51.980162,elastic-workbench-pc-visualizer,elastic-workbench-pc-visualizer-1,21,"{'data_quality': 40, 'model_size': 1, 'parallelism': 1}",1.0,-1,46,-1
2025-07-03 23:07:01.976610,elastic-workbench-qr-detector,elastic-workbench-qr-detector-1,28,"{'data_quality': 547, 'parallelism': 1}",1.69,-1,53,-1
2025-07-03 23:07:01.983354,elastic-workbench-cv-analyzer,elastic-workbench-cv-analyzer-1,172,"{'data_quality': 194, 'model_size': 2, 'parallelism': 1}",5.31,-1,4,-1
2025-07-03 23:07:01.986065,elastic-workbench-pc-visualizer,elastic-workbench-pc-visualizer-1,20,"{'data_quality': 40, 'model_size': 1, 'parallelism': 1}",1.0,-1,47,-1
2025-07-03 23:07:11.978318,elastic-workbench-qr-detector,elastic-workbench-qr-detector-1,29,"{'data_quality': 547, 'parallelism': 1}",1.68,-1,53,-1
2025-07-03 23:07:11.981214,elastic-workbench-cv-analyzer,elastic-workbench-cv-analyzer-1,175,"{'data_quality': 194, 'model_size': 2, 'parallelism': 1}",5.32,-1,4,-1
2025-07-03 23:07:11.983816,elastic-workbench-pc-visualizer,elastic-workbench-pc-visualizer-1,21,"{'data_quality': 40, 'model_size': 1, 'parallelism': 1}",1.0,-1,46,-1
2025-07-03 23:07:21.976919,elastic-workbench-qr-detector,elastic-workbench-qr-detector-1,30,"{'data_quality': 547, 'parallelism': 1}",1.68,-1,53,-1
2025-07-03 23:07:21.979591,elastic-workbench-cv-analyzer,elastic-workbench-cv-analyzer-1,195,"{'data_quality': 194, 'model_size': 2, 'parallelism': 1}",5.32,-1,4,-1
2025-07-03 23:07:21.982316,elastic-workbench-pc-visualizer,elastic-workbench-pc-visualizer-1,21,"{'data_quality': 40, 'model_size': 1, 'parallelism': 1}",1.0,-1,45,-1
2025-07-03 23:07:31.977764,elastic-workbench-qr-detector,elastic-workbench-qr-detector-1,30,"{'data_quality': 547, 'parallelism': 1}",1.68,-1,54,-1
2025-07-03 23:07:31.980769,elastic-workbench-cv-analyzer,elastic-workbench-cv-analyzer-1,236,"{'data_quality': 194, 'model_size': 2, 'parallelism': 1}",5.32,-1,3,-1
2025-07-03 23:07:31.983371,elastic-workbench-pc-visualizer,elastic-workbench-pc-visualizer-1,21,"{'data_quality': 40, 'model_size': 1, 'parallelism': 1}",1.0,-1,46,-1
2025-07-03 23:07:41.978299,elastic-workbench-qr-detector,elastic-workbench-qr-detector-1,29,"{'data_quality': 547, 'parallelism': 1}",1.69,-1,53,-1
2025-07-03 23:07:41.981194,elastic-workbench-cv-analyzer,elastic-workbench-cv-analyzer-1,165,"{'data_quality': 194, 'model_size': 2, 'parallelism': 1}",5.31,-1,4,-1
2025-07-03 23:07:41.983720,elastic-workbench-pc-visualizer,elastic-workbench-pc-visualizer-1,20,"{'data_quality': 40, 'model_size': 1, 'parallelism': 1}",1.0,-1,47,-1
2025-07-03 23:07:51.979126,elastic-workbench-qr-detector,elastic-workbench-qr-detector-1,29,"{'data_quality': 547, 'parallelism': 1}",1.68,-1,52,-1
2025-07-03 23:07:51.985319,elastic-workbench-cv-analyzer,elastic-workbench-cv-analyzer-1,216,"{'data_quality': 194, 'model_size': 2, 'parallelism': 1}",5.32,-1,4,-1
2025-07-03 23:07:51.988357,elastic-workbench-pc-visualizer,elastic-workbench-pc-visualizer-1,20,"{'data_quality': 40, 'model_size': 1, 'parallelism': 1}",1.0,-1,46,-1
2025-07-03 23:08:01.979671,elastic-workbench-qr-detector,elastic-workbench-qr-detector-1,28,"{'data_quality': 547, 'parallelism': 1}",1.67,-1,52,-1
2025-07-03 23:08:01.982597,elastic-workbench-cv-analyzer,elastic-workbench-cv-analyzer-1,196,"{'data_quality': 194, 'model_size': 2, 'parallelism': 1}",5.33,-1,4,-1
2025-07-03 23:08:01.985145,elastic-workbench-pc-visualizer,elastic-workbench-pc-visualizer-1,21,"{'data_quality': 40, 'model_size': 1, 'parallelism': 1}",1.0,-1,46,-1
2025-07-03 23:08:11.980463,elastic-workbench-qr-detector,elastic-workbench-qr-detector-1,28,"{'data_quality': 547, 'parallelism': 1}",1.67,-1,52,-1
2025-07-03 23:08:11.983392,elastic-workbench-cv-analyzer,elastic-workbench-cv-analyzer-1,174,"{'data_quality': 194, 'model_size': 2, 'parallelism': 1}",5.33,-1,4,-1
2025-07-03 23:08:11.985937,elastic-workbench-pc-visualizer,elastic-workbench-pc-visualizer-1,21,"{'data_quality': 40, 'model_size': 1, 'parallelism': 1}",1.0,-1,46,-1
2025-07-03 23:08:21.981211,elastic-workbench-qr-detector,elastic-workbench-qr-detector-1,29,"{'data_quality': 547, 'parallelism': 1}",1.66,-1,52,-1
2025-07-03 23:08:21.984112,elastic-workbench-cv-analyzer,elastic-workbench-cv-analyzer-1,186,"{'data_quality': 194, 'model_size': 2, 'parallelism': 1}",5.34,-1,4,-1
2025-07-03 23:08:21.986814,elastic-workbench-pc-visualizer,elastic-workbench-pc-visualizer-1,21,"{'data_quality': 40, 'model_size': 1, 'parallelism': 1}",1.0,-1,47,-1
2025-07-03 23:08:31.982278,elastic-workbench-qr-detector,elastic-workbench-qr-detector-1,28,"{'data_quality': 547, 'parallelism': 1}",1.66,-1,52,-1
2025-07-03 23:08:31.985215,elastic-workbench-cv-analyzer,elastic-workbench-cv-analyzer-1,211,"{'data_quality': 194, 'model_size': 2, 'parallelism': 1}",5.34,-1,4,-1
2025-07-03 23:08:31.987994,elastic-workbench-pc-visualizer,elastic-workbench-pc-visualizer-1,21,"{'data_quality': 40, 'model_size': 1, 'parallelism': 1}",1.0,-1,46,-1
2025-07-03 23:08:41.983204,elastic-workbench-qr-detector,elastic-workbench-qr-detector-1,29,"{'data_quality': 547, 'parallelism': 1}",1.66,-1,52,-1
2025-07-03 23:08:41.991598,elastic-workbench-cv-analyzer,elastic-workbench-cv-analyzer-1,177,"{'data_quality': 194, 'model_size': 2, 'parallelism': 1}",5.34,-1,4,-1
2025-07-03 23:08:41.994285,elastic-workbench-pc-visualizer,elastic-workbench-pc-visualizer-1,21,"{'data_quality': 40, 'model_size': 1, 'parallelism': 1}",1.0,-1,46,-1
2025-07-03 23:08:51.983539,elastic-workbench-qr-detector,elastic-workbench-qr-detector-1,29,"{'data_quality': 547, 'parallelism': 1}",1.66,-1,51,-1
2025-07-03 23:08:51.986415,elastic-workbench-cv-analyzer,elastic-workbench-cv-analyzer-1,195,"{'data_quality': 194, 'model_size': 2, 'parallelism': 1}",5.34,-1,4,-1
2025-07-03 23:08:51.989002,elastic-workbench-pc-visualizer,elastic-workbench-pc-visualizer-1,20,"{'data_quality': 40, 'model_size': 1, 'parallelism': 1}",1.0,-1,47,-1
2025-07-03 23:09:01.984372,elastic-workbench-qr-detector,elastic-workbench-qr-detector-1,29,"{'data_quality': 547, 'parallelism': 1}",1.65,-1,50,-1
2025-07-03 23:09:01.987256,elastic-workbench-cv-analyzer,elastic-workbench-cv-analyzer-1,199,"{'data_quality': 194, 'model_size': 2, 'parallelism': 1}",5.35,-1,4,-1
2025-07-03 23:09:01.989813,elastic-workbench-pc-visualizer,elastic-workbench-pc-visualizer-1,19,"{'data_quality': 40, 'model_size': 1, 'parallelism': 1}",1.0,-1,49,-1
2025-07-03 23:09:11.984897,elastic-workbench-qr-detector,elastic-workbench-qr-detector-1,30,"{'data_quality': 547, 'parallelism': 1}",1.64,-1,49,-1
2025-07-03 23:09:11.987726,elastic-workbench-cv-analyzer,elastic-workbench-cv-analyzer-1,185,"{'data_quality': 194, 'model_size': 2, 'parallelism': 1}",5.36,-1,4,-1
2025-07-03 23:09:11.990605,elastic-workbench-pc-visualizer,elastic-workbench-pc-visualizer-1,20,"{'data_quality': 40, 'model_size': 1, 'parallelism': 1}",1.0,-1,49,-1
2025-07-03 23:09:21.985226,elastic-workbench-qr-detector,elastic-workbench-qr-detector-1,31,"{'data_quality': 547, 'parallelism': 1}",1.63,-1,50,-1
2025-07-03 23:09:21.988118,elastic-workbench-cv-analyzer,elastic-workbench-cv-analyzer-1,154,"{'data_quality': 194, 'model_size': 2, 'parallelism': 1}",5.37,-1,4,-1
2025-07-03 23:09:21.990719,elastic-workbench-pc-visualizer,elastic-workbench-pc-visualizer-1,21,"{'data_quality': 40, 'model_size': 1, 'parallelism': 1}",1.0,-1,47,-1
2025-07-03 23:09:31.986441,elastic-workbench-qr-detector,elastic-workbench-qr-detector-1,30,"{'data_quality': 547, 'parallelism': 1}",1.64,-1,50,-1
2025-07-03 23:09:31.989937,elastic-workbench-cv-analyzer,elastic-workbench-cv-analyzer-1,227,"{'data_quality': 194, 'model_size': 2, 'parallelism': 1}",5.36,-1,4,-1
2025-07-03 23:09:31.992559,elastic-workbench-pc-visualizer,elastic-workbench-pc-visualizer-1,19,"{'data_quality': 40, 'model_size': 1, 'parallelism': 1}",1.0,-1,49,-1
2025-07-03 23:09:41.987094,elastic-workbench-qr-detector,elastic-workbench-qr-detector-1,29,"{'data_quality': 547, 'parallelism': 1}",1.64,-1,51,-1
2025-07-03 23:09:41.995307,elastic-workbench-cv-analyzer,elastic-workbench-cv-analyzer-1,203,"{'data_quality': 194, 'model_size': 2, 'parallelism': 1}",5.36,-1,4,-1
2025-07-03 23:09:41.998117,elastic-workbench-pc-visualizer,elastic-workbench-pc-visualizer-1,21,"{'data_quality': 40, 'model_size': 1, 'parallelism': 1}",1.0,-1,46,-1
2025-07-03 23:09:51.988123,elastic-workbench-qr-detector,elastic-workbench-qr-detector-1,30,"{'data_quality': 547, 'parallelism': 1}",1.65,-1,51,-1
2025-07-03 23:09:51.991222,elastic-workbench-cv-analyzer,elastic-workbench-cv-analyzer-1,169,"{'data_quality': 194, 'model_size': 2, 'parallelism': 1}",5.35,-1,4,-1
2025-07-03 23:09:51.993851,elastic-workbench-pc-visualizer,elastic-workbench-pc-visualizer-1,20,"{'data_quality': 40, 'model_size': 1, 'parallelism': 1}",1.0,-1,48,-1
2025-07-03 23:10:01.991854,elastic-workbench-qr-detector,elastic-workbench-qr-detector-1,28,"{'data_quality': 547, 'parallelism': 1}",1.65,-1,51,-1
2025-07-03 23:10:01.994843,elastic-workbench-cv-analyzer,elastic-workbench-cv-analyzer-1,199,"{'data_quality': 194, 'model_size': 2, 'parallelism': 1}",5.35,-1,4,-1
2025-07-03 23:10:01.997456,elastic-workbench-pc-visualizer,elastic-workbench-pc-visualizer-1,20,"{'data_quality': 40, 'model_size': 1, 'parallelism': 1}",1.0,-1,47,-1
2025-07-03 23:10:11.994788,elastic-workbench-qr-detector,elastic-workbench-qr-detector-1,28,"{'data_quality': 547, 'parallelism': 1}",1.64,-1,50,-1
2025-07-03 23:10:11.997863,elastic-workbench-cv-analyzer,elastic-workbench-cv-analyzer-1,142,"{'data_quality': 194, 'model_size': 2, 'parallelism': 1}",5.36,-1,5,-1
2025-07-03 23:10:12.000755,elastic-workbench-pc-visualizer,elastic-workbench-pc-visualizer-1,21,"{'data_quality': 40, 'model_size': 1, 'parallelism': 1}",1.0,-1,46,-1
2025-07-03 23:10:21.990844,elastic-workbench-qr-detector,elastic-workbench-qr-detector-1,29,"{'data_quality': 547, 'parallelism': 1}",1.63,-1,51,-1
2025-07-03 23:10:21.993738,elastic-workbench-cv-analyzer,elastic-workbench-cv-analyzer-1,174,"{'data_quality': 194, 'model_size': 2, 'parallelism': 1}",5.37,-1,4,-1
2025-07-03 23:10:21.996301,elastic-workbench-pc-visualizer,elastic-workbench-pc-visualizer-1,20,"{'data_quality': 40, 'model_size': 1, 'parallelism': 1}",1.0,-1,46,-1
2025-07-03 23:10:31.991601,elastic-workbench-qr-detector,elastic-workbench-qr-detector-1,28,"{'data_quality': 547, 'parallelism': 1}",1.64,-1,50,-1
2025-07-03 23:10:31.994752,elastic-workbench-cv-analyzer,elastic-workbench-cv-analyzer-1,181,"{'data_quality': 194, 'model_size': 2, 'parallelism': 1}",5.36,-1,5,-1
2025-07-03 23:10:31.997482,elastic-workbench-pc-visualizer,elastic-workbench-pc-visualizer-1,21,"{'data_quality': 40, 'model_size': 1, 'parallelism': 1}",1.0,-1,46,-1
2025-07-03 23:10:41.997212,elastic-workbench-qr-detector,elastic-workbench-qr-detector-1,29,"{'data_quality': 547, 'parallelism': 1}",1.63,-1,50,-1
2025-07-03 23:10:42.000183,elastic-workbench-cv-analyzer,elastic-workbench-cv-analyzer-1,174,"{'data_quality': 194, 'model_size': 2, 'parallelism': 1}",5.37,-1,4,-1
2025-07-03 23:10:42.002949,elastic-workbench-pc-visualizer,elastic-workbench-pc-visualizer-1,20,"{'data_quality': 40, 'model_size': 1, 'parallelism': 1}",1.0,-1,47,-1
2025-07-03 23:10:51.992885,elastic-workbench-qr-detector,elastic-workbench-qr-detector-1,28,"{'data_quality': 547, 'parallelism': 1}",1.63,-1,48,-1
2025-07-03 23:10:51.995782,elastic-workbench-cv-analyzer,elastic-workbench-cv-analyzer-1,172,"{'data_quality': 194, 'model_size': 2, 'parallelism': 1}",5.37,-1,5,-1
2025-07-03 23:10:51.998396,elastic-workbench-pc-visualizer,elastic-workbench-pc-visualizer-1,20,"{'data_quality': 40, 'model_size': 1, 'parallelism': 1}",1.0,-1,47,-1
2025-07-03 23:11:01.993577,elastic-workbench-qr-detector,elastic-workbench-qr-detector-1,30,"{'data_quality': 547, 'parallelism': 1}",1.61,-1,48,-1
2025-07-03 23:11:01.996426,elastic-workbench-cv-analyzer,elastic-workbench-cv-analyzer-1,165,"{'data_quality': 194, 'model_size': 2, 'parallelism': 1}",5.39,-1,4,-1
2025-07-03 23:11:01.999751,elastic-workbench-pc-visualizer,elastic-workbench-pc-visualizer-1,20,"{'data_quality': 40, 'model_size': 1, 'parallelism': 1}",1.0,-1,48,-1
2025-07-03 23:11:12.000002,elastic-workbench-qr-detector,elastic-workbench-qr-detector-1,30,"{'data_quality': 547, 'parallelism': 1}",1.61,-1,47,-1
2025-07-03 23:11:12.002792,elastic-workbench-cv-analyzer,elastic-workbench-cv-analyzer-1,195,"{'data_quality': 194, 'model_size': 2, 'parallelism': 1}",5.39,-1,4,-1
2025-07-03 23:11:12.005637,elastic-workbench-pc-visualizer,elastic-workbench-pc-visualizer-1,20,"{'data_quality': 40, 'model_size': 1, 'parallelism': 1}",1.0,-1,47,-1
2025-07-03 23:11:21.995215,elastic-workbench-qr-detector,elastic-workbench-qr-detector-1,30,"{'data_quality': 547, 'parallelism': 1}",1.59,-1,48,-1
2025-07-03 23:11:21.998170,elastic-workbench-cv-analyzer,elastic-workbench-cv-analyzer-1,216,"{'data_quality': 194, 'model_size': 2, 'parallelism': 1}",5.41,-1,4,-1
2025-07-03 23:11:22.000910,elastic-workbench-pc-visualizer,elastic-workbench-pc-visualizer-1,21,"{'data_quality': 40, 'model_size': 1, 'parallelism': 1}",1.0,-1,46,-1
2025-07-03 23:11:31.995755,elastic-workbench-qr-detector,elastic-workbench-qr-detector-1,30,"{'data_quality': 547, 'parallelism': 1}",1.6,-1,48,-1
2025-07-03 23:11:31.999578,elastic-workbench-cv-analyzer,elastic-workbench-cv-analyzer-1,186,"{'data_quality': 194, 'model_size': 2, 'parallelism': 1}",5.4,-1,4,-1
2025-07-03 23:11:32.002563,elastic-workbench-pc-visualizer,elastic-workbench-pc-visualizer-1,20,"{'data_quality': 40, 'model_size': 1, 'parallelism': 1}",1.0,-1,47,-1
2025-07-03 23:11:42.000102,elastic-workbench-qr-detector,elastic-workbench-qr-detector-1,30,"{'data_quality': 547, 'parallelism': 1}",1.6,-1,49,-1
2025-07-03 23:11:42.006880,elastic-workbench-cv-analyzer,elastic-workbench-cv-analyzer-1,172,"{'data_quality': 194, 'model_size': 2, 'parallelism': 1}",5.4,-1,4,-1
2025-07-03 23:11:42.009791,elastic-workbench-pc-visualizer,elastic-workbench-pc-visualizer-1,20,"{'data_quality': 40, 'model_size': 1, 'parallelism': 1}",1.0,-1,47,-1
2025-07-03 23:11:51.997060,elastic-workbench-qr-detector,elastic-workbench-qr-detector-1,30,"{'data_quality': 547, 'parallelism': 1}",1.61,-1,47,-1
2025-07-03 23:11:51.999896,elastic-workbench-cv-analyzer,elastic-workbench-cv-analyzer-1,164,"{'data_quality': 194, 'model_size': 2, 'parallelism': 1}",5.39,-1,4,-1
2025-07-03 23:11:52.002495,elastic-workbench-pc-visualizer,elastic-workbench-pc-visualizer-1,21,"{'data_quality': 40, 'model_size': 1, 'parallelism': 1}",1.0,-1,47,-1
2025-07-03 23:12:01.997421,elastic-workbench-qr-detector,elastic-workbench-qr-detector-1,30,"{'data_quality': 547, 'parallelism': 1}",1.59,-1,47,-1
2025-07-03 23:12:02.000156,elastic-workbench-cv-analyzer,elastic-workbench-cv-analyzer-1,170,"{'data_quality': 194, 'model_size': 2, 'parallelism': 1}",5.41,-1,4,-1
2025-07-03 23:12:02.003136,elastic-workbench-pc-visualizer,elastic-workbench-pc-visualizer-1,20,"{'data_quality': 40, 'model_size': 1, 'parallelism': 1}",1.0,-1,47,-1
2025-07-03 23:12:11.998147,elastic-workbench-qr-detector,elastic-workbench-qr-detector-1,30,"{'data_quality': 547, 'parallelism': 1}",1.59,-1,47,-1
2025-07-03 23:12:12.001461,elastic-workbench-cv-analyzer,elastic-workbench-cv-analyzer-1,185,"{'data_quality': 194, 'model_size': 2, 'parallelism': 1}",5.41,-1,4,-1
2025-07-03 23:12:12.008579,elastic-workbench-pc-visualizer,elastic-workbench-pc-visualizer-1,21,"{'data_quality': 40, 'model_size': 1, 'parallelism': 1}",1.0,-1,46,-1
2025-07-03 23:12:21.999160,elastic-workbench-qr-detector,elastic-workbench-qr-detector-1,29,"{'data_quality': 547, 'parallelism': 1}",1.59,-1,49,-1
2025-07-03 23:12:22.002110,elastic-workbench-cv-analyzer,elastic-workbench-cv-analyzer-1,178,"{'data_quality': 194, 'model_size': 2, 'parallelism': 1}",5.41,-1,4,-1
2025-07-03 23:12:22.004689,elastic-workbench-pc-visualizer,elastic-workbench-pc-visualizer-1,19,"{'data_quality': 40, 'model_size': 1, 'parallelism': 1}",1.0,-1,49,-1
2025-07-03 23:12:31.998857,elastic-workbench-qr-detector,elastic-workbench-qr-detector-1,30,"{'data_quality': 547, 'parallelism': 1}",1.61,-1,48,-1
2025-07-03 23:12:32.001649,elastic-workbench-cv-analyzer,elastic-workbench-cv-analyzer-1,204,"{'data_quality': 194, 'model_size': 2, 'parallelism': 1}",5.39,-1,4,-1
2025-07-03 23:12:32.004163,elastic-workbench-pc-visualizer,elastic-workbench-pc-visualizer-1,21,"{'data_quality': 40, 'model_size': 1, 'parallelism': 1}",1.0,-1,45,-1
2025-07-03 23:12:42.000338,elastic-workbench-qr-detector,elastic-workbench-qr-detector-1,29,"{'data_quality': 547, 'parallelism': 1}",1.59,-1,46,-1
2025-07-03 23:12:42.003524,elastic-workbench-cv-analyzer,elastic-workbench-cv-analyzer-1,201,"{'data_quality': 194, 'model_size': 2, 'parallelism': 1}",5.41,-1,4,-1
2025-07-03 23:12:42.006221,elastic-workbench-pc-visualizer,elastic-workbench-pc-visualizer-1,20,"{'data_quality': 40, 'model_size': 1, 'parallelism': 1}",1.0,-1,48,-1
2025-07-03 23:12:51.999813,elastic-workbench-qr-detector,elastic-workbench-qr-detector-1,30,"{'data_quality': 547, 'parallelism': 1}",1.57,-1,48,-1
2025-07-03 23:12:52.002698,elastic-workbench-cv-analyzer,elastic-workbench-cv-analyzer-1,161,"{'data_quality': 194, 'model_size': 2, 'parallelism': 1}",5.43,-1,4,-1
2025-07-03 23:12:52.005535,elastic-workbench-pc-visualizer,elastic-workbench-pc-visualizer-1,21,"{'data_quality': 40, 'model_size': 1, 'parallelism': 1}",1.0,-1,46,-1
2025-07-03 23:13:02.000897,elastic-workbench-qr-detector,elastic-workbench-qr-detector-1,30,"{'data_quality': 547, 'parallelism': 1}",1.59,-1,49,-1
2025-07-03 23:13:02.004026,elastic-workbench-cv-analyzer,elastic-workbench-cv-analyzer-1,202,"{'data_quality': 194, 'model_size': 2, 'parallelism': 1}",5.41,-1,4,-1
2025-07-03 23:13:02.011139,elastic-workbench-pc-visualizer,elastic-workbench-pc-visualizer-1,20,"{'data_quality': 40, 'model_size': 1, 'parallelism': 1}",1.0,-1,46,-1
2025-07-03 23:13:12.002440,elastic-workbench-qr-detector,elastic-workbench-qr-detector-1,29,"{'data_quality': 547, 'parallelism': 1}",1.6,-1,48,-1
2025-07-03 23:13:12.005583,elastic-workbench-cv-analyzer,elastic-workbench-cv-analyzer-1,212,"{'data_quality': 194, 'model_size': 2, 'parallelism': 1}",5.4,-1,4,-1
2025-07-03 23:13:12.008336,elastic-workbench-pc-visualizer,elastic-workbench-pc-visualizer-1,20,"{'data_quality': 40, 'model_size': 1, 'parallelism': 1}",1.0,-1,49,-1
2025-07-03 23:13:22.004026,elastic-workbench-qr-detector,elastic-workbench-qr-detector-1,31,"{'data_quality': 547, 'parallelism': 1}",1.59,-1,48,-1
2025-07-03 23:13:22.007401,elastic-workbench-cv-analyzer,elastic-workbench-cv-analyzer-1,187,"{'data_quality': 194, 'model_size': 2, 'parallelism': 1}",5.41,-1,4,-1
2025-07-03 23:13:22.010692,elastic-workbench-pc-visualizer,elastic-workbench-pc-visualizer-1,20,"{'data_quality': 40, 'model_size': 1, 'parallelism': 1}",1.0,-1,48,-1
2025-07-03 23:13:32.003118,elastic-workbench-qr-detector,elastic-workbench-qr-detector-1,31,"{'data_quality': 547, 'parallelism': 1}",1.59,-1,48,-1
2025-07-03 23:13:32.006057,elastic-workbench-cv-analyzer,elastic-workbench-cv-analyzer-1,137,"{'data_quality': 194, 'model_size': 2, 'parallelism': 1}",5.41,-1,5,-1
2025-07-03 23:13:32.008736,elastic-workbench-pc-visualizer,elastic-workbench-pc-visualizer-1,21,"{'data_quality': 40, 'model_size': 1, 'parallelism': 1}",1.0,-1,46,-1
2025-07-03 23:13:42.003587,elastic-workbench-qr-detector,elastic-workbench-qr-detector-1,32,"{'data_quality': 547, 'parallelism': 1}",1.59,-1,48,-1
2025-07-03 23:13:42.006710,elastic-workbench-cv-analyzer,elastic-workbench-cv-analyzer-1,163,"{'data_quality': 194, 'model_size': 2, 'parallelism': 1}",5.41,-1,4,-1
2025-07-03 23:13:42.009442,elastic-workbench-pc-visualizer,elastic-workbench-pc-visualizer-1,20,"{'data_quality': 40, 'model_size': 1, 'parallelism': 1}",1.0,-1,49,-1
2025-07-03 23:13:52.007648,elastic-workbench-qr-detector,elastic-workbench-qr-detector-1,30,"{'data_quality': 547, 'parallelism': 1}",1.59,-1,49,-1
2025-07-03 23:13:52.014270,elastic-workbench-cv-analyzer,elastic-workbench-cv-analyzer-1,187,"{'data_quality': 194, 'model_size': 2, 'parallelism': 1}",5.41,-1,4,-1
2025-07-03 23:13:52.024185,elastic-workbench-pc-visualizer,elastic-workbench-pc-visualizer-1,20,"{'data_quality': 40, 'model_size': 1, 'parallelism': 1}",1.0,-1,48,-1
2025-07-03 23:14:02.005027,elastic-workbench-qr-detector,elastic-workbench-qr-detector-1,32,"{'data_quality': 547, 'parallelism': 1}",1.6,-1,49,-1
2025-07-03 23:14:02.007807,elastic-workbench-cv-analyzer,elastic-workbench-cv-analyzer-1,171,"{'data_quality': 194, 'model_size': 2, 'parallelism': 1}",5.4,-1,4,-1
2025-07-03 23:14:02.010639,elastic-workbench-pc-visualizer,elastic-workbench-pc-visualizer-1,21,"{'data_quality': 40, 'model_size': 1, 'parallelism': 1}",1.0,-1,46,-1
2025-07-03 23:14:12.005879,elastic-workbench-qr-detector,elastic-workbench-qr-detector-1,30,"{'data_quality': 547, 'parallelism': 1}",1.6,-1,48,-1
2025-07-03 23:14:12.009002,elastic-workbench-cv-analyzer,elastic-workbench-cv-analyzer-1,221,"{'data_quality': 194, 'model_size': 2, 'parallelism': 1}",5.4,-1,4,-1
2025-07-03 23:14:12.011812,elastic-workbench-pc-visualizer,elastic-workbench-pc-visualizer-1,21,"{'data_quality': 40, 'model_size': 1, 'parallelism': 1}",1.0,-1,47,-1
2025-07-03 23:14:22.006701,elastic-workbench-qr-detector,elastic-workbench-qr-detector-1,30,"{'data_quality': 547, 'parallelism': 1}",1.58,-1,48,-1
2025-07-03 23:14:22.009285,elastic-workbench-cv-analyzer,elastic-workbench-cv-analyzer-1,226,"{'data_quality': 194, 'model_size': 2, 'parallelism': 1}",5.42,-1,3,-1
2025-07-03 23:14:22.011768,elastic-workbench-pc-visualizer,elastic-workbench-pc-visualizer-1,21,"{'data_quality': 40, 'model_size': 1, 'parallelism': 1}",1.0,-1,46,-1
2025-07-03 23:14:32.007591,elastic-workbench-qr-detector,elastic-workbench-qr-detector-1,30,"{'data_quality': 547, 'parallelism': 1}",1.58,-1,49,-1
2025-07-03 23:14:32.010576,elastic-workbench-cv-analyzer,elastic-workbench-cv-analyzer-1,203,"{'data_quality': 194, 'model_size': 2, 'parallelism': 1}",5.42,-1,4,-1
2025-07-03 23:14:32.021276,elastic-workbench-pc-visualizer,elastic-workbench-pc-visualizer-1,21,"{'data_quality': 40, 'model_size': 1, 'parallelism': 1}",1.0,-1,45,-1
2025-07-03 23:14:42.007717,elastic-workbench-qr-detector,elastic-workbench-qr-detector-1,30,"{'data_quality': 547, 'parallelism': 1}",1.59,-1,50,-1
2025-07-03 23:14:42.010297,elastic-workbench-cv-analyzer,elastic-workbench-cv-analyzer-1,179,"{'data_quality': 194, 'model_size': 2, 'parallelism': 1}",5.41,-1,4,-1
2025-07-03 23:14:42.012779,elastic-workbench-pc-visualizer,elastic-workbench-pc-visualizer-1,21,"{'data_quality': 40, 'model_size': 1, 'parallelism': 1}",1.0,-1,46,-1
2025-07-03 23:14:52.008891,elastic-workbench-qr-detector,elastic-workbench-qr-detector-1,30,"{'data_quality': 547, 'parallelism': 1}",1.6,-1,51,-1
2025-07-03 23:14:52.011712,elastic-workbench-cv-analyzer,elastic-workbench-cv-analyzer-1,183,"{'data_quality': 194, 'model_size': 2, 'parallelism': 1}",5.4,-1,4,-1
2025-07-03 23:14:52.018054,elastic-workbench-pc-visualizer,elastic-workbench-pc-visualizer-1,21,"{'data_quality': 40, 'model_size': 1, 'parallelism': 1}",1.0,-1,45,-1
2025-07-03 23:15:02.011422,elastic-workbench-qr-detector,elastic-workbench-qr-detector-1,29,"{'data_quality': 547, 'parallelism': 1}",1.61,-1,50,-1
2025-07-03 23:15:02.029748,elastic-workbench-cv-analyzer,elastic-workbench-cv-analyzer-1,168,"{'data_quality': 194, 'model_size': 2, 'parallelism': 1}",5.39,-1,5,-1
2025-07-03 23:15:02.037077,elastic-workbench-pc-visualizer,elastic-workbench-pc-visualizer-1,21,"{'data_quality': 40, 'model_size': 1, 'parallelism': 1}",1.0,-1,46,-1
2025-07-03 23:15:12.009985,elastic-workbench-qr-detector,elastic-workbench-qr-detector-1,29,"{'data_quality': 547, 'parallelism': 1}",1.6,-1,48,-1
2025-07-03 23:15:12.012913,elastic-workbench-cv-analyzer,elastic-workbench-cv-analyzer-1,233,"{'data_quality': 194, 'model_size': 2, 'parallelism': 1}",5.4,-1,4,-1
2025-07-03 23:15:12.019264,elastic-workbench-pc-visualizer,elastic-workbench-pc-visualizer-1,20,"{'data_quality': 40, 'model_size': 1, 'parallelism': 1}",1.0,-1,48,-1
2025-07-03 23:15:22.010856,elastic-workbench-qr-detector,elastic-workbench-qr-detector-1,30,"{'data_quality': 547, 'parallelism': 1}",1.58,-1,48,-1
2025-07-03 23:15:22.013719,elastic-workbench-cv-analyzer,elastic-workbench-cv-analyzer-1,188,"{'data_quality': 194, 'model_size': 2, 'parallelism': 1}",5.42,-1,4,-1
2025-07-03 23:15:22.035118,elastic-workbench-pc-visualizer,elastic-workbench-pc-visualizer-1,19,"{'data_quality': 40, 'model_size': 1, 'parallelism': 1}",1.0,-1,49,-1
2025-07-03 23:15:32.011161,elastic-workbench-qr-detector,elastic-workbench-qr-detector-1,30,"{'data_quality': 547, 'parallelism': 1}",1.58,-1,48,-1
2025-07-03 23:15:32.017314,elastic-workbench-cv-analyzer,elastic-workbench-cv-analyzer-1,156,"{'data_quality': 194, 'model_size': 2, 'parallelism': 1}",5.42,-1,5,-1
2025-07-03 23:15:32.023450,elastic-workbench-pc-visualizer,elastic-workbench-pc-visualizer-1,20,"{'data_quality': 40, 'model_size': 1, 'parallelism': 1}",1.0,-1,47,-1
2025-07-03 23:15:42.012479,elastic-workbench-qr-detector,elastic-workbench-qr-detector-1,30,"{'data_quality': 547, 'parallelism': 1}",1.57,-1,47,-1
2025-07-03 23:15:42.021252,elastic-workbench-cv-analyzer,elastic-workbench-cv-analyzer-1,173,"{'data_quality': 194, 'model_size': 2, 'parallelism': 1}",5.43,-1,4,-1
2025-07-03 23:15:42.023791,elastic-workbench-pc-visualizer,elastic-workbench-pc-visualizer-1,19,"{'data_quality': 40, 'model_size': 1, 'parallelism': 1}",1.0,-1,49,-1
2025-07-03 23:15:52.018887,elastic-workbench-qr-detector,elastic-workbench-qr-detector-1,31,"{'data_quality': 547, 'parallelism': 1}",1.56,-1,47,-1
2025-07-03 23:15:52.027033,elastic-workbench-cv-analyzer,elastic-workbench-cv-analyzer-1,177,"{'data_quality': 194, 'model_size': 2, 'parallelism': 1}",5.44,-1,4,-1
2025-07-03 23:15:52.029908,elastic-workbench-pc-visualizer,elastic-workbench-pc-visualizer-1,20,"{'data_quality': 40, 'model_size': 1, 'parallelism': 1}",1.0,-1,47,-1
2025-07-03 23:16:02.013092,elastic-workbench-qr-detector,elastic-workbench-qr-detector-1,32,"{'data_quality': 547, 'parallelism': 1}",1.56,-1,49,-1
2025-07-03 23:16:02.018884,elastic-workbench-cv-analyzer,elastic-workbench-cv-analyzer-1,195,"{'data_quality': 194, 'model_size': 2, 'parallelism': 1}",5.44,-1,4,-1
2025-07-03 23:16:02.023323,elastic-workbench-pc-visualizer,elastic-workbench-pc-visualizer-1,21,"{'data_quality': 40, 'model_size': 1, 'parallelism': 1}",1.0,-1,46,-1
2025-07-03 23:16:12.013373,elastic-workbench-qr-detector,elastic-workbench-qr-detector-1,30,"{'data_quality': 547, 'parallelism': 1}",1.58,-1,49,-1
2025-07-03 23:16:12.021692,elastic-workbench-cv-analyzer,elastic-workbench-cv-analyzer-1,171,"{'data_quality': 194, 'model_size': 2, 'parallelism': 1}",5.42,-1,4,-1
2025-07-03 23:16:12.027672,elastic-workbench-pc-visualizer,elastic-workbench-pc-visualizer-1,20,"{'data_quality': 40, 'model_size': 1, 'parallelism': 1}",1.0,-1,47,-1
2025-07-03 23:16:22.014166,elastic-workbench-qr-detector,elastic-workbench-qr-detector-1,30,"{'data_quality': 547, 'parallelism': 1}",1.58,-1,49,-1
2025-07-03 23:16:22.017291,elastic-workbench-cv-analyzer,elastic-workbench-cv-analyzer-1,206,"{'data_quality': 194, 'model_size': 2, 'parallelism': 1}",5.42,-1,4,-1
2025-07-03 23:16:22.028985,elastic-workbench-pc-visualizer,elastic-workbench-pc-visualizer-1,20,"{'data_quality': 40, 'model_size': 1, 'parallelism': 1}",1.0,-1,48,-1
2025-07-03 23:16:32.018276,elastic-workbench-qr-detector,elastic-workbench-qr-detector-1,30,"{'data_quality': 547, 'parallelism': 1}",1.58,-1,49,-1
2025-07-03 23:16:32.023437,elastic-workbench-cv-analyzer,elastic-workbench-cv-analyzer-1,155,"{'data_quality': 194, 'model_size': 2, 'parallelism': 1}",5.42,-1,4,-1
2025-07-03 23:16:32.027641,elastic-workbench-pc-visualizer,elastic-workbench-pc-visualizer-1,20,"{'data_quality': 40, 'model_size': 1, 'parallelism': 1}",1.0,-1,47,-1
2025-07-03 23:16:42.021295,elastic-workbench-qr-detector,elastic-workbench-qr-detector-1,31,"{'data_quality': 547, 'parallelism': 1}",1.58,-1,50,-1
2025-07-03 23:16:42.025754,elastic-workbench-cv-analyzer,elastic-workbench-cv-analyzer-1,156,"{'data_quality': 194, 'model_size': 2, 'parallelism': 1}",5.42,-1,5,-1
2025-07-03 23:16:42.028996,elastic-workbench-pc-visualizer,elastic-workbench-pc-visualizer-1,20,"{'data_quality': 40, 'model_size': 1, 'parallelism': 1}",1.0,-1,47,-1
2025-07-03 23:16:52.022826,elastic-workbench-qr-detector,elastic-workbench-qr-detector-1,30,"{'data_quality': 547, 'parallelism': 1}",1.59,-1,51,-1
2025-07-03 23:16:52.031403,elastic-workbench-cv-analyzer,elastic-workbench-cv-analyzer-1,184,"{'data_quality': 194, 'model_size': 2, 'parallelism': 1}",5.41,-1,4,-1
2025-07-03 23:16:52.035598,elastic-workbench-pc-visualizer,elastic-workbench-pc-visualizer-1,21,"{'data_quality': 40, 'model_size': 1, 'parallelism': 1}",1.0,-1,46,-1
2025-07-03 23:17:02.029062,elastic-workbench-qr-detector,elastic-workbench-qr-detector-1,30,"{'data_quality': 547, 'parallelism': 1}",1.6,-1,51,-1
2025-07-03 23:17:02.033679,elastic-workbench-cv-analyzer,elastic-workbench-cv-analyzer-1,164,"{'data_quality': 194, 'model_size': 2, 'parallelism': 1}",5.4,-1,4,-1
2025-07-03 23:17:02.036317,elastic-workbench-pc-visualizer,elastic-workbench-pc-visualizer-1,20,"{'data_quality': 40, 'model_size': 1, 'parallelism': 1}",1.0,-1,48,-1
2025-07-03 23:17:12.023572,elastic-workbench-qr-detector,elastic-workbench-qr-detector-1,28,"{'data_quality': 547, 'parallelism': 1}",1.6,-1,49,-1
2025-07-03 23:17:12.026284,elastic-workbench-cv-analyzer,elastic-workbench-cv-analyzer-1,157,"{'data_quality': 194, 'model_size': 2, 'parallelism': 1}",5.4,-1,5,-1
2025-07-03 23:17:12.028848,elastic-workbench-pc-visualizer,elastic-workbench-pc-visualizer-1,20,"{'data_quality': 40, 'model_size': 1, 'parallelism': 1}",1.0,-1,48,-1
2025-07-03 23:17:22.018904,elastic-workbench-qr-detector,elastic-workbench-qr-detector-1,30,"{'data_quality': 547, 'parallelism': 1}",1.57,-1,49,-1
2025-07-03 23:17:22.021588,elastic-workbench-cv-analyzer,elastic-workbench-cv-analyzer-1,198,"{'data_quality': 194, 'model_size': 2, 'parallelism': 1}",5.43,-1,4,-1
2025-07-03 23:17:22.024343,elastic-workbench-pc-visualizer,elastic-workbench-pc-visualizer-1,19,"{'data_quality': 40, 'model_size': 1, 'parallelism': 1}",1.0,-1,49,-1
2025-07-03 23:17:32.021236,elastic-workbench-qr-detector,elastic-workbench-qr-detector-1,30,"{'data_quality': 547, 'parallelism': 1}",1.57,-1,50,-1
2025-07-03 23:17:32.028555,elastic-workbench-cv-analyzer,elastic-workbench-cv-analyzer-1,179,"{'data_quality': 194, 'model_size': 2, 'parallelism': 1}",5.43,-1,4,-1
2025-07-03 23:17:32.036492,elastic-workbench-pc-visualizer,elastic-workbench-pc-visualizer-1,21,"{'data_quality': 40, 'model_size': 1, 'parallelism': 1}",1.0,-1,46,-1
2025-07-03 23:17:42.020742,elastic-workbench-qr-detector,elastic-workbench-qr-detector-1,30,"{'data_quality': 547, 'parallelism': 1}",1.58,-1,50,-1
2025-07-03 23:17:42.023440,elastic-workbench-cv-analyzer,elastic-workbench-cv-analyzer-1,187,"{'data_quality': 194, 'model_size': 2, 'parallelism': 1}",5.42,-1,4,-1
2025-07-03 23:17:42.028247,elastic-workbench-pc-visualizer,elastic-workbench-pc-visualizer-1,21,"{'data_quality': 40, 'model_size': 1, 'parallelism': 1}",1.0,-1,47,-1
2025-07-03 23:17:52.025682,elastic-workbench-qr-detector,elastic-workbench-qr-detector-1,31,"{'data_quality': 547, 'parallelism': 1}",1.58,-1,48,-1
2025-07-03 23:17:52.033485,elastic-workbench-cv-analyzer,elastic-workbench-cv-analyzer-1,146,"{'data_quality': 194, 'model_size': 2, 'parallelism': 1}",5.42,-1,4,-1
2025-07-03 23:17:52.036584,elastic-workbench-pc-visualizer,elastic-workbench-pc-visualizer-1,20,"{'data_quality': 40, 'model_size': 1, 'parallelism': 1}",1.0,-1,47,-1
2025-07-03 23:18:02.028845,elastic-workbench-qr-detector,elastic-workbench-qr-detector-1,31,"{'data_quality': 547, 'parallelism': 1}",1.56,-1,49,-1
2025-07-03 23:18:02.031651,elastic-workbench-cv-analyzer,elastic-workbench-cv-analyzer-1,162,"{'data_quality': 194, 'model_size': 2, 'parallelism': 1}",5.44,-1,5,-1
2025-07-03 23:18:02.034276,elastic-workbench-pc-visualizer,elastic-workbench-pc-visualizer-1,19,"{'data_quality': 40, 'model_size': 1, 'parallelism': 1}",1.0,-1,49,-1
2025-07-03 23:18:12.027324,elastic-workbench-qr-detector,elastic-workbench-qr-detector-1,32,"{'data_quality': 547, 'parallelism': 1}",1.57,-1,49,-1
2025-07-03 23:18:12.031437,elastic-workbench-cv-analyzer,elastic-workbench-cv-analyzer-1,228,"{'data_quality': 194, 'model_size': 2, 'parallelism': 1}",5.43,-1,4,-1
2025-07-03 23:18:12.035231,elastic-workbench-pc-visualizer,elastic-workbench-pc-visualizer-1,20,"{'data_quality': 40, 'model_size': 1, 'parallelism': 1}",1.0,-1,47,-1
2025-07-03 23:18:22.029311,elastic-workbench-qr-detector,elastic-workbench-qr-detector-1,30,"{'data_quality': 547, 'parallelism': 1}",1.57,-1,47,-1
2025-07-03 23:18:22.033482,elastic-workbench-cv-analyzer,elastic-workbench-cv-analyzer-1,167,"{'data_quality': 194, 'model_size': 2, 'parallelism': 1}",5.43,-1,4,-1
2025-07-03 23:18:22.036177,elastic-workbench-pc-visualizer,elastic-workbench-pc-visualizer-1,20,"{'data_quality': 40, 'model_size': 1, 'parallelism': 1}",1.0,-1,47,-1
2025-07-03 23:18:32.029773,elastic-workbench-qr-detector,elastic-workbench-qr-detector-1,31,"{'data_quality': 547, 'parallelism': 1}",1.54,-1,49,-1
2025-07-03 23:18:32.036421,elastic-workbench-cv-analyzer,elastic-workbench-cv-analyzer-1,196,"{'data_quality': 194, 'model_size': 2, 'parallelism': 1}",5.46,-1,4,-1
2025-07-03 23:18:32.039223,elastic-workbench-pc-visualizer,elastic-workbench-pc-visualizer-1,20,"{'data_quality': 40, 'model_size': 1, 'parallelism': 1}",1.0,-1,48,-1
2025-07-03 23:18:42.026238,elastic-workbench-qr-detector,elastic-workbench-qr-detector-1,31,"{'data_quality': 547, 'parallelism': 1}",1.57,-1,48,-1
2025-07-03 23:18:42.028864,elastic-workbench-cv-analyzer,elastic-workbench-cv-analyzer-1,161,"{'data_quality': 194, 'model_size': 2, 'parallelism': 1}",5.43,-1,4,-1
2025-07-03 23:18:42.031540,elastic-workbench-pc-visualizer,elastic-workbench-pc-visualizer-1,19,"{'data_quality': 40, 'model_size': 1, 'parallelism': 1}",1.0,-1,49,-1
2025-07-03 23:18:52.030530,elastic-workbench-qr-detector,elastic-workbench-qr-detector-1,30,"{'data_quality': 547, 'parallelism': 1}",1.55,-1,49,-1
2025-07-03 23:18:52.036742,elastic-workbench-cv-analyzer,elastic-workbench-cv-analyzer-1,143,"{'data_quality': 194, 'model_size': 2, 'parallelism': 1}",5.45,-1,4,-1
2025-07-03 23:18:52.039225,elastic-workbench-pc-visualizer,elastic-workbench-pc-visualizer-1,20,"{'data_quality': 40, 'model_size': 1, 'parallelism': 1}",1.0,-1,47,-1
2025-07-03 23:19:02.033890,elastic-workbench-qr-detector,elastic-workbench-qr-detector-1,31,"{'data_quality': 547, 'parallelism': 1}",1.56,-1,48,-1
2025-07-03 23:19:02.038469,elastic-workbench-cv-analyzer,elastic-workbench-cv-analyzer-1,140,"{'data_quality': 194, 'model_size': 2, 'parallelism': 1}",5.44,-1,5,-1
2025-07-03 23:19:02.041342,elastic-workbench-pc-visualizer,elastic-workbench-pc-visualizer-1,20,"{'data_quality': 40, 'model_size': 1, 'parallelism': 1}",1.0,-1,48,-1
2025-07-03 23:19:12.041523,elastic-workbench-qr-detector,elastic-workbench-qr-detector-1,30,"{'data_quality': 547, 'parallelism': 1}",1.55,-1,49,-1
2025-07-03 23:19:12.045064,elastic-workbench-cv-analyzer,elastic-workbench-cv-analyzer-1,163,"{'data_quality': 194, 'model_size': 2, 'parallelism': 1}",5.45,-1,5,-1
2025-07-03 23:19:12.047623,elastic-workbench-pc-visualizer,elastic-workbench-pc-visualizer-1,21,"{'data_quality': 40, 'model_size': 1, 'parallelism': 1}",1.0,-1,47,-1
2025-07-03 23:19:22.028137,elastic-workbench-qr-detector,elastic-workbench-qr-detector-1,30,"{'data_quality': 547, 'parallelism': 1}",1.56,-1,50,-1
2025-07-03 23:19:22.030993,elastic-workbench-cv-analyzer,elastic-workbench-cv-analyzer-1,157,"{'data_quality': 194, 'model_size': 2, 'parallelism': 1}",5.44,-1,5,-1
2025-07-03 23:19:22.033486,elastic-workbench-pc-visualizer,elastic-workbench-pc-visualizer-1,19,"{'data_quality': 40, 'model_size': 1, 'parallelism': 1}",1.0,-1,50,-1
2025-07-03 23:19:32.031139,elastic-workbench-qr-detector,elastic-workbench-qr-detector-1,31,"{'data_quality': 547, 'parallelism': 1}",1.57,-1,49,-1
2025-07-03 23:19:32.034053,elastic-workbench-cv-analyzer,elastic-workbench-cv-analyzer-1,174,"{'data_quality': 194, 'model_size': 2, 'parallelism': 1}",5.43,-1,4,-1
2025-07-03 23:19:32.037621,elastic-workbench-pc-visualizer,elastic-workbench-pc-visualizer-1,19,"{'data_quality': 40, 'model_size': 1, 'parallelism': 1}",1.0,-1,49,-1
2025-07-03 23:19:42.031208,elastic-workbench-qr-detector,elastic-workbench-qr-detector-1,30,"{'data_quality': 547, 'parallelism': 1}",1.56,-1,49,-1
2025-07-03 23:19:42.035411,elastic-workbench-cv-analyzer,elastic-workbench-cv-analyzer-1,163,"{'data_quality': 194, 'model_size': 2, 'parallelism': 1}",5.44,-1,4,-1
2025-07-03 23:19:42.045027,elastic-workbench-pc-visualizer,elastic-workbench-pc-visualizer-1,20,"{'data_quality': 40, 'model_size': 1, 'parallelism': 1}",1.0,-1,48,-1
2025-07-03 23:19:48.331717,elastic-workbench-qr-detector,elastic-workbench-qr-detector-1,26,"{'data_quality': 550, 'parallelism': 1}",2.67,-1,49,-1
2025-07-03 23:19:48.335171,elastic-workbench-cv-analyzer,elastic-workbench-cv-analyzer-1,494,"{'data_quality': 224, 'model_size': 3, 'parallelism': 1}",2.67,-1,1,-1
2025-07-03 23:19:48.338141,elastic-workbench-pc-visualizer,elastic-workbench-pc-visualizer-1,21,"{'data_quality': 30, 'model_size': 1, 'parallelism': 1}",2.67,-1,46,-1
2025-07-03 23:19:58.336789,elastic-workbench-qr-detector,elastic-workbench-qr-detector-1,27,"{'data_quality': 551, 'parallelism': 1}",1.84,-1,50,-1
2025-07-03 23:19:58.342285,elastic-workbench-cv-analyzer,elastic-workbench-cv-analyzer-1,176,"{'data_quality': 224, 'model_size': 2, 'parallelism': 1}",5.16,-1,4,-1
2025-07-03 23:19:58.351257,elastic-workbench-pc-visualizer,elastic-workbench-pc-visualizer-1,21,"{'data_quality': 40, 'model_size': 1, 'parallelism': 1}",1.0,-1,46,-1
2025-07-03 23:20:08.341719,elastic-workbench-qr-detector,elastic-workbench-qr-detector-1,27,"{'data_quality': 551, 'parallelism': 1}",1.83,-1,47,-1
2025-07-03 23:20:08.344310,elastic-workbench-cv-analyzer,elastic-workbench-cv-analyzer-1,250,"{'data_quality': 224, 'model_size': 2, 'parallelism': 1}",5.17,-1,3,-1
2025-07-03 23:20:08.346736,elastic-workbench-pc-visualizer,elastic-workbench-pc-visualizer-1,21,"{'data_quality': 40, 'model_size': 1, 'parallelism': 1}",1.0,-1,46,-1
2025-07-03 23:20:18.334275,elastic-workbench-qr-detector,elastic-workbench-qr-detector-1,28,"{'data_quality': 551, 'parallelism': 1}",1.8,-1,47,-1
2025-07-03 23:20:18.342046,elastic-workbench-cv-analyzer,elastic-workbench-cv-analyzer-1,207,"{'data_quality': 224, 'model_size': 2, 'parallelism': 1}",5.2,-1,4,-1
2025-07-03 23:20:18.348820,elastic-workbench-pc-visualizer,elastic-workbench-pc-visualizer-1,20,"{'data_quality': 40, 'model_size': 1, 'parallelism': 1}",1.0,-1,47,-1
2025-07-03 23:20:28.331885,elastic-workbench-qr-detector,elastic-workbench-qr-detector-1,29,"{'data_quality': 551, 'parallelism': 1}",1.79,-1,46,-1
2025-07-03 23:20:28.334428,elastic-workbench-cv-analyzer,elastic-workbench-cv-analyzer-1,239,"{'data_quality': 224, 'model_size': 2, 'parallelism': 1}",5.21,-1,3,-1
2025-07-03 23:20:28.337400,elastic-workbench-pc-visualizer,elastic-workbench-pc-visualizer-1,21,"{'data_quality': 40, 'model_size': 1, 'parallelism': 1}",1.0,-1,46,-1
2025-07-03 23:20:38.335297,elastic-workbench-qr-detector,elastic-workbench-qr-detector-1,28,"{'data_quality': 551, 'parallelism': 1}",1.78,-1,47,-1
2025-07-03 23:20:38.337859,elastic-workbench-cv-analyzer,elastic-workbench-cv-analyzer-1,181,"{'data_quality': 224, 'model_size': 2, 'parallelism': 1}",5.22,-1,4,-1
2025-07-03 23:20:38.340558,elastic-workbench-pc-visualizer,elastic-workbench-pc-visualizer-1,20,"{'data_quality': 40, 'model_size': 1, 'parallelism': 1}",1.0,-1,48,-1
2025-07-03 23:20:48.332453,elastic-workbench-qr-detector,elastic-workbench-qr-detector-1,27,"{'data_quality': 551, 'parallelism': 1}",1.78,-1,46,-1
2025-07-03 23:20:48.335424,elastic-workbench-cv-analyzer,elastic-workbench-cv-analyzer-1,186,"{'data_quality': 224, 'model_size': 2, 'parallelism': 1}",5.22,-1,4,-1
2025-07-03 23:20:48.338077,elastic-workbench-pc-visualizer,elastic-workbench-pc-visualizer-1,21,"{'data_quality': 40, 'model_size': 1, 'parallelism': 1}",1.0,-1,46,-1
2025-07-03 23:20:58.335034,elastic-workbench-qr-detector,elastic-workbench-qr-detector-1,27,"{'data_quality': 551, 'parallelism': 1}",1.76,-1,47,-1
2025-07-03 23:20:58.337885,elastic-workbench-cv-analyzer,elastic-workbench-cv-analyzer-1,205,"{'data_quality': 224, 'model_size': 2, 'parallelism': 1}",5.24,-1,4,-1
2025-07-03 23:20:58.340727,elastic-workbench-pc-visualizer,elastic-workbench-pc-visualizer-1,21,"{'data_quality': 40, 'model_size': 1, 'parallelism': 1}",1.0,-1,46,-1
2025-07-03 23:21:08.333760,elastic-workbench-qr-detector,elastic-workbench-qr-detector-1,26,"{'data_quality': 551, 'parallelism': 1}",1.76,-1,47,-1
2025-07-03 23:21:08.338438,elastic-workbench-cv-analyzer,elastic-workbench-cv-analyzer-1,209,"{'data_quality': 224, 'model_size': 2, 'parallelism': 1}",5.24,-1,4,-1
2025-07-03 23:21:08.341156,elastic-workbench-pc-visualizer,elastic-workbench-pc-visualizer-1,20,"{'data_quality': 40, 'model_size': 1, 'parallelism': 1}",1.0,-1,47,-1
2025-07-03 23:21:18.336350,elastic-workbench-qr-detector,elastic-workbench-qr-detector-1,27,"{'data_quality': 551, 'parallelism': 1}",1.76,-1,48,-1
2025-07-03 23:21:18.340267,elastic-workbench-cv-analyzer,elastic-workbench-cv-analyzer-1,171,"{'data_quality': 224, 'model_size': 2, 'parallelism': 1}",5.24,-1,4,-1
2025-07-03 23:21:18.343119,elastic-workbench-pc-visualizer,elastic-workbench-pc-visualizer-1,20,"{'data_quality': 40, 'model_size': 1, 'parallelism': 1}",1.0,-1,48,-1
2025-07-03 23:21:28.340198,elastic-workbench-qr-detector,elastic-workbench-qr-detector-1,27,"{'data_quality': 551, 'parallelism': 1}",1.76,-1,50,-1
2025-07-03 23:21:28.342896,elastic-workbench-cv-analyzer,elastic-workbench-cv-analyzer-1,197,"{'data_quality': 224, 'model_size': 2, 'parallelism': 1}",5.24,-1,4,-1
2025-07-03 23:21:28.345831,elastic-workbench-pc-visualizer,elastic-workbench-pc-visualizer-1,21,"{'data_quality': 40, 'model_size': 1, 'parallelism': 1}",1.0,-1,47,-1
2025-07-03 23:21:38.335382,elastic-workbench-qr-detector,elastic-workbench-qr-detector-1,28,"{'data_quality': 551, 'parallelism': 1}",1.77,-1,50,-1
2025-07-03 23:21:38.338525,elastic-workbench-cv-analyzer,elastic-workbench-cv-analyzer-1,192,"{'data_quality': 224, 'model_size': 2, 'parallelism': 1}",5.23,-1,4,-1
2025-07-03 23:21:38.341268,elastic-workbench-pc-visualizer,elastic-workbench-pc-visualizer-1,21,"{'data_quality': 40, 'model_size': 1, 'parallelism': 1}",1.0,-1,46,-1
2025-07-03 23:21:48.338271,elastic-workbench-qr-detector,elastic-workbench-qr-detector-1,28,"{'data_quality': 551, 'parallelism': 1}",1.77,-1,50,-1
2025-07-03 23:21:48.341612,elastic-workbench-cv-analyzer,elastic-workbench-cv-analyzer-1,229,"{'data_quality': 224, 'model_size': 2, 'parallelism': 1}",5.23,-1,4,-1
2025-07-03 23:21:48.344780,elastic-workbench-pc-visualizer,elastic-workbench-pc-visualizer-1,20,"{'data_quality': 40, 'model_size': 1, 'parallelism': 1}",1.0,-1,47,-1
2025-07-03 23:21:58.338137,elastic-workbench-qr-detector,elastic-workbench-qr-detector-1,28,"{'data_quality': 551, 'parallelism': 1}",1.76,-1,50,-1
2025-07-03 23:21:58.340710,elastic-workbench-cv-analyzer,elastic-workbench-cv-analyzer-1,211,"{'data_quality': 224, 'model_size': 2, 'parallelism': 1}",5.24,-1,4,-1
2025-07-03 23:21:58.346594,elastic-workbench-pc-visualizer,elastic-workbench-pc-visualizer-1,21,"{'data_quality': 40, 'model_size': 1, 'parallelism': 1}",1.0,-1,46,-1
2025-07-03 23:22:08.338300,elastic-workbench-qr-detector,elastic-workbench-qr-detector-1,28,"{'data_quality': 551, 'parallelism': 1}",1.76,-1,50,-1
2025-07-03 23:22:08.341160,elastic-workbench-cv-analyzer,elastic-workbench-cv-analyzer-1,211,"{'data_quality': 224, 'model_size': 2, 'parallelism': 1}",5.24,-1,4,-1
2025-07-03 23:22:08.343746,elastic-workbench-pc-visualizer,elastic-workbench-pc-visualizer-1,21,"{'data_quality': 40, 'model_size': 1, 'parallelism': 1}",1.0,-1,45,-1
2025-07-03 23:22:18.341586,elastic-workbench-qr-detector,elastic-workbench-qr-detector-1,29,"{'data_quality': 551, 'parallelism': 1}",1.75,-1,50,-1
2025-07-03 23:22:18.347936,elastic-workbench-cv-analyzer,elastic-workbench-cv-analyzer-1,195,"{'data_quality': 224, 'model_size': 2, 'parallelism': 1}",5.25,-1,4,-1
2025-07-03 23:22:18.351072,elastic-workbench-pc-visualizer,elastic-workbench-pc-visualizer-1,21,"{'data_quality': 40, 'model_size': 1, 'parallelism': 1}",1.0,-1,46,-1
2025-07-03 23:22:28.340071,elastic-workbench-qr-detector,elastic-workbench-qr-detector-1,29,"{'data_quality': 551, 'parallelism': 1}",1.75,-1,50,-1
2025-07-03 23:22:28.343103,elastic-workbench-cv-analyzer,elastic-workbench-cv-analyzer-1,162,"{'data_quality': 224, 'model_size': 2, 'parallelism': 1}",5.25,-1,4,-1
2025-07-03 23:22:28.345526,elastic-workbench-pc-visualizer,elastic-workbench-pc-visualizer-1,20,"{'data_quality': 40, 'model_size': 1, 'parallelism': 1}",1.0,-1,48,-1
2025-07-03 23:22:38.342540,elastic-workbench-qr-detector,elastic-workbench-qr-detector-1,28,"{'data_quality': 551, 'parallelism': 1}",1.74,-1,50,-1
2025-07-03 23:22:38.345574,elastic-workbench-cv-analyzer,elastic-workbench-cv-analyzer-1,192,"{'data_quality': 224, 'model_size': 2, 'parallelism': 1}",5.26,-1,4,-1
2025-07-03 23:22:38.348277,elastic-workbench-pc-visualizer,elastic-workbench-pc-visualizer-1,20,"{'data_quality': 40, 'model_size': 1, 'parallelism': 1}",1.0,-1,46,-1
2025-07-03 23:22:48.344083,elastic-workbench-qr-detector,elastic-workbench-qr-detector-1,28,"{'data_quality': 551, 'parallelism': 1}",1.74,-1,50,-1
2025-07-03 23:22:48.348322,elastic-workbench-cv-analyzer,elastic-workbench-cv-analyzer-1,175,"{'data_quality': 224, 'model_size': 2, 'parallelism': 1}",5.26,-1,4,-1
2025-07-03 23:22:48.350936,elastic-workbench-pc-visualizer,elastic-workbench-pc-visualizer-1,21,"{'data_quality': 40, 'model_size': 1, 'parallelism': 1}",1.0,-1,47,-1
2025-07-03 23:22:58.340008,elastic-workbench-qr-detector,elastic-workbench-qr-detector-1,27,"{'data_quality': 551, 'parallelism': 1}",1.74,-1,51,-1
2025-07-03 23:22:58.345430,elastic-workbench-cv-analyzer,elastic-workbench-cv-analyzer-1,202,"{'data_quality': 224, 'model_size': 2, 'parallelism': 1}",5.26,-1,4,-1
2025-07-03 23:22:58.349738,elastic-workbench-pc-visualizer,elastic-workbench-pc-visualizer-1,21,"{'data_quality': 40, 'model_size': 1, 'parallelism': 1}",1.0,-1,46,-1
2025-07-03 23:23:08.341013,elastic-workbench-qr-detector,elastic-workbench-qr-detector-1,28,"{'data_quality': 551, 'parallelism': 1}",1.74,-1,50,-1
2025-07-03 23:23:08.343545,elastic-workbench-cv-analyzer,elastic-workbench-cv-analyzer-1,169,"{'data_quality': 224, 'model_size': 2, 'parallelism': 1}",5.26,-1,4,-1
2025-07-03 23:23:08.346014,elastic-workbench-pc-visualizer,elastic-workbench-pc-visualizer-1,20,"{'data_quality': 40, 'model_size': 1, 'parallelism': 1}",1.0,-1,47,-1
2025-07-03 23:23:18.344369,elastic-workbench-qr-detector,elastic-workbench-qr-detector-1,28,"{'data_quality': 551, 'parallelism': 1}",1.73,-1,51,-1
2025-07-03 23:23:18.348611,elastic-workbench-cv-analyzer,elastic-workbench-cv-analyzer-1,171,"{'data_quality': 224, 'model_size': 2, 'parallelism': 1}",5.27,-1,4,-1
2025-07-03 23:23:18.352215,elastic-workbench-pc-visualizer,elastic-workbench-pc-visualizer-1,20,"{'data_quality': 40, 'model_size': 1, 'parallelism': 1}",1.0,-1,47,-1
2025-07-03 23:23:28.348277,elastic-workbench-qr-detector,elastic-workbench-qr-detector-1,28,"{'data_quality': 551, 'parallelism': 1}",1.73,-1,51,-1
2025-07-03 23:23:28.354754,elastic-workbench-cv-analyzer,elastic-workbench-cv-analyzer-1,244,"{'data_quality': 224, 'model_size': 2, 'parallelism': 1}",5.27,-1,4,-1
2025-07-03 23:23:28.357721,elastic-workbench-pc-visualizer,elastic-workbench-pc-visualizer-1,21,"{'data_quality': 40, 'model_size': 1, 'parallelism': 1}",1.0,-1,46,-1
2025-07-03 23:23:38.352587,elastic-workbench-qr-detector,elastic-workbench-qr-detector-1,28,"{'data_quality': 551, 'parallelism': 1}",1.73,-1,51,-1
2025-07-03 23:23:38.355825,elastic-workbench-cv-analyzer,elastic-workbench-cv-analyzer-1,269,"{'data_quality': 224, 'model_size': 2, 'parallelism': 1}",5.27,-1,3,-1
2025-07-03 23:23:38.358458,elastic-workbench-pc-visualizer,elastic-workbench-pc-visualizer-1,21,"{'data_quality': 40, 'model_size': 1, 'parallelism': 1}",1.0,-1,46,-1
2025-07-03 23:23:48.348902,elastic-workbench-qr-detector,elastic-workbench-qr-detector-1,28,"{'data_quality': 551, 'parallelism': 1}",1.73,-1,50,-1
2025-07-03 23:23:48.353486,elastic-workbench-cv-analyzer,elastic-workbench-cv-analyzer-1,182,"{'data_quality': 224, 'model_size': 2, 'parallelism': 1}",5.27,-1,4,-1
2025-07-03 23:23:48.356201,elastic-workbench-pc-visualizer,elastic-workbench-pc-visualizer-1,20,"{'data_quality': 40, 'model_size': 1, 'parallelism': 1}",1.0,-1,48,-1
2025-07-03 23:23:58.347239,elastic-workbench-qr-detector,elastic-workbench-qr-detector-1,29,"{'data_quality': 551, 'parallelism': 1}",1.71,-1,51,-1
2025-07-03 23:23:58.349919,elastic-workbench-cv-analyzer,elastic-workbench-cv-analyzer-1,180,"{'data_quality': 224, 'model_size': 2, 'parallelism': 1}",5.29,-1,5,-1
2025-07-03 23:23:58.352693,elastic-workbench-pc-visualizer,elastic-workbench-pc-visualizer-1,21,"{'data_quality': 40, 'model_size': 1, 'parallelism': 1}",1.0,-1,46,-1
2025-07-03 23:24:08.350302,elastic-workbench-qr-detector,elastic-workbench-qr-detector-1,29,"{'data_quality': 551, 'parallelism': 1}",1.72,-1,50,-1
2025-07-03 23:24:08.354431,elastic-workbench-cv-analyzer,elastic-workbench-cv-analyzer-1,198,"{'data_quality': 224, 'model_size': 2, 'parallelism': 1}",5.28,-1,4,-1
2025-07-03 23:24:08.358813,elastic-workbench-pc-visualizer,elastic-workbench-pc-visualizer-1,21,"{'data_quality': 40, 'model_size': 1, 'parallelism': 1}",1.0,-1,46,-1
2025-07-03 23:24:18.355012,elastic-workbench-qr-detector,elastic-workbench-qr-detector-1,29,"{'data_quality': 551, 'parallelism': 1}",1.71,-1,51,-1
2025-07-03 23:24:18.358494,elastic-workbench-cv-analyzer,elastic-workbench-cv-analyzer-1,249,"{'data_quality': 224, 'model_size': 2, 'parallelism': 1}",5.29,-1,4,-1
2025-07-03 23:24:18.361621,elastic-workbench-pc-visualizer,elastic-workbench-pc-visualizer-1,21,"{'data_quality': 40, 'model_size': 1, 'parallelism': 1}",1.0,-1,46,-1
2025-07-03 23:24:28.358495,elastic-workbench-qr-detector,elastic-workbench-qr-detector-1,30,"{'data_quality': 551, 'parallelism': 1}",1.72,-1,52,-1
2025-07-03 23:24:28.362297,elastic-workbench-cv-analyzer,elastic-workbench-cv-analyzer-1,176,"{'data_quality': 224, 'model_size': 2, 'parallelism': 1}",5.28,-1,4,-1
2025-07-03 23:24:28.364956,elastic-workbench-pc-visualizer,elastic-workbench-pc-visualizer-1,21,"{'data_quality': 40, 'model_size': 1, 'parallelism': 1}",1.0,-1,45,-1
2025-07-03 23:24:38.352820,elastic-workbench-qr-detector,elastic-workbench-qr-detector-1,30,"{'data_quality': 551, 'parallelism': 1}",1.72,-1,52,-1
2025-07-03 23:24:38.355790,elastic-workbench-cv-analyzer,elastic-workbench-cv-analyzer-1,237,"{'data_quality': 224, 'model_size': 2, 'parallelism': 1}",5.28,-1,3,-1
2025-07-03 23:24:38.358879,elastic-workbench-pc-visualizer,elastic-workbench-pc-visualizer-1,21,"{'data_quality': 40, 'model_size': 1, 'parallelism': 1}",1.0,-1,46,-1
2025-07-03 23:24:48.353246,elastic-workbench-qr-detector,elastic-workbench-qr-detector-1,29,"{'data_quality': 551, 'parallelism': 1}",1.72,-1,52,-1
2025-07-03 23:24:48.357800,elastic-workbench-cv-analyzer,elastic-workbench-cv-analyzer-1,224,"{'data_quality': 224, 'model_size': 2, 'parallelism': 1}",5.28,-1,3,-1
2025-07-03 23:24:48.365354,elastic-workbench-pc-visualizer,elastic-workbench-pc-visualizer-1,21,"{'data_quality': 40, 'model_size': 1, 'parallelism': 1}",1.0,-1,46,-1
2025-07-03 23:24:58.354127,elastic-workbench-qr-detector,elastic-workbench-qr-detector-1,28,"{'data_quality': 551, 'parallelism': 1}",1.72,-1,52,-1
2025-07-03 23:24:58.356777,elastic-workbench-cv-analyzer,elastic-workbench-cv-analyzer-1,217,"{'data_quality': 224, 'model_size': 2, 'parallelism': 1}",5.28,-1,3,-1
2025-07-03 23:24:58.359710,elastic-workbench-pc-visualizer,elastic-workbench-pc-visualizer-1,21,"{'data_quality': 40, 'model_size': 1, 'parallelism': 1}",1.0,-1,45,-1
2025-07-03 23:25:08.353922,elastic-workbench-qr-detector,elastic-workbench-qr-detector-1,28,"{'data_quality': 551, 'parallelism': 1}",1.71,-1,52,-1
2025-07-03 23:25:08.356705,elastic-workbench-cv-analyzer,elastic-workbench-cv-analyzer-1,194,"{'data_quality': 224, 'model_size': 2, 'parallelism': 1}",5.29,-1,4,-1
2025-07-03 23:25:08.359494,elastic-workbench-pc-visualizer,elastic-workbench-pc-visualizer-1,21,"{'data_quality': 40, 'model_size': 1, 'parallelism': 1}",1.0,-1,45,-1
2025-07-03 23:25:18.357220,elastic-workbench-qr-detector,elastic-workbench-qr-detector-1,28,"{'data_quality': 551, 'parallelism': 1}",1.71,-1,54,-1
2025-07-03 23:25:18.361007,elastic-workbench-cv-analyzer,elastic-workbench-cv-analyzer-1,195,"{'data_quality': 224, 'model_size': 2, 'parallelism': 1}",5.29,-1,4,-1
2025-07-03 23:25:18.368153,elastic-workbench-pc-visualizer,elastic-workbench-pc-visualizer-1,21,"{'data_quality': 40, 'model_size': 1, 'parallelism': 1}",1.0,-1,47,-1
2025-07-03 23:25:28.357650,elastic-workbench-qr-detector,elastic-workbench-qr-detector-1,27,"{'data_quality': 551, 'parallelism': 1}",1.73,-1,57,-1
2025-07-03 23:25:28.361008,elastic-workbench-cv-analyzer,elastic-workbench-cv-analyzer-1,272,"{'data_quality': 224, 'model_size': 2, 'parallelism': 1}",5.27,-1,3,-1
2025-07-03 23:25:28.363852,elastic-workbench-pc-visualizer,elastic-workbench-pc-visualizer-1,21,"{'data_quality': 40, 'model_size': 1, 'parallelism': 1}",1.0,-1,46,-1
2025-07-03 23:25:38.363269,elastic-workbench-qr-detector,elastic-workbench-qr-detector-1,28,"{'data_quality': 551, 'parallelism': 1}",1.75,-1,58,-1
2025-07-03 23:25:38.366243,elastic-workbench-cv-analyzer,elastic-workbench-cv-analyzer-1,201,"{'data_quality': 224, 'model_size': 2, 'parallelism': 1}",5.25,-1,4,-1
2025-07-03 23:25:38.368870,elastic-workbench-pc-visualizer,elastic-workbench-pc-visualizer-1,21,"{'data_quality': 40, 'model_size': 1, 'parallelism': 1}",1.0,-1,46,-1
2025-07-03 23:25:48.360940,elastic-workbench-qr-detector,elastic-workbench-qr-detector-1,29,"{'data_quality': 551, 'parallelism': 1}",1.76,-1,59,-1
2025-07-03 23:25:48.363581,elastic-workbench-cv-analyzer,elastic-workbench-cv-analyzer-1,216,"{'data_quality': 224, 'model_size': 2, 'parallelism': 1}",5.24,-1,4,-1
2025-07-03 23:25:48.366571,elastic-workbench-pc-visualizer,elastic-workbench-pc-visualizer-1,20,"{'data_quality': 40, 'model_size': 1, 'parallelism': 1}",1.0,-1,48,-1
2025-07-03 23:25:58.361645,elastic-workbench-qr-detector,elastic-workbench-qr-detector-1,28,"{'data_quality': 551, 'parallelism': 1}",1.77,-1,60,-1
2025-07-03 23:25:58.364912,elastic-workbench-cv-analyzer,elastic-workbench-cv-analyzer-1,201,"{'data_quality': 224, 'model_size': 2, 'parallelism': 1}",5.23,-1,4,-1
2025-07-03 23:25:58.367523,elastic-workbench-pc-visualizer,elastic-workbench-pc-visualizer-1,21,"{'data_quality': 40, 'model_size': 1, 'parallelism': 1}",1.0,-1,46,-1
2025-07-03 23:26:08.361870,elastic-workbench-qr-detector,elastic-workbench-qr-detector-1,28,"{'data_quality': 551, 'parallelism': 1}",1.77,-1,60,-1
2025-07-03 23:26:08.364858,elastic-workbench-cv-analyzer,elastic-workbench-cv-analyzer-1,283,"{'data_quality': 224, 'model_size': 2, 'parallelism': 1}",5.23,-1,2,-1
2025-07-03 23:26:08.367453,elastic-workbench-pc-visualizer,elastic-workbench-pc-visualizer-1,21,"{'data_quality': 40, 'model_size': 1, 'parallelism': 1}",1.0,-1,46,-1
2025-07-03 23:26:18.361997,elastic-workbench-qr-detector,elastic-workbench-qr-detector-1,28,"{'data_quality': 551, 'parallelism': 1}",1.77,-1,60,-1
2025-07-03 23:26:18.365249,elastic-workbench-cv-analyzer,elastic-workbench-cv-analyzer-1,223,"{'data_quality': 224, 'model_size': 2, 'parallelism': 1}",5.23,-1,4,-1
2025-07-03 23:26:18.368757,elastic-workbench-pc-visualizer,elastic-workbench-pc-visualizer-1,21,"{'data_quality': 40, 'model_size': 1, 'parallelism': 1}",1.0,-1,45,-1
2025-07-03 23:26:28.362517,elastic-workbench-qr-detector,elastic-workbench-qr-detector-1,28,"{'data_quality': 551, 'parallelism': 1}",1.77,-1,60,-1
2025-07-03 23:26:28.365418,elastic-workbench-cv-analyzer,elastic-workbench-cv-analyzer-1,249,"{'data_quality': 224, 'model_size': 2, 'parallelism': 1}",5.23,-1,3,-1
2025-07-03 23:26:28.368082,elastic-workbench-pc-visualizer,elastic-workbench-pc-visualizer-1,21,"{'data_quality': 40, 'model_size': 1, 'parallelism': 1}",1.0,-1,46,-1
2025-07-03 23:26:38.362948,elastic-workbench-qr-detector,elastic-workbench-qr-detector-1,28,"{'data_quality': 551, 'parallelism': 1}",1.77,-1,60,-1
2025-07-03 23:26:38.366123,elastic-workbench-cv-analyzer,elastic-workbench-cv-analyzer-1,293,"{'data_quality': 224, 'model_size': 2, 'parallelism': 1}",5.23,-1,2,-1
2025-07-03 23:26:38.368839,elastic-workbench-pc-visualizer,elastic-workbench-pc-visualizer-1,20,"{'data_quality': 40, 'model_size': 1, 'parallelism': 1}",1.0,-1,47,-1
2025-07-03 23:26:48.371398,elastic-workbench-qr-detector,elastic-workbench-qr-detector-1,29,"{'data_quality': 551, 'parallelism': 1}",1.77,-1,61,-1
2025-07-03 23:26:48.376498,elastic-workbench-cv-analyzer,elastic-workbench-cv-analyzer-1,218,"{'data_quality': 224, 'model_size': 2, 'parallelism': 1}",5.23,-1,4,-1
2025-07-03 23:26:48.379441,elastic-workbench-pc-visualizer,elastic-workbench-pc-visualizer-1,20,"{'data_quality': 40, 'model_size': 1, 'parallelism': 1}",1.0,-1,47,-1
2025-07-03 23:26:58.364593,elastic-workbench-qr-detector,elastic-workbench-qr-detector-1,28,"{'data_quality': 551, 'parallelism': 1}",1.78,-1,62,-1
2025-07-03 23:26:58.367506,elastic-workbench-cv-analyzer,elastic-workbench-cv-analyzer-1,241,"{'data_quality': 224, 'model_size': 2, 'parallelism': 1}",5.22,-1,3,-1
2025-07-03 23:26:58.370288,elastic-workbench-pc-visualizer,elastic-workbench-pc-visualizer-1,21,"{'data_quality': 40, 'model_size': 1, 'parallelism': 1}",1.0,-1,46,-1
2025-07-03 23:27:08.364838,elastic-workbench-qr-detector,elastic-workbench-qr-detector-1,28,"{'data_quality': 551, 'parallelism': 1}",1.78,-1,61,-1
2025-07-03 23:27:08.368125,elastic-workbench-cv-analyzer,elastic-workbench-cv-analyzer-1,209,"{'data_quality': 224, 'model_size': 2, 'parallelism': 1}",5.22,-1,4,-1
2025-07-03 23:27:08.371246,elastic-workbench-pc-visualizer,elastic-workbench-pc-visualizer-1,21,"{'data_quality': 40, 'model_size': 1, 'parallelism': 1}",1.0,-1,45,-1
2025-07-03 23:27:18.366270,elastic-workbench-qr-detector,elastic-workbench-qr-detector-1,28,"{'data_quality': 551, 'parallelism': 1}",1.77,-1,61,-1
2025-07-03 23:27:18.368994,elastic-workbench-cv-analyzer,elastic-workbench-cv-analyzer-1,198,"{'data_quality': 224, 'model_size': 2, 'parallelism': 1}",5.23,-1,4,-1
2025-07-03 23:27:18.371475,elastic-workbench-pc-visualizer,elastic-workbench-pc-visualizer-1,21,"{'data_quality': 40, 'model_size': 1, 'parallelism': 1}",1.0,-1,46,-1
2025-07-03 23:27:28.366645,elastic-workbench-qr-detector,elastic-workbench-qr-detector-1,28,"{'data_quality': 551, 'parallelism': 1}",1.77,-1,62,-1
2025-07-03 23:27:28.369529,elastic-workbench-cv-analyzer,elastic-workbench-cv-analyzer-1,198,"{'data_quality': 224, 'model_size': 2, 'parallelism': 1}",5.23,-1,4,-1
2025-07-03 23:27:28.372109,elastic-workbench-pc-visualizer,elastic-workbench-pc-visualizer-1,21,"{'data_quality': 40, 'model_size': 1, 'parallelism': 1}",1.0,-1,46,-1
2025-07-03 23:27:38.367285,elastic-workbench-qr-detector,elastic-workbench-qr-detector-1,27,"{'data_quality': 551, 'parallelism': 1}",1.78,-1,62,-1
2025-07-03 23:27:38.370399,elastic-workbench-cv-analyzer,elastic-workbench-cv-analyzer-1,206,"{'data_quality': 224, 'model_size': 2, 'parallelism': 1}",5.22,-1,4,-1
2025-07-03 23:27:38.374037,elastic-workbench-pc-visualizer,elastic-workbench-pc-visualizer-1,21,"{'data_quality': 40, 'model_size': 1, 'parallelism': 1}",1.0,-1,46,-1
2025-07-03 23:27:48.367502,elastic-workbench-qr-detector,elastic-workbench-qr-detector-1,28,"{'data_quality': 551, 'parallelism': 1}",1.78,-1,62,-1
2025-07-03 23:27:48.370588,elastic-workbench-cv-analyzer,elastic-workbench-cv-analyzer-1,211,"{'data_quality': 224, 'model_size': 2, 'parallelism': 1}",5.22,-1,4,-1
2025-07-03 23:27:48.373122,elastic-workbench-pc-visualizer,elastic-workbench-pc-visualizer-1,21,"{'data_quality': 40, 'model_size': 1, 'parallelism': 1}",1.0,-1,46,-1
2025-07-03 23:27:58.368482,elastic-workbench-qr-detector,elastic-workbench-qr-detector-1,28,"{'data_quality': 551, 'parallelism': 1}",1.78,-1,61,-1
2025-07-03 23:27:58.371322,elastic-workbench-cv-analyzer,elastic-workbench-cv-analyzer-1,234,"{'data_quality': 224, 'model_size': 2, 'parallelism': 1}",5.22,-1,3,-1
2025-07-03 23:27:58.373801,elastic-workbench-pc-visualizer,elastic-workbench-pc-visualizer-1,21,"{'data_quality': 40, 'model_size': 1, 'parallelism': 1}",1.0,-1,46,-1
2025-07-03 23:28:08.372297,elastic-workbench-qr-detector,elastic-workbench-qr-detector-1,28,"{'data_quality': 551, 'parallelism': 1}",1.77,-1,61,-1
2025-07-03 23:28:08.377770,elastic-workbench-cv-analyzer,elastic-workbench-cv-analyzer-1,206,"{'data_quality': 224, 'model_size': 2, 'parallelism': 1}",5.23,-1,4,-1
2025-07-03 23:28:08.380592,elastic-workbench-pc-visualizer,elastic-workbench-pc-visualizer-1,21,"{'data_quality': 40, 'model_size': 1, 'parallelism': 1}",1.0,-1,46,-1
2025-07-03 23:28:18.372675,elastic-workbench-qr-detector,elastic-workbench-qr-detector-1,28,"{'data_quality': 551, 'parallelism': 1}",1.77,-1,60,-1
2025-07-03 23:28:18.375335,elastic-workbench-cv-analyzer,elastic-workbench-cv-analyzer-1,195,"{'data_quality': 224, 'model_size': 2, 'parallelism': 1}",5.23,-1,4,-1
2025-07-03 23:28:18.377819,elastic-workbench-pc-visualizer,elastic-workbench-pc-visualizer-1,21,"{'data_quality': 40, 'model_size': 1, 'parallelism': 1}",1.0,-1,46,-1
2025-07-03 23:28:28.370227,elastic-workbench-qr-detector,elastic-workbench-qr-detector-1,28,"{'data_quality': 551, 'parallelism': 1}",1.76,-1,60,-1
2025-07-03 23:28:28.376898,elastic-workbench-cv-analyzer,elastic-workbench-cv-analyzer-1,229,"{'data_quality': 224, 'model_size': 2, 'parallelism': 1}",5.24,-1,4,-1
2025-07-03 23:28:28.380035,elastic-workbench-pc-visualizer,elastic-workbench-pc-visualizer-1,21,"{'data_quality': 40, 'model_size': 1, 'parallelism': 1}",1.0,-1,46,-1
2025-07-03 23:28:38.371064,elastic-workbench-qr-detector,elastic-workbench-qr-detector-1,29,"{'data_quality': 551, 'parallelism': 1}",1.76,-1,61,-1
2025-07-03 23:28:38.374078,elastic-workbench-cv-analyzer,elastic-workbench-cv-analyzer-1,207,"{'data_quality': 224, 'model_size': 2, 'parallelism': 1}",5.24,-1,4,-1
2025-07-03 23:28:38.376952,elastic-workbench-pc-visualizer,elastic-workbench-pc-visualizer-1,21,"{'data_quality': 40, 'model_size': 1, 'parallelism': 1}",1.0,-1,45,-1
2025-07-03 23:28:48.371588,elastic-workbench-qr-detector,elastic-workbench-qr-detector-1,29,"{'data_quality': 551, 'parallelism': 1}",1.76,-1,60,-1
2025-07-03 23:28:48.374763,elastic-workbench-cv-analyzer,elastic-workbench-cv-analyzer-1,230,"{'data_quality': 224, 'model_size': 2, 'parallelism': 1}",5.24,-1,3,-1
2025-07-03 23:28:48.377341,elastic-workbench-pc-visualizer,elastic-workbench-pc-visualizer-1,21,"{'data_quality': 40, 'model_size': 1, 'parallelism': 1}",1.0,-1,46,-1
2025-07-03 23:28:58.372806,elastic-workbench-qr-detector,elastic-workbench-qr-detector-1,28,"{'data_quality': 551, 'parallelism': 1}",1.75,-1,60,-1
2025-07-03 23:28:58.375526,elastic-workbench-cv-analyzer,elastic-workbench-cv-analyzer-1,196,"{'data_quality': 224, 'model_size': 2, 'parallelism': 1}",5.25,-1,4,-1
2025-07-03 23:28:58.382692,elastic-workbench-pc-visualizer,elastic-workbench-pc-visualizer-1,21,"{'data_quality': 40, 'model_size': 1, 'parallelism': 1}",1.0,-1,45,-1
2025-07-03 23:29:08.372762,elastic-workbench-qr-detector,elastic-workbench-qr-detector-1,28,"{'data_quality': 551, 'parallelism': 1}",1.75,-1,60,-1
2025-07-03 23:29:08.375756,elastic-workbench-cv-analyzer,elastic-workbench-cv-analyzer-1,211,"{'data_quality': 224, 'model_size': 2, 'parallelism': 1}",5.25,-1,4,-1
2025-07-03 23:29:08.378449,elastic-workbench-pc-visualizer,elastic-workbench-pc-visualizer-1,21,"{'data_quality': 40, 'model_size': 1, 'parallelism': 1}",1.0,-1,46,-1
2025-07-03 23:29:18.373704,elastic-workbench-qr-detector,elastic-workbench-qr-detector-1,29,"{'data_quality': 551, 'parallelism': 1}",1.75,-1,63,-1
2025-07-03 23:29:18.376878,elastic-workbench-cv-analyzer,elastic-workbench-cv-analyzer-1,229,"{'data_quality': 224, 'model_size': 2, 'parallelism': 1}",5.25,-1,3,-1
2025-07-03 23:29:18.383984,elastic-workbench-pc-visualizer,elastic-workbench-pc-visualizer-1,21,"{'data_quality': 40, 'model_size': 1, 'parallelism': 1}",1.0,-1,46,-1
2025-07-03 23:29:28.373922,elastic-workbench-qr-detector,elastic-workbench-qr-detector-1,28,"{'data_quality': 551, 'parallelism': 1}",1.78,-1,63,-1
2025-07-03 23:29:28.377937,elastic-workbench-cv-analyzer,elastic-workbench-cv-analyzer-1,212,"{'data_quality': 224, 'model_size': 2, 'parallelism': 1}",5.22,-1,4,-1
2025-07-03 23:29:28.380555,elastic-workbench-pc-visualizer,elastic-workbench-pc-visualizer-1,20,"{'data_quality': 40, 'model_size': 1, 'parallelism': 1}",1.0,-1,47,-1
2025-07-03 23:29:38.374825,elastic-workbench-qr-detector,elastic-workbench-qr-detector-1,27,"{'data_quality': 551, 'parallelism': 1}",1.78,-1,65,-1
2025-07-03 23:29:38.377808,elastic-workbench-cv-analyzer,elastic-workbench-cv-analyzer-1,238,"{'data_quality': 224, 'model_size': 2, 'parallelism': 1}",5.22,-1,3,-1
2025-07-03 23:29:38.380913,elastic-workbench-pc-visualizer,elastic-workbench-pc-visualizer-1,20,"{'data_quality': 40, 'model_size': 1, 'parallelism': 1}",1.0,-1,47,-1
2025-07-03 23:29:48.382073,elastic-workbench-qr-detector,elastic-workbench-qr-detector-1,27,"{'data_quality': 551, 'parallelism': 1}",1.79,-1,66,-1
2025-07-03 23:29:48.385289,elastic-workbench-cv-analyzer,elastic-workbench-cv-analyzer-1,103,"{'data_quality': 224, 'model_size': 1, 'parallelism': 1}",5.21,-1,7,-1
2025-07-03 23:29:48.388092,elastic-workbench-pc-visualizer,elastic-workbench-pc-visualizer-1,21,"{'data_quality': 40, 'model_size': 1, 'parallelism': 1}",1.0,-1,47,-1
2025-07-03 23:29:58.376745,elastic-workbench-qr-detector,elastic-workbench-qr-detector-1,27,"{'data_quality': 551, 'parallelism': 1}",1.8,-1,66,-1
2025-07-03 23:29:58.379548,elastic-workbench-cv-analyzer,elastic-workbench-cv-analyzer-1,203,"{'data_quality': 224, 'model_size': 2, 'parallelism': 1}",5.2,-1,4,-1
2025-07-03 23:29:58.382107,elastic-workbench-pc-visualizer,elastic-workbench-pc-visualizer-1,21,"{'data_quality': 40, 'model_size': 1, 'parallelism': 1}",1.0,-1,46,-1
2025-07-03 23:30:08.377580,elastic-workbench-qr-detector,elastic-workbench-qr-detector-1,28,"{'data_quality': 551, 'parallelism': 1}",1.8,-1,66,-1
2025-07-03 23:30:08.380744,elastic-workbench-cv-analyzer,elastic-workbench-cv-analyzer-1,205,"{'data_quality': 224, 'model_size': 2, 'parallelism': 1}",5.2,-1,4,-1
2025-07-03 23:30:08.383334,elastic-workbench-pc-visualizer,elastic-workbench-pc-visualizer-1,21,"{'data_quality': 40, 'model_size': 1, 'parallelism': 1}",1.0,-1,46,-1
2025-07-03 23:30:18.379717,elastic-workbench-qr-detector,elastic-workbench-qr-detector-1,28,"{'data_quality': 551, 'parallelism': 1}",1.8,-1,67,-1
2025-07-03 23:30:18.385785,elastic-workbench-cv-analyzer,elastic-workbench-cv-analyzer-1,234,"{'data_quality': 224, 'model_size': 2, 'parallelism': 1}",5.2,-1,4,-1
2025-07-03 23:30:18.388850,elastic-workbench-pc-visualizer,elastic-workbench-pc-visualizer-1,20,"{'data_quality': 40, 'model_size': 1, 'parallelism': 1}",1.0,-1,47,-1
2025-07-03 23:30:28.380562,elastic-workbench-qr-detector,elastic-workbench-qr-detector-1,28,"{'data_quality': 551, 'parallelism': 1}",1.81,-1,68,-1
2025-07-03 23:30:28.383388,elastic-workbench-cv-analyzer,elastic-workbench-cv-analyzer-1,200,"{'data_quality': 224, 'model_size': 2, 'parallelism': 1}",5.19,-1,4,-1
2025-07-03 23:30:28.385908,elastic-workbench-pc-visualizer,elastic-workbench-pc-visualizer-1,21,"{'data_quality': 40, 'model_size': 1, 'parallelism': 1}",1.0,-1,46,-1
2025-07-03 23:30:38.379611,elastic-workbench-qr-detector,elastic-workbench-qr-detector-1,27,"{'data_quality': 551, 'parallelism': 1}",1.82,-1,67,-1
2025-07-03 23:30:38.383084,elastic-workbench-cv-analyzer,elastic-workbench-cv-analyzer-1,132,"{'data_quality': 224, 'model_size': 1, 'parallelism': 1}",5.18,-1,6,-1
2025-07-03 23:30:38.390108,elastic-workbench-pc-visualizer,elastic-workbench-pc-visualizer-1,19,"{'data_quality': 40, 'model_size': 1, 'parallelism': 1}",1.0,-1,49,-1
2025-07-03 23:30:48.379874,elastic-workbench-qr-detector,elastic-workbench-qr-detector-1,28,"{'data_quality': 551, 'parallelism': 1}",1.81,-1,66,-1
2025-07-03 23:30:48.382676,elastic-workbench-cv-analyzer,elastic-workbench-cv-analyzer-1,116,"{'data_quality': 224, 'model_size': 1, 'parallelism': 1}",5.19,-1,6,-1
2025-07-03 23:30:48.385241,elastic-workbench-pc-visualizer,elastic-workbench-pc-visualizer-1,21,"{'data_quality': 40, 'model_size': 1, 'parallelism': 1}",1.0,-1,46,-1
2025-07-03 23:30:58.383097,elastic-workbench-qr-detector,elastic-workbench-qr-detector-1,28,"{'data_quality': 551, 'parallelism': 1}",1.8,-1,65,-1
2025-07-03 23:30:58.385991,elastic-workbench-cv-analyzer,elastic-workbench-cv-analyzer-1,114,"{'data_quality': 224, 'model_size': 1, 'parallelism': 1}",5.2,-1,7,-1
2025-07-03 23:30:58.388564,elastic-workbench-pc-visualizer,elastic-workbench-pc-visualizer-1,21,"{'data_quality': 40, 'model_size': 1, 'parallelism': 1}",1.0,-1,46,-1
2025-07-03 23:31:08.381427,elastic-workbench-qr-detector,elastic-workbench-qr-detector-1,28,"{'data_quality': 551, 'parallelism': 1}",1.79,-1,66,-1
2025-07-03 23:31:08.384532,elastic-workbench-cv-analyzer,elastic-workbench-cv-analyzer-1,85,"{'data_quality': 224, 'model_size': 1, 'parallelism': 1}",5.21,-1,7,-1
2025-07-03 23:31:08.389808,elastic-workbench-pc-visualizer,elastic-workbench-pc-visualizer-1,20,"{'data_quality': 40, 'model_size': 1, 'parallelism': 1}",1.0,-1,49,-1
2025-07-03 23:31:18.382633,elastic-workbench-qr-detector,elastic-workbench-qr-detector-1,27,"{'data_quality': 551, 'parallelism': 1}",1.8,-1,66,-1
2025-07-03 23:31:18.386732,elastic-workbench-cv-analyzer,elastic-workbench-cv-analyzer-1,230,"{'data_quality': 224, 'model_size': 2, 'parallelism': 1}",5.2,-1,3,-1
2025-07-03 23:31:18.389953,elastic-workbench-pc-visualizer,elastic-workbench-pc-visualizer-1,21,"{'data_quality': 40, 'model_size': 1, 'parallelism': 1}",1.0,-1,46,-1
2025-07-03 23:31:28.383216,elastic-workbench-qr-detector,elastic-workbench-qr-detector-1,27,"{'data_quality': 551, 'parallelism': 1}",1.8,-1,66,-1
2025-07-03 23:31:28.386071,elastic-workbench-cv-analyzer,elastic-workbench-cv-analyzer-1,222,"{'data_quality': 224, 'model_size': 2, 'parallelism': 1}",5.2,-1,4,-1
2025-07-03 23:31:28.388674,elastic-workbench-pc-visualizer,elastic-workbench-pc-visualizer-1,20,"{'data_quality': 40, 'model_size': 1, 'parallelism': 1}",1.0,-1,48,-1
2025-07-03 23:31:38.384675,elastic-workbench-qr-detector,elastic-workbench-qr-detector-1,27,"{'data_quality': 551, 'parallelism': 1}",1.8,-1,66,-1
2025-07-03 23:31:38.388167,elastic-workbench-cv-analyzer,elastic-workbench-cv-analyzer-1,215,"{'data_quality': 224, 'model_size': 2, 'parallelism': 1}",5.2,-1,4,-1
2025-07-03 23:31:38.390724,elastic-workbench-pc-visualizer,elastic-workbench-pc-visualizer-1,21,"{'data_quality': 40, 'model_size': 1, 'parallelism': 1}",1.0,-1,46,-1
2025-07-03 23:31:48.384933,elastic-workbench-qr-detector,elastic-workbench-qr-detector-1,29,"{'data_quality': 551, 'parallelism': 1}",1.8,-1,67,-1
2025-07-03 23:31:48.387790,elastic-workbench-cv-analyzer,elastic-workbench-cv-analyzer-1,254,"{'data_quality': 224, 'model_size': 2, 'parallelism': 1}",5.2,-1,3,-1
2025-07-03 23:31:48.390629,elastic-workbench-pc-visualizer,elastic-workbench-pc-visualizer-1,21,"{'data_quality': 40, 'model_size': 1, 'parallelism': 1}",1.0,-1,46,-1
2025-07-03 23:31:58.385451,elastic-workbench-qr-detector,elastic-workbench-qr-detector-1,28,"{'data_quality': 551, 'parallelism': 1}",1.81,-1,68,-1
2025-07-03 23:31:58.388924,elastic-workbench-cv-analyzer,elastic-workbench-cv-analyzer-1,216,"{'data_quality': 224, 'model_size': 2, 'parallelism': 1}",5.19,-1,3,-1
2025-07-03 23:31:58.391600,elastic-workbench-pc-visualizer,elastic-workbench-pc-visualizer-1,21,"{'data_quality': 40, 'model_size': 1, 'parallelism': 1}",1.0,-1,46,-1
2025-07-03 23:32:08.386331,elastic-workbench-qr-detector,elastic-workbench-qr-detector-1,29,"{'data_quality': 551, 'parallelism': 1}",1.83,-1,67,-1
2025-07-03 23:32:08.389246,elastic-workbench-cv-analyzer,elastic-workbench-cv-analyzer-1,188,"{'data_quality': 224, 'model_size': 2, 'parallelism': 1}",5.17,-1,4,-1
2025-07-03 23:32:08.392068,elastic-workbench-pc-visualizer,elastic-workbench-pc-visualizer-1,21,"{'data_quality': 40, 'model_size': 1, 'parallelism': 1}",1.0,-1,46,-1
2025-07-03 23:32:18.387930,elastic-workbench-qr-detector,elastic-workbench-qr-detector-1,28,"{'data_quality': 551, 'parallelism': 1}",1.82,-1,68,-1
2025-07-03 23:32:18.395207,elastic-workbench-cv-analyzer,elastic-workbench-cv-analyzer-1,263,"{'data_quality': 224, 'model_size': 2, 'parallelism': 1}",5.18,-1,3,-1
2025-07-03 23:32:18.398373,elastic-workbench-pc-visualizer,elastic-workbench-pc-visualizer-1,21,"{'data_quality': 40, 'model_size': 1, 'parallelism': 1}",1.0,-1,45,-1
2025-07-03 23:32:28.387954,elastic-workbench-qr-detector,elastic-workbench-qr-detector-1,29,"{'data_quality': 551, 'parallelism': 1}",1.82,-1,67,-1
2025-07-03 23:32:28.391163,elastic-workbench-cv-analyzer,elastic-workbench-cv-analyzer-1,298,"{'data_quality': 224, 'model_size': 2, 'parallelism': 1}",5.18,-1,2,-1
2025-07-03 23:32:28.393704,elastic-workbench-pc-visualizer,elastic-workbench-pc-visualizer-1,21,"{'data_quality': 40, 'model_size': 1, 'parallelism': 1}",1.0,-1,47,-1
2025-07-03 23:32:38.388328,elastic-workbench-qr-detector,elastic-workbench-qr-detector-1,29,"{'data_quality': 551, 'parallelism': 1}",1.83,-1,66,-1
2025-07-03 23:32:38.391217,elastic-workbench-cv-analyzer,elastic-workbench-cv-analyzer-1,104,"{'data_quality': 224, 'model_size': 1, 'parallelism': 1}",5.17,-1,7,-1
2025-07-03 23:32:38.393843,elastic-workbench-pc-visualizer,elastic-workbench-pc-visualizer-1,21,"{'data_quality': 40, 'model_size': 1, 'parallelism': 1}",1.0,-1,46,-1
2025-07-03 23:32:48.395947,elastic-workbench-qr-detector,elastic-workbench-qr-detector-1,29,"{'data_quality': 551, 'parallelism': 1}",1.83,-1,67,-1
2025-07-03 23:32:48.399299,elastic-workbench-cv-analyzer,elastic-workbench-cv-analyzer-1,105,"{'data_quality': 224, 'model_size': 1, 'parallelism': 1}",5.17,-1,7,-1
2025-07-03 23:32:48.402157,elastic-workbench-pc-visualizer,elastic-workbench-pc-visualizer-1,20,"{'data_quality': 40, 'model_size': 1, 'parallelism': 1}",1.0,-1,49,-1
2025-07-03 23:32:58.390258,elastic-workbench-qr-detector,elastic-workbench-qr-detector-1,29,"{'data_quality': 551, 'parallelism': 1}",1.83,-1,66,-1
2025-07-03 23:32:58.393177,elastic-workbench-cv-analyzer,elastic-workbench-cv-analyzer-1,114,"{'data_quality': 224, 'model_size': 1, 'parallelism': 1}",5.17,-1,7,-1
2025-07-03 23:32:58.396007,elastic-workbench-pc-visualizer,elastic-workbench-pc-visualizer-1,21,"{'data_quality': 40, 'model_size': 1, 'parallelism': 1}",1.0,-1,47,-1
2025-07-03 23:33:08.390942,elastic-workbench-qr-detector,elastic-workbench-qr-detector-1,29,"{'data_quality': 551, 'parallelism': 1}",1.82,-1,66,-1
2025-07-03 23:33:08.393802,elastic-workbench-cv-analyzer,elastic-workbench-cv-analyzer-1,122,"{'data_quality': 224, 'model_size': 1, 'parallelism': 1}",5.18,-1,6,-1
2025-07-03 23:33:08.396315,elastic-workbench-pc-visualizer,elastic-workbench-pc-visualizer-1,19,"{'data_quality': 40, 'model_size': 1, 'parallelism': 1}",1.0,-1,49,-1
2025-07-03 23:33:18.391633,elastic-workbench-qr-detector,elastic-workbench-qr-detector-1,29,"{'data_quality': 551, 'parallelism': 1}",1.83,-1,67,-1
2025-07-03 23:33:18.395539,elastic-workbench-cv-analyzer,elastic-workbench-cv-analyzer-1,129,"{'data_quality': 224, 'model_size': 1, 'parallelism': 1}",5.17,-1,6,-1
2025-07-03 23:33:18.405695,elastic-workbench-pc-visualizer,elastic-workbench-pc-visualizer-1,21,"{'data_quality': 40, 'model_size': 1, 'parallelism': 1}",1.0,-1,45,-1
2025-07-03 23:33:28.392387,elastic-workbench-qr-detector,elastic-workbench-qr-detector-1,29,"{'data_quality': 551, 'parallelism': 1}",1.83,-1,65,-1
2025-07-03 23:33:28.395351,elastic-workbench-cv-analyzer,elastic-workbench-cv-analyzer-1,119,"{'data_quality': 224, 'model_size': 1, 'parallelism': 1}",5.17,-1,6,-1
2025-07-03 23:33:28.397953,elastic-workbench-pc-visualizer,elastic-workbench-pc-visualizer-1,21,"{'data_quality': 40, 'model_size': 1, 'parallelism': 1}",1.0,-1,46,-1
2025-07-03 23:33:38.392589,elastic-workbench-qr-detector,elastic-workbench-qr-detector-1,28,"{'data_quality': 551, 'parallelism': 1}",1.83,-1,69,-1
2025-07-03 23:33:38.395527,elastic-workbench-cv-analyzer,elastic-workbench-cv-analyzer-1,126,"{'data_quality': 224, 'model_size': 1, 'parallelism': 1}",5.17,-1,6,-1
2025-07-03 23:33:38.398687,elastic-workbench-pc-visualizer,elastic-workbench-pc-visualizer-1,20,"{'data_quality': 40, 'model_size': 1, 'parallelism': 1}",1.0,-1,47,-1
2025-07-03 23:33:48.401589,elastic-workbench-qr-detector,elastic-workbench-qr-detector-1,29,"{'data_quality': 551, 'parallelism': 1}",1.82,-1,67,-1
2025-07-03 23:33:48.405912,elastic-workbench-cv-analyzer,elastic-workbench-cv-analyzer-1,109,"{'data_quality': 224, 'model_size': 1, 'parallelism': 1}",5.18,-1,7,-1
2025-07-03 23:33:48.408730,elastic-workbench-pc-visualizer,elastic-workbench-pc-visualizer-1,20,"{'data_quality': 40, 'model_size': 1, 'parallelism': 1}",1.0,-1,48,-1
2025-07-03 23:33:58.394096,elastic-workbench-qr-detector,elastic-workbench-qr-detector-1,30,"{'data_quality': 551, 'parallelism': 1}",1.83,-1,65,-1
2025-07-03 23:33:58.397258,elastic-workbench-cv-analyzer,elastic-workbench-cv-analyzer-1,124,"{'data_quality': 224, 'model_size': 1, 'parallelism': 1}",5.17,-1,6,-1
2025-07-03 23:33:58.399950,elastic-workbench-pc-visualizer,elastic-workbench-pc-visualizer-1,21,"{'data_quality': 40, 'model_size': 1, 'parallelism': 1}",1.0,-1,46,-1
2025-07-03 23:34:08.394370,elastic-workbench-qr-detector,elastic-workbench-qr-detector-1,29,"{'data_quality': 551, 'parallelism': 1}",1.85,-1,67,-1
2025-07-03 23:34:08.397537,elastic-workbench-cv-analyzer,elastic-workbench-cv-analyzer-1,116,"{'data_quality': 224, 'model_size': 1, 'parallelism': 1}",5.15,-1,7,-1
2025-07-03 23:34:08.400326,elastic-workbench-pc-visualizer,elastic-workbench-pc-visualizer-1,21,"{'data_quality': 40, 'model_size': 1, 'parallelism': 1}",1.0,-1,46,-1
2025-07-03 23:34:18.395248,elastic-workbench-qr-detector,elastic-workbench-qr-detector-1,29,"{'data_quality': 551, 'parallelism': 1}",1.87,-1,68,-1
2025-07-03 23:34:18.397953,elastic-workbench-cv-analyzer,elastic-workbench-cv-analyzer-1,102,"{'data_quality': 224, 'model_size': 1, 'parallelism': 1}",5.13,-1,6,-1
2025-07-03 23:34:18.401119,elastic-workbench-pc-visualizer,elastic-workbench-pc-visualizer-1,21,"{'data_quality': 40, 'model_size': 1, 'parallelism': 1}",1.0,-1,46,-1
2025-07-03 23:34:28.396041,elastic-workbench-qr-detector,elastic-workbench-qr-detector-1,30,"{'data_quality': 551, 'parallelism': 1}",1.88,-1,65,-1
2025-07-03 23:34:28.399409,elastic-workbench-cv-analyzer,elastic-workbench-cv-analyzer-1,110,"{'data_quality': 224, 'model_size': 1, 'parallelism': 1}",5.12,-1,7,-1
2025-07-03 23:34:28.402150,elastic-workbench-pc-visualizer,elastic-workbench-pc-visualizer-1,21,"{'data_quality': 40, 'model_size': 1, 'parallelism': 1}",1.0,-1,45,-1
2025-07-03 23:34:38.396864,elastic-workbench-qr-detector,elastic-workbench-qr-detector-1,28,"{'data_quality': 551, 'parallelism': 1}",1.89,-1,68,-1
2025-07-03 23:34:38.399934,elastic-workbench-cv-analyzer,elastic-workbench-cv-analyzer-1,120,"{'data_quality': 224, 'model_size': 1, 'parallelism': 1}",5.11,-1,7,-1
2025-07-03 23:34:38.402587,elastic-workbench-pc-visualizer,elastic-workbench-pc-visualizer-1,21,"{'data_quality': 40, 'model_size': 1, 'parallelism': 1}",1.0,-1,45,-1
2025-07-03 23:34:48.397661,elastic-workbench-qr-detector,elastic-workbench-qr-detector-1,27,"{'data_quality': 551, 'parallelism': 1}",1.91,-1,69,-1
2025-07-03 23:34:48.400745,elastic-workbench-cv-analyzer,elastic-workbench-cv-analyzer-1,98,"{'data_quality': 224, 'model_size': 1, 'parallelism': 1}",5.09,-1,8,-1
2025-07-03 23:34:48.403515,elastic-workbench-pc-visualizer,elastic-workbench-pc-visualizer-1,21,"{'data_quality': 40, 'model_size': 1, 'parallelism': 1}",1.0,-1,46,-1
2025-07-03 23:34:58.398116,elastic-workbench-qr-detector,elastic-workbench-qr-detector-1,28,"{'data_quality': 551, 'parallelism': 1}",1.9,-1,70,-1
2025-07-03 23:34:58.400918,elastic-workbench-cv-analyzer,elastic-workbench-cv-analyzer-1,128,"{'data_quality': 224, 'model_size': 1, 'parallelism': 1}",5.1,-1,7,-1
2025-07-03 23:34:58.403613,elastic-workbench-pc-visualizer,elastic-workbench-pc-visualizer-1,21,"{'data_quality': 40, 'model_size': 1, 'parallelism': 1}",1.0,-1,46,-1
2025-07-03 23:35:08.398570,elastic-workbench-qr-detector,elastic-workbench-qr-detector-1,28,"{'data_quality': 551, 'parallelism': 1}",1.89,-1,69,-1
2025-07-03 23:35:08.402339,elastic-workbench-cv-analyzer,elastic-workbench-cv-analyzer-1,103,"{'data_quality': 224, 'model_size': 1, 'parallelism': 1}",5.11,-1,7,-1
2025-07-03 23:35:08.404973,elastic-workbench-pc-visualizer,elastic-workbench-pc-visualizer-1,20,"{'data_quality': 40, 'model_size': 1, 'parallelism': 1}",1.0,-1,47,-1
2025-07-03 23:35:18.404226,elastic-workbench-qr-detector,elastic-workbench-qr-detector-1,27,"{'data_quality': 551, 'parallelism': 1}",1.89,-1,71,-1
2025-07-03 23:35:18.407221,elastic-workbench-cv-analyzer,elastic-workbench-cv-analyzer-1,109,"{'data_quality': 224, 'model_size': 1, 'parallelism': 1}",5.11,-1,7,-1
2025-07-03 23:35:18.410165,elastic-workbench-pc-visualizer,elastic-workbench-pc-visualizer-1,21,"{'data_quality': 40, 'model_size': 1, 'parallelism': 1}",1.0,-1,46,-1
2025-07-03 23:35:28.401145,elastic-workbench-qr-detector,elastic-workbench-qr-detector-1,27,"{'data_quality': 551, 'parallelism': 1}",1.91,-1,70,-1
2025-07-03 23:35:28.405893,elastic-workbench-cv-analyzer,elastic-workbench-cv-analyzer-1,137,"{'data_quality': 224, 'model_size': 1, 'parallelism': 1}",5.09,-1,6,-1
2025-07-03 23:35:28.409274,elastic-workbench-pc-visualizer,elastic-workbench-pc-visualizer-1,21,"{'data_quality': 40, 'model_size': 1, 'parallelism': 1}",1.0,-1,46,-1
2025-07-03 23:35:38.401746,elastic-workbench-qr-detector,elastic-workbench-qr-detector-1,27,"{'data_quality': 551, 'parallelism': 1}",1.91,-1,71,-1
2025-07-03 23:35:38.405626,elastic-workbench-cv-analyzer,elastic-workbench-cv-analyzer-1,110,"{'data_quality': 224, 'model_size': 1, 'parallelism': 1}",5.09,-1,7,-1
2025-07-03 23:35:38.408991,elastic-workbench-pc-visualizer,elastic-workbench-pc-visualizer-1,21,"{'data_quality': 40, 'model_size': 1, 'parallelism': 1}",1.0,-1,46,-1
2025-07-03 23:35:48.406619,elastic-workbench-qr-detector,elastic-workbench-qr-detector-1,27,"{'data_quality': 551, 'parallelism': 1}",1.92,-1,71,-1
2025-07-03 23:35:48.410725,elastic-workbench-cv-analyzer,elastic-workbench-cv-analyzer-1,121,"{'data_quality': 224, 'model_size': 1, 'parallelism': 1}",5.08,-1,7,-1
2025-07-03 23:35:48.413987,elastic-workbench-pc-visualizer,elastic-workbench-pc-visualizer-1,20,"{'data_quality': 40, 'model_size': 1, 'parallelism': 1}",1.0,-1,47,-1
2025-07-03 23:35:58.401685,elastic-workbench-qr-detector,elastic-workbench-qr-detector-1,27,"{'data_quality': 551, 'parallelism': 1}",1.92,-1,72,-1
2025-07-03 23:35:58.405245,elastic-workbench-cv-analyzer,elastic-workbench-cv-analyzer-1,102,"{'data_quality': 224, 'model_size': 1, 'parallelism': 1}",5.08,-1,7,-1
2025-07-03 23:35:58.407735,elastic-workbench-pc-visualizer,elastic-workbench-pc-visualizer-1,21,"{'data_quality': 40, 'model_size': 1, 'parallelism': 1}",1.0,-1,47,-1
2025-07-03 23:36:08.405359,elastic-workbench-qr-detector,elastic-workbench-qr-detector-1,27,"{'data_quality': 551, 'parallelism': 1}",1.93,-1,72,-1
2025-07-03 23:36:08.410398,elastic-workbench-cv-analyzer,elastic-workbench-cv-analyzer-1,134,"{'data_quality': 224, 'model_size': 1, 'parallelism': 1}",5.07,-1,7,-1
2025-07-03 23:36:08.413077,elastic-workbench-pc-visualizer,elastic-workbench-pc-visualizer-1,20,"{'data_quality': 40, 'model_size': 1, 'parallelism': 1}",1.0,-1,47,-1
2025-07-03 23:36:18.402116,elastic-workbench-qr-detector,elastic-workbench-qr-detector-1,27,"{'data_quality': 551, 'parallelism': 1}",1.93,-1,71,-1
2025-07-03 23:36:18.405102,elastic-workbench-cv-analyzer,elastic-workbench-cv-analyzer-1,137,"{'data_quality': 224, 'model_size': 1, 'parallelism': 1}",5.07,-1,6,-1
2025-07-03 23:36:18.407647,elastic-workbench-pc-visualizer,elastic-workbench-pc-visualizer-1,21,"{'data_quality': 40, 'model_size': 1, 'parallelism': 1}",1.0,-1,46,-1
2025-07-03 23:36:28.402794,elastic-workbench-qr-detector,elastic-workbench-qr-detector-1,27,"{'data_quality': 551, 'parallelism': 1}",1.92,-1,70,-1
2025-07-03 23:36:28.405862,elastic-workbench-cv-analyzer,elastic-workbench-cv-analyzer-1,107,"{'data_quality': 224, 'model_size': 1, 'parallelism': 1}",5.08,-1,7,-1
2025-07-03 23:36:28.409458,elastic-workbench-pc-visualizer,elastic-workbench-pc-visualizer-1,21,"{'data_quality': 40, 'model_size': 1, 'parallelism': 1}",1.0,-1,46,-1
2025-07-03 23:36:38.404388,elastic-workbench-qr-detector,elastic-workbench-qr-detector-1,27,"{'data_quality': 551, 'parallelism': 1}",1.92,-1,71,-1
2025-07-03 23:36:38.407971,elastic-workbench-cv-analyzer,elastic-workbench-cv-analyzer-1,134,"{'data_quality': 224, 'model_size': 1, 'parallelism': 1}",5.08,-1,7,-1
2025-07-03 23:36:38.417253,elastic-workbench-pc-visualizer,elastic-workbench-pc-visualizer-1,21,"{'data_quality': 40, 'model_size': 1, 'parallelism': 1}",1.0,-1,46,-1
2025-07-03 23:36:48.404579,elastic-workbench-qr-detector,elastic-workbench-qr-detector-1,27,"{'data_quality': 551, 'parallelism': 1}",1.93,-1,72,-1
2025-07-03 23:36:48.407721,elastic-workbench-cv-analyzer,elastic-workbench-cv-analyzer-1,129,"{'data_quality': 224, 'model_size': 1, 'parallelism': 1}",5.07,-1,7,-1
2025-07-03 23:36:48.410388,elastic-workbench-pc-visualizer,elastic-workbench-pc-visualizer-1,21,"{'data_quality': 40, 'model_size': 1, 'parallelism': 1}",1.0,-1,46,-1
2025-07-03 23:36:58.406881,elastic-workbench-qr-detector,elastic-workbench-qr-detector-1,28,"{'data_quality': 551, 'parallelism': 1}",1.92,-1,71,-1
2025-07-03 23:36:58.409999,elastic-workbench-cv-analyzer,elastic-workbench-cv-analyzer-1,115,"{'data_quality': 224, 'model_size': 1, 'parallelism': 1}",5.08,-1,7,-1
2025-07-03 23:36:58.412763,elastic-workbench-pc-visualizer,elastic-workbench-pc-visualizer-1,21,"{'data_quality': 40, 'model_size': 1, 'parallelism': 1}",1.0,-1,46,-1
2025-07-03 23:37:08.406703,elastic-workbench-qr-detector,elastic-workbench-qr-detector-1,27,"{'data_quality': 551, 'parallelism': 1}",1.92,-1,71,-1
2025-07-03 23:37:08.410068,elastic-workbench-cv-analyzer,elastic-workbench-cv-analyzer-1,112,"{'data_quality': 224, 'model_size': 1, 'parallelism': 1}",5.08,-1,7,-1
2025-07-03 23:37:08.413234,elastic-workbench-pc-visualizer,elastic-workbench-pc-visualizer-1,21,"{'data_quality': 40, 'model_size': 1, 'parallelism': 1}",1.0,-1,46,-1
2025-07-03 23:37:18.406657,elastic-workbench-qr-detector,elastic-workbench-qr-detector-1,28,"{'data_quality': 551, 'parallelism': 1}",1.92,-1,69,-1
2025-07-03 23:37:18.409905,elastic-workbench-cv-analyzer,elastic-workbench-cv-analyzer-1,121,"{'data_quality': 224, 'model_size': 1, 'parallelism': 1}",5.08,-1,7,-1
2025-07-03 23:37:18.412730,elastic-workbench-pc-visualizer,elastic-workbench-pc-visualizer-1,21,"{'data_quality': 40, 'model_size': 1, 'parallelism': 1}",1.0,-1,45,-1
2025-07-03 23:37:28.407794,elastic-workbench-qr-detector,elastic-workbench-qr-detector-1,28,"{'data_quality': 551, 'parallelism': 1}",1.92,-1,70,-1
2025-07-03 23:37:28.421270,elastic-workbench-cv-analyzer,elastic-workbench-cv-analyzer-1,155,"{'data_quality': 224, 'model_size': 1, 'parallelism': 1}",5.08,-1,6,-1
2025-07-03 23:37:28.429444,elastic-workbench-pc-visualizer,elastic-workbench-pc-visualizer-1,21,"{'data_quality': 40, 'model_size': 1, 'parallelism': 1}",1.0,-1,47,-1
2025-07-03 23:37:38.407839,elastic-workbench-qr-detector,elastic-workbench-qr-detector-1,28,"{'data_quality': 551, 'parallelism': 1}",1.91,-1,69,-1
2025-07-03 23:37:38.411011,elastic-workbench-cv-analyzer,elastic-workbench-cv-analyzer-1,131,"{'data_quality': 224, 'model_size': 1, 'parallelism': 1}",5.09,-1,7,-1
2025-07-03 23:37:38.417295,elastic-workbench-pc-visualizer,elastic-workbench-pc-visualizer-1,21,"{'data_quality': 40, 'model_size': 1, 'parallelism': 1}",1.0,-1,45,-1
2025-07-03 23:37:48.408684,elastic-workbench-qr-detector,elastic-workbench-qr-detector-1,27,"{'data_quality': 551, 'parallelism': 1}",1.92,-1,71,-1
2025-07-03 23:37:48.411898,elastic-workbench-cv-analyzer,elastic-workbench-cv-analyzer-1,113,"{'data_quality': 224, 'model_size': 1, 'parallelism': 1}",5.08,-1,7,-1
2025-07-03 23:37:48.426992,elastic-workbench-pc-visualizer,elastic-workbench-pc-visualizer-1,21,"{'data_quality': 40, 'model_size': 1, 'parallelism': 1}",1.0,-1,46,-1
2025-07-03 23:37:58.408268,elastic-workbench-qr-detector,elastic-workbench-qr-detector-1,27,"{'data_quality': 551, 'parallelism': 1}",1.93,-1,70,-1
2025-07-03 23:37:58.411440,elastic-workbench-cv-analyzer,elastic-workbench-cv-analyzer-1,114,"{'data_quality': 224, 'model_size': 1, 'parallelism': 1}",5.07,-1,7,-1
2025-07-03 23:37:58.417299,elastic-workbench-pc-visualizer,elastic-workbench-pc-visualizer-1,20,"{'data_quality': 40, 'model_size': 1, 'parallelism': 1}",1.0,-1,47,-1
2025-07-03 23:38:08.410189,elastic-workbench-qr-detector,elastic-workbench-qr-detector-1,27,"{'data_quality': 551, 'parallelism': 1}",1.93,-1,72,-1
2025-07-03 23:38:08.413084,elastic-workbench-cv-analyzer,elastic-workbench-cv-analyzer-1,109,"{'data_quality': 224, 'model_size': 1, 'parallelism': 1}",5.07,-1,8,-1
2025-07-03 23:38:08.421727,elastic-workbench-pc-visualizer,elastic-workbench-pc-visualizer-1,20,"{'data_quality': 40, 'model_size': 1, 'parallelism': 1}",1.0,-1,47,-1
2025-07-03 23:38:18.410086,elastic-workbench-qr-detector,elastic-workbench-qr-detector-1,27,"{'data_quality': 551, 'parallelism': 1}",1.95,-1,72,-1
2025-07-03 23:38:18.413200,elastic-workbench-cv-analyzer,elastic-workbench-cv-analyzer-1,108,"{'data_quality': 224, 'model_size': 1, 'parallelism': 1}",5.05,-1,8,-1
2025-07-03 23:38:18.423175,elastic-workbench-pc-visualizer,elastic-workbench-pc-visualizer-1,20,"{'data_quality': 40, 'model_size': 1, 'parallelism': 1}",1.0,-1,47,-1
2025-07-03 23:38:28.411304,elastic-workbench-qr-detector,elastic-workbench-qr-detector-1,27,"{'data_quality': 551, 'parallelism': 1}",1.96,-1,71,-1
2025-07-03 23:38:28.417340,elastic-workbench-cv-analyzer,elastic-workbench-cv-analyzer-1,132,"{'data_quality': 224, 'model_size': 1, 'parallelism': 1}",5.04,-1,7,-1
2025-07-03 23:38:28.425258,elastic-workbench-pc-visualizer,elastic-workbench-pc-visualizer-1,21,"{'data_quality': 40, 'model_size': 1, 'parallelism': 1}",1.0,-1,46,-1
2025-07-03 23:38:38.410509,elastic-workbench-qr-detector,elastic-workbench-qr-detector-1,27,"{'data_quality': 551, 'parallelism': 1}",1.96,-1,71,-1
2025-07-03 23:38:38.414082,elastic-workbench-cv-analyzer,elastic-workbench-cv-analyzer-1,134,"{'data_quality': 224, 'model_size': 1, 'parallelism': 1}",5.04,-1,6,-1
2025-07-03 23:38:38.442883,elastic-workbench-pc-visualizer,elastic-workbench-pc-visualizer-1,21,"{'data_quality': 40, 'model_size': 1, 'parallelism': 1}",1.0,-1,45,-1
2025-07-03 23:38:48.410572,elastic-workbench-qr-detector,elastic-workbench-qr-detector-1,27,"{'data_quality': 551, 'parallelism': 1}",1.97,-1,72,-1
2025-07-03 23:38:48.413505,elastic-workbench-cv-analyzer,elastic-workbench-cv-analyzer-1,117,"{'data_quality': 224, 'model_size': 1, 'parallelism': 1}",5.03,-1,7,-1
2025-07-03 23:38:48.422723,elastic-workbench-pc-visualizer,elastic-workbench-pc-visualizer-1,21,"{'data_quality': 40, 'model_size': 1, 'parallelism': 1}",1.0,-1,46,-1
2025-07-03 23:38:58.411642,elastic-workbench-qr-detector,elastic-workbench-qr-detector-1,27,"{'data_quality': 551, 'parallelism': 1}",1.97,-1,72,-1
2025-07-03 23:38:58.417316,elastic-workbench-cv-analyzer,elastic-workbench-cv-analyzer-1,117,"{'data_quality': 224, 'model_size': 1, 'parallelism': 1}",5.03,-1,7,-1
2025-07-03 23:38:58.423385,elastic-workbench-pc-visualizer,elastic-workbench-pc-visualizer-1,20,"{'data_quality': 40, 'model_size': 1, 'parallelism': 1}",1.0,-1,48,-1
2025-07-03 23:39:08.412138,elastic-workbench-qr-detector,elastic-workbench-qr-detector-1,27,"{'data_quality': 551, 'parallelism': 1}",1.96,-1,71,-1
2025-07-03 23:39:08.422473,elastic-workbench-cv-analyzer,elastic-workbench-cv-analyzer-1,113,"{'data_quality': 224, 'model_size': 1, 'parallelism': 1}",5.04,-1,7,-1
2025-07-03 23:39:08.425117,elastic-workbench-pc-visualizer,elastic-workbench-pc-visualizer-1,21,"{'data_quality': 40, 'model_size': 1, 'parallelism': 1}",1.0,-1,47,-1
2025-07-03 23:39:18.421352,elastic-workbench-qr-detector,elastic-workbench-qr-detector-1,27,"{'data_quality': 551, 'parallelism': 1}",1.98,-1,72,-1
2025-07-03 23:39:18.426871,elastic-workbench-cv-analyzer,elastic-workbench-cv-analyzer-1,112,"{'data_quality': 224, 'model_size': 1, 'parallelism': 1}",5.02,-1,7,-1
2025-07-03 23:39:18.431242,elastic-workbench-pc-visualizer,elastic-workbench-pc-visualizer-1,20,"{'data_quality': 40, 'model_size': 1, 'parallelism': 1}",1.0,-1,47,-1
2025-07-03 23:39:28.421303,elastic-workbench-qr-detector,elastic-workbench-qr-detector-1,26,"{'data_quality': 551, 'parallelism': 1}",1.98,-1,73,-1
2025-07-03 23:39:28.426784,elastic-workbench-cv-analyzer,elastic-workbench-cv-analyzer-1,97,"{'data_quality': 224, 'model_size': 1, 'parallelism': 1}",5.02,-1,8,-1
2025-07-03 23:39:28.429293,elastic-workbench-pc-visualizer,elastic-workbench-pc-visualizer-1,21,"{'data_quality': 40, 'model_size': 1, 'parallelism': 1}",1.0,-1,46,-1
2025-07-03 23:39:38.421320,elastic-workbench-qr-detector,elastic-workbench-qr-detector-1,26,"{'data_quality': 551, 'parallelism': 1}",1.97,-1,73,-1
2025-07-03 23:39:38.428645,elastic-workbench-cv-analyzer,elastic-workbench-cv-analyzer-1,134,"{'data_quality': 224, 'model_size': 1, 'parallelism': 1}",5.03,-1,6,-1
2025-07-03 23:39:38.431101,elastic-workbench-pc-visualizer,elastic-workbench-pc-visualizer-1,21,"{'data_quality': 40, 'model_size': 1, 'parallelism': 1}",1.0,-1,47,-1
2025-07-03 23:39:48.419368,elastic-workbench-qr-detector,elastic-workbench-qr-detector-1,26,"{'data_quality': 551, 'parallelism': 1}",1.96,-1,73,-1
2025-07-03 23:39:48.428315,elastic-workbench-cv-analyzer,elastic-workbench-cv-analyzer-1,123,"{'data_quality': 224, 'model_size': 1, 'parallelism': 1}",5.04,-1,7,-1
2025-07-03 23:39:48.438689,elastic-workbench-pc-visualizer,elastic-workbench-pc-visualizer-1,21,"{'data_quality': 40, 'model_size': 1, 'parallelism': 1}",1.0,-1,47,-1
2025-07-03 23:39:58.418802,elastic-workbench-qr-detector,elastic-workbench-qr-detector-1,27,"{'data_quality': 551, 'parallelism': 1}",1.96,-1,72,-1
2025-07-03 23:39:58.427131,elastic-workbench-cv-analyzer,elastic-workbench-cv-analyzer-1,116,"{'data_quality': 224, 'model_size': 1, 'parallelism': 1}",5.04,-1,7,-1
2025-07-03 23:39:58.429900,elastic-workbench-pc-visualizer,elastic-workbench-pc-visualizer-1,21,"{'data_quality': 40, 'model_size': 1, 'parallelism': 1}",1.0,-1,47,-1
2025-07-03 23:40:08.419804,elastic-workbench-qr-detector,elastic-workbench-qr-detector-1,27,"{'data_quality': 551, 'parallelism': 1}",1.96,-1,73,-1
2025-07-03 23:40:08.424377,elastic-workbench-cv-analyzer,elastic-workbench-cv-analyzer-1,117,"{'data_quality': 224, 'model_size': 1, 'parallelism': 1}",5.04,-1,7,-1
2025-07-03 23:40:08.427148,elastic-workbench-pc-visualizer,elastic-workbench-pc-visualizer-1,21,"{'data_quality': 40, 'model_size': 1, 'parallelism': 1}",1.0,-1,46,-1
2025-07-03 23:40:18.421879,elastic-workbench-qr-detector,elastic-workbench-qr-detector-1,27,"{'data_quality': 551, 'parallelism': 1}",1.98,-1,73,-1
2025-07-03 23:40:18.424578,elastic-workbench-cv-analyzer,elastic-workbench-cv-analyzer-1,121,"{'data_quality': 224, 'model_size': 1, 'parallelism': 1}",5.02,-1,7,-1
2025-07-03 23:40:18.427334,elastic-workbench-pc-visualizer,elastic-workbench-pc-visualizer-1,21,"{'data_quality': 40, 'model_size': 1, 'parallelism': 1}",1.0,-1,45,-1
2025-07-03 23:40:28.440694,elastic-workbench-qr-detector,elastic-workbench-qr-detector-1,27,"{'data_quality': 551, 'parallelism': 1}",1.98,-1,74,-1
2025-07-03 23:40:28.448373,elastic-workbench-cv-analyzer,elastic-workbench-cv-analyzer-1,113,"{'data_quality': 224, 'model_size': 1, 'parallelism': 1}",5.02,-1,7,-1
2025-07-03 23:40:28.451248,elastic-workbench-pc-visualizer,elastic-workbench-pc-visualizer-1,20,"{'data_quality': 40, 'model_size': 1, 'parallelism': 1}",1.0,-1,48,-1
2025-07-03 23:40:38.424974,elastic-workbench-qr-detector,elastic-workbench-qr-detector-1,26,"{'data_quality': 551, 'parallelism': 1}",1.98,-1,75,-1
2025-07-03 23:40:38.431234,elastic-workbench-cv-analyzer,elastic-workbench-cv-analyzer-1,153,"{'data_quality': 224, 'model_size': 1, 'parallelism': 1}",5.02,-1,6,-1
2025-07-03 23:40:38.434140,elastic-workbench-pc-visualizer,elastic-workbench-pc-visualizer-1,21,"{'data_quality': 40, 'model_size': 1, 'parallelism': 1}",1.0,-1,46,-1
2025-07-03 23:40:48.427445,elastic-workbench-qr-detector,elastic-workbench-qr-detector-1,26,"{'data_quality': 551, 'parallelism': 1}",1.97,-1,74,-1
2025-07-03 23:40:48.430173,elastic-workbench-cv-analyzer,elastic-workbench-cv-analyzer-1,100,"{'data_quality': 224, 'model_size': 1, 'parallelism': 1}",5.03,-1,7,-1
2025-07-03 23:40:48.432862,elastic-workbench-pc-visualizer,elastic-workbench-pc-visualizer-1,21,"{'data_quality': 40, 'model_size': 1, 'parallelism': 1}",1.0,-1,46,-1
2025-07-03 23:40:58.424975,elastic-workbench-qr-detector,elastic-workbench-qr-detector-1,26,"{'data_quality': 551, 'parallelism': 1}",1.99,-1,74,-1
2025-07-03 23:40:58.427515,elastic-workbench-cv-analyzer,elastic-workbench-cv-analyzer-1,95,"{'data_quality': 224, 'model_size': 1, 'parallelism': 1}",5.01,-1,8,-1
2025-07-03 23:40:58.430242,elastic-workbench-pc-visualizer,elastic-workbench-pc-visualizer-1,21,"{'data_quality': 40, 'model_size': 1, 'parallelism': 1}",1.0,-1,46,-1
2025-07-03 23:41:08.423992,elastic-workbench-qr-detector,elastic-workbench-qr-detector-1,27,"{'data_quality': 551, 'parallelism': 1}",2.0,-1,73,-1
2025-07-03 23:41:08.426691,elastic-workbench-cv-analyzer,elastic-workbench-cv-analyzer-1,100,"{'data_quality': 224, 'model_size': 1, 'parallelism': 1}",5.0,-1,8,-1
2025-07-03 23:41:08.429230,elastic-workbench-pc-visualizer,elastic-workbench-pc-visualizer-1,20,"{'data_quality': 40, 'model_size': 1, 'parallelism': 1}",1.0,-1,48,-1
2025-07-03 23:41:18.424462,elastic-workbench-qr-detector,elastic-workbench-qr-detector-1,25,"{'data_quality': 551, 'parallelism': 1}",2.01,-1,76,-1
2025-07-03 23:41:18.428592,elastic-workbench-cv-analyzer,elastic-workbench-cv-analyzer-1,132,"{'data_quality': 224, 'model_size': 1, 'parallelism': 1}",4.99,-1,7,-1
2025-07-03 23:41:18.432356,elastic-workbench-pc-visualizer,elastic-workbench-pc-visualizer-1,20,"{'data_quality': 40, 'model_size': 1, 'parallelism': 1}",1.0,-1,48,-1
2025-07-03 23:41:28.439041,elastic-workbench-qr-detector,elastic-workbench-qr-detector-1,26,"{'data_quality': 551, 'parallelism': 1}",2.01,-1,74,-1
2025-07-03 23:41:28.441675,elastic-workbench-cv-analyzer,elastic-workbench-cv-analyzer-1,133,"{'data_quality': 224, 'model_size': 1, 'parallelism': 1}",4.99,-1,7,-1
2025-07-03 23:41:28.444172,elastic-workbench-pc-visualizer,elastic-workbench-pc-visualizer-1,21,"{'data_quality': 40, 'model_size': 1, 'parallelism': 1}",1.0,-1,46,-1
2025-07-03 23:41:38.429003,elastic-workbench-qr-detector,elastic-workbench-qr-detector-1,26,"{'data_quality': 551, 'parallelism': 1}",2.01,-1,74,-1
2025-07-03 23:41:38.432549,elastic-workbench-cv-analyzer,elastic-workbench-cv-analyzer-1,123,"{'data_quality': 224, 'model_size': 1, 'parallelism': 1}",4.99,-1,7,-1
2025-07-03 23:41:38.435562,elastic-workbench-pc-visualizer,elastic-workbench-pc-visualizer-1,21,"{'data_quality': 40, 'model_size': 1, 'parallelism': 1}",1.0,-1,45,-1
2025-07-03 23:41:48.439300,elastic-workbench-qr-detector,elastic-workbench-qr-detector-1,26,"{'data_quality': 551, 'parallelism': 1}",2.01,-1,74,-1
2025-07-03 23:41:48.448269,elastic-workbench-cv-analyzer,elastic-workbench-cv-analyzer-1,108,"{'data_quality': 224, 'model_size': 1, 'parallelism': 1}",4.99,-1,8,-1
2025-07-03 23:41:48.450781,elastic-workbench-pc-visualizer,elastic-workbench-pc-visualizer-1,21,"{'data_quality': 40, 'model_size': 1, 'parallelism': 1}",1.0,-1,47,-1
2025-07-03 23:41:58.431361,elastic-workbench-qr-detector,elastic-workbench-qr-detector-1,26,"{'data_quality': 551, 'parallelism': 1}",2.01,-1,75,-1
2025-07-03 23:41:58.438911,elastic-workbench-cv-analyzer,elastic-workbench-cv-analyzer-1,99,"{'data_quality': 224, 'model_size': 1, 'parallelism': 1}",4.99,-1,8,-1
2025-07-03 23:41:58.443432,elastic-workbench-pc-visualizer,elastic-workbench-pc-visualizer-1,22,"{'data_quality': 40, 'model_size': 1, 'parallelism': 1}",1.0,-1,45,-1
2025-07-03 23:42:08.430255,elastic-workbench-qr-detector,elastic-workbench-qr-detector-1,26,"{'data_quality': 551, 'parallelism': 1}",2.01,-1,74,-1
2025-07-03 23:42:08.433131,elastic-workbench-cv-analyzer,elastic-workbench-cv-analyzer-1,122,"{'data_quality': 224, 'model_size': 1, 'parallelism': 1}",4.99,-1,7,-1
2025-07-03 23:42:08.437501,elastic-workbench-pc-visualizer,elastic-workbench-pc-visualizer-1,21,"{'data_quality': 40, 'model_size': 1, 'parallelism': 1}",1.0,-1,45,-1
2025-07-03 23:42:18.431399,elastic-workbench-qr-detector,elastic-workbench-qr-detector-1,26,"{'data_quality': 551, 'parallelism': 1}",2.0,-1,75,-1
2025-07-03 23:42:18.434723,elastic-workbench-cv-analyzer,elastic-workbench-cv-analyzer-1,124,"{'data_quality': 224, 'model_size': 1, 'parallelism': 1}",5.0,-1,7,-1
2025-07-03 23:42:18.441984,elastic-workbench-pc-visualizer,elastic-workbench-pc-visualizer-1,21,"{'data_quality': 40, 'model_size': 1, 'parallelism': 1}",1.0,-1,47,-1
2025-07-03 23:42:28.434380,elastic-workbench-qr-detector,elastic-workbench-qr-detector-1,25,"{'data_quality': 551, 'parallelism': 1}",2.0,-1,76,-1
2025-07-03 23:42:28.440275,elastic-workbench-cv-analyzer,elastic-workbench-cv-analyzer-1,120,"{'data_quality': 224, 'model_size': 1, 'parallelism': 1}",5.0,-1,7,-1
2025-07-03 23:42:28.442682,elastic-workbench-pc-visualizer,elastic-workbench-pc-visualizer-1,21,"{'data_quality': 40, 'model_size': 1, 'parallelism': 1}",1.0,-1,46,-1
2025-07-03 23:42:38.436295,elastic-workbench-qr-detector,elastic-workbench-qr-detector-1,26,"{'data_quality': 551, 'parallelism': 1}",2.02,-1,73,-1
2025-07-03 23:42:38.438854,elastic-workbench-cv-analyzer,elastic-workbench-cv-analyzer-1,119,"{'data_quality': 224, 'model_size': 1, 'parallelism': 1}",4.98,-1,7,-1
2025-07-03 23:42:38.441673,elastic-workbench-pc-visualizer,elastic-workbench-pc-visualizer-1,21,"{'data_quality': 40, 'model_size': 1, 'parallelism': 1}",1.0,-1,45,-1
2025-07-03 23:42:48.432240,elastic-workbench-qr-detector,elastic-workbench-qr-detector-1,26,"{'data_quality': 551, 'parallelism': 1}",2.04,-1,76,-1
2025-07-03 23:42:48.439157,elastic-workbench-cv-analyzer,elastic-workbench-cv-analyzer-1,96,"{'data_quality': 224, 'model_size': 1, 'parallelism': 1}",4.96,-1,8,-1
2025-07-03 23:42:48.445051,elastic-workbench-pc-visualizer,elastic-workbench-pc-visualizer-1,20,"{'data_quality': 40, 'model_size': 1, 'parallelism': 1}",1.0,-1,46,-1
2025-07-03 23:42:58.435830,elastic-workbench-qr-detector,elastic-workbench-qr-detector-1,25,"{'data_quality': 551, 'parallelism': 1}",2.05,-1,77,-1
2025-07-03 23:42:58.439548,elastic-workbench-cv-analyzer,elastic-workbench-cv-analyzer-1,122,"{'data_quality': 224, 'model_size': 1, 'parallelism': 1}",4.95,-1,7,-1
2025-07-03 23:42:58.443602,elastic-workbench-pc-visualizer,elastic-workbench-pc-visualizer-1,19,"{'data_quality': 40, 'model_size': 1, 'parallelism': 1}",1.0,-1,49,-1
2025-07-03 23:43:08.437508,elastic-workbench-qr-detector,elastic-workbench-qr-detector-1,25,"{'data_quality': 551, 'parallelism': 1}",2.06,-1,76,-1
2025-07-03 23:43:08.440272,elastic-workbench-cv-analyzer,elastic-workbench-cv-analyzer-1,118,"{'data_quality': 224, 'model_size': 1, 'parallelism': 1}",4.94,-1,7,-1
2025-07-03 23:43:08.444295,elastic-workbench-pc-visualizer,elastic-workbench-pc-visualizer-1,21,"{'data_quality': 40, 'model_size': 1, 'parallelism': 1}",1.0,-1,46,-1
2025-07-03 23:43:18.434666,elastic-workbench-qr-detector,elastic-workbench-qr-detector-1,25,"{'data_quality': 551, 'parallelism': 1}",2.08,-1,79,-1
2025-07-03 23:43:18.442998,elastic-workbench-cv-analyzer,elastic-workbench-cv-analyzer-1,110,"{'data_quality': 224, 'model_size': 1, 'parallelism': 1}",4.92,-1,7,-1
2025-07-03 23:43:18.445539,elastic-workbench-pc-visualizer,elastic-workbench-pc-visualizer-1,20,"{'data_quality': 40, 'model_size': 1, 'parallelism': 1}",1.0,-1,47,-1
2025-07-03 23:43:28.443566,elastic-workbench-qr-detector,elastic-workbench-qr-detector-1,26,"{'data_quality': 551, 'parallelism': 1}",2.07,-1,75,-1
2025-07-03 23:43:28.448716,elastic-workbench-cv-analyzer,elastic-workbench-cv-analyzer-1,124,"{'data_quality': 224, 'model_size': 1, 'parallelism': 1}",4.93,-1,7,-1
2025-07-03 23:43:28.451758,elastic-workbench-pc-visualizer,elastic-workbench-pc-visualizer-1,21,"{'data_quality': 40, 'model_size': 1, 'parallelism': 1}",1.0,-1,46,-1
2025-07-03 23:43:38.441952,elastic-workbench-qr-detector,elastic-workbench-qr-detector-1,25,"{'data_quality': 551, 'parallelism': 1}",2.06,-1,77,-1
2025-07-03 23:43:38.448241,elastic-workbench-cv-analyzer,elastic-workbench-cv-analyzer-1,126,"{'data_quality': 224, 'model_size': 1, 'parallelism': 1}",4.94,-1,7,-1
2025-07-03 23:43:38.451468,elastic-workbench-pc-visualizer,elastic-workbench-pc-visualizer-1,21,"{'data_quality': 40, 'model_size': 1, 'parallelism': 1}",1.0,-1,46,-1
2025-07-03 23:43:48.440259,elastic-workbench-qr-detector,elastic-workbench-qr-detector-1,26,"{'data_quality': 551, 'parallelism': 1}",2.06,-1,76,-1
2025-07-03 23:43:48.443013,elastic-workbench-cv-analyzer,elastic-workbench-cv-analyzer-1,125,"{'data_quality': 224, 'model_size': 1, 'parallelism': 1}",4.94,-1,7,-1
2025-07-03 23:43:48.445518,elastic-workbench-pc-visualizer,elastic-workbench-pc-visualizer-1,20,"{'data_quality': 40, 'model_size': 1, 'parallelism': 1}",1.0,-1,47,-1
2025-07-03 23:43:58.444315,elastic-workbench-qr-detector,elastic-workbench-qr-detector-1,25,"{'data_quality': 551, 'parallelism': 1}",2.06,-1,77,-1
2025-07-03 23:43:58.446934,elastic-workbench-cv-analyzer,elastic-workbench-cv-analyzer-1,146,"{'data_quality': 224, 'model_size': 1, 'parallelism': 1}",4.94,-1,6,-1
2025-07-03 23:43:58.449812,elastic-workbench-pc-visualizer,elastic-workbench-pc-visualizer-1,20,"{'data_quality': 40, 'model_size': 1, 'parallelism': 1}",1.0,-1,47,-1
2025-07-03 23:44:08.446595,elastic-workbench-qr-detector,elastic-workbench-qr-detector-1,25,"{'data_quality': 551, 'parallelism': 1}",2.06,-1,77,-1
2025-07-03 23:44:08.453037,elastic-workbench-cv-analyzer,elastic-workbench-cv-analyzer-1,115,"{'data_quality': 224, 'model_size': 1, 'parallelism': 1}",4.94,-1,8,-1
2025-07-03 23:44:08.457894,elastic-workbench-pc-visualizer,elastic-workbench-pc-visualizer-1,20,"{'data_quality': 40, 'model_size': 1, 'parallelism': 1}",1.0,-1,47,-1
2025-07-03 23:44:18.443046,elastic-workbench-qr-detector,elastic-workbench-qr-detector-1,26,"{'data_quality': 551, 'parallelism': 1}",2.05,-1,76,-1
2025-07-03 23:44:18.445562,elastic-workbench-cv-analyzer,elastic-workbench-cv-analyzer-1,123,"{'data_quality': 224, 'model_size': 1, 'parallelism': 1}",4.95,-1,7,-1
2025-07-03 23:44:18.448290,elastic-workbench-pc-visualizer,elastic-workbench-pc-visualizer-1,21,"{'data_quality': 40, 'model_size': 1, 'parallelism': 1}",1.0,-1,46,-1
2025-07-03 23:44:28.446482,elastic-workbench-qr-detector,elastic-workbench-qr-detector-1,25,"{'data_quality': 551, 'parallelism': 1}",2.05,-1,77,-1
2025-07-03 23:44:28.449030,elastic-workbench-cv-analyzer,elastic-workbench-cv-analyzer-1,138,"{'data_quality': 224, 'model_size': 1, 'parallelism': 1}",4.95,-1,7,-1
2025-07-03 23:44:28.451754,elastic-workbench-pc-visualizer,elastic-workbench-pc-visualizer-1,21,"{'data_quality': 40, 'model_size': 1, 'parallelism': 1}",1.0,-1,46,-1
2025-07-03 23:44:38.448597,elastic-workbench-qr-detector,elastic-workbench-qr-detector-1,26,"{'data_quality': 551, 'parallelism': 1}",2.05,-1,76,-1
2025-07-03 23:44:38.453287,elastic-workbench-cv-analyzer,elastic-workbench-cv-analyzer-1,134,"{'data_quality': 224, 'model_size': 1, 'parallelism': 1}",4.95,-1,7,-1
2025-07-03 23:44:38.464530,elastic-workbench-pc-visualizer,elastic-workbench-pc-visualizer-1,20,"{'data_quality': 40, 'model_size': 1, 'parallelism': 1}",1.0,-1,47,-1
2025-07-03 23:44:48.447086,elastic-workbench-qr-detector,elastic-workbench-qr-detector-1,25,"{'data_quality': 551, 'parallelism': 1}",2.07,-1,77,-1
2025-07-03 23:44:48.449830,elastic-workbench-cv-analyzer,elastic-workbench-cv-analyzer-1,128,"{'data_quality': 224, 'model_size': 1, 'parallelism': 1}",4.93,-1,7,-1
2025-07-03 23:44:48.452637,elastic-workbench-pc-visualizer,elastic-workbench-pc-visualizer-1,21,"{'data_quality': 40, 'model_size': 1, 'parallelism': 1}",1.0,-1,46,-1
2025-07-03 23:44:58.449399,elastic-workbench-qr-detector,elastic-workbench-qr-detector-1,25,"{'data_quality': 551, 'parallelism': 1}",2.07,-1,78,-1
2025-07-03 23:44:58.452066,elastic-workbench-cv-analyzer,elastic-workbench-cv-analyzer-1,112,"{'data_quality': 224, 'model_size': 1, 'parallelism': 1}",4.93,-1,8,-1
2025-07-03 23:44:58.459095,elastic-workbench-pc-visualizer,elastic-workbench-pc-visualizer-1,21,"{'data_quality': 40, 'model_size': 1, 'parallelism': 1}",1.0,-1,46,-1
2025-07-03 23:45:08.446644,elastic-workbench-qr-detector,elastic-workbench-qr-detector-1,25,"{'data_quality': 551, 'parallelism': 1}",2.08,-1,78,-1
2025-07-03 23:45:08.450188,elastic-workbench-cv-analyzer,elastic-workbench-cv-analyzer-1,121,"{'data_quality': 224, 'model_size': 1, 'parallelism': 1}",4.92,-1,7,-1
2025-07-03 23:45:08.452985,elastic-workbench-pc-visualizer,elastic-workbench-pc-visualizer-1,20,"{'data_quality': 40, 'model_size': 1, 'parallelism': 1}",1.0,-1,47,-1
2025-07-03 23:45:18.450628,elastic-workbench-qr-detector,elastic-workbench-qr-detector-1,26,"{'data_quality': 551, 'parallelism': 1}",2.08,-1,76,-1
2025-07-03 23:45:18.454559,elastic-workbench-cv-analyzer,elastic-workbench-cv-analyzer-1,147,"{'data_quality': 224, 'model_size': 1, 'parallelism': 1}",4.92,-1,6,-1
2025-07-03 23:45:18.457752,elastic-workbench-pc-visualizer,elastic-workbench-pc-visualizer-1,21,"{'data_quality': 40, 'model_size': 1, 'parallelism': 1}",1.0,-1,46,-1
2025-07-03 23:45:28.459530,elastic-workbench-qr-detector,elastic-workbench-qr-detector-1,24,"{'data_quality': 551, 'parallelism': 1}",2.09,-1,78,-1
2025-07-03 23:45:28.464735,elastic-workbench-cv-analyzer,elastic-workbench-cv-analyzer-1,124,"{'data_quality': 224, 'model_size': 1, 'parallelism': 1}",4.91,-1,7,-1
2025-07-03 23:45:28.467819,elastic-workbench-pc-visualizer,elastic-workbench-pc-visualizer-1,20,"{'data_quality': 40, 'model_size': 1, 'parallelism': 1}",1.0,-1,47,-1
2025-07-03 23:45:38.454081,elastic-workbench-qr-detector,elastic-workbench-qr-detector-1,25,"{'data_quality': 551, 'parallelism': 1}",2.08,-1,79,-1
2025-07-03 23:45:38.457233,elastic-workbench-cv-analyzer,elastic-workbench-cv-analyzer-1,104,"{'data_quality': 224, 'model_size': 1, 'parallelism': 1}",4.92,-1,8,-1
2025-07-03 23:45:38.460453,elastic-workbench-pc-visualizer,elastic-workbench-pc-visualizer-1,20,"{'data_quality': 40, 'model_size': 1, 'parallelism': 1}",1.0,-1,47,-1
2025-07-03 23:45:48.449590,elastic-workbench-qr-detector,elastic-workbench-qr-detector-1,25,"{'data_quality': 551, 'parallelism': 1}",2.09,-1,77,-1
2025-07-03 23:45:48.452387,elastic-workbench-cv-analyzer,elastic-workbench-cv-analyzer-1,134,"{'data_quality': 224, 'model_size': 1, 'parallelism': 1}",4.91,-1,6,-1
2025-07-03 23:45:48.455405,elastic-workbench-pc-visualizer,elastic-workbench-pc-visualizer-1,21,"{'data_quality': 40, 'model_size': 1, 'parallelism': 1}",1.0,-1,46,-1
2025-07-03 23:45:58.453976,elastic-workbench-qr-detector,elastic-workbench-qr-detector-1,26,"{'data_quality': 551, 'parallelism': 1}",2.08,-1,77,-1
2025-07-03 23:45:58.457234,elastic-workbench-cv-analyzer,elastic-workbench-cv-analyzer-1,113,"{'data_quality': 224, 'model_size': 1, 'parallelism': 1}",4.92,-1,8,-1
2025-07-03 23:45:58.460384,elastic-workbench-pc-visualizer,elastic-workbench-pc-visualizer-1,21,"{'data_quality': 40, 'model_size': 1, 'parallelism': 1}",1.0,-1,46,-1
2025-07-03 23:46:08.453766,elastic-workbench-qr-detector,elastic-workbench-qr-detector-1,25,"{'data_quality': 551, 'parallelism': 1}",2.08,-1,75,-1
2025-07-03 23:46:08.456424,elastic-workbench-cv-analyzer,elastic-workbench-cv-analyzer-1,141,"{'data_quality': 224, 'model_size': 1, 'parallelism': 1}",4.92,-1,7,-1
2025-07-03 23:46:08.459559,elastic-workbench-pc-visualizer,elastic-workbench-pc-visualizer-1,20,"{'data_quality': 40, 'model_size': 1, 'parallelism': 1}",1.0,-1,47,-1
2025-07-03 23:46:18.453323,elastic-workbench-qr-detector,elastic-workbench-qr-detector-1,25,"{'data_quality': 551, 'parallelism': 1}",2.09,-1,78,-1
2025-07-03 23:46:18.457730,elastic-workbench-cv-analyzer,elastic-workbench-cv-analyzer-1,135,"{'data_quality': 224, 'model_size': 1, 'parallelism': 1}",4.91,-1,6,-1
2025-07-03 23:46:18.460648,elastic-workbench-pc-visualizer,elastic-workbench-pc-visualizer-1,21,"{'data_quality': 40, 'model_size': 1, 'parallelism': 1}",1.0,-1,46,-1
2025-07-03 23:46:28.457901,elastic-workbench-qr-detector,elastic-workbench-qr-detector-1,25,"{'data_quality': 551, 'parallelism': 1}",2.08,-1,78,-1
2025-07-03 23:46:28.460866,elastic-workbench-cv-analyzer,elastic-workbench-cv-analyzer-1,124,"{'data_quality': 224, 'model_size': 1, 'parallelism': 1}",4.92,-1,7,-1
2025-07-03 23:46:28.463467,elastic-workbench-pc-visualizer,elastic-workbench-pc-visualizer-1,20,"{'data_quality': 40, 'model_size': 1, 'parallelism': 1}",1.0,-1,47,-1
2025-07-03 23:46:38.454264,elastic-workbench-qr-detector,elastic-workbench-qr-detector-1,26,"{'data_quality': 551, 'parallelism': 1}",2.08,-1,76,-1
2025-07-03 23:46:38.459272,elastic-workbench-cv-analyzer,elastic-workbench-cv-analyzer-1,126,"{'data_quality': 224, 'model_size': 1, 'parallelism': 1}",4.92,-1,7,-1
2025-07-03 23:46:38.462750,elastic-workbench-pc-visualizer,elastic-workbench-pc-visualizer-1,21,"{'data_quality': 40, 'model_size': 1, 'parallelism': 1}",1.0,-1,46,-1
2025-07-03 23:46:48.454057,elastic-workbench-qr-detector,elastic-workbench-qr-detector-1,25,"{'data_quality': 551, 'parallelism': 1}",2.09,-1,77,-1
2025-07-03 23:46:48.456731,elastic-workbench-cv-analyzer,elastic-workbench-cv-analyzer-1,98,"{'data_quality': 224, 'model_size': 1, 'parallelism': 1}",4.91,-1,9,-1
2025-07-03 23:46:48.459598,elastic-workbench-pc-visualizer,elastic-workbench-pc-visualizer-1,21,"{'data_quality': 40, 'model_size': 1, 'parallelism': 1}",1.0,-1,46,-1
2025-07-03 23:46:58.455838,elastic-workbench-qr-detector,elastic-workbench-qr-detector-1,25,"{'data_quality': 551, 'parallelism': 1}",2.12,-1,78,-1
2025-07-03 23:46:58.458826,elastic-workbench-cv-analyzer,elastic-workbench-cv-analyzer-1,123,"{'data_quality': 224, 'model_size': 1, 'parallelism': 1}",4.88,-1,7,-1
2025-07-03 23:46:58.461392,elastic-workbench-pc-visualizer,elastic-workbench-pc-visualizer-1,20,"{'data_quality': 40, 'model_size': 1, 'parallelism': 1}",1.0,-1,46,-1
2025-07-03 23:47:08.456467,elastic-workbench-qr-detector,elastic-workbench-qr-detector-1,25,"{'data_quality': 551, 'parallelism': 1}",2.1,-1,79,-1
2025-07-03 23:47:08.459370,elastic-workbench-cv-analyzer,elastic-workbench-cv-analyzer-1,128,"{'data_quality': 224, 'model_size': 1, 'parallelism': 1}",4.9,-1,7,-1
2025-07-03 23:47:08.461902,elastic-workbench-pc-visualizer,elastic-workbench-pc-visualizer-1,20,"{'data_quality': 40, 'model_size': 1, 'parallelism': 1}",1.0,-1,48,-1
2025-07-03 23:47:18.461834,elastic-workbench-qr-detector,elastic-workbench-qr-detector-1,24,"{'data_quality': 551, 'parallelism': 1}",2.1,-1,78,-1
2025-07-03 23:47:18.465127,elastic-workbench-cv-analyzer,elastic-workbench-cv-analyzer-1,118,"{'data_quality': 224, 'model_size': 1, 'parallelism': 1}",4.9,-1,8,-1
2025-07-03 23:47:18.467620,elastic-workbench-pc-visualizer,elastic-workbench-pc-visualizer-1,21,"{'data_quality': 40, 'model_size': 1, 'parallelism': 1}",1.0,-1,46,-1
2025-07-03 23:47:28.457002,elastic-workbench-qr-detector,elastic-workbench-qr-detector-1,25,"{'data_quality': 551, 'parallelism': 1}",2.11,-1,79,-1
2025-07-03 23:47:28.460348,elastic-workbench-cv-analyzer,elastic-workbench-cv-analyzer-1,112,"{'data_quality': 224, 'model_size': 1, 'parallelism': 1}",4.89,-1,8,-1
2025-07-03 23:47:28.464287,elastic-workbench-pc-visualizer,elastic-workbench-pc-visualizer-1,21,"{'data_quality': 40, 'model_size': 1, 'parallelism': 1}",1.0,-1,45,-1
2025-07-03 23:47:38.459302,elastic-workbench-qr-detector,elastic-workbench-qr-detector-1,24,"{'data_quality': 551, 'parallelism': 1}",2.12,-1,79,-1
2025-07-03 23:47:38.464874,elastic-workbench-cv-analyzer,elastic-workbench-cv-analyzer-1,104,"{'data_quality': 224, 'model_size': 1, 'parallelism': 1}",4.88,-1,8,-1
2025-07-03 23:47:38.468900,elastic-workbench-pc-visualizer,elastic-workbench-pc-visualizer-1,21,"{'data_quality': 40, 'model_size': 1, 'parallelism': 1}",1.0,-1,46,-1
2025-07-03 23:47:48.458231,elastic-workbench-qr-detector,elastic-workbench-qr-detector-1,25,"{'data_quality': 551, 'parallelism': 1}",2.1,-1,77,-1
2025-07-03 23:47:48.461128,elastic-workbench-cv-analyzer,elastic-workbench-cv-analyzer-1,114,"{'data_quality': 224, 'model_size': 1, 'parallelism': 1}",4.9,-1,8,-1
2025-07-03 23:47:48.463652,elastic-workbench-pc-visualizer,elastic-workbench-pc-visualizer-1,21,"{'data_quality': 40, 'model_size': 1, 'parallelism': 1}",1.0,-1,47,-1
2025-07-03 23:47:58.459607,elastic-workbench-qr-detector,elastic-workbench-qr-detector-1,25,"{'data_quality': 551, 'parallelism': 1}",2.12,-1,79,-1
2025-07-03 23:47:58.462551,elastic-workbench-cv-analyzer,elastic-workbench-cv-analyzer-1,134,"{'data_quality': 224, 'model_size': 1, 'parallelism': 1}",4.88,-1,6,-1
2025-07-03 23:47:58.465250,elastic-workbench-pc-visualizer,elastic-workbench-pc-visualizer-1,21,"{'data_quality': 40, 'model_size': 1, 'parallelism': 1}",1.0,-1,46,-1
2025-07-03 23:48:08.465862,elastic-workbench-qr-detector,elastic-workbench-qr-detector-1,25,"{'data_quality': 551, 'parallelism': 1}",2.11,-1,78,-1
2025-07-03 23:48:08.469285,elastic-workbench-cv-analyzer,elastic-workbench-cv-analyzer-1,113,"{'data_quality': 224, 'model_size': 1, 'parallelism': 1}",4.89,-1,8,-1
2025-07-03 23:48:08.472768,elastic-workbench-pc-visualizer,elastic-workbench-pc-visualizer-1,20,"{'data_quality': 40, 'model_size': 1, 'parallelism': 1}",1.0,-1,46,-1
2025-07-03 23:48:18.463474,elastic-workbench-qr-detector,elastic-workbench-qr-detector-1,25,"{'data_quality': 551, 'parallelism': 1}",2.1,-1,77,-1
2025-07-03 23:48:18.467802,elastic-workbench-cv-analyzer,elastic-workbench-cv-analyzer-1,109,"{'data_quality': 224, 'model_size': 1, 'parallelism': 1}",4.9,-1,7,-1
2025-07-03 23:48:18.470447,elastic-workbench-pc-visualizer,elastic-workbench-pc-visualizer-1,21,"{'data_quality': 40, 'model_size': 1, 'parallelism': 1}",1.0,-1,46,-1
2025-07-03 23:48:28.459981,elastic-workbench-qr-detector,elastic-workbench-qr-detector-1,25,"{'data_quality': 551, 'parallelism': 1}",2.1,-1,78,-1
2025-07-03 23:48:28.462792,elastic-workbench-cv-analyzer,elastic-workbench-cv-analyzer-1,104,"{'data_quality': 224, 'model_size': 1, 'parallelism': 1}",4.9,-1,8,-1
2025-07-03 23:48:28.465292,elastic-workbench-pc-visualizer,elastic-workbench-pc-visualizer-1,21,"{'data_quality': 40, 'model_size': 1, 'parallelism': 1}",1.0,-1,45,-1
2025-07-03 23:48:38.461770,elastic-workbench-qr-detector,elastic-workbench-qr-detector-1,25,"{'data_quality': 551, 'parallelism': 1}",2.11,-1,78,-1
2025-07-03 23:48:38.472332,elastic-workbench-cv-analyzer,elastic-workbench-cv-analyzer-1,107,"{'data_quality': 224, 'model_size': 1, 'parallelism': 1}",4.89,-1,7,-1
2025-07-03 23:48:38.476926,elastic-workbench-pc-visualizer,elastic-workbench-pc-visualizer-1,20,"{'data_quality': 40, 'model_size': 1, 'parallelism': 1}",1.0,-1,46,-1
2025-07-03 23:48:48.461874,elastic-workbench-qr-detector,elastic-workbench-qr-detector-1,25,"{'data_quality': 551, 'parallelism': 1}",2.1,-1,78,-1
2025-07-03 23:48:48.464408,elastic-workbench-cv-analyzer,elastic-workbench-cv-analyzer-1,123,"{'data_quality': 224, 'model_size': 1, 'parallelism': 1}",4.9,-1,8,-1
2025-07-03 23:48:48.467131,elastic-workbench-pc-visualizer,elastic-workbench-pc-visualizer-1,20,"{'data_quality': 40, 'model_size': 1, 'parallelism': 1}",1.0,-1,48,-1
2025-07-03 23:48:58.462746,elastic-workbench-qr-detector,elastic-workbench-qr-detector-1,25,"{'data_quality': 551, 'parallelism': 1}",2.09,-1,78,-1
2025-07-03 23:48:58.465320,elastic-workbench-cv-analyzer,elastic-workbench-cv-analyzer-1,177,"{'data_quality': 224, 'model_size': 1, 'parallelism': 1}",4.91,-1,5,-1
2025-07-03 23:48:58.467987,elastic-workbench-pc-visualizer,elastic-workbench-pc-visualizer-1,21,"{'data_quality': 40, 'model_size': 1, 'parallelism': 1}",1.0,-1,45,-1
2025-07-03 23:49:08.466520,elastic-workbench-qr-detector,elastic-workbench-qr-detector-1,24,"{'data_quality': 551, 'parallelism': 1}",2.11,-1,80,-1
2025-07-03 23:49:08.469409,elastic-workbench-cv-analyzer,elastic-workbench-cv-analyzer-1,117,"{'data_quality': 224, 'model_size': 1, 'parallelism': 1}",4.89,-1,7,-1
2025-07-03 23:49:08.472178,elastic-workbench-pc-visualizer,elastic-workbench-pc-visualizer-1,21,"{'data_quality': 40, 'model_size': 1, 'parallelism': 1}",1.0,-1,45,-1
2025-07-03 23:49:18.469052,elastic-workbench-qr-detector,elastic-workbench-qr-detector-1,25,"{'data_quality': 551, 'parallelism': 1}",2.1,-1,79,-1
2025-07-03 23:49:18.471764,elastic-workbench-cv-analyzer,elastic-workbench-cv-analyzer-1,132,"{'data_quality': 224, 'model_size': 1, 'parallelism': 1}",4.9,-1,7,-1
2025-07-03 23:49:18.474705,elastic-workbench-pc-visualizer,elastic-workbench-pc-visualizer-1,21,"{'data_quality': 40, 'model_size': 1, 'parallelism': 1}",1.0,-1,46,-1
2025-07-03 23:49:28.466780,elastic-workbench-qr-detector,elastic-workbench-qr-detector-1,24,"{'data_quality': 551, 'parallelism': 1}",2.1,-1,80,-1
2025-07-03 23:49:28.470447,elastic-workbench-cv-analyzer,elastic-workbench-cv-analyzer-1,126,"{'data_quality': 224, 'model_size': 1, 'parallelism': 1}",4.9,-1,7,-1
2025-07-03 23:49:28.477307,elastic-workbench-pc-visualizer,elastic-workbench-pc-visualizer-1,20,"{'data_quality': 40, 'model_size': 1, 'parallelism': 1}",1.0,-1,47,-1
2025-07-03 23:49:38.468239,elastic-workbench-qr-detector,elastic-workbench-qr-detector-1,26,"{'data_quality': 551, 'parallelism': 1}",2.09,-1,75,-1
2025-07-03 23:49:38.471142,elastic-workbench-cv-analyzer,elastic-workbench-cv-analyzer-1,121,"{'data_quality': 224, 'model_size': 1, 'parallelism': 1}",4.91,-1,7,-1
2025-07-03 23:49:38.474106,elastic-workbench-pc-visualizer,elastic-workbench-pc-visualizer-1,21,"{'data_quality': 40, 'model_size': 1, 'parallelism': 1}",1.0,-1,46,-1
2025-07-03 23:49:48.468254,elastic-workbench-qr-detector,elastic-workbench-qr-detector-1,25,"{'data_quality': 551, 'parallelism': 1}",2.1,-1,78,-1
2025-07-03 23:49:48.470933,elastic-workbench-cv-analyzer,elastic-workbench-cv-analyzer-1,96,"{'data_quality': 224, 'model_size': 1, 'parallelism': 1}",4.9,-1,8,-1
2025-07-03 23:49:48.473493,elastic-workbench-pc-visualizer,elastic-workbench-pc-visualizer-1,20,"{'data_quality': 40, 'model_size': 1, 'parallelism': 1}",1.0,-1,48,-1
2025-07-03 23:49:58.470778,elastic-workbench-qr-detector,elastic-workbench-qr-detector-1,25,"{'data_quality': 551, 'parallelism': 1}",2.1,-1,78,-1
2025-07-03 23:49:58.473442,elastic-workbench-cv-analyzer,elastic-workbench-cv-analyzer-1,116,"{'data_quality': 224, 'model_size': 1, 'parallelism': 1}",4.9,-1,8,-1
2025-07-03 23:49:58.476189,elastic-workbench-pc-visualizer,elastic-workbench-pc-visualizer-1,21,"{'data_quality': 40, 'model_size': 1, 'parallelism': 1}",1.0,-1,46,-1
2025-07-03 23:50:08.470703,elastic-workbench-qr-detector,elastic-workbench-qr-detector-1,24,"{'data_quality': 551, 'parallelism': 1}",2.1,-1,79,-1
2025-07-03 23:50:08.473575,elastic-workbench-cv-analyzer,elastic-workbench-cv-analyzer-1,109,"{'data_quality': 224, 'model_size': 1, 'parallelism': 1}",4.9,-1,8,-1
2025-07-03 23:50:08.476185,elastic-workbench-pc-visualizer,elastic-workbench-pc-visualizer-1,21,"{'data_quality': 40, 'model_size': 1, 'parallelism': 1}",1.0,-1,45,-1
2025-07-03 23:50:18.476305,elastic-workbench-qr-detector,elastic-workbench-qr-detector-1,25,"{'data_quality': 551, 'parallelism': 1}",2.09,-1,76,-1
2025-07-03 23:50:18.479150,elastic-workbench-cv-analyzer,elastic-workbench-cv-analyzer-1,119,"{'data_quality': 224, 'model_size': 1, 'parallelism': 1}",4.91,-1,7,-1
2025-07-03 23:50:18.482075,elastic-workbench-pc-visualizer,elastic-workbench-pc-visualizer-1,20,"{'data_quality': 40, 'model_size': 1, 'parallelism': 1}",1.0,-1,47,-1
2025-07-03 23:50:28.470162,elastic-workbench-qr-detector,elastic-workbench-qr-detector-1,25,"{'data_quality': 551, 'parallelism': 1}",2.09,-1,78,-1
2025-07-03 23:50:28.472994,elastic-workbench-cv-analyzer,elastic-workbench-cv-analyzer-1,111,"{'data_quality': 224, 'model_size': 1, 'parallelism': 1}",4.91,-1,8,-1
2025-07-03 23:50:28.475505,elastic-workbench-pc-visualizer,elastic-workbench-pc-visualizer-1,21,"{'data_quality': 40, 'model_size': 1, 'parallelism': 1}",1.0,-1,46,-1
2025-07-03 23:50:38.472560,elastic-workbench-qr-detector,elastic-workbench-qr-detector-1,25,"{'data_quality': 551, 'parallelism': 1}",2.09,-1,78,-1
2025-07-03 23:50:38.476505,elastic-workbench-cv-analyzer,elastic-workbench-cv-analyzer-1,124,"{'data_quality': 224, 'model_size': 1, 'parallelism': 1}",4.91,-1,7,-1
2025-07-03 23:50:38.479405,elastic-workbench-pc-visualizer,elastic-workbench-pc-visualizer-1,21,"{'data_quality': 40, 'model_size': 1, 'parallelism': 1}",1.0,-1,46,-1
2025-07-03 23:50:48.471899,elastic-workbench-qr-detector,elastic-workbench-qr-detector-1,25,"{'data_quality': 551, 'parallelism': 1}",2.1,-1,78,-1
2025-07-03 23:50:48.474478,elastic-workbench-cv-analyzer,elastic-workbench-cv-analyzer-1,134,"{'data_quality': 224, 'model_size': 1, 'parallelism': 1}",4.9,-1,7,-1
2025-07-03 23:50:48.477290,elastic-workbench-pc-visualizer,elastic-workbench-pc-visualizer-1,21,"{'data_quality': 40, 'model_size': 1, 'parallelism': 1}",1.0,-1,46,-1
2025-07-03 23:50:58.473562,elastic-workbench-qr-detector,elastic-workbench-qr-detector-1,25,"{'data_quality': 551, 'parallelism': 1}",2.09,-1,78,-1
2025-07-03 23:50:58.476552,elastic-workbench-cv-analyzer,elastic-workbench-cv-analyzer-1,149,"{'data_quality': 224, 'model_size': 1, 'parallelism': 1}",4.91,-1,6,-1
2025-07-03 23:50:58.479253,elastic-workbench-pc-visualizer,elastic-workbench-pc-visualizer-1,19,"{'data_quality': 40, 'model_size': 1, 'parallelism': 1}",1.0,-1,49,-1
2025-07-03 23:51:08.473618,elastic-workbench-qr-detector,elastic-workbench-qr-detector-1,25,"{'data_quality': 551, 'parallelism': 1}",2.1,-1,77,-1
2025-07-03 23:51:08.477052,elastic-workbench-cv-analyzer,elastic-workbench-cv-analyzer-1,107,"{'data_quality': 224, 'model_size': 1, 'parallelism': 1}",4.9,-1,8,-1
2025-07-03 23:51:08.485733,elastic-workbench-pc-visualizer,elastic-workbench-pc-visualizer-1,21,"{'data_quality': 40, 'model_size': 1, 'parallelism': 1}",1.0,-1,47,-1
2025-07-03 23:51:18.474547,elastic-workbench-qr-detector,elastic-workbench-qr-detector-1,24,"{'data_quality': 551, 'parallelism': 1}",2.13,-1,79,-1
2025-07-03 23:51:18.477206,elastic-workbench-cv-analyzer,elastic-workbench-cv-analyzer-1,116,"{'data_quality': 224, 'model_size': 1, 'parallelism': 1}",4.87,-1,7,-1
2025-07-03 23:51:18.479766,elastic-workbench-pc-visualizer,elastic-workbench-pc-visualizer-1,21,"{'data_quality': 40, 'model_size': 1, 'parallelism': 1}",1.0,-1,46,-1
2025-07-03 23:51:28.473854,elastic-workbench-qr-detector,elastic-workbench-qr-detector-1,24,"{'data_quality': 547, 'parallelism': 1}",2.13,-1,82,-1
2025-07-03 23:51:28.476951,elastic-workbench-cv-analyzer,elastic-workbench-cv-analyzer-1,110,"{'data_quality': 193, 'model_size': 1, 'parallelism': 1}",4.87,-1,8,-1
2025-07-03 23:51:28.479505,elastic-workbench-pc-visualizer,elastic-workbench-pc-visualizer-1,21,"{'data_quality': 40, 'model_size': 1, 'parallelism': 1}",1.0,-1,46,-1
2025-07-03 23:51:38.474904,elastic-workbench-qr-detector,elastic-workbench-qr-detector-1,24,"{'data_quality': 547, 'parallelism': 1}",2.15,-1,80,-1
2025-07-03 23:51:38.477798,elastic-workbench-cv-analyzer,elastic-workbench-cv-analyzer-1,86,"{'data_quality': 193, 'model_size': 1, 'parallelism': 1}",4.85,-1,9,-1
2025-07-03 23:51:38.482303,elastic-workbench-pc-visualizer,elastic-workbench-pc-visualizer-1,21,"{'data_quality': 40, 'model_size': 1, 'parallelism': 1}",1.0,-1,46,-1
2025-07-03 23:51:48.475567,elastic-workbench-qr-detector,elastic-workbench-qr-detector-1,24,"{'data_quality': 547, 'parallelism': 1}",2.18,-1,81,-1
2025-07-03 23:51:48.478439,elastic-workbench-cv-analyzer,elastic-workbench-cv-analyzer-1,112,"{'data_quality': 193, 'model_size': 1, 'parallelism': 1}",4.82,-1,8,-1
2025-07-03 23:51:48.481028,elastic-workbench-pc-visualizer,elastic-workbench-pc-visualizer-1,21,"{'data_quality': 40, 'model_size': 1, 'parallelism': 1}",1.0,-1,47,-1
2025-07-03 23:51:58.475229,elastic-workbench-qr-detector,elastic-workbench-qr-detector-1,23,"{'data_quality': 547, 'parallelism': 1}",2.17,-1,83,-1
2025-07-03 23:51:58.478096,elastic-workbench-cv-analyzer,elastic-workbench-cv-analyzer-1,120,"{'data_quality': 193, 'model_size': 1, 'parallelism': 1}",4.83,-1,7,-1
2025-07-03 23:51:58.480623,elastic-workbench-pc-visualizer,elastic-workbench-pc-visualizer-1,20,"{'data_quality': 40, 'model_size': 1, 'parallelism': 1}",1.0,-1,47,-1
2025-07-03 23:52:08.476294,elastic-workbench-qr-detector,elastic-workbench-qr-detector-1,24,"{'data_quality': 547, 'parallelism': 1}",2.15,-1,79,-1
2025-07-03 23:52:08.483470,elastic-workbench-cv-analyzer,elastic-workbench-cv-analyzer-1,112,"{'data_quality': 193, 'model_size': 1, 'parallelism': 1}",4.85,-1,8,-1
2025-07-03 23:52:08.487146,elastic-workbench-pc-visualizer,elastic-workbench-pc-visualizer-1,21,"{'data_quality': 40, 'model_size': 1, 'parallelism': 1}",1.0,-1,47,-1
2025-07-03 23:52:18.475978,elastic-workbench-qr-detector,elastic-workbench-qr-detector-1,24,"{'data_quality': 547, 'parallelism': 1}",2.13,-1,81,-1
2025-07-03 23:52:18.478991,elastic-workbench-cv-analyzer,elastic-workbench-cv-analyzer-1,126,"{'data_quality': 193, 'model_size': 1, 'parallelism': 1}",4.87,-1,7,-1
2025-07-03 23:52:18.481860,elastic-workbench-pc-visualizer,elastic-workbench-pc-visualizer-1,21,"{'data_quality': 40, 'model_size': 1, 'parallelism': 1}",1.0,-1,45,-1
2025-07-03 23:52:28.476995,elastic-workbench-qr-detector,elastic-workbench-qr-detector-1,24,"{'data_quality': 547, 'parallelism': 1}",2.11,-1,80,-1
2025-07-03 23:52:28.480115,elastic-workbench-cv-analyzer,elastic-workbench-cv-analyzer-1,106,"{'data_quality': 193, 'model_size': 1, 'parallelism': 1}",4.89,-1,8,-1
2025-07-03 23:52:28.482761,elastic-workbench-pc-visualizer,elastic-workbench-pc-visualizer-1,21,"{'data_quality': 40, 'model_size': 1, 'parallelism': 1}",1.0,-1,45,-1
2025-07-03 23:52:38.477695,elastic-workbench-qr-detector,elastic-workbench-qr-detector-1,24,"{'data_quality': 547, 'parallelism': 1}",2.11,-1,80,-1
2025-07-03 23:52:38.480612,elastic-workbench-cv-analyzer,elastic-workbench-cv-analyzer-1,89,"{'data_quality': 193, 'model_size': 1, 'parallelism': 1}",4.89,-1,8,-1
2025-07-03 23:52:38.487274,elastic-workbench-pc-visualizer,elastic-workbench-pc-visualizer-1,21,"{'data_quality': 40, 'model_size': 1, 'parallelism': 1}",1.0,-1,46,-1
2025-07-03 23:52:48.478461,elastic-workbench-qr-detector,elastic-workbench-qr-detector-1,25,"{'data_quality': 547, 'parallelism': 1}",2.09,-1,78,-1
2025-07-03 23:52:48.481338,elastic-workbench-cv-analyzer,elastic-workbench-cv-analyzer-1,122,"{'data_quality': 193, 'model_size': 1, 'parallelism': 1}",4.91,-1,7,-1
2025-07-03 23:52:48.483854,elastic-workbench-pc-visualizer,elastic-workbench-pc-visualizer-1,21,"{'data_quality': 40, 'model_size': 1, 'parallelism': 1}",1.0,-1,46,-1
2025-07-03 23:52:58.478501,elastic-workbench-qr-detector,elastic-workbench-qr-detector-1,25,"{'data_quality': 547, 'parallelism': 1}",2.07,-1,79,-1
2025-07-03 23:52:58.481372,elastic-workbench-cv-analyzer,elastic-workbench-cv-analyzer-1,96,"{'data_quality': 193, 'model_size': 1, 'parallelism': 1}",4.93,-1,8,-1
2025-07-03 23:52:58.484022,elastic-workbench-pc-visualizer,elastic-workbench-pc-visualizer-1,21,"{'data_quality': 40, 'model_size': 1, 'parallelism': 1}",1.0,-1,46,-1
2025-07-03 23:53:08.479549,elastic-workbench-qr-detector,elastic-workbench-qr-detector-1,25,"{'data_quality': 547, 'parallelism': 1}",2.07,-1,79,-1
2025-07-03 23:53:08.486400,elastic-workbench-cv-analyzer,elastic-workbench-cv-analyzer-1,109,"{'data_quality': 193, 'model_size': 1, 'parallelism': 1}",4.93,-1,8,-1
2025-07-03 23:53:08.489379,elastic-workbench-pc-visualizer,elastic-workbench-pc-visualizer-1,21,"{'data_quality': 40, 'model_size': 1, 'parallelism': 1}",1.0,-1,47,-1
2025-07-03 23:53:18.480301,elastic-workbench-qr-detector,elastic-workbench-qr-detector-1,24,"{'data_quality': 547, 'parallelism': 1}",2.06,-1,79,-1
2025-07-03 23:53:18.483149,elastic-workbench-cv-analyzer,elastic-workbench-cv-analyzer-1,112,"{'data_quality': 193, 'model_size': 1, 'parallelism': 1}",4.94,-1,8,-1
2025-07-03 23:53:18.485703,elastic-workbench-pc-visualizer,elastic-workbench-pc-visualizer-1,20,"{'data_quality': 40, 'model_size': 1, 'parallelism': 1}",1.0,-1,48,-1
2025-07-03 23:53:28.481741,elastic-workbench-qr-detector,elastic-workbench-qr-detector-1,25,"{'data_quality': 547, 'parallelism': 1}",2.04,-1,78,-1
2025-07-03 23:53:28.491705,elastic-workbench-cv-analyzer,elastic-workbench-cv-analyzer-1,113,"{'data_quality': 193, 'model_size': 1, 'parallelism': 1}",4.96,-1,7,-1
2025-07-03 23:53:28.496075,elastic-workbench-pc-visualizer,elastic-workbench-pc-visualizer-1,20,"{'data_quality': 40, 'model_size': 1, 'parallelism': 1}",1.0,-1,47,-1
2025-07-03 23:53:38.482105,elastic-workbench-qr-detector,elastic-workbench-qr-detector-1,26,"{'data_quality': 547, 'parallelism': 1}",2.02,-1,75,-1
2025-07-03 23:53:38.485256,elastic-workbench-cv-analyzer,elastic-workbench-cv-analyzer-1,94,"{'data_quality': 193, 'model_size': 1, 'parallelism': 1}",4.98,-1,8,-1
2025-07-03 23:53:38.487818,elastic-workbench-pc-visualizer,elastic-workbench-pc-visualizer-1,21,"{'data_quality': 40, 'model_size': 1, 'parallelism': 1}",1.0,-1,47,-1
2025-07-03 23:53:48.482288,elastic-workbench-qr-detector,elastic-workbench-qr-detector-1,25,"{'data_quality': 547, 'parallelism': 1}",2.01,-1,76,-1
2025-07-03 23:53:48.490865,elastic-workbench-cv-analyzer,elastic-workbench-cv-analyzer-1,88,"{'data_quality': 193, 'model_size': 1, 'parallelism': 1}",4.99,-1,8,-1
2025-07-03 23:53:48.493660,elastic-workbench-pc-visualizer,elastic-workbench-pc-visualizer-1,20,"{'data_quality': 40, 'model_size': 1, 'parallelism': 1}",1.0,-1,47,-1
2025-07-03 23:53:58.485245,elastic-workbench-qr-detector,elastic-workbench-qr-detector-1,26,"{'data_quality': 547, 'parallelism': 1}",2.01,-1,75,-1
2025-07-03 23:53:58.488289,elastic-workbench-cv-analyzer,elastic-workbench-cv-analyzer-1,115,"{'data_quality': 193, 'model_size': 1, 'parallelism': 1}",4.99,-1,7,-1
2025-07-03 23:53:58.490996,elastic-workbench-pc-visualizer,elastic-workbench-pc-visualizer-1,21,"{'data_quality': 40, 'model_size': 1, 'parallelism': 1}",1.0,-1,46,-1
2025-07-03 23:54:08.483500,elastic-workbench-qr-detector,elastic-workbench-qr-detector-1,26,"{'data_quality': 547, 'parallelism': 1}",2.01,-1,76,-1
2025-07-03 23:54:08.488938,elastic-workbench-cv-analyzer,elastic-workbench-cv-analyzer-1,97,"{'data_quality': 193, 'model_size': 1, 'parallelism': 1}",4.99,-1,7,-1
2025-07-03 23:54:08.493189,elastic-workbench-pc-visualizer,elastic-workbench-pc-visualizer-1,20,"{'data_quality': 40, 'model_size': 1, 'parallelism': 1}",1.0,-1,47,-1
2025-07-03 23:54:18.484398,elastic-workbench-qr-detector,elastic-workbench-qr-detector-1,26,"{'data_quality': 547, 'parallelism': 1}",2.0,-1,75,-1
2025-07-03 23:54:18.487217,elastic-workbench-cv-analyzer,elastic-workbench-cv-analyzer-1,97,"{'data_quality': 193, 'model_size': 1, 'parallelism': 1}",5.0,-1,7,-1
2025-07-03 23:54:18.489732,elastic-workbench-pc-visualizer,elastic-workbench-pc-visualizer-1,20,"{'data_quality': 40, 'model_size': 1, 'parallelism': 1}",1.0,-1,47,-1
2025-07-03 23:54:28.485102,elastic-workbench-qr-detector,elastic-workbench-qr-detector-1,26,"{'data_quality': 547, 'parallelism': 1}",2.0,-1,75,-1
2025-07-03 23:54:28.487794,elastic-workbench-cv-analyzer,elastic-workbench-cv-analyzer-1,101,"{'data_quality': 193, 'model_size': 1, 'parallelism': 1}",5.0,-1,7,-1
2025-07-03 23:54:28.490565,elastic-workbench-pc-visualizer,elastic-workbench-pc-visualizer-1,21,"{'data_quality': 40, 'model_size': 1, 'parallelism': 1}",1.0,-1,45,-1
2025-07-03 23:54:38.485844,elastic-workbench-qr-detector,elastic-workbench-qr-detector-1,26,"{'data_quality': 547, 'parallelism': 1}",2.0,-1,74,-1
2025-07-03 23:54:38.489084,elastic-workbench-cv-analyzer,elastic-workbench-cv-analyzer-1,100,"{'data_quality': 193, 'model_size': 1, 'parallelism': 1}",5.0,-1,8,-1
2025-07-03 23:54:38.492055,elastic-workbench-pc-visualizer,elastic-workbench-pc-visualizer-1,21,"{'data_quality': 40, 'model_size': 1, 'parallelism': 1}",1.0,-1,46,-1
2025-07-03 23:54:48.486605,elastic-workbench-qr-detector,elastic-workbench-qr-detector-1,25,"{'data_quality': 547, 'parallelism': 1}",1.98,-1,77,-1
2025-07-03 23:54:48.489790,elastic-workbench-cv-analyzer,elastic-workbench-cv-analyzer-1,100,"{'data_quality': 193, 'model_size': 1, 'parallelism': 1}",5.02,-1,8,-1
2025-07-03 23:54:48.492386,elastic-workbench-pc-visualizer,elastic-workbench-pc-visualizer-1,20,"{'data_quality': 40, 'model_size': 1, 'parallelism': 1}",1.0,-1,47,-1
2025-07-03 23:54:58.487421,elastic-workbench-qr-detector,elastic-workbench-qr-detector-1,26,"{'data_quality': 547, 'parallelism': 1}",1.98,-1,74,-1
2025-07-03 23:54:58.490505,elastic-workbench-cv-analyzer,elastic-workbench-cv-analyzer-1,79,"{'data_quality': 193, 'model_size': 1, 'parallelism': 1}",5.02,-1,8,-1
2025-07-03 23:54:58.498894,elastic-workbench-pc-visualizer,elastic-workbench-pc-visualizer-1,20,"{'data_quality': 40, 'model_size': 1, 'parallelism': 1}",1.0,-1,48,-1
2025-07-03 23:55:08.488127,elastic-workbench-qr-detector,elastic-workbench-qr-detector-1,26,"{'data_quality': 547, 'parallelism': 1}",1.98,-1,75,-1
2025-07-03 23:55:08.490854,elastic-workbench-cv-analyzer,elastic-workbench-cv-analyzer-1,81,"{'data_quality': 193, 'model_size': 1, 'parallelism': 1}",5.02,-1,8,-1
2025-07-03 23:55:08.493338,elastic-workbench-pc-visualizer,elastic-workbench-pc-visualizer-1,20,"{'data_quality': 40, 'model_size': 1, 'parallelism': 1}",1.0,-1,48,-1
2025-07-03 23:55:18.488766,elastic-workbench-qr-detector,elastic-workbench-qr-detector-1,26,"{'data_quality': 547, 'parallelism': 1}",1.96,-1,75,-1
2025-07-03 23:55:18.491731,elastic-workbench-cv-analyzer,elastic-workbench-cv-analyzer-1,106,"{'data_quality': 193, 'model_size': 1, 'parallelism': 1}",5.04,-1,7,-1
2025-07-03 23:55:18.494845,elastic-workbench-pc-visualizer,elastic-workbench-pc-visualizer-1,20,"{'data_quality': 40, 'model_size': 1, 'parallelism': 1}",1.0,-1,48,-1
2025-07-03 23:55:28.489449,elastic-workbench-qr-detector,elastic-workbench-qr-detector-1,26,"{'data_quality': 547, 'parallelism': 1}",1.97,-1,74,-1
2025-07-03 23:55:28.492619,elastic-workbench-cv-analyzer,elastic-workbench-cv-analyzer-1,96,"{'data_quality': 193, 'model_size': 1, 'parallelism': 1}",5.03,-1,7,-1
2025-07-03 23:55:28.495197,elastic-workbench-pc-visualizer,elastic-workbench-pc-visualizer-1,21,"{'data_quality': 40, 'model_size': 1, 'parallelism': 1}",1.0,-1,46,-1
2025-07-03 23:55:38.489922,elastic-workbench-qr-detector,elastic-workbench-qr-detector-1,26,"{'data_quality': 547, 'parallelism': 1}",1.97,-1,75,-1
2025-07-03 23:55:38.492826,elastic-workbench-cv-analyzer,elastic-workbench-cv-analyzer-1,102,"{'data_quality': 193, 'model_size': 1, 'parallelism': 1}",5.03,-1,7,-1
2025-07-03 23:55:38.495463,elastic-workbench-pc-visualizer,elastic-workbench-pc-visualizer-1,20,"{'data_quality': 40, 'model_size': 1, 'parallelism': 1}",1.0,-1,48,-1
2025-07-03 23:55:48.496232,elastic-workbench-qr-detector,elastic-workbench-qr-detector-1,26,"{'data_quality': 547, 'parallelism': 1}",1.97,-1,74,-1
2025-07-03 23:55:48.499557,elastic-workbench-cv-analyzer,elastic-workbench-cv-analyzer-1,105,"{'data_quality': 193, 'model_size': 1, 'parallelism': 1}",5.03,-1,8,-1
2025-07-03 23:55:48.502872,elastic-workbench-pc-visualizer,elastic-workbench-pc-visualizer-1,21,"{'data_quality': 40, 'model_size': 1, 'parallelism': 1}",1.0,-1,45,-1
2025-07-03 23:55:58.491688,elastic-workbench-qr-detector,elastic-workbench-qr-detector-1,26,"{'data_quality': 547, 'parallelism': 1}",1.98,-1,76,-1
2025-07-03 23:55:58.494598,elastic-workbench-cv-analyzer,elastic-workbench-cv-analyzer-1,104,"{'data_quality': 193, 'model_size': 1, 'parallelism': 1}",5.02,-1,7,-1
2025-07-03 23:55:58.497251,elastic-workbench-pc-visualizer,elastic-workbench-pc-visualizer-1,21,"{'data_quality': 40, 'model_size': 1, 'parallelism': 1}",1.0,-1,46,-1
2025-07-03 23:56:08.492350,elastic-workbench-qr-detector,elastic-workbench-qr-detector-1,26,"{'data_quality': 547, 'parallelism': 1}",1.97,-1,76,-1
2025-07-03 23:56:08.495856,elastic-workbench-cv-analyzer,elastic-workbench-cv-analyzer-1,124,"{'data_quality': 193, 'model_size': 1, 'parallelism': 1}",5.03,-1,7,-1
2025-07-03 23:56:08.505552,elastic-workbench-pc-visualizer,elastic-workbench-pc-visualizer-1,20,"{'data_quality': 40, 'model_size': 1, 'parallelism': 1}",1.0,-1,48,-1
2025-07-03 23:56:18.493336,elastic-workbench-qr-detector,elastic-workbench-qr-detector-1,26,"{'data_quality': 547, 'parallelism': 1}",1.96,-1,74,-1
2025-07-03 23:56:18.496244,elastic-workbench-cv-analyzer,elastic-workbench-cv-analyzer-1,112,"{'data_quality': 193, 'model_size': 1, 'parallelism': 1}",5.04,-1,7,-1
2025-07-03 23:56:18.498815,elastic-workbench-pc-visualizer,elastic-workbench-pc-visualizer-1,21,"{'data_quality': 40, 'model_size': 1, 'parallelism': 1}",1.0,-1,47,-1
2025-07-03 23:56:28.493626,elastic-workbench-qr-detector,elastic-workbench-qr-detector-1,25,"{'data_quality': 547, 'parallelism': 1}",1.96,-1,75,-1
2025-07-03 23:56:28.496508,elastic-workbench-cv-analyzer,elastic-workbench-cv-analyzer-1,118,"{'data_quality': 193, 'model_size': 1, 'parallelism': 1}",5.04,-1,8,-1
2025-07-03 23:56:28.505639,elastic-workbench-pc-visualizer,elastic-workbench-pc-visualizer-1,20,"{'data_quality': 40, 'model_size': 1, 'parallelism': 1}",1.0,-1,47,-1
2025-07-03 23:56:38.494173,elastic-workbench-qr-detector,elastic-workbench-qr-detector-1,25,"{'data_quality': 547, 'parallelism': 1}",1.95,-1,76,-1
2025-07-03 23:56:38.497080,elastic-workbench-cv-analyzer,elastic-workbench-cv-analyzer-1,91,"{'data_quality': 193, 'model_size': 1, 'parallelism': 1}",5.05,-1,8,-1
2025-07-03 23:56:38.499867,elastic-workbench-pc-visualizer,elastic-workbench-pc-visualizer-1,20,"{'data_quality': 40, 'model_size': 1, 'parallelism': 1}",1.0,-1,47,-1
2025-07-03 23:56:48.494547,elastic-workbench-qr-detector,elastic-workbench-qr-detector-1,26,"{'data_quality': 547, 'parallelism': 1}",1.94,-1,74,-1
2025-07-03 23:56:48.497513,elastic-workbench-cv-analyzer,elastic-workbench-cv-analyzer-1,111,"{'data_quality': 193, 'model_size': 1, 'parallelism': 1}",5.06,-1,8,-1
2025-07-03 23:56:48.506180,elastic-workbench-pc-visualizer,elastic-workbench-pc-visualizer-1,21,"{'data_quality': 40, 'model_size': 1, 'parallelism': 1}",1.0,-1,45,-1
2025-07-03 23:56:58.495628,elastic-workbench-qr-detector,elastic-workbench-qr-detector-1,25,"{'data_quality': 547, 'parallelism': 1}",1.94,-1,74,-1
2025-07-03 23:56:58.498651,elastic-workbench-cv-analyzer,elastic-workbench-cv-analyzer-1,112,"{'data_quality': 193, 'model_size': 1, 'parallelism': 1}",5.06,-1,7,-1
2025-07-03 23:56:58.501427,elastic-workbench-pc-visualizer,elastic-workbench-pc-visualizer-1,21,"{'data_quality': 40, 'model_size': 1, 'parallelism': 1}",1.0,-1,46,-1
2025-07-03 23:57:08.496224,elastic-workbench-qr-detector,elastic-workbench-qr-detector-1,26,"{'data_quality': 547, 'parallelism': 1}",1.93,-1,74,-1
2025-07-03 23:57:08.499245,elastic-workbench-cv-analyzer,elastic-workbench-cv-analyzer-1,117,"{'data_quality': 193, 'model_size': 1, 'parallelism': 1}",5.07,-1,7,-1
2025-07-03 23:57:08.502166,elastic-workbench-pc-visualizer,elastic-workbench-pc-visualizer-1,20,"{'data_quality': 40, 'model_size': 1, 'parallelism': 1}",1.0,-1,48,-1
2025-07-03 23:57:18.497262,elastic-workbench-qr-detector,elastic-workbench-qr-detector-1,25,"{'data_quality': 547, 'parallelism': 1}",1.92,-1,73,-1
2025-07-03 23:57:18.500420,elastic-workbench-cv-analyzer,elastic-workbench-cv-analyzer-1,192,"{'data_quality': 193, 'model_size': 2, 'parallelism': 1}",5.08,-1,4,-1
2025-07-03 23:57:18.503354,elastic-workbench-pc-visualizer,elastic-workbench-pc-visualizer-1,19,"{'data_quality': 40, 'model_size': 1, 'parallelism': 1}",1.0,-1,49,-1
2025-07-03 23:57:28.496867,elastic-workbench-qr-detector,elastic-workbench-qr-detector-1,27,"{'data_quality': 547, 'parallelism': 1}",1.91,-1,72,-1
2025-07-03 23:57:28.500277,elastic-workbench-cv-analyzer,elastic-workbench-cv-analyzer-1,200,"{'data_quality': 193, 'model_size': 2, 'parallelism': 1}",5.09,-1,4,-1
2025-07-03 23:57:28.502801,elastic-workbench-pc-visualizer,elastic-workbench-pc-visualizer-1,21,"{'data_quality': 40, 'model_size': 1, 'parallelism': 1}",1.0,-1,46,-1
2025-07-03 23:57:38.497608,elastic-workbench-qr-detector,elastic-workbench-qr-detector-1,26,"{'data_quality': 547, 'parallelism': 1}",1.92,-1,71,-1
2025-07-03 23:57:38.501515,elastic-workbench-cv-analyzer,elastic-workbench-cv-analyzer-1,266,"{'data_quality': 193, 'model_size': 2, 'parallelism': 1}",5.08,-1,3,-1
2025-07-03 23:57:38.504275,elastic-workbench-pc-visualizer,elastic-workbench-pc-visualizer-1,21,"{'data_quality': 40, 'model_size': 1, 'parallelism': 1}",1.0,-1,46,-1
2025-07-03 23:57:48.498500,elastic-workbench-qr-detector,elastic-workbench-qr-detector-1,25,"{'data_quality': 547, 'parallelism': 1}",1.91,-1,73,-1
2025-07-03 23:57:48.501247,elastic-workbench-cv-analyzer,elastic-workbench-cv-analyzer-1,241,"{'data_quality': 193, 'model_size': 2, 'parallelism': 1}",5.09,-1,3,-1
2025-07-03 23:57:48.503734,elastic-workbench-pc-visualizer,elastic-workbench-pc-visualizer-1,21,"{'data_quality': 40, 'model_size': 1, 'parallelism': 1}",1.0,-1,46,-1
2025-07-03 23:57:58.499301,elastic-workbench-qr-detector,elastic-workbench-qr-detector-1,25,"{'data_quality': 547, 'parallelism': 1}",1.91,-1,73,-1
2025-07-03 23:57:58.502289,elastic-workbench-cv-analyzer,elastic-workbench-cv-analyzer-1,224,"{'data_quality': 193, 'model_size': 2, 'parallelism': 1}",5.09,-1,3,-1
2025-07-03 23:57:58.505417,elastic-workbench-pc-visualizer,elastic-workbench-pc-visualizer-1,21,"{'data_quality': 40, 'model_size': 1, 'parallelism': 1}",1.0,-1,46,-1
2025-07-03 23:58:08.499906,elastic-workbench-qr-detector,elastic-workbench-qr-detector-1,26,"{'data_quality': 547, 'parallelism': 1}",1.91,-1,72,-1
2025-07-03 23:58:08.502515,elastic-workbench-cv-analyzer,elastic-workbench-cv-analyzer-1,186,"{'data_quality': 193, 'model_size': 2, 'parallelism': 1}",5.09,-1,4,-1
2025-07-03 23:58:08.505006,elastic-workbench-pc-visualizer,elastic-workbench-pc-visualizer-1,21,"{'data_quality': 40, 'model_size': 1, 'parallelism': 1}",1.0,-1,46,-1
2025-07-03 23:58:18.500289,elastic-workbench-qr-detector,elastic-workbench-qr-detector-1,27,"{'data_quality': 547, 'parallelism': 1}",1.9,-1,70,-1
2025-07-03 23:58:18.502865,elastic-workbench-cv-analyzer,elastic-workbench-cv-analyzer-1,183,"{'data_quality': 193, 'model_size': 2, 'parallelism': 1}",5.1,-1,5,-1
2025-07-03 23:58:18.505298,elastic-workbench-pc-visualizer,elastic-workbench-pc-visualizer-1,21,"{'data_quality': 40, 'model_size': 1, 'parallelism': 1}",1.0,-1,45,-1
2025-07-03 23:58:28.500599,elastic-workbench-qr-detector,elastic-workbench-qr-detector-1,26,"{'data_quality': 547, 'parallelism': 1}",1.9,-1,71,-1
2025-07-03 23:58:28.503503,elastic-workbench-cv-analyzer,elastic-workbench-cv-analyzer-1,239,"{'data_quality': 193, 'model_size': 2, 'parallelism': 1}",5.1,-1,4,-1
2025-07-03 23:58:28.506775,elastic-workbench-pc-visualizer,elastic-workbench-pc-visualizer-1,21,"{'data_quality': 40, 'model_size': 1, 'parallelism': 1}",1.0,-1,46,-1
2025-07-03 23:58:38.501214,elastic-workbench-qr-detector,elastic-workbench-qr-detector-1,25,"{'data_quality': 547, 'parallelism': 1}",1.89,-1,70,-1
2025-07-03 23:58:38.503817,elastic-workbench-cv-analyzer,elastic-workbench-cv-analyzer-1,223,"{'data_quality': 193, 'model_size': 2, 'parallelism': 1}",5.11,-1,3,-1
2025-07-03 23:58:38.506730,elastic-workbench-pc-visualizer,elastic-workbench-pc-visualizer-1,21,"{'data_quality': 40, 'model_size': 1, 'parallelism': 1}",1.0,-1,45,-1
2025-07-03 23:58:48.501819,elastic-workbench-qr-detector,elastic-workbench-qr-detector-1,26,"{'data_quality': 547, 'parallelism': 1}",1.87,-1,69,-1
2025-07-03 23:58:48.504668,elastic-workbench-cv-analyzer,elastic-workbench-cv-analyzer-1,198,"{'data_quality': 193, 'model_size': 2, 'parallelism': 1}",5.13,-1,4,-1
2025-07-03 23:58:48.507238,elastic-workbench-pc-visualizer,elastic-workbench-pc-visualizer-1,21,"{'data_quality': 40, 'model_size': 1, 'parallelism': 1}",1.0,-1,46,-1
2025-07-03 23:58:58.508523,elastic-workbench-qr-detector,elastic-workbench-qr-detector-1,25,"{'data_quality': 547, 'parallelism': 1}",1.86,-1,69,-1
2025-07-03 23:58:58.512344,elastic-workbench-cv-analyzer,elastic-workbench-cv-analyzer-1,232,"{'data_quality': 193, 'model_size': 2, 'parallelism': 1}",5.14,-1,4,-1
2025-07-03 23:58:58.519388,elastic-workbench-pc-visualizer,elastic-workbench-pc-visualizer-1,20,"{'data_quality': 40, 'model_size': 1, 'parallelism': 1}",1.0,-1,47,-1
2025-07-03 23:59:08.503743,elastic-workbench-qr-detector,elastic-workbench-qr-detector-1,27,"{'data_quality': 547, 'parallelism': 1}",1.86,-1,69,-1
2025-07-03 23:59:08.506405,elastic-workbench-cv-analyzer,elastic-workbench-cv-analyzer-1,228,"{'data_quality': 193, 'model_size': 2, 'parallelism': 1}",5.14,-1,3,-1
2025-07-03 23:59:08.509164,elastic-workbench-pc-visualizer,elastic-workbench-pc-visualizer-1,21,"{'data_quality': 40, 'model_size': 1, 'parallelism': 1}",1.0,-1,46,-1
2025-07-03 23:59:18.503678,elastic-workbench-qr-detector,elastic-workbench-qr-detector-1,27,"{'data_quality': 547, 'parallelism': 1}",1.86,-1,69,-1
2025-07-03 23:59:18.506950,elastic-workbench-cv-analyzer,elastic-workbench-cv-analyzer-1,203,"{'data_quality': 193, 'model_size': 2, 'parallelism': 1}",5.14,-1,4,-1
2025-07-03 23:59:18.528085,elastic-workbench-pc-visualizer,elastic-workbench-pc-visualizer-1,21,"{'data_quality': 40, 'model_size': 1, 'parallelism': 1}",1.0,-1,45,-1
2025-07-03 23:59:28.504681,elastic-workbench-qr-detector,elastic-workbench-qr-detector-1,27,"{'data_quality': 547, 'parallelism': 1}",1.87,-1,69,-1
2025-07-03 23:59:28.507467,elastic-workbench-cv-analyzer,elastic-workbench-cv-analyzer-1,176,"{'data_quality': 193, 'model_size': 2, 'parallelism': 1}",5.13,-1,5,-1
2025-07-03 23:59:28.511018,elastic-workbench-pc-visualizer,elastic-workbench-pc-visualizer-1,21,"{'data_quality': 40, 'model_size': 1, 'parallelism': 1}",1.0,-1,45,-1
2025-07-03 23:59:38.505095,elastic-workbench-qr-detector,elastic-workbench-qr-detector-1,28,"{'data_quality': 547, 'parallelism': 1}",1.86,-1,69,-1
2025-07-03 23:59:38.508251,elastic-workbench-cv-analyzer,elastic-workbench-cv-analyzer-1,203,"{'data_quality': 193, 'model_size': 2, 'parallelism': 1}",5.14,-1,4,-1
2025-07-03 23:59:38.511099,elastic-workbench-pc-visualizer,elastic-workbench-pc-visualizer-1,21,"{'data_quality': 40, 'model_size': 1, 'parallelism': 1}",1.0,-1,46,-1
2025-07-03 23:59:48.505535,elastic-workbench-qr-detector,elastic-workbench-qr-detector-1,25,"{'data_quality': 547, 'parallelism': 1}",1.88,-1,69,-1
2025-07-03 23:59:48.508548,elastic-workbench-cv-analyzer,elastic-workbench-cv-analyzer-1,254,"{'data_quality': 193, 'model_size': 2, 'parallelism': 1}",5.12,-1,3,-1
2025-07-03 23:59:48.511237,elastic-workbench-pc-visualizer,elastic-workbench-pc-visualizer-1,20,"{'data_quality': 40, 'model_size': 1, 'parallelism': 1}",1.0,-1,47,-1
2025-07-03 23:59:58.506703,elastic-workbench-qr-detector,elastic-workbench-qr-detector-1,25,"{'data_quality': 547, 'parallelism': 1}",1.86,-1,68,-1
2025-07-03 23:59:58.510191,elastic-workbench-cv-analyzer,elastic-workbench-cv-analyzer-1,215,"{'data_quality': 193, 'model_size': 2, 'parallelism': 1}",5.14,-1,4,-1
2025-07-03 23:59:58.513091,elastic-workbench-pc-visualizer,elastic-workbench-pc-visualizer-1,21,"{'data_quality': 40, 'model_size': 1, 'parallelism': 1}",1.0,-1,46,-1
2025-07-04 00:00:08.506722,elastic-workbench-qr-detector,elastic-workbench-qr-detector-1,26,"{'data_quality': 547, 'parallelism': 1}",1.85,-1,67,-1
2025-07-04 00:00:08.509587,elastic-workbench-cv-analyzer,elastic-workbench-cv-analyzer-1,183,"{'data_quality': 193, 'model_size': 2, 'parallelism': 1}",5.15,-1,5,-1
2025-07-04 00:00:08.512647,elastic-workbench-pc-visualizer,elastic-workbench-pc-visualizer-1,21,"{'data_quality': 40, 'model_size': 1, 'parallelism': 1}",1.0,-1,46,-1
2025-07-04 00:00:18.508002,elastic-workbench-qr-detector,elastic-workbench-qr-detector-1,26,"{'data_quality': 547, 'parallelism': 1}",1.84,-1,67,-1
2025-07-04 00:00:18.518718,elastic-workbench-cv-analyzer,elastic-workbench-cv-analyzer-1,164,"{'data_quality': 193, 'model_size': 2, 'parallelism': 1}",5.16,-1,4,-1
2025-07-04 00:00:18.525603,elastic-workbench-pc-visualizer,elastic-workbench-pc-visualizer-1,21,"{'data_quality': 40, 'model_size': 1, 'parallelism': 1}",1.0,-1,47,-1
2025-07-04 00:00:28.509010,elastic-workbench-qr-detector,elastic-workbench-qr-detector-1,26,"{'data_quality': 547, 'parallelism': 1}",1.84,-1,67,-1
2025-07-04 00:00:28.511887,elastic-workbench-cv-analyzer,elastic-workbench-cv-analyzer-1,183,"{'data_quality': 193, 'model_size': 2, 'parallelism': 1}",5.16,-1,4,-1
2025-07-04 00:00:28.520270,elastic-workbench-pc-visualizer,elastic-workbench-pc-visualizer-1,21,"{'data_quality': 40, 'model_size': 1, 'parallelism': 1}",1.0,-1,45,-1
2025-07-04 00:00:38.509035,elastic-workbench-qr-detector,elastic-workbench-qr-detector-1,26,"{'data_quality': 547, 'parallelism': 1}",1.84,-1,67,-1
2025-07-04 00:00:38.511884,elastic-workbench-cv-analyzer,elastic-workbench-cv-analyzer-1,291,"{'data_quality': 193, 'model_size': 2, 'parallelism': 1}",5.16,-1,3,-1
2025-07-04 00:00:38.524758,elastic-workbench-pc-visualizer,elastic-workbench-pc-visualizer-1,21,"{'data_quality': 40, 'model_size': 1, 'parallelism': 1}",1.0,-1,46,-1
2025-07-04 00:00:48.509374,elastic-workbench-qr-detector,elastic-workbench-qr-detector-1,26,"{'data_quality': 547, 'parallelism': 1}",1.84,-1,67,-1
2025-07-04 00:00:48.513264,elastic-workbench-cv-analyzer,elastic-workbench-cv-analyzer-1,218,"{'data_quality': 193, 'model_size': 2, 'parallelism': 1}",5.16,-1,4,-1
2025-07-04 00:00:48.531557,elastic-workbench-pc-visualizer,elastic-workbench-pc-visualizer-1,21,"{'data_quality': 40, 'model_size': 1, 'parallelism': 1}",1.0,-1,46,-1
2025-07-04 00:00:58.510011,elastic-workbench-qr-detector,elastic-workbench-qr-detector-1,26,"{'data_quality': 547, 'parallelism': 1}",1.84,-1,66,-1
2025-07-04 00:00:58.513103,elastic-workbench-cv-analyzer,elastic-workbench-cv-analyzer-1,260,"{'data_quality': 193, 'model_size': 2, 'parallelism': 1}",5.16,-1,3,-1
2025-07-04 00:00:58.528725,elastic-workbench-pc-visualizer,elastic-workbench-pc-visualizer-1,21,"{'data_quality': 40, 'model_size': 1, 'parallelism': 1}",1.0,-1,46,-1
2025-07-04 00:01:08.510598,elastic-workbench-qr-detector,elastic-workbench-qr-detector-1,27,"{'data_quality': 547, 'parallelism': 1}",1.83,-1,65,-1
2025-07-04 00:01:08.518341,elastic-workbench-cv-analyzer,elastic-workbench-cv-analyzer-1,181,"{'data_quality': 193, 'model_size': 2, 'parallelism': 1}",5.17,-1,5,-1
2025-07-04 00:01:08.526676,elastic-workbench-pc-visualizer,elastic-workbench-pc-visualizer-1,21,"{'data_quality': 40, 'model_size': 1, 'parallelism': 1}",1.0,-1,45,-1
2025-07-04 00:01:18.511680,elastic-workbench-qr-detector,elastic-workbench-qr-detector-1,26,"{'data_quality': 547, 'parallelism': 1}",1.82,-1,64,-1
2025-07-04 00:01:18.520277,elastic-workbench-cv-analyzer,elastic-workbench-cv-analyzer-1,224,"{'data_quality': 193, 'model_size': 2, 'parallelism': 1}",5.18,-1,4,-1
2025-07-04 00:01:18.529720,elastic-workbench-pc-visualizer,elastic-workbench-pc-visualizer-1,21,"{'data_quality': 40, 'model_size': 1, 'parallelism': 1}",1.0,-1,46,-1
2025-07-04 00:01:28.511912,elastic-workbench-qr-detector,elastic-workbench-qr-detector-1,27,"{'data_quality': 547, 'parallelism': 1}",1.81,-1,64,-1
2025-07-04 00:01:28.518404,elastic-workbench-cv-analyzer,elastic-workbench-cv-analyzer-1,190,"{'data_quality': 193, 'model_size': 2, 'parallelism': 1}",5.19,-1,5,-1
2025-07-04 00:01:28.523623,elastic-workbench-pc-visualizer,elastic-workbench-pc-visualizer-1,21,"{'data_quality': 40, 'model_size': 1, 'parallelism': 1}",1.0,-1,46,-1
2025-07-04 00:01:38.513211,elastic-workbench-qr-detector,elastic-workbench-qr-detector-1,27,"{'data_quality': 547, 'parallelism': 1}",1.81,-1,63,-1
2025-07-04 00:01:38.521487,elastic-workbench-cv-analyzer,elastic-workbench-cv-analyzer-1,197,"{'data_quality': 193, 'model_size': 2, 'parallelism': 1}",5.19,-1,4,-1
2025-07-04 00:01:38.527531,elastic-workbench-pc-visualizer,elastic-workbench-pc-visualizer-1,21,"{'data_quality': 40, 'model_size': 1, 'parallelism': 1}",1.0,-1,46,-1
2025-07-04 00:01:48.513272,elastic-workbench-qr-detector,elastic-workbench-qr-detector-1,28,"{'data_quality': 547, 'parallelism': 1}",1.8,-1,63,-1
2025-07-04 00:01:48.524703,elastic-workbench-cv-analyzer,elastic-workbench-cv-analyzer-1,211,"{'data_quality': 193, 'model_size': 2, 'parallelism': 1}",5.2,-1,4,-1
2025-07-04 00:01:48.534419,elastic-workbench-pc-visualizer,elastic-workbench-pc-visualizer-1,22,"{'data_quality': 40, 'model_size': 1, 'parallelism': 1}",1.0,-1,44,-1
2025-07-04 00:01:58.517343,elastic-workbench-qr-detector,elastic-workbench-qr-detector-1,27,"{'data_quality': 547, 'parallelism': 1}",1.8,-1,63,-1
2025-07-04 00:01:58.526709,elastic-workbench-cv-analyzer,elastic-workbench-cv-analyzer-1,165,"{'data_quality': 193, 'model_size': 2, 'parallelism': 1}",5.2,-1,5,-1
2025-07-04 00:01:58.529255,elastic-workbench-pc-visualizer,elastic-workbench-pc-visualizer-1,21,"{'data_quality': 40, 'model_size': 1, 'parallelism': 1}",1.0,-1,45,-1
2025-07-04 00:02:08.521292,elastic-workbench-qr-detector,elastic-workbench-qr-detector-1,27,"{'data_quality': 547, 'parallelism': 1}",1.8,-1,62,-1
2025-07-04 00:02:08.531830,elastic-workbench-cv-analyzer,elastic-workbench-cv-analyzer-1,157,"{'data_quality': 193, 'model_size': 2, 'parallelism': 1}",5.2,-1,5,-1
2025-07-04 00:02:08.536095,elastic-workbench-pc-visualizer,elastic-workbench-pc-visualizer-1,21,"{'data_quality': 40, 'model_size': 1, 'parallelism': 1}",1.0,-1,45,-1
2025-07-04 00:02:18.519042,elastic-workbench-qr-detector,elastic-workbench-qr-detector-1,27,"{'data_quality': 547, 'parallelism': 1}",1.79,-1,62,-1
2025-07-04 00:02:18.524720,elastic-workbench-cv-analyzer,elastic-workbench-cv-analyzer-1,180,"{'data_quality': 193, 'model_size': 2, 'parallelism': 1}",5.21,-1,4,-1
2025-07-04 00:02:18.530544,elastic-workbench-pc-visualizer,elastic-workbench-pc-visualizer-1,20,"{'data_quality': 40, 'model_size': 1, 'parallelism': 1}",1.0,-1,47,-1
2025-07-04 00:02:28.519157,elastic-workbench-qr-detector,elastic-workbench-qr-detector-1,27,"{'data_quality': 547, 'parallelism': 1}",1.79,-1,61,-1
2025-07-04 00:02:28.524835,elastic-workbench-cv-analyzer,elastic-workbench-cv-analyzer-1,236,"{'data_quality': 193, 'model_size': 2, 'parallelism': 1}",5.21,-1,4,-1
2025-07-04 00:02:28.528040,elastic-workbench-pc-visualizer,elastic-workbench-pc-visualizer-1,21,"{'data_quality': 40, 'model_size': 1, 'parallelism': 1}",1.0,-1,46,-1
2025-07-04 00:02:38.526745,elastic-workbench-qr-detector,elastic-workbench-qr-detector-1,28,"{'data_quality': 547, 'parallelism': 1}",1.78,-1,61,-1
2025-07-04 00:02:38.535205,elastic-workbench-cv-analyzer,elastic-workbench-cv-analyzer-1,178,"{'data_quality': 193, 'model_size': 2, 'parallelism': 1}",5.22,-1,5,-1
2025-07-04 00:02:38.539015,elastic-workbench-pc-visualizer,elastic-workbench-pc-visualizer-1,21,"{'data_quality': 40, 'model_size': 1, 'parallelism': 1}",1.0,-1,45,-1
2025-07-04 00:02:48.524763,elastic-workbench-qr-detector,elastic-workbench-qr-detector-1,27,"{'data_quality': 547, 'parallelism': 1}",1.78,-1,61,-1
2025-07-04 00:02:48.527631,elastic-workbench-cv-analyzer,elastic-workbench-cv-analyzer-1,200,"{'data_quality': 193, 'model_size': 2, 'parallelism': 1}",5.22,-1,4,-1
2025-07-04 00:02:48.530424,elastic-workbench-pc-visualizer,elastic-workbench-pc-visualizer-1,21,"{'data_quality': 40, 'model_size': 1, 'parallelism': 1}",1.0,-1,46,-1
2025-07-04 00:02:58.527286,elastic-workbench-qr-detector,elastic-workbench-qr-detector-1,28,"{'data_quality': 547, 'parallelism': 1}",1.77,-1,59,-1
2025-07-04 00:02:58.530431,elastic-workbench-cv-analyzer,elastic-workbench-cv-analyzer-1,211,"{'data_quality': 193, 'model_size': 2, 'parallelism': 1}",5.23,-1,4,-1
2025-07-04 00:02:58.532979,elastic-workbench-pc-visualizer,elastic-workbench-pc-visualizer-1,21,"{'data_quality': 40, 'model_size': 1, 'parallelism': 1}",1.0,-1,45,-1
2025-07-04 00:03:08.521479,elastic-workbench-qr-detector,elastic-workbench-qr-detector-1,28,"{'data_quality': 547, 'parallelism': 1}",1.75,-1,59,-1
2025-07-04 00:03:08.530579,elastic-workbench-cv-analyzer,elastic-workbench-cv-analyzer-1,203,"{'data_quality': 193, 'model_size': 2, 'parallelism': 1}",5.25,-1,4,-1
2025-07-04 00:03:08.533254,elastic-workbench-pc-visualizer,elastic-workbench-pc-visualizer-1,21,"{'data_quality': 40, 'model_size': 1, 'parallelism': 1}",1.0,-1,46,-1
2025-07-04 00:03:18.524472,elastic-workbench-qr-detector,elastic-workbench-qr-detector-1,28,"{'data_quality': 547, 'parallelism': 1}",1.75,-1,59,-1
2025-07-04 00:03:18.530028,elastic-workbench-cv-analyzer,elastic-workbench-cv-analyzer-1,233,"{'data_quality': 193, 'model_size': 2, 'parallelism': 1}",5.25,-1,4,-1
2025-07-04 00:03:18.532590,elastic-workbench-pc-visualizer,elastic-workbench-pc-visualizer-1,21,"{'data_quality': 40, 'model_size': 1, 'parallelism': 1}",1.0,-1,46,-1
2025-07-04 00:03:28.526931,elastic-workbench-qr-detector,elastic-workbench-qr-detector-1,28,"{'data_quality': 547, 'parallelism': 1}",1.75,-1,60,-1
2025-07-04 00:03:28.535544,elastic-workbench-cv-analyzer,elastic-workbench-cv-analyzer-1,259,"{'data_quality': 193, 'model_size': 2, 'parallelism': 1}",5.25,-1,3,-1
2025-07-04 00:03:28.538267,elastic-workbench-pc-visualizer,elastic-workbench-pc-visualizer-1,21,"{'data_quality': 40, 'model_size': 1, 'parallelism': 1}",1.0,-1,45,-1
2025-07-04 00:03:38.531232,elastic-workbench-qr-detector,elastic-workbench-qr-detector-1,28,"{'data_quality': 547, 'parallelism': 1}",1.76,-1,58,-1
2025-07-04 00:03:38.539073,elastic-workbench-cv-analyzer,elastic-workbench-cv-analyzer-1,208,"{'data_quality': 193, 'model_size': 2, 'parallelism': 1}",5.24,-1,4,-1
2025-07-04 00:03:38.541893,elastic-workbench-pc-visualizer,elastic-workbench-pc-visualizer-1,21,"{'data_quality': 40, 'model_size': 1, 'parallelism': 1}",1.0,-1,47,-1
2025-07-04 00:03:48.535459,elastic-workbench-qr-detector,elastic-workbench-qr-detector-1,28,"{'data_quality': 547, 'parallelism': 1}",1.74,-1,58,-1
2025-07-04 00:03:48.539877,elastic-workbench-cv-analyzer,elastic-workbench-cv-analyzer-1,198,"{'data_quality': 193, 'model_size': 2, 'parallelism': 1}",5.26,-1,4,-1
2025-07-04 00:03:48.543004,elastic-workbench-pc-visualizer,elastic-workbench-pc-visualizer-1,20,"{'data_quality': 40, 'model_size': 1, 'parallelism': 1}",1.0,-1,47,-1
2025-07-04 00:03:58.537733,elastic-workbench-qr-detector,elastic-workbench-qr-detector-1,27,"{'data_quality': 547, 'parallelism': 1}",1.74,-1,59,-1
2025-07-04 00:03:58.540217,elastic-workbench-cv-analyzer,elastic-workbench-cv-analyzer-1,186,"{'data_quality': 193, 'model_size': 2, 'parallelism': 1}",5.26,-1,4,-1
2025-07-04 00:03:58.542749,elastic-workbench-pc-visualizer,elastic-workbench-pc-visualizer-1,21,"{'data_quality': 40, 'model_size': 1, 'parallelism': 1}",1.0,-1,45,-1
2025-07-04 00:04:08.541448,elastic-workbench-qr-detector,elastic-workbench-qr-detector-1,27,"{'data_quality': 547, 'parallelism': 1}",1.75,-1,57,-1
2025-07-04 00:04:08.544021,elastic-workbench-cv-analyzer,elastic-workbench-cv-analyzer-1,168,"{'data_quality': 193, 'model_size': 2, 'parallelism': 1}",5.25,-1,5,-1
2025-07-04 00:04:08.546779,elastic-workbench-pc-visualizer,elastic-workbench-pc-visualizer-1,21,"{'data_quality': 40, 'model_size': 1, 'parallelism': 1}",1.0,-1,46,-1
2025-07-04 00:04:18.535197,elastic-workbench-qr-detector,elastic-workbench-qr-detector-1,28,"{'data_quality': 547, 'parallelism': 1}",1.73,-1,57,-1
2025-07-04 00:04:18.539105,elastic-workbench-cv-analyzer,elastic-workbench-cv-analyzer-1,155,"{'data_quality': 193, 'model_size': 2, 'parallelism': 1}",5.27,-1,5,-1
2025-07-04 00:04:18.545257,elastic-workbench-pc-visualizer,elastic-workbench-pc-visualizer-1,21,"{'data_quality': 40, 'model_size': 1, 'parallelism': 1}",1.0,-1,45,-1
2025-07-04 00:04:28.539314,elastic-workbench-qr-detector,elastic-workbench-qr-detector-1,27,"{'data_quality': 547, 'parallelism': 1}",1.73,-1,56,-1
2025-07-04 00:04:28.541904,elastic-workbench-cv-analyzer,elastic-workbench-cv-analyzer-1,190,"{'data_quality': 193, 'model_size': 2, 'parallelism': 1}",5.27,-1,5,-1
2025-07-04 00:04:28.544881,elastic-workbench-pc-visualizer,elastic-workbench-pc-visualizer-1,22,"{'data_quality': 40, 'model_size': 1, 'parallelism': 1}",1.0,-1,45,-1
2025-07-04 00:04:38.537863,elastic-workbench-qr-detector,elastic-workbench-qr-detector-1,28,"{'data_quality': 547, 'parallelism': 1}",1.72,-1,57,-1
2025-07-04 00:04:38.542811,elastic-workbench-cv-analyzer,elastic-workbench-cv-analyzer-1,280,"{'data_quality': 193, 'model_size': 2, 'parallelism': 1}",5.28,-1,3,-1
2025-07-04 00:04:38.545802,elastic-workbench-pc-visualizer,elastic-workbench-pc-visualizer-1,21,"{'data_quality': 40, 'model_size': 1, 'parallelism': 1}",1.0,-1,45,-1
2025-07-04 00:04:48.543028,elastic-workbench-qr-detector,elastic-workbench-qr-detector-1,27,"{'data_quality': 547, 'parallelism': 1}",1.73,-1,57,-1
2025-07-04 00:04:48.550848,elastic-workbench-cv-analyzer,elastic-workbench-cv-analyzer-1,170,"{'data_quality': 193, 'model_size': 2, 'parallelism': 1}",5.27,-1,5,-1
2025-07-04 00:04:48.554047,elastic-workbench-pc-visualizer,elastic-workbench-pc-visualizer-1,20,"{'data_quality': 40, 'model_size': 1, 'parallelism': 1}",1.0,-1,47,-1
2025-07-04 00:04:58.539625,elastic-workbench-qr-detector,elastic-workbench-qr-detector-1,28,"{'data_quality': 547, 'parallelism': 1}",1.73,-1,57,-1
2025-07-04 00:04:58.544822,elastic-workbench-cv-analyzer,elastic-workbench-cv-analyzer-1,205,"{'data_quality': 193, 'model_size': 2, 'parallelism': 1}",5.27,-1,4,-1
2025-07-04 00:04:58.547594,elastic-workbench-pc-visualizer,elastic-workbench-pc-visualizer-1,20,"{'data_quality': 40, 'model_size': 1, 'parallelism': 1}",1.0,-1,47,-1
2025-07-04 00:05:08.539212,elastic-workbench-qr-detector,elastic-workbench-qr-detector-1,29,"{'data_quality': 547, 'parallelism': 1}",1.73,-1,56,-1
2025-07-04 00:05:08.541643,elastic-workbench-cv-analyzer,elastic-workbench-cv-analyzer-1,189,"{'data_quality': 193, 'model_size': 2, 'parallelism': 1}",5.27,-1,5,-1
2025-07-04 00:05:08.545307,elastic-workbench-pc-visualizer,elastic-workbench-pc-visualizer-1,20,"{'data_quality': 40, 'model_size': 1, 'parallelism': 1}",1.0,-1,47,-1
2025-07-04 00:05:18.542531,elastic-workbench-qr-detector,elastic-workbench-qr-detector-1,28,"{'data_quality': 547, 'parallelism': 1}",1.72,-1,55,-1
2025-07-04 00:05:18.550282,elastic-workbench-cv-analyzer,elastic-workbench-cv-analyzer-1,220,"{'data_quality': 193, 'model_size': 2, 'parallelism': 1}",5.28,-1,4,-1
2025-07-04 00:05:18.554666,elastic-workbench-pc-visualizer,elastic-workbench-pc-visualizer-1,21,"{'data_quality': 40, 'model_size': 1, 'parallelism': 1}",1.0,-1,46,-1
2025-07-04 00:05:28.542015,elastic-workbench-qr-detector,elastic-workbench-qr-detector-1,29,"{'data_quality': 547, 'parallelism': 1}",1.71,-1,55,-1
2025-07-04 00:05:28.544617,elastic-workbench-cv-analyzer,elastic-workbench-cv-analyzer-1,279,"{'data_quality': 193, 'model_size': 2, 'parallelism': 1}",5.29,-1,3,-1
2025-07-04 00:05:28.547570,elastic-workbench-pc-visualizer,elastic-workbench-pc-visualizer-1,21,"{'data_quality': 40, 'model_size': 1, 'parallelism': 1}",1.0,-1,44,-1
2025-07-04 00:05:38.545335,elastic-workbench-qr-detector,elastic-workbench-qr-detector-1,29,"{'data_quality': 547, 'parallelism': 1}",1.7,-1,54,-1
2025-07-04 00:05:38.549734,elastic-workbench-cv-analyzer,elastic-workbench-cv-analyzer-1,276,"{'data_quality': 193, 'model_size': 2, 'parallelism': 1}",5.3,-1,3,-1
2025-07-04 00:05:38.554230,elastic-workbench-pc-visualizer,elastic-workbench-pc-visualizer-1,20,"{'data_quality': 40, 'model_size': 1, 'parallelism': 1}",1.0,-1,47,-1
2025-07-04 00:05:48.544355,elastic-workbench-qr-detector,elastic-workbench-qr-detector-1,29,"{'data_quality': 547, 'parallelism': 1}",1.69,-1,54,-1
2025-07-04 00:05:48.548455,elastic-workbench-cv-analyzer,elastic-workbench-cv-analyzer-1,183,"{'data_quality': 193, 'model_size': 2, 'parallelism': 1}",5.31,-1,4,-1
2025-07-04 00:05:48.554043,elastic-workbench-pc-visualizer,elastic-workbench-pc-visualizer-1,20,"{'data_quality': 40, 'model_size': 1, 'parallelism': 1}",1.0,-1,47,-1
2025-07-04 00:05:58.549396,elastic-workbench-qr-detector,elastic-workbench-qr-detector-1,29,"{'data_quality': 547, 'parallelism': 1}",1.69,-1,55,-1
2025-07-04 00:05:58.552014,elastic-workbench-cv-analyzer,elastic-workbench-cv-analyzer-1,157,"{'data_quality': 193, 'model_size': 2, 'parallelism': 1}",5.31,-1,5,-1
2025-07-04 00:05:58.554873,elastic-workbench-pc-visualizer,elastic-workbench-pc-visualizer-1,21,"{'data_quality': 40, 'model_size': 1, 'parallelism': 1}",1.0,-1,45,-1
2025-07-04 00:06:08.546332,elastic-workbench-qr-detector,elastic-workbench-qr-detector-1,28,"{'data_quality': 547, 'parallelism': 1}",1.7,-1,54,-1
2025-07-04 00:06:08.550694,elastic-workbench-cv-analyzer,elastic-workbench-cv-analyzer-1,186,"{'data_quality': 193, 'model_size': 2, 'parallelism': 1}",5.3,-1,4,-1
2025-07-04 00:06:08.553903,elastic-workbench-pc-visualizer,elastic-workbench-pc-visualizer-1,21,"{'data_quality': 40, 'model_size': 1, 'parallelism': 1}",1.0,-1,46,-1
2025-07-04 00:06:18.545924,elastic-workbench-qr-detector,elastic-workbench-qr-detector-1,28,"{'data_quality': 547, 'parallelism': 1}",1.69,-1,54,-1
2025-07-04 00:06:18.552541,elastic-workbench-cv-analyzer,elastic-workbench-cv-analyzer-1,168,"{'data_quality': 193, 'model_size': 2, 'parallelism': 1}",5.31,-1,4,-1
2025-07-04 00:06:18.556383,elastic-workbench-pc-visualizer,elastic-workbench-pc-visualizer-1,21,"{'data_quality': 40, 'model_size': 1, 'parallelism': 1}",1.0,-1,46,-1
2025-07-04 00:06:28.551816,elastic-workbench-qr-detector,elastic-workbench-qr-detector-1,27,"{'data_quality': 547, 'parallelism': 1}",1.69,-1,55,-1
2025-07-04 00:06:28.556556,elastic-workbench-cv-analyzer,elastic-workbench-cv-analyzer-1,166,"{'data_quality': 193, 'model_size': 2, 'parallelism': 1}",5.31,-1,5,-1
2025-07-04 00:06:28.559461,elastic-workbench-pc-visualizer,elastic-workbench-pc-visualizer-1,21,"{'data_quality': 40, 'model_size': 1, 'parallelism': 1}",1.0,-1,46,-1
2025-07-04 00:06:38.550316,elastic-workbench-qr-detector,elastic-workbench-qr-detector-1,27,"{'data_quality': 547, 'parallelism': 1}",1.7,-1,55,-1
2025-07-04 00:06:38.556007,elastic-workbench-cv-analyzer,elastic-workbench-cv-analyzer-1,146,"{'data_quality': 193, 'model_size': 2, 'parallelism': 1}",5.3,-1,5,-1
2025-07-04 00:06:38.561579,elastic-workbench-pc-visualizer,elastic-workbench-pc-visualizer-1,21,"{'data_quality': 40, 'model_size': 1, 'parallelism': 1}",1.0,-1,46,-1
2025-07-04 00:06:48.552793,elastic-workbench-qr-detector,elastic-workbench-qr-detector-1,28,"{'data_quality': 547, 'parallelism': 1}",1.7,-1,55,-1
2025-07-04 00:06:48.559583,elastic-workbench-cv-analyzer,elastic-workbench-cv-analyzer-1,202,"{'data_quality': 193, 'model_size': 2, 'parallelism': 1}",5.3,-1,4,-1
2025-07-04 00:06:48.562538,elastic-workbench-pc-visualizer,elastic-workbench-pc-visualizer-1,21,"{'data_quality': 40, 'model_size': 1, 'parallelism': 1}",1.0,-1,46,-1
2025-07-04 00:06:58.557693,elastic-workbench-qr-detector,elastic-workbench-qr-detector-1,28,"{'data_quality': 547, 'parallelism': 1}",1.7,-1,54,-1
2025-07-04 00:06:58.560495,elastic-workbench-cv-analyzer,elastic-workbench-cv-analyzer-1,161,"{'data_quality': 193, 'model_size': 2, 'parallelism': 1}",5.3,-1,4,-1
2025-07-04 00:06:58.563956,elastic-workbench-pc-visualizer,elastic-workbench-pc-visualizer-1,20,"{'data_quality': 40, 'model_size': 1, 'parallelism': 1}",1.0,-1,48,-1
2025-07-04 00:07:08.552800,elastic-workbench-qr-detector,elastic-workbench-qr-detector-1,29,"{'data_quality': 547, 'parallelism': 1}",1.69,-1,53,-1
2025-07-04 00:07:08.556359,elastic-workbench-cv-analyzer,elastic-workbench-cv-analyzer-1,184,"{'data_quality': 193, 'model_size': 2, 'parallelism': 1}",5.31,-1,4,-1
2025-07-04 00:07:08.559343,elastic-workbench-pc-visualizer,elastic-workbench-pc-visualizer-1,20,"{'data_quality': 40, 'model_size': 1, 'parallelism': 1}",1.0,-1,47,-1
2025-07-04 00:07:18.554440,elastic-workbench-qr-detector,elastic-workbench-qr-detector-1,29,"{'data_quality': 547, 'parallelism': 1}",1.68,-1,53,-1
2025-07-04 00:07:18.557346,elastic-workbench-cv-analyzer,elastic-workbench-cv-analyzer-1,175,"{'data_quality': 193, 'model_size': 2, 'parallelism': 1}",5.32,-1,4,-1
2025-07-04 00:07:18.560633,elastic-workbench-pc-visualizer,elastic-workbench-pc-visualizer-1,21,"{'data_quality': 40, 'model_size': 1, 'parallelism': 1}",1.0,-1,46,-1
2025-07-04 00:07:28.556532,elastic-workbench-qr-detector,elastic-workbench-qr-detector-1,29,"{'data_quality': 547, 'parallelism': 1}",1.68,-1,53,-1
2025-07-04 00:07:28.559087,elastic-workbench-cv-analyzer,elastic-workbench-cv-analyzer-1,161,"{'data_quality': 193, 'model_size': 2, 'parallelism': 1}",5.32,-1,5,-1
2025-07-04 00:07:28.561909,elastic-workbench-pc-visualizer,elastic-workbench-pc-visualizer-1,21,"{'data_quality': 40, 'model_size': 1, 'parallelism': 1}",1.0,-1,46,-1
2025-07-04 00:07:38.556414,elastic-workbench-qr-detector,elastic-workbench-qr-detector-1,30,"{'data_quality': 547, 'parallelism': 1}",1.68,-1,54,-1
2025-07-04 00:07:38.560472,elastic-workbench-cv-analyzer,elastic-workbench-cv-analyzer-1,224,"{'data_quality': 193, 'model_size': 2, 'parallelism': 1}",5.32,-1,3,-1
2025-07-04 00:07:38.563448,elastic-workbench-pc-visualizer,elastic-workbench-pc-visualizer-1,21,"{'data_quality': 40, 'model_size': 1, 'parallelism': 1}",1.0,-1,46,-1
2025-07-04 00:07:48.551707,elastic-workbench-qr-detector,elastic-workbench-qr-detector-1,30,"{'data_quality': 547, 'parallelism': 1}",1.69,-1,53,-1
2025-07-04 00:07:48.554519,elastic-workbench-cv-analyzer,elastic-workbench-cv-analyzer-1,229,"{'data_quality': 193, 'model_size': 2, 'parallelism': 1}",5.31,-1,4,-1
2025-07-04 00:07:48.561251,elastic-workbench-pc-visualizer,elastic-workbench-pc-visualizer-1,21,"{'data_quality': 40, 'model_size': 1, 'parallelism': 1}",1.0,-1,45,-1
2025-07-04 00:07:58.557355,elastic-workbench-qr-detector,elastic-workbench-qr-detector-1,29,"{'data_quality': 547, 'parallelism': 1}",1.67,-1,52,-1
2025-07-04 00:07:58.559929,elastic-workbench-cv-analyzer,elastic-workbench-cv-analyzer-1,168,"{'data_quality': 193, 'model_size': 2, 'parallelism': 1}",5.33,-1,4,-1
2025-07-04 00:07:58.562714,elastic-workbench-pc-visualizer,elastic-workbench-pc-visualizer-1,21,"{'data_quality': 40, 'model_size': 1, 'parallelism': 1}",1.0,-1,46,-1
2025-07-04 00:08:08.558770,elastic-workbench-qr-detector,elastic-workbench-qr-detector-1,27,"{'data_quality': 547, 'parallelism': 1}",1.66,-1,52,-1
2025-07-04 00:08:08.561853,elastic-workbench-cv-analyzer,elastic-workbench-cv-analyzer-1,184,"{'data_quality': 193, 'model_size': 2, 'parallelism': 1}",5.34,-1,4,-1
2025-07-04 00:08:08.564722,elastic-workbench-pc-visualizer,elastic-workbench-pc-visualizer-1,20,"{'data_quality': 40, 'model_size': 1, 'parallelism': 1}",1.0,-1,47,-1
2025-07-04 00:08:18.557324,elastic-workbench-qr-detector,elastic-workbench-qr-detector-1,28,"{'data_quality': 547, 'parallelism': 1}",1.66,-1,52,-1
2025-07-04 00:08:18.559814,elastic-workbench-cv-analyzer,elastic-workbench-cv-analyzer-1,164,"{'data_quality': 193, 'model_size': 2, 'parallelism': 1}",5.34,-1,4,-1
2025-07-04 00:08:18.562466,elastic-workbench-pc-visualizer,elastic-workbench-pc-visualizer-1,20,"{'data_quality': 40, 'model_size': 1, 'parallelism': 1}",1.0,-1,49,-1
2025-07-04 00:08:28.559338,elastic-workbench-qr-detector,elastic-workbench-qr-detector-1,29,"{'data_quality': 547, 'parallelism': 1}",1.66,-1,52,-1
2025-07-04 00:08:28.562182,elastic-workbench-cv-analyzer,elastic-workbench-cv-analyzer-1,155,"{'data_quality': 193, 'model_size': 2, 'parallelism': 1}",5.34,-1,4,-1
2025-07-04 00:08:28.565087,elastic-workbench-pc-visualizer,elastic-workbench-pc-visualizer-1,21,"{'data_quality': 40, 'model_size': 1, 'parallelism': 1}",1.0,-1,47,-1
2025-07-04 00:08:38.559274,elastic-workbench-qr-detector,elastic-workbench-qr-detector-1,29,"{'data_quality': 547, 'parallelism': 1}",1.66,-1,52,-1
2025-07-04 00:08:38.562124,elastic-workbench-cv-analyzer,elastic-workbench-cv-analyzer-1,162,"{'data_quality': 193, 'model_size': 2, 'parallelism': 1}",5.34,-1,4,-1
2025-07-04 00:08:38.565020,elastic-workbench-pc-visualizer,elastic-workbench-pc-visualizer-1,21,"{'data_quality': 40, 'model_size': 1, 'parallelism': 1}",1.0,-1,46,-1
2025-07-04 00:08:48.566450,elastic-workbench-qr-detector,elastic-workbench-qr-detector-1,29,"{'data_quality': 547, 'parallelism': 1}",1.66,-1,52,-1
2025-07-04 00:08:48.569341,elastic-workbench-cv-analyzer,elastic-workbench-cv-analyzer-1,198,"{'data_quality': 193, 'model_size': 2, 'parallelism': 1}",5.34,-1,4,-1
2025-07-04 00:08:48.572176,elastic-workbench-pc-visualizer,elastic-workbench-pc-visualizer-1,21,"{'data_quality': 40, 'model_size': 1, 'parallelism': 1}",1.0,-1,46,-1
2025-07-04 00:08:58.560559,elastic-workbench-qr-detector,elastic-workbench-qr-detector-1,29,"{'data_quality': 547, 'parallelism': 1}",1.66,-1,51,-1
2025-07-04 00:08:58.564235,elastic-workbench-cv-analyzer,elastic-workbench-cv-analyzer-1,152,"{'data_quality': 193, 'model_size': 2, 'parallelism': 1}",5.34,-1,5,-1
2025-07-04 00:08:58.566772,elastic-workbench-pc-visualizer,elastic-workbench-pc-visualizer-1,21,"{'data_quality': 40, 'model_size': 1, 'parallelism': 1}",1.0,-1,46,-1
2025-07-04 00:09:08.559867,elastic-workbench-qr-detector,elastic-workbench-qr-detector-1,30,"{'data_quality': 547, 'parallelism': 1}",1.65,-1,50,-1
2025-07-04 00:09:08.562947,elastic-workbench-cv-analyzer,elastic-workbench-cv-analyzer-1,176,"{'data_quality': 193, 'model_size': 2, 'parallelism': 1}",5.35,-1,4,-1
2025-07-04 00:09:08.571944,elastic-workbench-pc-visualizer,elastic-workbench-pc-visualizer-1,21,"{'data_quality': 40, 'model_size': 1, 'parallelism': 1}",1.0,-1,47,-1
2025-07-04 00:09:18.560923,elastic-workbench-qr-detector,elastic-workbench-qr-detector-1,30,"{'data_quality': 547, 'parallelism': 1}",1.64,-1,49,-1
2025-07-04 00:09:18.564218,elastic-workbench-cv-analyzer,elastic-workbench-cv-analyzer-1,155,"{'data_quality': 193, 'model_size': 2, 'parallelism': 1}",5.36,-1,5,-1
2025-07-04 00:09:18.566772,elastic-workbench-pc-visualizer,elastic-workbench-pc-visualizer-1,21,"{'data_quality': 40, 'model_size': 1, 'parallelism': 1}",1.0,-1,46,-1
2025-07-04 00:09:28.567991,elastic-workbench-qr-detector,elastic-workbench-qr-detector-1,30,"{'data_quality': 547, 'parallelism': 1}",1.62,-1,50,-1
2025-07-04 00:09:28.574591,elastic-workbench-cv-analyzer,elastic-workbench-cv-analyzer-1,177,"{'data_quality': 193, 'model_size': 2, 'parallelism': 1}",5.38,-1,4,-1
2025-07-04 00:09:28.577550,elastic-workbench-pc-visualizer,elastic-workbench-pc-visualizer-1,21,"{'data_quality': 40, 'model_size': 1, 'parallelism': 1}",1.0,-1,45,-1
2025-07-04 00:09:38.562271,elastic-workbench-qr-detector,elastic-workbench-qr-detector-1,29,"{'data_quality': 547, 'parallelism': 1}",1.63,-1,50,-1
2025-07-04 00:09:38.565277,elastic-workbench-cv-analyzer,elastic-workbench-cv-analyzer-1,181,"{'data_quality': 193, 'model_size': 2, 'parallelism': 1}",5.37,-1,4,-1
2025-07-04 00:09:38.577541,elastic-workbench-pc-visualizer,elastic-workbench-pc-visualizer-1,21,"{'data_quality': 40, 'model_size': 1, 'parallelism': 1}",1.0,-1,46,-1
2025-07-04 00:09:48.566625,elastic-workbench-qr-detector,elastic-workbench-qr-detector-1,31,"{'data_quality': 547, 'parallelism': 1}",1.63,-1,51,-1
2025-07-04 00:09:48.569630,elastic-workbench-cv-analyzer,elastic-workbench-cv-analyzer-1,207,"{'data_quality': 193, 'model_size': 2, 'parallelism': 1}",5.37,-1,4,-1
2025-07-04 00:09:48.572275,elastic-workbench-pc-visualizer,elastic-workbench-pc-visualizer-1,21,"{'data_quality': 40, 'model_size': 1, 'parallelism': 1}",1.0,-1,47,-1
2025-07-04 00:09:58.564055,elastic-workbench-qr-detector,elastic-workbench-qr-detector-1,29,"{'data_quality': 547, 'parallelism': 1}",1.64,-1,51,-1
2025-07-04 00:09:58.566792,elastic-workbench-cv-analyzer,elastic-workbench-cv-analyzer-1,206,"{'data_quality': 193, 'model_size': 2, 'parallelism': 1}",5.36,-1,4,-1
2025-07-04 00:09:58.569298,elastic-workbench-pc-visualizer,elastic-workbench-pc-visualizer-1,21,"{'data_quality': 40, 'model_size': 1, 'parallelism': 1}",1.0,-1,47,-1
2025-07-04 00:10:08.568345,elastic-workbench-qr-detector,elastic-workbench-qr-detector-1,29,"{'data_quality': 547, 'parallelism': 1}",1.64,-1,51,-1
2025-07-04 00:10:08.572848,elastic-workbench-cv-analyzer,elastic-workbench-cv-analyzer-1,208,"{'data_quality': 193, 'model_size': 2, 'parallelism': 1}",5.36,-1,4,-1
2025-07-04 00:10:08.575552,elastic-workbench-pc-visualizer,elastic-workbench-pc-visualizer-1,20,"{'data_quality': 40, 'model_size': 1, 'parallelism': 1}",1.0,-1,48,-1
2025-07-04 00:10:18.565473,elastic-workbench-qr-detector,elastic-workbench-qr-detector-1,29,"{'data_quality': 547, 'parallelism': 1}",1.64,-1,50,-1
2025-07-04 00:10:18.568337,elastic-workbench-cv-analyzer,elastic-workbench-cv-analyzer-1,163,"{'data_quality': 193, 'model_size': 2, 'parallelism': 1}",5.36,-1,5,-1
2025-07-04 00:10:18.571122,elastic-workbench-pc-visualizer,elastic-workbench-pc-visualizer-1,20,"{'data_quality': 40, 'model_size': 1, 'parallelism': 1}",1.0,-1,47,-1
2025-07-04 00:10:28.567006,elastic-workbench-qr-detector,elastic-workbench-qr-detector-1,29,"{'data_quality': 547, 'parallelism': 1}",1.63,-1,51,-1
2025-07-04 00:10:28.570885,elastic-workbench-cv-analyzer,elastic-workbench-cv-analyzer-1,168,"{'data_quality': 193, 'model_size': 2, 'parallelism': 1}",5.37,-1,5,-1
2025-07-04 00:10:28.573502,elastic-workbench-pc-visualizer,elastic-workbench-pc-visualizer-1,20,"{'data_quality': 40, 'model_size': 1, 'parallelism': 1}",1.0,-1,46,-1
2025-07-04 00:10:38.575537,elastic-workbench-qr-detector,elastic-workbench-qr-detector-1,29,"{'data_quality': 548, 'parallelism': 1}",1.64,-1,50,-1
2025-07-04 00:10:38.578490,elastic-workbench-cv-analyzer,elastic-workbench-cv-analyzer-1,173,"{'data_quality': 193, 'model_size': 2, 'parallelism': 1}",5.36,-1,4,-1
2025-07-04 00:10:38.581094,elastic-workbench-pc-visualizer,elastic-workbench-pc-visualizer-1,21,"{'data_quality': 40, 'model_size': 1, 'parallelism': 1}",1.0,-1,46,-1
2025-07-04 00:10:48.567306,elastic-workbench-qr-detector,elastic-workbench-qr-detector-1,30,"{'data_quality': 548, 'parallelism': 1}",1.63,-1,50,-1
2025-07-04 00:10:48.570070,elastic-workbench-cv-analyzer,elastic-workbench-cv-analyzer-1,162,"{'data_quality': 193, 'model_size': 2, 'parallelism': 1}",5.37,-1,5,-1
2025-07-04 00:10:48.572857,elastic-workbench-pc-visualizer,elastic-workbench-pc-visualizer-1,20,"{'data_quality': 40, 'model_size': 1, 'parallelism': 1}",1.0,-1,48,-1
2025-07-04 00:10:58.568622,elastic-workbench-qr-detector,elastic-workbench-qr-detector-1,30,"{'data_quality': 548, 'parallelism': 1}",1.63,-1,48,-1
2025-07-04 00:10:58.576703,elastic-workbench-cv-analyzer,elastic-workbench-cv-analyzer-1,187,"{'data_quality': 193, 'model_size': 2, 'parallelism': 1}",5.37,-1,4,-1
2025-07-04 00:10:58.580095,elastic-workbench-pc-visualizer,elastic-workbench-pc-visualizer-1,19,"{'data_quality': 40, 'model_size': 1, 'parallelism': 1}",1.0,-1,49,-1
2025-07-04 00:11:08.568474,elastic-workbench-qr-detector,elastic-workbench-qr-detector-1,30,"{'data_quality': 548, 'parallelism': 1}",1.6,-1,48,-1
2025-07-04 00:11:08.571127,elastic-workbench-cv-analyzer,elastic-workbench-cv-analyzer-1,190,"{'data_quality': 193, 'model_size': 2, 'parallelism': 1}",5.4,-1,4,-1
2025-07-04 00:11:08.573743,elastic-workbench-pc-visualizer,elastic-workbench-pc-visualizer-1,20,"{'data_quality': 40, 'model_size': 1, 'parallelism': 1}",1.0,-1,48,-1
2025-07-04 00:11:18.569078,elastic-workbench-qr-detector,elastic-workbench-qr-detector-1,31,"{'data_quality': 548, 'parallelism': 1}",1.6,-1,47,-1
2025-07-04 00:11:18.575787,elastic-workbench-cv-analyzer,elastic-workbench-cv-analyzer-1,178,"{'data_quality': 193, 'model_size': 2, 'parallelism': 1}",5.4,-1,4,-1
2025-07-04 00:11:18.579436,elastic-workbench-pc-visualizer,elastic-workbench-pc-visualizer-1,20,"{'data_quality': 40, 'model_size': 1, 'parallelism': 1}",1.0,-1,47,-1
2025-07-04 00:11:28.574912,elastic-workbench-qr-detector,elastic-workbench-qr-detector-1,31,"{'data_quality': 548, 'parallelism': 1}",1.59,-1,48,-1
2025-07-04 00:11:28.578026,elastic-workbench-cv-analyzer,elastic-workbench-cv-analyzer-1,173,"{'data_quality': 193, 'model_size': 2, 'parallelism': 1}",5.41,-1,4,-1
2025-07-04 00:11:28.581055,elastic-workbench-pc-visualizer,elastic-workbench-pc-visualizer-1,21,"{'data_quality': 40, 'model_size': 1, 'parallelism': 1}",1.0,-1,47,-1
2025-07-04 00:11:38.569947,elastic-workbench-qr-detector,elastic-workbench-qr-detector-1,30,"{'data_quality': 548, 'parallelism': 1}",1.6,-1,48,-1
2025-07-04 00:11:38.575948,elastic-workbench-cv-analyzer,elastic-workbench-cv-analyzer-1,146,"{'data_quality': 193, 'model_size': 2, 'parallelism': 1}",5.4,-1,4,-1
2025-07-04 00:11:38.578562,elastic-workbench-pc-visualizer,elastic-workbench-pc-visualizer-1,20,"{'data_quality': 40, 'model_size': 1, 'parallelism': 1}",1.0,-1,48,-1
2025-07-04 00:11:48.571888,elastic-workbench-qr-detector,elastic-workbench-qr-detector-1,29,"{'data_quality': 548, 'parallelism': 1}",1.6,-1,49,-1
2025-07-04 00:11:48.575303,elastic-workbench-cv-analyzer,elastic-workbench-cv-analyzer-1,146,"{'data_quality': 193, 'model_size': 2, 'parallelism': 1}",5.4,-1,5,-1
2025-07-04 00:11:48.580989,elastic-workbench-pc-visualizer,elastic-workbench-pc-visualizer-1,21,"{'data_quality': 40, 'model_size': 1, 'parallelism': 1}",1.0,-1,45,-1
2025-07-04 00:11:58.572506,elastic-workbench-qr-detector,elastic-workbench-qr-detector-1,29,"{'data_quality': 548, 'parallelism': 1}",1.61,-1,47,-1
2025-07-04 00:11:58.575568,elastic-workbench-cv-analyzer,elastic-workbench-cv-analyzer-1,198,"{'data_quality': 193, 'model_size': 2, 'parallelism': 1}",5.39,-1,4,-1
2025-07-04 00:11:58.578232,elastic-workbench-pc-visualizer,elastic-workbench-pc-visualizer-1,20,"{'data_quality': 40, 'model_size': 1, 'parallelism': 1}",1.0,-1,47,-1
2025-07-04 00:12:08.572404,elastic-workbench-qr-detector,elastic-workbench-qr-detector-1,30,"{'data_quality': 548, 'parallelism': 1}",1.58,-1,47,-1
2025-07-04 00:12:08.575159,elastic-workbench-cv-analyzer,elastic-workbench-cv-analyzer-1,133,"{'data_quality': 193, 'model_size': 2, 'parallelism': 1}",5.42,-1,5,-1
2025-07-04 00:12:08.577657,elastic-workbench-pc-visualizer,elastic-workbench-pc-visualizer-1,21,"{'data_quality': 40, 'model_size': 1, 'parallelism': 1}",1.0,-1,46,-1
2025-07-04 00:12:18.573095,elastic-workbench-qr-detector,elastic-workbench-qr-detector-1,29,"{'data_quality': 548, 'parallelism': 1}",1.58,-1,47,-1
2025-07-04 00:12:18.575935,elastic-workbench-cv-analyzer,elastic-workbench-cv-analyzer-1,179,"{'data_quality': 193, 'model_size': 2, 'parallelism': 1}",5.42,-1,4,-1
2025-07-04 00:12:18.578661,elastic-workbench-pc-visualizer,elastic-workbench-pc-visualizer-1,20,"{'data_quality': 40, 'model_size': 1, 'parallelism': 1}",1.0,-1,47,-1
2025-07-04 00:12:28.573892,elastic-workbench-qr-detector,elastic-workbench-qr-detector-1,29,"{'data_quality': 548, 'parallelism': 1}",1.58,-1,49,-1
2025-07-04 00:12:28.577242,elastic-workbench-cv-analyzer,elastic-workbench-cv-analyzer-1,150,"{'data_quality': 193, 'model_size': 2, 'parallelism': 1}",5.42,-1,5,-1
2025-07-04 00:12:28.579684,elastic-workbench-pc-visualizer,elastic-workbench-pc-visualizer-1,20,"{'data_quality': 40, 'model_size': 1, 'parallelism': 1}",1.0,-1,49,-1
2025-07-04 00:12:38.573995,elastic-workbench-qr-detector,elastic-workbench-qr-detector-1,30,"{'data_quality': 548, 'parallelism': 1}",1.6,-1,48,-1
2025-07-04 00:12:38.577200,elastic-workbench-cv-analyzer,elastic-workbench-cv-analyzer-1,148,"{'data_quality': 193, 'model_size': 2, 'parallelism': 1}",5.4,-1,4,-1
2025-07-04 00:12:38.580689,elastic-workbench-pc-visualizer,elastic-workbench-pc-visualizer-1,21,"{'data_quality': 40, 'model_size': 1, 'parallelism': 1}",1.0,-1,46,-1
2025-07-04 00:12:48.578719,elastic-workbench-qr-detector,elastic-workbench-qr-detector-1,31,"{'data_quality': 548, 'parallelism': 1}",1.59,-1,46,-1
2025-07-04 00:12:48.583756,elastic-workbench-cv-analyzer,elastic-workbench-cv-analyzer-1,162,"{'data_quality': 193, 'model_size': 2, 'parallelism': 1}",5.41,-1,5,-1
2025-07-04 00:12:48.586859,elastic-workbench-pc-visualizer,elastic-workbench-pc-visualizer-1,21,"{'data_quality': 40, 'model_size': 1, 'parallelism': 1}",1.0,-1,47,-1
2025-07-04 00:12:58.575091,elastic-workbench-qr-detector,elastic-workbench-qr-detector-1,31,"{'data_quality': 548, 'parallelism': 1}",1.57,-1,48,-1
2025-07-04 00:12:58.578042,elastic-workbench-cv-analyzer,elastic-workbench-cv-analyzer-1,172,"{'data_quality': 193, 'model_size': 2, 'parallelism': 1}",5.43,-1,4,-1
2025-07-04 00:12:58.580590,elastic-workbench-pc-visualizer,elastic-workbench-pc-visualizer-1,20,"{'data_quality': 40, 'model_size': 1, 'parallelism': 1}",1.0,-1,47,-1
2025-07-04 00:13:08.575906,elastic-workbench-qr-detector,elastic-workbench-qr-detector-1,30,"{'data_quality': 548, 'parallelism': 1}",1.59,-1,49,-1
2025-07-04 00:13:08.578633,elastic-workbench-cv-analyzer,elastic-workbench-cv-analyzer-1,170,"{'data_quality': 193, 'model_size': 2, 'parallelism': 1}",5.41,-1,5,-1
2025-07-04 00:13:08.581409,elastic-workbench-pc-visualizer,elastic-workbench-pc-visualizer-1,21,"{'data_quality': 40, 'model_size': 1, 'parallelism': 1}",1.0,-1,46,-1
2025-07-04 00:13:18.576640,elastic-workbench-qr-detector,elastic-workbench-qr-detector-1,31,"{'data_quality': 548, 'parallelism': 1}",1.6,-1,48,-1
2025-07-04 00:13:18.579276,elastic-workbench-cv-analyzer,elastic-workbench-cv-analyzer-1,160,"{'data_quality': 193, 'model_size': 2, 'parallelism': 1}",5.4,-1,4,-1
2025-07-04 00:13:18.582099,elastic-workbench-pc-visualizer,elastic-workbench-pc-visualizer-1,20,"{'data_quality': 40, 'model_size': 1, 'parallelism': 1}",1.0,-1,47,-1
2025-07-04 00:13:28.577281,elastic-workbench-qr-detector,elastic-workbench-qr-detector-1,31,"{'data_quality': 548, 'parallelism': 1}",1.59,-1,48,-1
2025-07-04 00:13:28.579897,elastic-workbench-cv-analyzer,elastic-workbench-cv-analyzer-1,146,"{'data_quality': 193, 'model_size': 2, 'parallelism': 1}",5.41,-1,4,-1
2025-07-04 00:13:28.582976,elastic-workbench-pc-visualizer,elastic-workbench-pc-visualizer-1,20,"{'data_quality': 40, 'model_size': 1, 'parallelism': 1}",1.0,-1,47,-1
2025-07-04 00:13:38.584979,elastic-workbench-qr-detector,elastic-workbench-qr-detector-1,32,"{'data_quality': 548, 'parallelism': 1}",1.58,-1,48,-1
2025-07-04 00:13:38.588431,elastic-workbench-cv-analyzer,elastic-workbench-cv-analyzer-1,202,"{'data_quality': 193, 'model_size': 2, 'parallelism': 1}",5.42,-1,4,-1
2025-07-04 00:13:38.591248,elastic-workbench-pc-visualizer,elastic-workbench-pc-visualizer-1,21,"{'data_quality': 40, 'model_size': 1, 'parallelism': 1}",1.0,-1,45,-1
2025-07-04 00:13:48.578750,elastic-workbench-qr-detector,elastic-workbench-qr-detector-1,32,"{'data_quality': 548, 'parallelism': 1}",1.58,-1,48,-1
2025-07-04 00:13:48.581774,elastic-workbench-cv-analyzer,elastic-workbench-cv-analyzer-1,173,"{'data_quality': 193, 'model_size': 2, 'parallelism': 1}",5.42,-1,4,-1
2025-07-04 00:13:48.584354,elastic-workbench-pc-visualizer,elastic-workbench-pc-visualizer-1,21,"{'data_quality': 40, 'model_size': 1, 'parallelism': 1}",1.0,-1,46,-1
2025-07-04 00:13:58.578456,elastic-workbench-qr-detector,elastic-workbench-qr-detector-1,31,"{'data_quality': 548, 'parallelism': 1}",1.58,-1,49,-1
2025-07-04 00:13:58.581291,elastic-workbench-cv-analyzer,elastic-workbench-cv-analyzer-1,200,"{'data_quality': 193, 'model_size': 2, 'parallelism': 1}",5.42,-1,4,-1
2025-07-04 00:13:58.584366,elastic-workbench-pc-visualizer,elastic-workbench-pc-visualizer-1,20,"{'data_quality': 40, 'model_size': 1, 'parallelism': 1}",1.0,-1,47,-1
2025-07-04 00:14:08.579665,elastic-workbench-qr-detector,elastic-workbench-qr-detector-1,30,"{'data_quality': 548, 'parallelism': 1}",1.59,-1,49,-1
2025-07-04 00:14:08.582353,elastic-workbench-cv-analyzer,elastic-workbench-cv-analyzer-1,190,"{'data_quality': 193, 'model_size': 2, 'parallelism': 1}",5.41,-1,4,-1
2025-07-04 00:14:08.588281,elastic-workbench-pc-visualizer,elastic-workbench-pc-visualizer-1,21,"{'data_quality': 40, 'model_size': 1, 'parallelism': 1}",1.0,-1,46,-1
2025-07-04 00:14:18.579634,elastic-workbench-qr-detector,elastic-workbench-qr-detector-1,32,"{'data_quality': 548, 'parallelism': 1}",1.59,-1,48,-1
2025-07-04 00:14:18.582357,elastic-workbench-cv-analyzer,elastic-workbench-cv-analyzer-1,168,"{'data_quality': 193, 'model_size': 2, 'parallelism': 1}",5.41,-1,4,-1
2025-07-04 00:14:18.585090,elastic-workbench-pc-visualizer,elastic-workbench-pc-visualizer-1,21,"{'data_quality': 40, 'model_size': 1, 'parallelism': 1}",1.0,-1,46,-1
2025-07-04 00:14:28.581173,elastic-workbench-qr-detector,elastic-workbench-qr-detector-1,30,"{'data_quality': 548, 'parallelism': 1}",1.58,-1,48,-1
2025-07-04 00:14:28.584078,elastic-workbench-cv-analyzer,elastic-workbench-cv-analyzer-1,195,"{'data_quality': 193, 'model_size': 2, 'parallelism': 1}",5.42,-1,4,-1
2025-07-04 00:14:28.586601,elastic-workbench-pc-visualizer,elastic-workbench-pc-visualizer-1,20,"{'data_quality': 40, 'model_size': 1, 'parallelism': 1}",1.0,-1,48,-1
2025-07-04 00:14:38.581025,elastic-workbench-qr-detector,elastic-workbench-qr-detector-1,30,"{'data_quality': 548, 'parallelism': 1}",1.58,-1,49,-1
2025-07-04 00:14:38.584176,elastic-workbench-cv-analyzer,elastic-workbench-cv-analyzer-1,176,"{'data_quality': 193, 'model_size': 2, 'parallelism': 1}",5.42,-1,4,-1
2025-07-04 00:14:38.586711,elastic-workbench-pc-visualizer,elastic-workbench-pc-visualizer-1,20,"{'data_quality': 40, 'model_size': 1, 'parallelism': 1}",1.0,-1,47,-1
2025-07-04 00:14:48.581931,elastic-workbench-qr-detector,elastic-workbench-qr-detector-1,30,"{'data_quality': 548, 'parallelism': 1}",1.59,-1,50,-1
2025-07-04 00:14:48.584725,elastic-workbench-cv-analyzer,elastic-workbench-cv-analyzer-1,180,"{'data_quality': 193, 'model_size': 2, 'parallelism': 1}",5.41,-1,4,-1
2025-07-04 00:14:48.587216,elastic-workbench-pc-visualizer,elastic-workbench-pc-visualizer-1,21,"{'data_quality': 40, 'model_size': 1, 'parallelism': 1}",1.0,-1,46,-1
2025-07-04 00:14:58.583286,elastic-workbench-qr-detector,elastic-workbench-qr-detector-1,30,"{'data_quality': 548, 'parallelism': 1}",1.6,-1,51,-1
2025-07-04 00:14:58.585830,elastic-workbench-cv-analyzer,elastic-workbench-cv-analyzer-1,163,"{'data_quality': 193, 'model_size': 2, 'parallelism': 1}",5.4,-1,4,-1
2025-07-04 00:14:58.588468,elastic-workbench-pc-visualizer,elastic-workbench-pc-visualizer-1,20,"{'data_quality': 40, 'model_size': 1, 'parallelism': 1}",1.0,-1,47,-1
2025-07-04 00:15:08.583148,elastic-workbench-qr-detector,elastic-workbench-qr-detector-1,31,"{'data_quality': 548, 'parallelism': 1}",1.61,-1,50,-1
2025-07-04 00:15:08.586100,elastic-workbench-cv-analyzer,elastic-workbench-cv-analyzer-1,163,"{'data_quality': 193, 'model_size': 2, 'parallelism': 1}",5.39,-1,4,-1
2025-07-04 00:15:08.589160,elastic-workbench-pc-visualizer,elastic-workbench-pc-visualizer-1,21,"{'data_quality': 40, 'model_size': 1, 'parallelism': 1}",1.0,-1,46,-1
2025-07-04 00:15:18.584196,elastic-workbench-qr-detector,elastic-workbench-qr-detector-1,30,"{'data_quality': 548, 'parallelism': 1}",1.6,-1,48,-1
2025-07-04 00:15:18.587322,elastic-workbench-cv-analyzer,elastic-workbench-cv-analyzer-1,156,"{'data_quality': 193, 'model_size': 2, 'parallelism': 1}",5.4,-1,4,-1
2025-07-04 00:15:18.589852,elastic-workbench-pc-visualizer,elastic-workbench-pc-visualizer-1,21,"{'data_quality': 40, 'model_size': 1, 'parallelism': 1}",1.0,-1,46,-1
2025-07-04 00:15:28.584874,elastic-workbench-qr-detector,elastic-workbench-qr-detector-1,33,"{'data_quality': 548, 'parallelism': 1}",1.57,-1,48,-1
2025-07-04 00:15:28.587756,elastic-workbench-cv-analyzer,elastic-workbench-cv-analyzer-1,206,"{'data_quality': 193, 'model_size': 2, 'parallelism': 1}",5.43,-1,4,-1
2025-07-04 00:15:28.590495,elastic-workbench-pc-visualizer,elastic-workbench-pc-visualizer-1,21,"{'data_quality': 40, 'model_size': 1, 'parallelism': 1}",1.0,-1,46,-1
2025-07-04 00:15:38.585205,elastic-workbench-qr-detector,elastic-workbench-qr-detector-1,31,"{'data_quality': 548, 'parallelism': 1}",1.57,-1,48,-1
2025-07-04 00:15:38.587896,elastic-workbench-cv-analyzer,elastic-workbench-cv-analyzer-1,163,"{'data_quality': 193, 'model_size': 2, 'parallelism': 1}",5.43,-1,5,-1
2025-07-04 00:15:38.591023,elastic-workbench-pc-visualizer,elastic-workbench-pc-visualizer-1,21,"{'data_quality': 40, 'model_size': 1, 'parallelism': 1}",1.0,-1,46,-1
2025-07-04 00:15:48.585593,elastic-workbench-qr-detector,elastic-workbench-qr-detector-1,31,"{'data_quality': 548, 'parallelism': 1}",1.57,-1,47,-1
2025-07-04 00:15:48.588719,elastic-workbench-cv-analyzer,elastic-workbench-cv-analyzer-1,159,"{'data_quality': 193, 'model_size': 2, 'parallelism': 1}",5.43,-1,4,-1
2025-07-04 00:15:48.591244,elastic-workbench-pc-visualizer,elastic-workbench-pc-visualizer-1,21,"{'data_quality': 40, 'model_size': 1, 'parallelism': 1}",1.0,-1,46,-1
2025-07-04 00:15:58.585718,elastic-workbench-qr-detector,elastic-workbench-qr-detector-1,30,"{'data_quality': 548, 'parallelism': 1}",1.56,-1,47,-1
2025-07-04 00:15:58.588483,elastic-workbench-cv-analyzer,elastic-workbench-cv-analyzer-1,167,"{'data_quality': 193, 'model_size': 2, 'parallelism': 1}",5.44,-1,4,-1
2025-07-04 00:15:58.591150,elastic-workbench-pc-visualizer,elastic-workbench-pc-visualizer-1,20,"{'data_quality': 40, 'model_size': 1, 'parallelism': 1}",1.0,-1,48,-1
2025-07-04 00:16:08.586341,elastic-workbench-qr-detector,elastic-workbench-qr-detector-1,31,"{'data_quality': 548, 'parallelism': 1}",1.56,-1,49,-1
2025-07-04 00:16:08.589213,elastic-workbench-cv-analyzer,elastic-workbench-cv-analyzer-1,193,"{'data_quality': 193, 'model_size': 2, 'parallelism': 1}",5.44,-1,4,-1
2025-07-04 00:16:08.591981,elastic-workbench-pc-visualizer,elastic-workbench-pc-visualizer-1,21,"{'data_quality': 40, 'model_size': 1, 'parallelism': 1}",1.0,-1,46,-1
2025-07-04 00:16:18.586867,elastic-workbench-qr-detector,elastic-workbench-qr-detector-1,30,"{'data_quality': 548, 'parallelism': 1}",1.58,-1,49,-1
2025-07-04 00:16:18.589470,elastic-workbench-cv-analyzer,elastic-workbench-cv-analyzer-1,160,"{'data_quality': 193, 'model_size': 2, 'parallelism': 1}",5.42,-1,5,-1
2025-07-04 00:16:18.592234,elastic-workbench-pc-visualizer,elastic-workbench-pc-visualizer-1,20,"{'data_quality': 40, 'model_size': 1, 'parallelism': 1}",1.0,-1,47,-1
2025-07-04 00:16:28.587403,elastic-workbench-qr-detector,elastic-workbench-qr-detector-1,30,"{'data_quality': 548, 'parallelism': 1}",1.58,-1,49,-1
2025-07-04 00:16:28.590229,elastic-workbench-cv-analyzer,elastic-workbench-cv-analyzer-1,179,"{'data_quality': 193, 'model_size': 2, 'parallelism': 1}",5.42,-1,4,-1
2025-07-04 00:16:28.592680,elastic-workbench-pc-visualizer,elastic-workbench-pc-visualizer-1,21,"{'data_quality': 40, 'model_size': 1, 'parallelism': 1}",1.0,-1,46,-1
2025-07-04 00:16:38.588322,elastic-workbench-qr-detector,elastic-workbench-qr-detector-1,30,"{'data_quality': 548, 'parallelism': 1}",1.58,-1,49,-1
2025-07-04 00:16:38.596866,elastic-workbench-cv-analyzer,elastic-workbench-cv-analyzer-1,199,"{'data_quality': 193, 'model_size': 2, 'parallelism': 1}",5.42,-1,4,-1
2025-07-04 00:16:38.599592,elastic-workbench-pc-visualizer,elastic-workbench-pc-visualizer-1,21,"{'data_quality': 40, 'model_size': 1, 'parallelism': 1}",1.0,-1,46,-1
2025-07-04 00:16:48.588927,elastic-workbench-qr-detector,elastic-workbench-qr-detector-1,30,"{'data_quality': 548, 'parallelism': 1}",1.57,-1,50,-1
2025-07-04 00:16:48.592025,elastic-workbench-cv-analyzer,elastic-workbench-cv-analyzer-1,173,"{'data_quality': 193, 'model_size': 2, 'parallelism': 1}",5.43,-1,5,-1
2025-07-04 00:16:48.594736,elastic-workbench-pc-visualizer,elastic-workbench-pc-visualizer-1,20,"{'data_quality': 40, 'model_size': 1, 'parallelism': 1}",1.0,-1,48,-1
2025-07-04 00:16:58.589606,elastic-workbench-qr-detector,elastic-workbench-qr-detector-1,31,"{'data_quality': 548, 'parallelism': 1}",1.59,-1,51,-1
2025-07-04 00:16:58.592512,elastic-workbench-cv-analyzer,elastic-workbench-cv-analyzer-1,158,"{'data_quality': 193, 'model_size': 2, 'parallelism': 1}",5.41,-1,4,-1
2025-07-04 00:16:58.595183,elastic-workbench-pc-visualizer,elastic-workbench-pc-visualizer-1,20,"{'data_quality': 40, 'model_size': 1, 'parallelism': 1}",1.0,-1,47,-1
2025-07-04 00:17:08.590548,elastic-workbench-qr-detector,elastic-workbench-qr-detector-1,32,"{'data_quality': 548, 'parallelism': 1}",1.6,-1,51,-1
2025-07-04 00:17:08.593406,elastic-workbench-cv-analyzer,elastic-workbench-cv-analyzer-1,189,"{'data_quality': 193, 'model_size': 2, 'parallelism': 1}",5.4,-1,4,-1
2025-07-04 00:17:08.596014,elastic-workbench-pc-visualizer,elastic-workbench-pc-visualizer-1,20,"{'data_quality': 40, 'model_size': 1, 'parallelism': 1}",1.0,-1,48,-1
2025-07-04 00:17:18.592124,elastic-workbench-qr-detector,elastic-workbench-qr-detector-1,30,"{'data_quality': 548, 'parallelism': 1}",1.6,-1,49,-1
2025-07-04 00:17:18.595155,elastic-workbench-cv-analyzer,elastic-workbench-cv-analyzer-1,177,"{'data_quality': 193, 'model_size': 2, 'parallelism': 1}",5.4,-1,4,-1
2025-07-04 00:17:18.598090,elastic-workbench-pc-visualizer,elastic-workbench-pc-visualizer-1,21,"{'data_quality': 40, 'model_size': 1, 'parallelism': 1}",1.0,-1,46,-1
2025-07-04 00:17:28.591608,elastic-workbench-qr-detector,elastic-workbench-qr-detector-1,31,"{'data_quality': 548, 'parallelism': 1}",1.57,-1,49,-1
2025-07-04 00:17:28.599415,elastic-workbench-cv-analyzer,elastic-workbench-cv-analyzer-1,180,"{'data_quality': 193, 'model_size': 2, 'parallelism': 1}",5.43,-1,4,-1
2025-07-04 00:17:28.602386,elastic-workbench-pc-visualizer,elastic-workbench-pc-visualizer-1,21,"{'data_quality': 40, 'model_size': 1, 'parallelism': 1}",1.0,-1,46,-1
2025-07-04 00:17:38.591912,elastic-workbench-qr-detector,elastic-workbench-qr-detector-1,32,"{'data_quality': 548, 'parallelism': 1}",1.57,-1,50,-1
2025-07-04 00:17:38.594704,elastic-workbench-cv-analyzer,elastic-workbench-cv-analyzer-1,215,"{'data_quality': 193, 'model_size': 2, 'parallelism': 1}",5.43,-1,4,-1
2025-07-04 00:17:38.597228,elastic-workbench-pc-visualizer,elastic-workbench-pc-visualizer-1,21,"{'data_quality': 40, 'model_size': 1, 'parallelism': 1}",1.0,-1,46,-1
2025-07-04 00:17:48.592585,elastic-workbench-qr-detector,elastic-workbench-qr-detector-1,31,"{'data_quality': 548, 'parallelism': 1}",1.58,-1,50,-1
2025-07-04 00:17:48.595534,elastic-workbench-cv-analyzer,elastic-workbench-cv-analyzer-1,169,"{'data_quality': 193, 'model_size': 2, 'parallelism': 1}",5.42,-1,4,-1
2025-07-04 00:17:48.598112,elastic-workbench-pc-visualizer,elastic-workbench-pc-visualizer-1,19,"{'data_quality': 40, 'model_size': 1, 'parallelism': 1}",1.0,-1,49,-1
2025-07-04 00:17:58.592306,elastic-workbench-qr-detector,elastic-workbench-qr-detector-1,30,"{'data_quality': 548, 'parallelism': 1}",1.58,-1,48,-1
2025-07-04 00:17:58.595599,elastic-workbench-cv-analyzer,elastic-workbench-cv-analyzer-1,157,"{'data_quality': 193, 'model_size': 2, 'parallelism': 1}",5.42,-1,5,-1
2025-07-04 00:17:58.602074,elastic-workbench-pc-visualizer,elastic-workbench-pc-visualizer-1,21,"{'data_quality': 40, 'model_size': 1, 'parallelism': 1}",1.0,-1,46,-1
2025-07-04 00:18:08.592308,elastic-workbench-qr-detector,elastic-workbench-qr-detector-1,31,"{'data_quality': 548, 'parallelism': 1}",1.56,-1,49,-1
2025-07-04 00:18:08.595566,elastic-workbench-cv-analyzer,elastic-workbench-cv-analyzer-1,169,"{'data_quality': 193, 'model_size': 2, 'parallelism': 1}",5.44,-1,5,-1
2025-07-04 00:18:08.598193,elastic-workbench-pc-visualizer,elastic-workbench-pc-visualizer-1,20,"{'data_quality': 40, 'model_size': 1, 'parallelism': 1}",1.0,-1,47,-1
2025-07-04 00:18:18.592690,elastic-workbench-qr-detector,elastic-workbench-qr-detector-1,29,"{'data_quality': 548, 'parallelism': 1}",1.57,-1,49,-1
2025-07-04 00:18:18.595876,elastic-workbench-cv-analyzer,elastic-workbench-cv-analyzer-1,162,"{'data_quality': 193, 'model_size': 2, 'parallelism': 1}",5.43,-1,5,-1
2025-07-04 00:18:18.598466,elastic-workbench-pc-visualizer,elastic-workbench-pc-visualizer-1,20,"{'data_quality': 40, 'model_size': 1, 'parallelism': 1}",1.0,-1,49,-1
2025-07-04 00:18:28.593637,elastic-workbench-qr-detector,elastic-workbench-qr-detector-1,30,"{'data_quality': 548, 'parallelism': 1}",1.56,-1,47,-1
2025-07-04 00:18:28.596825,elastic-workbench-cv-analyzer,elastic-workbench-cv-analyzer-1,149,"{'data_quality': 193, 'model_size': 2, 'parallelism': 1}",5.44,-1,5,-1
2025-07-04 00:18:28.603644,elastic-workbench-pc-visualizer,elastic-workbench-pc-visualizer-1,20,"{'data_quality': 40, 'model_size': 1, 'parallelism': 1}",1.0,-1,47,-1
2025-07-04 00:18:38.594158,elastic-workbench-qr-detector,elastic-workbench-qr-detector-1,32,"{'data_quality': 548, 'parallelism': 1}",1.54,-1,49,-1
2025-07-04 00:18:38.596932,elastic-workbench-cv-analyzer,elastic-workbench-cv-analyzer-1,169,"{'data_quality': 193, 'model_size': 2, 'parallelism': 1}",5.46,-1,5,-1
2025-07-04 00:18:38.599393,elastic-workbench-pc-visualizer,elastic-workbench-pc-visualizer-1,21,"{'data_quality': 40, 'model_size': 1, 'parallelism': 1}",1.0,-1,46,-1
2025-07-04 00:18:48.594337,elastic-workbench-qr-detector,elastic-workbench-qr-detector-1,30,"{'data_quality': 548, 'parallelism': 1}",1.56,-1,48,-1
2025-07-04 00:18:48.597220,elastic-workbench-cv-analyzer,elastic-workbench-cv-analyzer-1,153,"{'data_quality': 193, 'model_size': 2, 'parallelism': 1}",5.44,-1,4,-1
2025-07-04 00:18:48.599845,elastic-workbench-pc-visualizer,elastic-workbench-pc-visualizer-1,21,"{'data_quality': 40, 'model_size': 1, 'parallelism': 1}",1.0,-1,47,-1
2025-07-04 00:18:58.594887,elastic-workbench-qr-detector,elastic-workbench-qr-detector-1,32,"{'data_quality': 548, 'parallelism': 1}",1.55,-1,49,-1
2025-07-04 00:18:58.598403,elastic-workbench-cv-analyzer,elastic-workbench-cv-analyzer-1,163,"{'data_quality': 193, 'model_size': 2, 'parallelism': 1}",5.45,-1,4,-1
2025-07-04 00:18:58.606658,elastic-workbench-pc-visualizer,elastic-workbench-pc-visualizer-1,21,"{'data_quality': 40, 'model_size': 1, 'parallelism': 1}",1.0,-1,46,-1
2025-07-04 00:19:08.595722,elastic-workbench-qr-detector,elastic-workbench-qr-detector-1,32,"{'data_quality': 548, 'parallelism': 1}",1.56,-1,48,-1
2025-07-04 00:19:08.598643,elastic-workbench-cv-analyzer,elastic-workbench-cv-analyzer-1,194,"{'data_quality': 193, 'model_size': 2, 'parallelism': 1}",5.44,-1,4,-1
2025-07-04 00:19:08.601525,elastic-workbench-pc-visualizer,elastic-workbench-pc-visualizer-1,21,"{'data_quality': 40, 'model_size': 1, 'parallelism': 1}",1.0,-1,47,-1
2025-07-04 00:19:18.595720,elastic-workbench-qr-detector,elastic-workbench-qr-detector-1,31,"{'data_quality': 548, 'parallelism': 1}",1.55,-1,49,-1
2025-07-04 00:19:18.598630,elastic-workbench-cv-analyzer,elastic-workbench-cv-analyzer-1,174,"{'data_quality': 193, 'model_size': 2, 'parallelism': 1}",5.45,-1,4,-1
2025-07-04 00:19:18.601484,elastic-workbench-pc-visualizer,elastic-workbench-pc-visualizer-1,20,"{'data_quality': 40, 'model_size': 1, 'parallelism': 1}",1.0,-1,48,-1
2025-07-04 00:19:28.596014,elastic-workbench-qr-detector,elastic-workbench-qr-detector-1,30,"{'data_quality': 548, 'parallelism': 1}",1.56,-1,50,-1
2025-07-04 00:19:28.599112,elastic-workbench-cv-analyzer,elastic-workbench-cv-analyzer-1,179,"{'data_quality': 193, 'model_size': 2, 'parallelism': 1}",5.44,-1,4,-1
2025-07-04 00:19:28.601736,elastic-workbench-pc-visualizer,elastic-workbench-pc-visualizer-1,19,"{'data_quality': 40, 'model_size': 1, 'parallelism': 1}",1.0,-1,50,-1
2025-07-04 00:19:38.596726,elastic-workbench-qr-detector,elastic-workbench-qr-detector-1,31,"{'data_quality': 548, 'parallelism': 1}",1.57,-1,49,-1
2025-07-04 00:19:38.599889,elastic-workbench-cv-analyzer,elastic-workbench-cv-analyzer-1,195,"{'data_quality': 193, 'model_size': 2, 'parallelism': 1}",5.43,-1,4,-1
2025-07-04 00:19:38.602431,elastic-workbench-pc-visualizer,elastic-workbench-pc-visualizer-1,21,"{'data_quality': 40, 'model_size': 1, 'parallelism': 1}",1.0,-1,46,-1
2025-07-04 00:19:48.600111,elastic-workbench-qr-detector,elastic-workbench-qr-detector-1,31,"{'data_quality': 548, 'parallelism': 1}",1.56,-1,49,-1
2025-07-04 00:19:48.604773,elastic-workbench-cv-analyzer,elastic-workbench-cv-analyzer-1,185,"{'data_quality': 193, 'model_size': 2, 'parallelism': 1}",5.44,-1,4,-1
2025-07-04 00:19:48.607535,elastic-workbench-pc-visualizer,elastic-workbench-pc-visualizer-1,21,"{'data_quality': 40, 'model_size': 1, 'parallelism': 1}",1.0,-1,47,-1
2025-07-04 00:19:54.852365,elastic-workbench-qr-detector,elastic-workbench-qr-detector-1,25,"{'data_quality': 550, 'parallelism': 1}",2.67,-1,49,-1
2025-07-04 00:19:54.855546,elastic-workbench-cv-analyzer,elastic-workbench-cv-analyzer-1,546,"{'data_quality': 224, 'model_size': 3, 'parallelism': 1}",2.67,-1,1,-1
2025-07-04 00:19:54.858133,elastic-workbench-pc-visualizer,elastic-workbench-pc-visualizer-1,21,"{'data_quality': 30, 'model_size': 1, 'parallelism': 1}",2.67,-1,46,-1
2025-07-04 00:20:04.857415,elastic-workbench-qr-detector,elastic-workbench-qr-detector-1,27,"{'data_quality': 551, 'parallelism': 1}",1.83,-1,50,-1
2025-07-04 00:20:04.862516,elastic-workbench-cv-analyzer,elastic-workbench-cv-analyzer-1,216,"{'data_quality': 224, 'model_size': 2, 'parallelism': 1}",5.17,-1,4,-1
2025-07-04 00:20:04.865776,elastic-workbench-pc-visualizer,elastic-workbench-pc-visualizer-1,21,"{'data_quality': 40, 'model_size': 1, 'parallelism': 1}",1.0,-1,46,-1
2025-07-04 00:20:14.854144,elastic-workbench-qr-detector,elastic-workbench-qr-detector-1,26,"{'data_quality': 551, 'parallelism': 1}",1.83,-1,47,-1
2025-07-04 00:20:14.859351,elastic-workbench-cv-analyzer,elastic-workbench-cv-analyzer-1,184,"{'data_quality': 224, 'model_size': 2, 'parallelism': 1}",5.17,-1,4,-1
2025-07-04 00:20:14.867875,elastic-workbench-pc-visualizer,elastic-workbench-pc-visualizer-1,20,"{'data_quality': 40, 'model_size': 1, 'parallelism': 1}",1.0,-1,47,-1
2025-07-04 00:20:24.852490,elastic-workbench-qr-detector,elastic-workbench-qr-detector-1,26,"{'data_quality': 551, 'parallelism': 1}",1.8,-1,47,-1
2025-07-04 00:20:24.855469,elastic-workbench-cv-analyzer,elastic-workbench-cv-analyzer-1,228,"{'data_quality': 224, 'model_size': 2, 'parallelism': 1}",5.2,-1,3,-1
2025-07-04 00:20:24.860345,elastic-workbench-pc-visualizer,elastic-workbench-pc-visualizer-1,20,"{'data_quality': 40, 'model_size': 1, 'parallelism': 1}",1.0,-1,48,-1
2025-07-04 00:20:34.850145,elastic-workbench-qr-detector,elastic-workbench-qr-detector-1,27,"{'data_quality': 551, 'parallelism': 1}",1.79,-1,46,-1
2025-07-04 00:20:34.853211,elastic-workbench-cv-analyzer,elastic-workbench-cv-analyzer-1,199,"{'data_quality': 224, 'model_size': 2, 'parallelism': 1}",5.21,-1,4,-1
2025-07-04 00:20:34.858246,elastic-workbench-pc-visualizer,elastic-workbench-pc-visualizer-1,20,"{'data_quality': 40, 'model_size': 1, 'parallelism': 1}",1.0,-1,48,-1
2025-07-04 00:20:44.853656,elastic-workbench-qr-detector,elastic-workbench-qr-detector-1,27,"{'data_quality': 551, 'parallelism': 1}",1.77,-1,47,-1
2025-07-04 00:20:44.856905,elastic-workbench-cv-analyzer,elastic-workbench-cv-analyzer-1,202,"{'data_quality': 224, 'model_size': 2, 'parallelism': 1}",5.23,-1,4,-1
2025-07-04 00:20:44.860067,elastic-workbench-pc-visualizer,elastic-workbench-pc-visualizer-1,20,"{'data_quality': 40, 'model_size': 1, 'parallelism': 1}",1.0,-1,48,-1
2025-07-04 00:20:54.850820,elastic-workbench-qr-detector,elastic-workbench-qr-detector-1,28,"{'data_quality': 551, 'parallelism': 1}",1.77,-1,46,-1
2025-07-04 00:20:54.853436,elastic-workbench-cv-analyzer,elastic-workbench-cv-analyzer-1,188,"{'data_quality': 224, 'model_size': 2, 'parallelism': 1}",5.23,-1,4,-1
2025-07-04 00:20:54.856628,elastic-workbench-pc-visualizer,elastic-workbench-pc-visualizer-1,20,"{'data_quality': 40, 'model_size': 1, 'parallelism': 1}",1.0,-1,46,-1
2025-07-04 00:21:04.855417,elastic-workbench-qr-detector,elastic-workbench-qr-detector-1,28,"{'data_quality': 551, 'parallelism': 1}",1.76,-1,47,-1
2025-07-04 00:21:04.858253,elastic-workbench-cv-analyzer,elastic-workbench-cv-analyzer-1,231,"{'data_quality': 224, 'model_size': 2, 'parallelism': 1}",5.24,-1,3,-1
2025-07-04 00:21:04.861209,elastic-workbench-pc-visualizer,elastic-workbench-pc-visualizer-1,21,"{'data_quality': 40, 'model_size': 1, 'parallelism': 1}",1.0,-1,46,-1
2025-07-04 00:21:14.854702,elastic-workbench-qr-detector,elastic-workbench-qr-detector-1,29,"{'data_quality': 551, 'parallelism': 1}",1.76,-1,47,-1
2025-07-04 00:21:14.857336,elastic-workbench-cv-analyzer,elastic-workbench-cv-analyzer-1,268,"{'data_quality': 224, 'model_size': 2, 'parallelism': 1}",5.24,-1,3,-1
2025-07-04 00:21:14.860241,elastic-workbench-pc-visualizer,elastic-workbench-pc-visualizer-1,20,"{'data_quality': 40, 'model_size': 1, 'parallelism': 1}",1.0,-1,48,-1
2025-07-04 00:21:24.859925,elastic-workbench-qr-detector,elastic-workbench-qr-detector-1,28,"{'data_quality': 551, 'parallelism': 1}",1.76,-1,48,-1
2025-07-04 00:21:24.865272,elastic-workbench-cv-analyzer,elastic-workbench-cv-analyzer-1,264,"{'data_quality': 224, 'model_size': 2, 'parallelism': 1}",5.24,-1,3,-1
2025-07-04 00:21:24.868305,elastic-workbench-pc-visualizer,elastic-workbench-pc-visualizer-1,21,"{'data_quality': 40, 'model_size': 1, 'parallelism': 1}",1.0,-1,46,-1
2025-07-04 00:21:34.857736,elastic-workbench-qr-detector,elastic-workbench-qr-detector-1,29,"{'data_quality': 551, 'parallelism': 1}",1.76,-1,50,-1
2025-07-04 00:21:34.860512,elastic-workbench-cv-analyzer,elastic-workbench-cv-analyzer-1,213,"{'data_quality': 224, 'model_size': 2, 'parallelism': 1}",5.24,-1,3,-1
2025-07-04 00:21:34.865331,elastic-workbench-pc-visualizer,elastic-workbench-pc-visualizer-1,21,"{'data_quality': 40, 'model_size': 1, 'parallelism': 1}",1.0,-1,46,-1
2025-07-04 00:21:44.859650,elastic-workbench-qr-detector,elastic-workbench-qr-detector-1,30,"{'data_quality': 551, 'parallelism': 1}",1.77,-1,50,-1
2025-07-04 00:21:44.862554,elastic-workbench-cv-analyzer,elastic-workbench-cv-analyzer-1,215,"{'data_quality': 224, 'model_size': 2, 'parallelism': 1}",5.23,-1,3,-1
2025-07-04 00:21:44.865179,elastic-workbench-pc-visualizer,elastic-workbench-pc-visualizer-1,21,"{'data_quality': 40, 'model_size': 1, 'parallelism': 1}",1.0,-1,46,-1
2025-07-04 00:21:54.859862,elastic-workbench-qr-detector,elastic-workbench-qr-detector-1,29,"{'data_quality': 551, 'parallelism': 1}",1.77,-1,50,-1
2025-07-04 00:21:54.862980,elastic-workbench-cv-analyzer,elastic-workbench-cv-analyzer-1,256,"{'data_quality': 224, 'model_size': 2, 'parallelism': 1}",5.23,-1,3,-1
2025-07-04 00:21:54.871933,elastic-workbench-pc-visualizer,elastic-workbench-pc-visualizer-1,21,"{'data_quality': 40, 'model_size': 1, 'parallelism': 1}",1.0,-1,46,-1
2025-07-04 00:22:04.859664,elastic-workbench-qr-detector,elastic-workbench-qr-detector-1,28,"{'data_quality': 551, 'parallelism': 1}",1.76,-1,50,-1
2025-07-04 00:22:04.863022,elastic-workbench-cv-analyzer,elastic-workbench-cv-analyzer-1,213,"{'data_quality': 224, 'model_size': 2, 'parallelism': 1}",5.24,-1,4,-1
2025-07-04 00:22:04.865671,elastic-workbench-pc-visualizer,elastic-workbench-pc-visualizer-1,20,"{'data_quality': 40, 'model_size': 1, 'parallelism': 1}",1.0,-1,47,-1
2025-07-04 00:22:14.859663,elastic-workbench-qr-detector,elastic-workbench-qr-detector-1,28,"{'data_quality': 551, 'parallelism': 1}",1.76,-1,50,-1
2025-07-04 00:22:14.863493,elastic-workbench-cv-analyzer,elastic-workbench-cv-analyzer-1,267,"{'data_quality': 224, 'model_size': 2, 'parallelism': 1}",5.24,-1,3,-1
2025-07-04 00:22:14.866165,elastic-workbench-pc-visualizer,elastic-workbench-pc-visualizer-1,20,"{'data_quality': 40, 'model_size': 1, 'parallelism': 1}",1.0,-1,48,-1
2025-07-04 00:22:24.859267,elastic-workbench-qr-detector,elastic-workbench-qr-detector-1,27,"{'data_quality': 551, 'parallelism': 1}",1.76,-1,50,-1
2025-07-04 00:22:24.862820,elastic-workbench-cv-analyzer,elastic-workbench-cv-analyzer-1,196,"{'data_quality': 224, 'model_size': 2, 'parallelism': 1}",5.24,-1,4,-1
2025-07-04 00:22:24.870554,elastic-workbench-pc-visualizer,elastic-workbench-pc-visualizer-1,21,"{'data_quality': 40, 'model_size': 1, 'parallelism': 1}",1.0,-1,46,-1
2025-07-04 00:22:34.860077,elastic-workbench-qr-detector,elastic-workbench-qr-detector-1,27,"{'data_quality': 551, 'parallelism': 1}",1.75,-1,50,-1
2025-07-04 00:22:34.863059,elastic-workbench-cv-analyzer,elastic-workbench-cv-analyzer-1,191,"{'data_quality': 224, 'model_size': 2, 'parallelism': 1}",5.25,-1,4,-1
2025-07-04 00:22:34.865648,elastic-workbench-pc-visualizer,elastic-workbench-pc-visualizer-1,20,"{'data_quality': 40, 'model_size': 1, 'parallelism': 1}",1.0,-1,47,-1
2025-07-04 00:22:44.860583,elastic-workbench-qr-detector,elastic-workbench-qr-detector-1,28,"{'data_quality': 551, 'parallelism': 1}",1.75,-1,50,-1
2025-07-04 00:22:44.863706,elastic-workbench-cv-analyzer,elastic-workbench-cv-analyzer-1,217,"{'data_quality': 224, 'model_size': 2, 'parallelism': 1}",5.25,-1,4,-1
2025-07-04 00:22:44.866284,elastic-workbench-pc-visualizer,elastic-workbench-pc-visualizer-1,20,"{'data_quality': 40, 'model_size': 1, 'parallelism': 1}",1.0,-1,47,-1
2025-07-04 00:22:54.863750,elastic-workbench-qr-detector,elastic-workbench-qr-detector-1,28,"{'data_quality': 551, 'parallelism': 1}",1.74,-1,50,-1
2025-07-04 00:22:54.866935,elastic-workbench-cv-analyzer,elastic-workbench-cv-analyzer-1,198,"{'data_quality': 224, 'model_size': 2, 'parallelism': 1}",5.26,-1,4,-1
2025-07-04 00:22:54.872689,elastic-workbench-pc-visualizer,elastic-workbench-pc-visualizer-1,20,"{'data_quality': 40, 'model_size': 1, 'parallelism': 1}",1.0,-1,46,-1
2025-07-04 00:23:04.862613,elastic-workbench-qr-detector,elastic-workbench-qr-detector-1,29,"{'data_quality': 551, 'parallelism': 1}",1.74,-1,51,-1
2025-07-04 00:23:04.865820,elastic-workbench-cv-analyzer,elastic-workbench-cv-analyzer-1,206,"{'data_quality': 224, 'model_size': 2, 'parallelism': 1}",5.26,-1,4,-1
2025-07-04 00:23:04.868474,elastic-workbench-pc-visualizer,elastic-workbench-pc-visualizer-1,21,"{'data_quality': 40, 'model_size': 1, 'parallelism': 1}",1.0,-1,46,-1
2025-07-04 00:23:14.862653,elastic-workbench-qr-detector,elastic-workbench-qr-detector-1,29,"{'data_quality': 551, 'parallelism': 1}",1.74,-1,50,-1
2025-07-04 00:23:14.865654,elastic-workbench-cv-analyzer,elastic-workbench-cv-analyzer-1,183,"{'data_quality': 224, 'model_size': 2, 'parallelism': 1}",5.26,-1,4,-1
2025-07-04 00:23:14.868173,elastic-workbench-pc-visualizer,elastic-workbench-pc-visualizer-1,21,"{'data_quality': 40, 'model_size': 1, 'parallelism': 1}",1.0,-1,46,-1
2025-07-04 00:23:24.862903,elastic-workbench-qr-detector,elastic-workbench-qr-detector-1,29,"{'data_quality': 551, 'parallelism': 1}",1.73,-1,51,-1
2025-07-04 00:23:24.867978,elastic-workbench-cv-analyzer,elastic-workbench-cv-analyzer-1,198,"{'data_quality': 224, 'model_size': 2, 'parallelism': 1}",5.27,-1,4,-1
2025-07-04 00:23:24.874260,elastic-workbench-pc-visualizer,elastic-workbench-pc-visualizer-1,21,"{'data_quality': 40, 'model_size': 1, 'parallelism': 1}",1.0,-1,47,-1
2025-07-04 00:23:34.863769,elastic-workbench-qr-detector,elastic-workbench-qr-detector-1,29,"{'data_quality': 551, 'parallelism': 1}",1.74,-1,51,-1
2025-07-04 00:23:34.867047,elastic-workbench-cv-analyzer,elastic-workbench-cv-analyzer-1,219,"{'data_quality': 224, 'model_size': 2, 'parallelism': 1}",5.26,-1,4,-1
2025-07-04 00:23:34.869661,elastic-workbench-pc-visualizer,elastic-workbench-pc-visualizer-1,21,"{'data_quality': 40, 'model_size': 1, 'parallelism': 1}",1.0,-1,46,-1
2025-07-04 00:23:44.864324,elastic-workbench-qr-detector,elastic-workbench-qr-detector-1,29,"{'data_quality': 551, 'parallelism': 1}",1.73,-1,51,-1
2025-07-04 00:23:44.867309,elastic-workbench-cv-analyzer,elastic-workbench-cv-analyzer-1,223,"{'data_quality': 224, 'model_size': 2, 'parallelism': 1}",5.27,-1,4,-1
2025-07-04 00:23:44.869861,elastic-workbench-pc-visualizer,elastic-workbench-pc-visualizer-1,21,"{'data_quality': 40, 'model_size': 1, 'parallelism': 1}",1.0,-1,47,-1
2025-07-04 00:23:54.870165,elastic-workbench-qr-detector,elastic-workbench-qr-detector-1,29,"{'data_quality': 551, 'parallelism': 1}",1.73,-1,50,-1
2025-07-04 00:23:54.873242,elastic-workbench-cv-analyzer,elastic-workbench-cv-analyzer-1,164,"{'data_quality': 224, 'model_size': 2, 'parallelism': 1}",5.27,-1,4,-1
2025-07-04 00:23:54.876070,elastic-workbench-pc-visualizer,elastic-workbench-pc-visualizer-1,20,"{'data_quality': 40, 'model_size': 1, 'parallelism': 1}",1.0,-1,47,-1
2025-07-04 00:24:04.866712,elastic-workbench-qr-detector,elastic-workbench-qr-detector-1,28,"{'data_quality': 551, 'parallelism': 1}",1.72,-1,51,-1
2025-07-04 00:24:04.869420,elastic-workbench-cv-analyzer,elastic-workbench-cv-analyzer-1,188,"{'data_quality': 224, 'model_size': 2, 'parallelism': 1}",5.28,-1,4,-1
2025-07-04 00:24:04.872108,elastic-workbench-pc-visualizer,elastic-workbench-pc-visualizer-1,19,"{'data_quality': 40, 'model_size': 1, 'parallelism': 1}",1.0,-1,49,-1
2025-07-04 00:24:14.867933,elastic-workbench-qr-detector,elastic-workbench-qr-detector-1,28,"{'data_quality': 551, 'parallelism': 1}",1.72,-1,50,-1
2025-07-04 00:24:14.870633,elastic-workbench-cv-analyzer,elastic-workbench-cv-analyzer-1,224,"{'data_quality': 224, 'model_size': 2, 'parallelism': 1}",5.28,-1,3,-1
2025-07-04 00:24:14.873173,elastic-workbench-pc-visualizer,elastic-workbench-pc-visualizer-1,20,"{'data_quality': 40, 'model_size': 1, 'parallelism': 1}",1.0,-1,48,-1
2025-07-04 00:24:24.868675,elastic-workbench-qr-detector,elastic-workbench-qr-detector-1,29,"{'data_quality': 551, 'parallelism': 1}",1.71,-1,51,-1
2025-07-04 00:24:24.871653,elastic-workbench-cv-analyzer,elastic-workbench-cv-analyzer-1,175,"{'data_quality': 224, 'model_size': 2, 'parallelism': 1}",5.29,-1,4,-1
2025-07-04 00:24:24.874271,elastic-workbench-pc-visualizer,elastic-workbench-pc-visualizer-1,20,"{'data_quality': 40, 'model_size': 1, 'parallelism': 1}",1.0,-1,47,-1
2025-07-04 00:24:34.869092,elastic-workbench-qr-detector,elastic-workbench-qr-detector-1,29,"{'data_quality': 551, 'parallelism': 1}",1.72,-1,52,-1
2025-07-04 00:24:34.872028,elastic-workbench-cv-analyzer,elastic-workbench-cv-analyzer-1,242,"{'data_quality': 224, 'model_size': 2, 'parallelism': 1}",5.28,-1,3,-1
2025-07-04 00:24:34.874647,elastic-workbench-pc-visualizer,elastic-workbench-pc-visualizer-1,21,"{'data_quality': 40, 'model_size': 1, 'parallelism': 1}",1.0,-1,47,-1
2025-07-04 00:24:44.869743,elastic-workbench-qr-detector,elastic-workbench-qr-detector-1,28,"{'data_quality': 551, 'parallelism': 1}",1.72,-1,52,-1
2025-07-04 00:24:44.873081,elastic-workbench-cv-analyzer,elastic-workbench-cv-analyzer-1,243,"{'data_quality': 224, 'model_size': 2, 'parallelism': 1}",5.28,-1,3,-1
2025-07-04 00:24:44.876483,elastic-workbench-pc-visualizer,elastic-workbench-pc-visualizer-1,21,"{'data_quality': 40, 'model_size': 1, 'parallelism': 1}",1.0,-1,46,-1
2025-07-04 00:24:54.870471,elastic-workbench-qr-detector,elastic-workbench-qr-detector-1,28,"{'data_quality': 551, 'parallelism': 1}",1.72,-1,52,-1
2025-07-04 00:24:54.873486,elastic-workbench-cv-analyzer,elastic-workbench-cv-analyzer-1,229,"{'data_quality': 224, 'model_size': 2, 'parallelism': 1}",5.28,-1,4,-1
2025-07-04 00:24:54.876153,elastic-workbench-pc-visualizer,elastic-workbench-pc-visualizer-1,20,"{'data_quality': 40, 'model_size': 1, 'parallelism': 1}",1.0,-1,47,-1
2025-07-04 00:25:04.871073,elastic-workbench-qr-detector,elastic-workbench-qr-detector-1,29,"{'data_quality': 551, 'parallelism': 1}",1.72,-1,52,-1
2025-07-04 00:25:04.873737,elastic-workbench-cv-analyzer,elastic-workbench-cv-analyzer-1,271,"{'data_quality': 224, 'model_size': 2, 'parallelism': 1}",5.28,-1,3,-1
2025-07-04 00:25:04.876538,elastic-workbench-pc-visualizer,elastic-workbench-pc-visualizer-1,21,"{'data_quality': 40, 'model_size': 1, 'parallelism': 1}",1.0,-1,47,-1
2025-07-04 00:25:14.872013,elastic-workbench-qr-detector,elastic-workbench-qr-detector-1,29,"{'data_quality': 551, 'parallelism': 1}",1.72,-1,52,-1
2025-07-04 00:25:14.875276,elastic-workbench-cv-analyzer,elastic-workbench-cv-analyzer-1,209,"{'data_quality': 224, 'model_size': 2, 'parallelism': 1}",5.28,-1,4,-1
2025-07-04 00:25:14.877919,elastic-workbench-pc-visualizer,elastic-workbench-pc-visualizer-1,20,"{'data_quality': 40, 'model_size': 1, 'parallelism': 1}",1.0,-1,47,-1
2025-07-04 00:25:24.873497,elastic-workbench-qr-detector,elastic-workbench-qr-detector-1,29,"{'data_quality': 551, 'parallelism': 1}",1.71,-1,54,-1
2025-07-04 00:25:24.881126,elastic-workbench-cv-analyzer,elastic-workbench-cv-analyzer-1,221,"{'data_quality': 224, 'model_size': 2, 'parallelism': 1}",5.29,-1,4,-1
2025-07-04 00:25:24.884121,elastic-workbench-pc-visualizer,elastic-workbench-pc-visualizer-1,21,"{'data_quality': 40, 'model_size': 1, 'parallelism': 1}",1.0,-1,46,-1
2025-07-04 00:25:34.873291,elastic-workbench-qr-detector,elastic-workbench-qr-detector-1,29,"{'data_quality': 551, 'parallelism': 1}",1.73,-1,57,-1
2025-07-04 00:25:34.876165,elastic-workbench-cv-analyzer,elastic-workbench-cv-analyzer-1,222,"{'data_quality': 224, 'model_size': 2, 'parallelism': 1}",5.27,-1,4,-1
2025-07-04 00:25:34.878775,elastic-workbench-pc-visualizer,elastic-workbench-pc-visualizer-1,21,"{'data_quality': 40, 'model_size': 1, 'parallelism': 1}",1.0,-1,46,-1
2025-07-04 00:25:44.873509,elastic-workbench-qr-detector,elastic-workbench-qr-detector-1,28,"{'data_quality': 551, 'parallelism': 1}",1.75,-1,58,-1
2025-07-04 00:25:44.876471,elastic-workbench-cv-analyzer,elastic-workbench-cv-analyzer-1,197,"{'data_quality': 224, 'model_size': 2, 'parallelism': 1}",5.25,-1,4,-1
2025-07-04 00:25:44.879209,elastic-workbench-pc-visualizer,elastic-workbench-pc-visualizer-1,21,"{'data_quality': 40, 'model_size': 1, 'parallelism': 1}",1.0,-1,45,-1
2025-07-04 00:25:54.873708,elastic-workbench-qr-detector,elastic-workbench-qr-detector-1,29,"{'data_quality': 551, 'parallelism': 1}",1.76,-1,59,-1
2025-07-04 00:25:54.876799,elastic-workbench-cv-analyzer,elastic-workbench-cv-analyzer-1,211,"{'data_quality': 224, 'model_size': 2, 'parallelism': 1}",5.24,-1,4,-1
2025-07-04 00:25:54.884174,elastic-workbench-pc-visualizer,elastic-workbench-pc-visualizer-1,21,"{'data_quality': 40, 'model_size': 1, 'parallelism': 1}",1.0,-1,46,-1
2025-07-04 00:26:04.874360,elastic-workbench-qr-detector,elastic-workbench-qr-detector-1,29,"{'data_quality': 551, 'parallelism': 1}",1.77,-1,60,-1
2025-07-04 00:26:04.877268,elastic-workbench-cv-analyzer,elastic-workbench-cv-analyzer-1,291,"{'data_quality': 224, 'model_size': 2, 'parallelism': 1}",5.23,-1,3,-1
2025-07-04 00:26:04.879891,elastic-workbench-pc-visualizer,elastic-workbench-pc-visualizer-1,21,"{'data_quality': 40, 'model_size': 1, 'parallelism': 1}",1.0,-1,46,-1
2025-07-04 00:26:14.874541,elastic-workbench-qr-detector,elastic-workbench-qr-detector-1,28,"{'data_quality': 551, 'parallelism': 1}",1.78,-1,60,-1
2025-07-04 00:26:14.877515,elastic-workbench-cv-analyzer,elastic-workbench-cv-analyzer-1,206,"{'data_quality': 224, 'model_size': 2, 'parallelism': 1}",5.22,-1,4,-1
2025-07-04 00:26:14.880292,elastic-workbench-pc-visualizer,elastic-workbench-pc-visualizer-1,21,"{'data_quality': 40, 'model_size': 1, 'parallelism': 1}",1.0,-1,46,-1
2025-07-04 00:26:24.875646,elastic-workbench-qr-detector,elastic-workbench-qr-detector-1,28,"{'data_quality': 551, 'parallelism': 1}",1.78,-1,60,-1
2025-07-04 00:26:24.878572,elastic-workbench-cv-analyzer,elastic-workbench-cv-analyzer-1,228,"{'data_quality': 224, 'model_size': 2, 'parallelism': 1}",5.22,-1,4,-1
2025-07-04 00:26:24.881159,elastic-workbench-pc-visualizer,elastic-workbench-pc-visualizer-1,21,"{'data_quality': 40, 'model_size': 1, 'parallelism': 1}",1.0,-1,45,-1
2025-07-04 00:26:34.876290,elastic-workbench-qr-detector,elastic-workbench-qr-detector-1,28,"{'data_quality': 551, 'parallelism': 1}",1.77,-1,60,-1
2025-07-04 00:26:34.879243,elastic-workbench-cv-analyzer,elastic-workbench-cv-analyzer-1,205,"{'data_quality': 224, 'model_size': 2, 'parallelism': 1}",5.23,-1,4,-1
2025-07-04 00:26:34.881804,elastic-workbench-pc-visualizer,elastic-workbench-pc-visualizer-1,21,"{'data_quality': 40, 'model_size': 1, 'parallelism': 1}",1.0,-1,45,-1
2025-07-04 00:26:44.881032,elastic-workbench-qr-detector,elastic-workbench-qr-detector-1,28,"{'data_quality': 551, 'parallelism': 1}",1.77,-1,60,-1
2025-07-04 00:26:44.883932,elastic-workbench-cv-analyzer,elastic-workbench-cv-analyzer-1,206,"{'data_quality': 224, 'model_size': 2, 'parallelism': 1}",5.23,-1,3,-1
2025-07-04 00:26:44.890387,elastic-workbench-pc-visualizer,elastic-workbench-pc-visualizer-1,21,"{'data_quality': 40, 'model_size': 1, 'parallelism': 1}",1.0,-1,47,-1
2025-07-04 00:26:54.878395,elastic-workbench-qr-detector,elastic-workbench-qr-detector-1,28,"{'data_quality': 551, 'parallelism': 1}",1.77,-1,61,-1
2025-07-04 00:26:54.881484,elastic-workbench-cv-analyzer,elastic-workbench-cv-analyzer-1,230,"{'data_quality': 224, 'model_size': 2, 'parallelism': 1}",5.23,-1,3,-1
2025-07-04 00:26:54.884133,elastic-workbench-pc-visualizer,elastic-workbench-pc-visualizer-1,21,"{'data_quality': 40, 'model_size': 1, 'parallelism': 1}",1.0,-1,45,-1
2025-07-04 00:27:04.878936,elastic-workbench-qr-detector,elastic-workbench-qr-detector-1,28,"{'data_quality': 551, 'parallelism': 1}",1.78,-1,62,-1
2025-07-04 00:27:04.881905,elastic-workbench-cv-analyzer,elastic-workbench-cv-analyzer-1,236,"{'data_quality': 224, 'model_size': 2, 'parallelism': 1}",5.22,-1,4,-1
2025-07-04 00:27:04.884506,elastic-workbench-pc-visualizer,elastic-workbench-pc-visualizer-1,21,"{'data_quality': 40, 'model_size': 1, 'parallelism': 1}",1.0,-1,45,-1
2025-07-04 00:27:14.878718,elastic-workbench-qr-detector,elastic-workbench-qr-detector-1,28,"{'data_quality': 551, 'parallelism': 1}",1.79,-1,61,-1
2025-07-04 00:27:14.882254,elastic-workbench-cv-analyzer,elastic-workbench-cv-analyzer-1,238,"{'data_quality': 224, 'model_size': 2, 'parallelism': 1}",5.21,-1,3,-1
2025-07-04 00:27:14.885516,elastic-workbench-pc-visualizer,elastic-workbench-pc-visualizer-1,20,"{'data_quality': 40, 'model_size': 1, 'parallelism': 1}",1.0,-1,47,-1
2025-07-04 00:27:24.879333,elastic-workbench-qr-detector,elastic-workbench-qr-detector-1,28,"{'data_quality': 551, 'parallelism': 1}",1.78,-1,61,-1
2025-07-04 00:27:24.882228,elastic-workbench-cv-analyzer,elastic-workbench-cv-analyzer-1,224,"{'data_quality': 224, 'model_size': 2, 'parallelism': 1}",5.22,-1,4,-1
2025-07-04 00:27:24.884782,elastic-workbench-pc-visualizer,elastic-workbench-pc-visualizer-1,21,"{'data_quality': 40, 'model_size': 1, 'parallelism': 1}",1.0,-1,46,-1
2025-07-04 00:27:34.881586,elastic-workbench-qr-detector,elastic-workbench-qr-detector-1,28,"{'data_quality': 551, 'parallelism': 1}",1.78,-1,62,-1
2025-07-04 00:27:34.885153,elastic-workbench-cv-analyzer,elastic-workbench-cv-analyzer-1,262,"{'data_quality': 224, 'model_size': 2, 'parallelism': 1}",5.22,-1,3,-1
2025-07-04 00:27:34.894464,elastic-workbench-pc-visualizer,elastic-workbench-pc-visualizer-1,20,"{'data_quality': 40, 'model_size': 1, 'parallelism': 1}",1.0,-1,46,-1
2025-07-04 00:27:44.880518,elastic-workbench-qr-detector,elastic-workbench-qr-detector-1,29,"{'data_quality': 551, 'parallelism': 1}",1.78,-1,62,-1
2025-07-04 00:27:44.883500,elastic-workbench-cv-analyzer,elastic-workbench-cv-analyzer-1,221,"{'data_quality': 224, 'model_size': 2, 'parallelism': 1}",5.22,-1,4,-1
2025-07-04 00:27:44.886115,elastic-workbench-pc-visualizer,elastic-workbench-pc-visualizer-1,21,"{'data_quality': 40, 'model_size': 1, 'parallelism': 1}",1.0,-1,46,-1
2025-07-04 00:27:54.880286,elastic-workbench-qr-detector,elastic-workbench-qr-detector-1,29,"{'data_quality': 551, 'parallelism': 1}",1.78,-1,62,-1
2025-07-04 00:27:54.882945,elastic-workbench-cv-analyzer,elastic-workbench-cv-analyzer-1,263,"{'data_quality': 224, 'model_size': 2, 'parallelism': 1}",5.22,-1,3,-1
2025-07-04 00:27:54.885863,elastic-workbench-pc-visualizer,elastic-workbench-pc-visualizer-1,21,"{'data_quality': 40, 'model_size': 1, 'parallelism': 1}",1.0,-1,45,-1
2025-07-04 00:28:04.881936,elastic-workbench-qr-detector,elastic-workbench-qr-detector-1,29,"{'data_quality': 551, 'parallelism': 1}",1.78,-1,61,-1
2025-07-04 00:28:04.885231,elastic-workbench-cv-analyzer,elastic-workbench-cv-analyzer-1,316,"{'data_quality': 224, 'model_size': 2, 'parallelism': 1}",5.22,-1,2,-1
2025-07-04 00:28:04.888662,elastic-workbench-pc-visualizer,elastic-workbench-pc-visualizer-1,21,"{'data_quality': 40, 'model_size': 1, 'parallelism': 1}",1.0,-1,46,-1
2025-07-04 00:28:14.882656,elastic-workbench-qr-detector,elastic-workbench-qr-detector-1,28,"{'data_quality': 551, 'parallelism': 1}",1.77,-1,61,-1
2025-07-04 00:28:14.888718,elastic-workbench-cv-analyzer,elastic-workbench-cv-analyzer-1,230,"{'data_quality': 224, 'model_size': 2, 'parallelism': 1}",5.23,-1,3,-1
2025-07-04 00:28:14.891798,elastic-workbench-pc-visualizer,elastic-workbench-pc-visualizer-1,21,"{'data_quality': 40, 'model_size': 1, 'parallelism': 1}",1.0,-1,45,-1
2025-07-04 00:28:24.885928,elastic-workbench-qr-detector,elastic-workbench-qr-detector-1,28,"{'data_quality': 551, 'parallelism': 1}",1.77,-1,60,-1
2025-07-04 00:28:24.889485,elastic-workbench-cv-analyzer,elastic-workbench-cv-analyzer-1,196,"{'data_quality': 224, 'model_size': 2, 'parallelism': 1}",5.23,-1,4,-1
2025-07-04 00:28:24.893169,elastic-workbench-pc-visualizer,elastic-workbench-pc-visualizer-1,21,"{'data_quality': 40, 'model_size': 1, 'parallelism': 1}",1.0,-1,46,-1
2025-07-04 00:28:34.887747,elastic-workbench-qr-detector,elastic-workbench-qr-detector-1,27,"{'data_quality': 551, 'parallelism': 1}",1.76,-1,60,-1
2025-07-04 00:28:34.896091,elastic-workbench-cv-analyzer,elastic-workbench-cv-analyzer-1,161,"{'data_quality': 224, 'model_size': 2, 'parallelism': 1}",5.24,-1,5,-1
2025-07-04 00:28:34.900604,elastic-workbench-pc-visualizer,elastic-workbench-pc-visualizer-1,20,"{'data_quality': 40, 'model_size': 1, 'parallelism': 1}",1.0,-1,48,-1
2025-07-04 00:28:44.887471,elastic-workbench-qr-detector,elastic-workbench-qr-detector-1,28,"{'data_quality': 551, 'parallelism': 1}",1.76,-1,61,-1
2025-07-04 00:28:44.890313,elastic-workbench-cv-analyzer,elastic-workbench-cv-analyzer-1,189,"{'data_quality': 224, 'model_size': 2, 'parallelism': 1}",5.24,-1,4,-1
2025-07-04 00:28:44.892859,elastic-workbench-pc-visualizer,elastic-workbench-pc-visualizer-1,21,"{'data_quality': 40, 'model_size': 1, 'parallelism': 1}",1.0,-1,45,-1
2025-07-04 00:28:54.888539,elastic-workbench-qr-detector,elastic-workbench-qr-detector-1,28,"{'data_quality': 551, 'parallelism': 1}",1.77,-1,60,-1
2025-07-04 00:28:54.892412,elastic-workbench-cv-analyzer,elastic-workbench-cv-analyzer-1,221,"{'data_quality': 224, 'model_size': 2, 'parallelism': 1}",5.23,-1,4,-1
2025-07-04 00:28:54.896227,elastic-workbench-pc-visualizer,elastic-workbench-pc-visualizer-1,21,"{'data_quality': 40, 'model_size': 1, 'parallelism': 1}",1.0,-1,46,-1
2025-07-04 00:29:04.892400,elastic-workbench-qr-detector,elastic-workbench-qr-detector-1,28,"{'data_quality': 551, 'parallelism': 1}",1.76,-1,60,-1
2025-07-04 00:29:04.902016,elastic-workbench-cv-analyzer,elastic-workbench-cv-analyzer-1,222,"{'data_quality': 224, 'model_size': 2, 'parallelism': 1}",5.24,-1,4,-1
2025-07-04 00:29:04.906322,elastic-workbench-pc-visualizer,elastic-workbench-pc-visualizer-1,21,"{'data_quality': 40, 'model_size': 1, 'parallelism': 1}",1.0,-1,46,-1
2025-07-04 00:29:14.889986,elastic-workbench-qr-detector,elastic-workbench-qr-detector-1,28,"{'data_quality': 551, 'parallelism': 1}",1.76,-1,60,-1
2025-07-04 00:29:14.894290,elastic-workbench-cv-analyzer,elastic-workbench-cv-analyzer-1,213,"{'data_quality': 224, 'model_size': 2, 'parallelism': 1}",5.24,-1,4,-1
2025-07-04 00:29:14.897062,elastic-workbench-pc-visualizer,elastic-workbench-pc-visualizer-1,21,"{'data_quality': 40, 'model_size': 1, 'parallelism': 1}",1.0,-1,46,-1
2025-07-04 00:29:24.890077,elastic-workbench-qr-detector,elastic-workbench-qr-detector-1,29,"{'data_quality': 551, 'parallelism': 1}",1.75,-1,63,-1
2025-07-04 00:29:24.892837,elastic-workbench-cv-analyzer,elastic-workbench-cv-analyzer-1,246,"{'data_quality': 224, 'model_size': 2, 'parallelism': 1}",5.25,-1,4,-1
2025-07-04 00:29:24.896553,elastic-workbench-pc-visualizer,elastic-workbench-pc-visualizer-1,20,"{'data_quality': 40, 'model_size': 1, 'parallelism': 1}",1.0,-1,47,-1
2025-07-04 00:29:34.891624,elastic-workbench-qr-detector,elastic-workbench-qr-detector-1,28,"{'data_quality': 551, 'parallelism': 1}",1.78,-1,63,-1
2025-07-04 00:29:34.894517,elastic-workbench-cv-analyzer,elastic-workbench-cv-analyzer-1,246,"{'data_quality': 224, 'model_size': 2, 'parallelism': 1}",5.22,-1,3,-1
2025-07-04 00:29:34.897168,elastic-workbench-pc-visualizer,elastic-workbench-pc-visualizer-1,21,"{'data_quality': 40, 'model_size': 1, 'parallelism': 1}",1.0,-1,46,-1
2025-07-04 00:29:44.891634,elastic-workbench-qr-detector,elastic-workbench-qr-detector-1,28,"{'data_quality': 551, 'parallelism': 1}",1.78,-1,64,-1
2025-07-04 00:29:44.894634,elastic-workbench-cv-analyzer,elastic-workbench-cv-analyzer-1,199,"{'data_quality': 224, 'model_size': 2, 'parallelism': 1}",5.22,-1,4,-1
2025-07-04 00:29:44.897241,elastic-workbench-pc-visualizer,elastic-workbench-pc-visualizer-1,21,"{'data_quality': 40, 'model_size': 1, 'parallelism': 1}",1.0,-1,46,-1
2025-07-04 00:29:54.891800,elastic-workbench-qr-detector,elastic-workbench-qr-detector-1,29,"{'data_quality': 551, 'parallelism': 1}",1.8,-1,65,-1
2025-07-04 00:29:54.895547,elastic-workbench-cv-analyzer,elastic-workbench-cv-analyzer-1,109,"{'data_quality': 224, 'model_size': 1, 'parallelism': 1}",5.2,-1,7,-1
2025-07-04 00:29:54.899238,elastic-workbench-pc-visualizer,elastic-workbench-pc-visualizer-1,21,"{'data_quality': 40, 'model_size': 1, 'parallelism': 1}",1.0,-1,45,-1
2025-07-04 00:30:04.892256,elastic-workbench-qr-detector,elastic-workbench-qr-detector-1,27,"{'data_quality': 551, 'parallelism': 1}",1.81,-1,66,-1
2025-07-04 00:30:04.895390,elastic-workbench-cv-analyzer,elastic-workbench-cv-analyzer-1,101,"{'data_quality': 224, 'model_size': 1, 'parallelism': 1}",5.19,-1,7,-1
2025-07-04 00:30:04.898028,elastic-workbench-pc-visualizer,elastic-workbench-pc-visualizer-1,20,"{'data_quality': 40, 'model_size': 1, 'parallelism': 1}",1.0,-1,47,-1
2025-07-04 00:30:14.892798,elastic-workbench-qr-detector,elastic-workbench-qr-detector-1,28,"{'data_quality': 551, 'parallelism': 1}",1.81,-1,66,-1
2025-07-04 00:30:14.895690,elastic-workbench-cv-analyzer,elastic-workbench-cv-analyzer-1,107,"{'data_quality': 224, 'model_size': 1, 'parallelism': 1}",5.19,-1,6,-1
2025-07-04 00:30:14.900146,elastic-workbench-pc-visualizer,elastic-workbench-pc-visualizer-1,22,"{'data_quality': 40, 'model_size': 1, 'parallelism': 1}",1.0,-1,45,-1
2025-07-04 00:30:24.894307,elastic-workbench-qr-detector,elastic-workbench-qr-detector-1,27,"{'data_quality': 551, 'parallelism': 1}",1.8,-1,67,-1
2025-07-04 00:30:24.897901,elastic-workbench-cv-analyzer,elastic-workbench-cv-analyzer-1,122,"{'data_quality': 224, 'model_size': 1, 'parallelism': 1}",5.2,-1,6,-1
2025-07-04 00:30:24.901204,elastic-workbench-pc-visualizer,elastic-workbench-pc-visualizer-1,21,"{'data_quality': 40, 'model_size': 1, 'parallelism': 1}",1.0,-1,46,-1
2025-07-04 00:30:34.894121,elastic-workbench-qr-detector,elastic-workbench-qr-detector-1,28,"{'data_quality': 551, 'parallelism': 1}",1.81,-1,68,-1
2025-07-04 00:30:34.897062,elastic-workbench-cv-analyzer,elastic-workbench-cv-analyzer-1,93,"{'data_quality': 224, 'model_size': 1, 'parallelism': 1}",5.19,-1,7,-1
2025-07-04 00:30:34.899661,elastic-workbench-pc-visualizer,elastic-workbench-pc-visualizer-1,21,"{'data_quality': 40, 'model_size': 1, 'parallelism': 1}",1.0,-1,46,-1
2025-07-04 00:30:44.894675,elastic-workbench-qr-detector,elastic-workbench-qr-detector-1,28,"{'data_quality': 551, 'parallelism': 1}",1.82,-1,67,-1
2025-07-04 00:30:44.897553,elastic-workbench-cv-analyzer,elastic-workbench-cv-analyzer-1,112,"{'data_quality': 224, 'model_size': 1, 'parallelism': 1}",5.18,-1,7,-1
2025-07-04 00:30:44.900238,elastic-workbench-pc-visualizer,elastic-workbench-pc-visualizer-1,20,"{'data_quality': 40, 'model_size': 1, 'parallelism': 1}",1.0,-1,47,-1
2025-07-04 00:30:54.895741,elastic-workbench-qr-detector,elastic-workbench-qr-detector-1,28,"{'data_quality': 551, 'parallelism': 1}",1.81,-1,65,-1
2025-07-04 00:30:54.899496,elastic-workbench-cv-analyzer,elastic-workbench-cv-analyzer-1,122,"{'data_quality': 224, 'model_size': 1, 'parallelism': 1}",5.19,-1,6,-1
2025-07-04 00:30:54.909318,elastic-workbench-pc-visualizer,elastic-workbench-pc-visualizer-1,21,"{'data_quality': 40, 'model_size': 1, 'parallelism': 1}",1.0,-1,46,-1
2025-07-04 00:31:04.895345,elastic-workbench-qr-detector,elastic-workbench-qr-detector-1,28,"{'data_quality': 551, 'parallelism': 1}",1.8,-1,65,-1
2025-07-04 00:31:04.898303,elastic-workbench-cv-analyzer,elastic-workbench-cv-analyzer-1,133,"{'data_quality': 224, 'model_size': 1, 'parallelism': 1}",5.2,-1,6,-1
2025-07-04 00:31:04.901110,elastic-workbench-pc-visualizer,elastic-workbench-pc-visualizer-1,21,"{'data_quality': 40, 'model_size': 1, 'parallelism': 1}",1.0,-1,45,-1
2025-07-04 00:31:14.896288,elastic-workbench-qr-detector,elastic-workbench-qr-detector-1,28,"{'data_quality': 551, 'parallelism': 1}",1.79,-1,65,-1
2025-07-04 00:31:14.900215,elastic-workbench-cv-analyzer,elastic-workbench-cv-analyzer-1,132,"{'data_quality': 224, 'model_size': 1, 'parallelism': 1}",5.21,-1,6,-1
2025-07-04 00:31:14.902742,elastic-workbench-pc-visualizer,elastic-workbench-pc-visualizer-1,20,"{'data_quality': 40, 'model_size': 1, 'parallelism': 1}",1.0,-1,48,-1
2025-07-04 00:31:24.896674,elastic-workbench-qr-detector,elastic-workbench-qr-detector-1,27,"{'data_quality': 551, 'parallelism': 1}",1.8,-1,66,-1
2025-07-04 00:31:24.905992,elastic-workbench-cv-analyzer,elastic-workbench-cv-analyzer-1,93,"{'data_quality': 224, 'model_size': 1, 'parallelism': 1}",5.2,-1,7,-1
2025-07-04 00:31:24.908783,elastic-workbench-pc-visualizer,elastic-workbench-pc-visualizer-1,20,"{'data_quality': 40, 'model_size': 1, 'parallelism': 1}",1.0,-1,47,-1
2025-07-04 00:31:34.897237,elastic-workbench-qr-detector,elastic-workbench-qr-detector-1,27,"{'data_quality': 551, 'parallelism': 1}",1.8,-1,66,-1
2025-07-04 00:31:34.899838,elastic-workbench-cv-analyzer,elastic-workbench-cv-analyzer-1,107,"{'data_quality': 224, 'model_size': 1, 'parallelism': 1}",5.2,-1,7,-1
2025-07-04 00:31:34.902603,elastic-workbench-pc-visualizer,elastic-workbench-pc-visualizer-1,20,"{'data_quality': 40, 'model_size': 1, 'parallelism': 1}",1.0,-1,48,-1
2025-07-04 00:31:44.897939,elastic-workbench-qr-detector,elastic-workbench-qr-detector-1,27,"{'data_quality': 551, 'parallelism': 1}",1.8,-1,66,-1
2025-07-04 00:31:44.901017,elastic-workbench-cv-analyzer,elastic-workbench-cv-analyzer-1,102,"{'data_quality': 224, 'model_size': 1, 'parallelism': 1}",5.2,-1,7,-1
2025-07-04 00:31:44.903605,elastic-workbench-pc-visualizer,elastic-workbench-pc-visualizer-1,20,"{'data_quality': 40, 'model_size': 1, 'parallelism': 1}",1.0,-1,48,-1
2025-07-04 00:31:54.899780,elastic-workbench-qr-detector,elastic-workbench-qr-detector-1,29,"{'data_quality': 551, 'parallelism': 1}",1.8,-1,66,-1
2025-07-04 00:31:54.902708,elastic-workbench-cv-analyzer,elastic-workbench-cv-analyzer-1,92,"{'data_quality': 224, 'model_size': 1, 'parallelism': 1}",5.2,-1,7,-1
2025-07-04 00:31:54.905326,elastic-workbench-pc-visualizer,elastic-workbench-pc-visualizer-1,20,"{'data_quality': 40, 'model_size': 1, 'parallelism': 1}",1.0,-1,48,-1
2025-07-04 00:32:04.899209,elastic-workbench-qr-detector,elastic-workbench-qr-detector-1,29,"{'data_quality': 551, 'parallelism': 1}",1.82,-1,66,-1
2025-07-04 00:32:04.902682,elastic-workbench-cv-analyzer,elastic-workbench-cv-analyzer-1,108,"{'data_quality': 224, 'model_size': 1, 'parallelism': 1}",5.18,-1,7,-1
2025-07-04 00:32:04.905758,elastic-workbench-pc-visualizer,elastic-workbench-pc-visualizer-1,20,"{'data_quality': 40, 'model_size': 1, 'parallelism': 1}",1.0,-1,47,-1
2025-07-04 00:32:14.900261,elastic-workbench-qr-detector,elastic-workbench-qr-detector-1,27,"{'data_quality': 551, 'parallelism': 1}",1.84,-1,69,-1
2025-07-04 00:32:14.906582,elastic-workbench-cv-analyzer,elastic-workbench-cv-analyzer-1,139,"{'data_quality': 224, 'model_size': 1, 'parallelism': 1}",5.16,-1,6,-1
2025-07-04 00:32:14.912556,elastic-workbench-pc-visualizer,elastic-workbench-pc-visualizer-1,21,"{'data_quality': 40, 'model_size': 1, 'parallelism': 1}",1.0,-1,47,-1
2025-07-04 00:32:24.901187,elastic-workbench-qr-detector,elastic-workbench-qr-detector-1,27,"{'data_quality': 551, 'parallelism': 1}",1.83,-1,69,-1
2025-07-04 00:32:24.905094,elastic-workbench-cv-analyzer,elastic-workbench-cv-analyzer-1,104,"{'data_quality': 224, 'model_size': 1, 'parallelism': 1}",5.17,-1,7,-1
2025-07-04 00:32:24.908118,elastic-workbench-pc-visualizer,elastic-workbench-pc-visualizer-1,21,"{'data_quality': 40, 'model_size': 1, 'parallelism': 1}",1.0,-1,46,-1
2025-07-04 00:32:34.901135,elastic-workbench-qr-detector,elastic-workbench-qr-detector-1,28,"{'data_quality': 551, 'parallelism': 1}",1.83,-1,69,-1
2025-07-04 00:32:34.909601,elastic-workbench-cv-analyzer,elastic-workbench-cv-analyzer-1,127,"{'data_quality': 224, 'model_size': 1, 'parallelism': 1}",5.17,-1,7,-1
2025-07-04 00:32:34.913403,elastic-workbench-pc-visualizer,elastic-workbench-pc-visualizer-1,21,"{'data_quality': 40, 'model_size': 1, 'parallelism': 1}",1.0,-1,46,-1
2025-07-04 00:32:44.903904,elastic-workbench-qr-detector,elastic-workbench-qr-detector-1,28,"{'data_quality': 551, 'parallelism': 1}",1.84,-1,69,-1
2025-07-04 00:32:44.907071,elastic-workbench-cv-analyzer,elastic-workbench-cv-analyzer-1,111,"{'data_quality': 224, 'model_size': 1, 'parallelism': 1}",5.16,-1,6,-1
2025-07-04 00:32:44.909952,elastic-workbench-pc-visualizer,elastic-workbench-pc-visualizer-1,19,"{'data_quality': 40, 'model_size': 1, 'parallelism': 1}",1.0,-1,48,-1
2025-07-04 00:32:54.902422,elastic-workbench-qr-detector,elastic-workbench-qr-detector-1,29,"{'data_quality': 551, 'parallelism': 1}",1.84,-1,67,-1
2025-07-04 00:32:54.905229,elastic-workbench-cv-analyzer,elastic-workbench-cv-analyzer-1,100,"{'data_quality': 224, 'model_size': 1, 'parallelism': 1}",5.16,-1,7,-1
2025-07-04 00:32:54.908026,elastic-workbench-pc-visualizer,elastic-workbench-pc-visualizer-1,19,"{'data_quality': 40, 'model_size': 1, 'parallelism': 1}",1.0,-1,49,-1
2025-07-04 00:33:04.903769,elastic-workbench-qr-detector,elastic-workbench-qr-detector-1,29,"{'data_quality': 551, 'parallelism': 1}",1.84,-1,68,-1
2025-07-04 00:33:04.906851,elastic-workbench-cv-analyzer,elastic-workbench-cv-analyzer-1,123,"{'data_quality': 224, 'model_size': 1, 'parallelism': 1}",5.16,-1,6,-1
2025-07-04 00:33:04.909434,elastic-workbench-pc-visualizer,elastic-workbench-pc-visualizer-1,20,"{'data_quality': 40, 'model_size': 1, 'parallelism': 1}",1.0,-1,48,-1
2025-07-04 00:33:14.904934,elastic-workbench-qr-detector,elastic-workbench-qr-detector-1,29,"{'data_quality': 551, 'parallelism': 1}",1.83,-1,68,-1
2025-07-04 00:33:14.907576,elastic-workbench-cv-analyzer,elastic-workbench-cv-analyzer-1,105,"{'data_quality': 224, 'model_size': 1, 'parallelism': 1}",5.17,-1,6,-1
2025-07-04 00:33:14.910400,elastic-workbench-pc-visualizer,elastic-workbench-pc-visualizer-1,20,"{'data_quality': 40, 'model_size': 1, 'parallelism': 1}",1.0,-1,47,-1
2025-07-04 00:33:24.904916,elastic-workbench-qr-detector,elastic-workbench-qr-detector-1,29,"{'data_quality': 551, 'parallelism': 1}",1.84,-1,67,-1
2025-07-04 00:33:24.907516,elastic-workbench-cv-analyzer,elastic-workbench-cv-analyzer-1,108,"{'data_quality': 224, 'model_size': 1, 'parallelism': 1}",5.16,-1,6,-1
2025-07-04 00:33:24.910261,elastic-workbench-pc-visualizer,elastic-workbench-pc-visualizer-1,20,"{'data_quality': 40, 'model_size': 1, 'parallelism': 1}",1.0,-1,46,-1
2025-07-04 00:33:34.906240,elastic-workbench-qr-detector,elastic-workbench-qr-detector-1,29,"{'data_quality': 551, 'parallelism': 1}",1.84,-1,67,-1
2025-07-04 00:33:34.909089,elastic-workbench-cv-analyzer,elastic-workbench-cv-analyzer-1,148,"{'data_quality': 224, 'model_size': 1, 'parallelism': 1}",5.16,-1,6,-1
2025-07-04 00:33:34.911604,elastic-workbench-pc-visualizer,elastic-workbench-pc-visualizer-1,21,"{'data_quality': 40, 'model_size': 1, 'parallelism': 1}",1.0,-1,47,-1
2025-07-04 00:33:44.906745,elastic-workbench-qr-detector,elastic-workbench-qr-detector-1,29,"{'data_quality': 551, 'parallelism': 1}",1.84,-1,66,-1
2025-07-04 00:33:44.909581,elastic-workbench-cv-analyzer,elastic-workbench-cv-analyzer-1,108,"{'data_quality': 224, 'model_size': 1, 'parallelism': 1}",5.16,-1,7,-1
2025-07-04 00:33:44.912399,elastic-workbench-pc-visualizer,elastic-workbench-pc-visualizer-1,21,"{'data_quality': 40, 'model_size': 1, 'parallelism': 1}",1.0,-1,46,-1
2025-07-04 00:33:54.908310,elastic-workbench-qr-detector,elastic-workbench-qr-detector-1,30,"{'data_quality': 551, 'parallelism': 1}",1.83,-1,66,-1
2025-07-04 00:33:54.911424,elastic-workbench-cv-analyzer,elastic-workbench-cv-analyzer-1,91,"{'data_quality': 224, 'model_size': 1, 'parallelism': 1}",5.17,-1,6,-1
2025-07-04 00:33:54.917281,elastic-workbench-pc-visualizer,elastic-workbench-pc-visualizer-1,21,"{'data_quality': 40, 'model_size': 1, 'parallelism': 1}",1.0,-1,46,-1
2025-07-04 00:34:04.908248,elastic-workbench-qr-detector,elastic-workbench-qr-detector-1,28,"{'data_quality': 551, 'parallelism': 1}",1.84,-1,68,-1
2025-07-04 00:34:04.911379,elastic-workbench-cv-analyzer,elastic-workbench-cv-analyzer-1,122,"{'data_quality': 224, 'model_size': 1, 'parallelism': 1}",5.16,-1,6,-1
2025-07-04 00:34:04.920266,elastic-workbench-pc-visualizer,elastic-workbench-pc-visualizer-1,20,"{'data_quality': 40, 'model_size': 1, 'parallelism': 1}",1.0,-1,48,-1
2025-07-04 00:34:14.913441,elastic-workbench-qr-detector,elastic-workbench-qr-detector-1,29,"{'data_quality': 551, 'parallelism': 1}",1.85,-1,68,-1
2025-07-04 00:34:14.922748,elastic-workbench-cv-analyzer,elastic-workbench-cv-analyzer-1,117,"{'data_quality': 224, 'model_size': 1, 'parallelism': 1}",5.15,-1,6,-1
2025-07-04 00:34:14.925570,elastic-workbench-pc-visualizer,elastic-workbench-pc-visualizer-1,20,"{'data_quality': 40, 'model_size': 1, 'parallelism': 1}",1.0,-1,47,-1
2025-07-04 00:34:24.909327,elastic-workbench-qr-detector,elastic-workbench-qr-detector-1,28,"{'data_quality': 551, 'parallelism': 1}",1.87,-1,70,-1
2025-07-04 00:34:24.912023,elastic-workbench-cv-analyzer,elastic-workbench-cv-analyzer-1,135,"{'data_quality': 224, 'model_size': 1, 'parallelism': 1}",5.13,-1,6,-1
2025-07-04 00:34:24.920251,elastic-workbench-pc-visualizer,elastic-workbench-pc-visualizer-1,20,"{'data_quality': 40, 'model_size': 1, 'parallelism': 1}",1.0,-1,47,-1
2025-07-04 00:34:34.909524,elastic-workbench-qr-detector,elastic-workbench-qr-detector-1,28,"{'data_quality': 551, 'parallelism': 1}",1.88,-1,69,-1
2025-07-04 00:34:34.912595,elastic-workbench-cv-analyzer,elastic-workbench-cv-analyzer-1,110,"{'data_quality': 224, 'model_size': 1, 'parallelism': 1}",5.12,-1,8,-1
2025-07-04 00:34:34.919089,elastic-workbench-pc-visualizer,elastic-workbench-pc-visualizer-1,21,"{'data_quality': 40, 'model_size': 1, 'parallelism': 1}",1.0,-1,46,-1
2025-07-04 00:34:44.909716,elastic-workbench-qr-detector,elastic-workbench-qr-detector-1,29,"{'data_quality': 551, 'parallelism': 1}",1.89,-1,67,-1
2025-07-04 00:34:44.912798,elastic-workbench-cv-analyzer,elastic-workbench-cv-analyzer-1,135,"{'data_quality': 224, 'model_size': 1, 'parallelism': 1}",5.11,-1,6,-1
2025-07-04 00:34:44.918253,elastic-workbench-pc-visualizer,elastic-workbench-pc-visualizer-1,21,"{'data_quality': 40, 'model_size': 1, 'parallelism': 1}",1.0,-1,46,-1
2025-07-04 00:34:54.911025,elastic-workbench-qr-detector,elastic-workbench-qr-detector-1,29,"{'data_quality': 551, 'parallelism': 1}",1.91,-1,68,-1
2025-07-04 00:34:54.917272,elastic-workbench-cv-analyzer,elastic-workbench-cv-analyzer-1,103,"{'data_quality': 224, 'model_size': 1, 'parallelism': 1}",5.09,-1,8,-1
2025-07-04 00:34:54.921742,elastic-workbench-pc-visualizer,elastic-workbench-pc-visualizer-1,21,"{'data_quality': 40, 'model_size': 1, 'parallelism': 1}",1.0,-1,46,-1
2025-07-04 00:35:04.911531,elastic-workbench-qr-detector,elastic-workbench-qr-detector-1,28,"{'data_quality': 551, 'parallelism': 1}",1.9,-1,68,-1
2025-07-04 00:35:04.920268,elastic-workbench-cv-analyzer,elastic-workbench-cv-analyzer-1,124,"{'data_quality': 224, 'model_size': 1, 'parallelism': 1}",5.1,-1,7,-1
2025-07-04 00:35:04.932734,elastic-workbench-pc-visualizer,elastic-workbench-pc-visualizer-1,20,"{'data_quality': 40, 'model_size': 1, 'parallelism': 1}",1.0,-1,47,-1
2025-07-04 00:35:14.911926,elastic-workbench-qr-detector,elastic-workbench-qr-detector-1,28,"{'data_quality': 551, 'parallelism': 1}",1.89,-1,69,-1
2025-07-04 00:35:14.920701,elastic-workbench-cv-analyzer,elastic-workbench-cv-analyzer-1,107,"{'data_quality': 224, 'model_size': 1, 'parallelism': 1}",5.11,-1,7,-1
2025-07-04 00:35:14.926435,elastic-workbench-pc-visualizer,elastic-workbench-pc-visualizer-1,21,"{'data_quality': 40, 'model_size': 1, 'parallelism': 1}",1.0,-1,47,-1
2025-07-04 00:35:24.920301,elastic-workbench-qr-detector,elastic-workbench-qr-detector-1,28,"{'data_quality': 551, 'parallelism': 1}",1.9,-1,69,-1
2025-07-04 00:35:24.927090,elastic-workbench-cv-analyzer,elastic-workbench-cv-analyzer-1,118,"{'data_quality': 224, 'model_size': 1, 'parallelism': 1}",5.1,-1,7,-1
2025-07-04 00:35:24.929768,elastic-workbench-pc-visualizer,elastic-workbench-pc-visualizer-1,21,"{'data_quality': 40, 'model_size': 1, 'parallelism': 1}",1.0,-1,46,-1
2025-07-04 00:35:34.923299,elastic-workbench-qr-detector,elastic-workbench-qr-detector-1,27,"{'data_quality': 551, 'parallelism': 1}",1.91,-1,70,-1
2025-07-04 00:35:34.929735,elastic-workbench-cv-analyzer,elastic-workbench-cv-analyzer-1,123,"{'data_quality': 224, 'model_size': 1, 'parallelism': 1}",5.09,-1,7,-1
2025-07-04 00:35:34.932351,elastic-workbench-pc-visualizer,elastic-workbench-pc-visualizer-1,21,"{'data_quality': 40, 'model_size': 1, 'parallelism': 1}",1.0,-1,46,-1
2025-07-04 00:35:44.920291,elastic-workbench-qr-detector,elastic-workbench-qr-detector-1,28,"{'data_quality': 551, 'parallelism': 1}",1.91,-1,70,-1
2025-07-04 00:35:44.923655,elastic-workbench-cv-analyzer,elastic-workbench-cv-analyzer-1,116,"{'data_quality': 224, 'model_size': 1, 'parallelism': 1}",5.09,-1,7,-1
2025-07-04 00:35:44.926415,elastic-workbench-pc-visualizer,elastic-workbench-pc-visualizer-1,20,"{'data_quality': 40, 'model_size': 1, 'parallelism': 1}",1.0,-1,48,-1
2025-07-04 00:35:54.921338,elastic-workbench-qr-detector,elastic-workbench-qr-detector-1,28,"{'data_quality': 551, 'parallelism': 1}",1.92,-1,70,-1
2025-07-04 00:35:54.924301,elastic-workbench-cv-analyzer,elastic-workbench-cv-analyzer-1,111,"{'data_quality': 224, 'model_size': 1, 'parallelism': 1}",5.08,-1,7,-1
2025-07-04 00:35:54.926993,elastic-workbench-pc-visualizer,elastic-workbench-pc-visualizer-1,20,"{'data_quality': 40, 'model_size': 1, 'parallelism': 1}",1.0,-1,46,-1
2025-07-04 00:36:04.921740,elastic-workbench-qr-detector,elastic-workbench-qr-detector-1,27,"{'data_quality': 551, 'parallelism': 1}",1.93,-1,71,-1
2025-07-04 00:36:04.927725,elastic-workbench-cv-analyzer,elastic-workbench-cv-analyzer-1,140,"{'data_quality': 224, 'model_size': 1, 'parallelism': 1}",5.07,-1,6,-1
2025-07-04 00:36:04.930690,elastic-workbench-pc-visualizer,elastic-workbench-pc-visualizer-1,20,"{'data_quality': 40, 'model_size': 1, 'parallelism': 1}",1.0,-1,47,-1
2025-07-04 00:36:14.924173,elastic-workbench-qr-detector,elastic-workbench-qr-detector-1,27,"{'data_quality': 551, 'parallelism': 1}",1.94,-1,70,-1
2025-07-04 00:36:14.927004,elastic-workbench-cv-analyzer,elastic-workbench-cv-analyzer-1,103,"{'data_quality': 224, 'model_size': 1, 'parallelism': 1}",5.06,-1,7,-1
2025-07-04 00:36:14.929779,elastic-workbench-pc-visualizer,elastic-workbench-pc-visualizer-1,20,"{'data_quality': 40, 'model_size': 1, 'parallelism': 1}",1.0,-1,48,-1
2025-07-04 00:36:24.951384,elastic-workbench-qr-detector,elastic-workbench-qr-detector-1,27,"{'data_quality': 551, 'parallelism': 1}",1.94,-1,71,-1
2025-07-04 00:36:24.956558,elastic-workbench-cv-analyzer,elastic-workbench-cv-analyzer-1,116,"{'data_quality': 224, 'model_size': 1, 'parallelism': 1}",5.06,-1,7,-1
2025-07-04 00:36:24.959333,elastic-workbench-pc-visualizer,elastic-workbench-pc-visualizer-1,21,"{'data_quality': 40, 'model_size': 1, 'parallelism': 1}",1.0,-1,46,-1
2025-07-04 00:36:34.928282,elastic-workbench-qr-detector,elastic-workbench-qr-detector-1,28,"{'data_quality': 551, 'parallelism': 1}",1.93,-1,71,-1
2025-07-04 00:36:34.931335,elastic-workbench-cv-analyzer,elastic-workbench-cv-analyzer-1,116,"{'data_quality': 224, 'model_size': 1, 'parallelism': 1}",5.07,-1,7,-1
2025-07-04 00:36:34.934868,elastic-workbench-pc-visualizer,elastic-workbench-pc-visualizer-1,21,"{'data_quality': 40, 'model_size': 1, 'parallelism': 1}",1.0,-1,45,-1
2025-07-04 00:36:44.918652,elastic-workbench-qr-detector,elastic-workbench-qr-detector-1,27,"{'data_quality': 551, 'parallelism': 1}",1.93,-1,71,-1
2025-07-04 00:36:44.927017,elastic-workbench-cv-analyzer,elastic-workbench-cv-analyzer-1,116,"{'data_quality': 224, 'model_size': 1, 'parallelism': 1}",5.07,-1,7,-1
2025-07-04 00:36:44.929392,elastic-workbench-pc-visualizer,elastic-workbench-pc-visualizer-1,21,"{'data_quality': 40, 'model_size': 1, 'parallelism': 1}",1.0,-1,46,-1
2025-07-04 00:36:54.924302,elastic-workbench-qr-detector,elastic-workbench-qr-detector-1,27,"{'data_quality': 551, 'parallelism': 1}",1.94,-1,70,-1
2025-07-04 00:36:54.930128,elastic-workbench-cv-analyzer,elastic-workbench-cv-analyzer-1,113,"{'data_quality': 224, 'model_size': 1, 'parallelism': 1}",5.06,-1,7,-1
2025-07-04 00:36:54.937356,elastic-workbench-pc-visualizer,elastic-workbench-pc-visualizer-1,21,"{'data_quality': 40, 'model_size': 1, 'parallelism': 1}",1.0,-1,46,-1
2025-07-04 00:37:04.924120,elastic-workbench-qr-detector,elastic-workbench-qr-detector-1,27,"{'data_quality': 551, 'parallelism': 1}",1.93,-1,72,-1
2025-07-04 00:37:04.927611,elastic-workbench-cv-analyzer,elastic-workbench-cv-analyzer-1,116,"{'data_quality': 224, 'model_size': 1, 'parallelism': 1}",5.07,-1,7,-1
2025-07-04 00:37:04.931407,elastic-workbench-pc-visualizer,elastic-workbench-pc-visualizer-1,21,"{'data_quality': 40, 'model_size': 1, 'parallelism': 1}",1.0,-1,46,-1
2025-07-04 00:37:14.920873,elastic-workbench-qr-detector,elastic-workbench-qr-detector-1,28,"{'data_quality': 551, 'parallelism': 1}",1.92,-1,70,-1
2025-07-04 00:37:14.924976,elastic-workbench-cv-analyzer,elastic-workbench-cv-analyzer-1,111,"{'data_quality': 224, 'model_size': 1, 'parallelism': 1}",5.08,-1,7,-1
2025-07-04 00:37:14.927895,elastic-workbench-pc-visualizer,elastic-workbench-pc-visualizer-1,20,"{'data_quality': 40, 'model_size': 1, 'parallelism': 1}",1.0,-1,49,-1
2025-07-04 00:37:24.927623,elastic-workbench-qr-detector,elastic-workbench-qr-detector-1,28,"{'data_quality': 551, 'parallelism': 1}",1.92,-1,71,-1
2025-07-04 00:37:24.939439,elastic-workbench-cv-analyzer,elastic-workbench-cv-analyzer-1,97,"{'data_quality': 224, 'model_size': 1, 'parallelism': 1}",5.08,-1,7,-1
2025-07-04 00:37:24.944745,elastic-workbench-pc-visualizer,elastic-workbench-pc-visualizer-1,21,"{'data_quality': 40, 'model_size': 1, 'parallelism': 1}",1.0,-1,45,-1
2025-07-04 00:37:34.928988,elastic-workbench-qr-detector,elastic-workbench-qr-detector-1,28,"{'data_quality': 551, 'parallelism': 1}",1.92,-1,69,-1
2025-07-04 00:37:34.934596,elastic-workbench-cv-analyzer,elastic-workbench-cv-analyzer-1,128,"{'data_quality': 224, 'model_size': 1, 'parallelism': 1}",5.08,-1,7,-1
2025-07-04 00:37:34.937636,elastic-workbench-pc-visualizer,elastic-workbench-pc-visualizer-1,21,"{'data_quality': 40, 'model_size': 1, 'parallelism': 1}",1.0,-1,46,-1
2025-07-04 00:37:44.927875,elastic-workbench-qr-detector,elastic-workbench-qr-detector-1,28,"{'data_quality': 551, 'parallelism': 1}",1.91,-1,69,-1
2025-07-04 00:37:44.931103,elastic-workbench-cv-analyzer,elastic-workbench-cv-analyzer-1,115,"{'data_quality': 224, 'model_size': 1, 'parallelism': 1}",5.09,-1,7,-1
2025-07-04 00:37:44.933598,elastic-workbench-pc-visualizer,elastic-workbench-pc-visualizer-1,21,"{'data_quality': 40, 'model_size': 1, 'parallelism': 1}",1.0,-1,46,-1
2025-07-04 00:37:54.934536,elastic-workbench-qr-detector,elastic-workbench-qr-detector-1,27,"{'data_quality': 551, 'parallelism': 1}",1.92,-1,70,-1
2025-07-04 00:37:54.937890,elastic-workbench-cv-analyzer,elastic-workbench-cv-analyzer-1,105,"{'data_quality': 224, 'model_size': 1, 'parallelism': 1}",5.08,-1,7,-1
2025-07-04 00:37:54.940558,elastic-workbench-pc-visualizer,elastic-workbench-pc-visualizer-1,20,"{'data_quality': 40, 'model_size': 1, 'parallelism': 1}",1.0,-1,47,-1
2025-07-04 00:38:04.927688,elastic-workbench-qr-detector,elastic-workbench-qr-detector-1,28,"{'data_quality': 551, 'parallelism': 1}",1.93,-1,70,-1
2025-07-04 00:38:04.930801,elastic-workbench-cv-analyzer,elastic-workbench-cv-analyzer-1,106,"{'data_quality': 224, 'model_size': 1, 'parallelism': 1}",5.07,-1,7,-1
2025-07-04 00:38:04.933834,elastic-workbench-pc-visualizer,elastic-workbench-pc-visualizer-1,20,"{'data_quality': 40, 'model_size': 1, 'parallelism': 1}",1.0,-1,48,-1
2025-07-04 00:38:14.930926,elastic-workbench-qr-detector,elastic-workbench-qr-detector-1,27,"{'data_quality': 551, 'parallelism': 1}",1.93,-1,71,-1
2025-07-04 00:38:14.937762,elastic-workbench-cv-analyzer,elastic-workbench-cv-analyzer-1,103,"{'data_quality': 224, 'model_size': 1, 'parallelism': 1}",5.07,-1,8,-1
2025-07-04 00:38:14.940354,elastic-workbench-pc-visualizer,elastic-workbench-pc-visualizer-1,20,"{'data_quality': 40, 'model_size': 1, 'parallelism': 1}",1.0,-1,47,-1
2025-07-04 00:38:24.930457,elastic-workbench-qr-detector,elastic-workbench-qr-detector-1,27,"{'data_quality': 551, 'parallelism': 1}",1.95,-1,72,-1
2025-07-04 00:38:24.935918,elastic-workbench-cv-analyzer,elastic-workbench-cv-analyzer-1,124,"{'data_quality': 224, 'model_size': 1, 'parallelism': 1}",5.05,-1,6,-1
2025-07-04 00:38:24.944662,elastic-workbench-pc-visualizer,elastic-workbench-pc-visualizer-1,21,"{'data_quality': 40, 'model_size': 1, 'parallelism': 1}",1.0,-1,46,-1
2025-07-04 00:38:34.930726,elastic-workbench-qr-detector,elastic-workbench-qr-detector-1,27,"{'data_quality': 551, 'parallelism': 1}",1.96,-1,73,-1
2025-07-04 00:38:34.935982,elastic-workbench-cv-analyzer,elastic-workbench-cv-analyzer-1,128,"{'data_quality': 224, 'model_size': 1, 'parallelism': 1}",5.04,-1,7,-1
2025-07-04 00:38:34.938600,elastic-workbench-pc-visualizer,elastic-workbench-pc-visualizer-1,20,"{'data_quality': 40, 'model_size': 1, 'parallelism': 1}",1.0,-1,47,-1
2025-07-04 00:38:44.935805,elastic-workbench-qr-detector,elastic-workbench-qr-detector-1,26,"{'data_quality': 551, 'parallelism': 1}",1.96,-1,73,-1
2025-07-04 00:38:44.938467,elastic-workbench-cv-analyzer,elastic-workbench-cv-analyzer-1,118,"{'data_quality': 224, 'model_size': 1, 'parallelism': 1}",5.04,-1,7,-1
2025-07-04 00:38:44.941178,elastic-workbench-pc-visualizer,elastic-workbench-pc-visualizer-1,21,"{'data_quality': 40, 'model_size': 1, 'parallelism': 1}",1.0,-1,46,-1
2025-07-04 00:38:54.935579,elastic-workbench-qr-detector,elastic-workbench-qr-detector-1,27,"{'data_quality': 551, 'parallelism': 1}",1.97,-1,72,-1
2025-07-04 00:38:54.946226,elastic-workbench-cv-analyzer,elastic-workbench-cv-analyzer-1,114,"{'data_quality': 224, 'model_size': 1, 'parallelism': 1}",5.03,-1,7,-1
2025-07-04 00:38:54.949664,elastic-workbench-pc-visualizer,elastic-workbench-pc-visualizer-1,20,"{'data_quality': 40, 'model_size': 1, 'parallelism': 1}",1.0,-1,47,-1
2025-07-04 00:39:04.932293,elastic-workbench-qr-detector,elastic-workbench-qr-detector-1,27,"{'data_quality': 551, 'parallelism': 1}",1.97,-1,73,-1
2025-07-04 00:39:04.935640,elastic-workbench-cv-analyzer,elastic-workbench-cv-analyzer-1,107,"{'data_quality': 224, 'model_size': 1, 'parallelism': 1}",5.03,-1,7,-1
2025-07-04 00:39:04.941944,elastic-workbench-pc-visualizer,elastic-workbench-pc-visualizer-1,21,"{'data_quality': 40, 'model_size': 1, 'parallelism': 1}",1.0,-1,46,-1
2025-07-04 00:39:14.943807,elastic-workbench-qr-detector,elastic-workbench-qr-detector-1,27,"{'data_quality': 551, 'parallelism': 1}",1.96,-1,72,-1
2025-07-04 00:39:14.947714,elastic-workbench-cv-analyzer,elastic-workbench-cv-analyzer-1,132,"{'data_quality': 224, 'model_size': 1, 'parallelism': 1}",5.04,-1,6,-1
2025-07-04 00:39:14.950453,elastic-workbench-pc-visualizer,elastic-workbench-pc-visualizer-1,20,"{'data_quality': 40, 'model_size': 1, 'parallelism': 1}",1.0,-1,47,-1
2025-07-04 00:39:24.933104,elastic-workbench-qr-detector,elastic-workbench-qr-detector-1,26,"{'data_quality': 551, 'parallelism': 1}",1.98,-1,73,-1
2025-07-04 00:39:24.935644,elastic-workbench-cv-analyzer,elastic-workbench-cv-analyzer-1,123,"{'data_quality': 224, 'model_size': 1, 'parallelism': 1}",5.02,-1,7,-1
2025-07-04 00:39:24.938239,elastic-workbench-pc-visualizer,elastic-workbench-pc-visualizer-1,21,"{'data_quality': 40, 'model_size': 1, 'parallelism': 1}",1.0,-1,46,-1
2025-07-04 00:39:34.936269,elastic-workbench-qr-detector,elastic-workbench-qr-detector-1,27,"{'data_quality': 551, 'parallelism': 1}",1.99,-1,73,-1
2025-07-04 00:39:34.942507,elastic-workbench-cv-analyzer,elastic-workbench-cv-analyzer-1,126,"{'data_quality': 224, 'model_size': 1, 'parallelism': 1}",5.01,-1,7,-1
2025-07-04 00:39:34.946932,elastic-workbench-pc-visualizer,elastic-workbench-pc-visualizer-1,21,"{'data_quality': 40, 'model_size': 1, 'parallelism': 1}",1.0,-1,47,-1
2025-07-04 00:39:44.941030,elastic-workbench-qr-detector,elastic-workbench-qr-detector-1,27,"{'data_quality': 551, 'parallelism': 1}",1.98,-1,72,-1
2025-07-04 00:39:44.947637,elastic-workbench-cv-analyzer,elastic-workbench-cv-analyzer-1,159,"{'data_quality': 224, 'model_size': 1, 'parallelism': 1}",5.02,-1,5,-1
2025-07-04 00:39:44.950186,elastic-workbench-pc-visualizer,elastic-workbench-pc-visualizer-1,21,"{'data_quality': 40, 'model_size': 1, 'parallelism': 1}",1.0,-1,46,-1
2025-07-04 00:39:54.940284,elastic-workbench-qr-detector,elastic-workbench-qr-detector-1,27,"{'data_quality': 551, 'parallelism': 1}",1.97,-1,72,-1
2025-07-04 00:39:54.942713,elastic-workbench-cv-analyzer,elastic-workbench-cv-analyzer-1,119,"{'data_quality': 224, 'model_size': 1, 'parallelism': 1}",5.03,-1,7,-1
2025-07-04 00:39:54.945353,elastic-workbench-pc-visualizer,elastic-workbench-pc-visualizer-1,21,"{'data_quality': 40, 'model_size': 1, 'parallelism': 1}",1.0,-1,45,-1
2025-07-04 00:40:04.934789,elastic-workbench-qr-detector,elastic-workbench-qr-detector-1,26,"{'data_quality': 551, 'parallelism': 1}",1.97,-1,73,-1
2025-07-04 00:40:04.940351,elastic-workbench-cv-analyzer,elastic-workbench-cv-analyzer-1,137,"{'data_quality': 224, 'model_size': 1, 'parallelism': 1}",5.03,-1,6,-1
2025-07-04 00:40:04.942992,elastic-workbench-pc-visualizer,elastic-workbench-pc-visualizer-1,20,"{'data_quality': 40, 'model_size': 1, 'parallelism': 1}",1.0,-1,47,-1
2025-07-04 00:40:14.937869,elastic-workbench-qr-detector,elastic-workbench-qr-detector-1,26,"{'data_quality': 551, 'parallelism': 1}",1.97,-1,73,-1
2025-07-04 00:40:14.941558,elastic-workbench-cv-analyzer,elastic-workbench-cv-analyzer-1,113,"{'data_quality': 224, 'model_size': 1, 'parallelism': 1}",5.03,-1,7,-1
2025-07-04 00:40:14.944317,elastic-workbench-pc-visualizer,elastic-workbench-pc-visualizer-1,21,"{'data_quality': 40, 'model_size': 1, 'parallelism': 1}",1.0,-1,46,-1
2025-07-04 00:40:24.941431,elastic-workbench-qr-detector,elastic-workbench-qr-detector-1,27,"{'data_quality': 551, 'parallelism': 1}",1.98,-1,72,-1
2025-07-04 00:40:24.946357,elastic-workbench-cv-analyzer,elastic-workbench-cv-analyzer-1,126,"{'data_quality': 224, 'model_size': 1, 'parallelism': 1}",5.02,-1,7,-1
2025-07-04 00:40:24.948845,elastic-workbench-pc-visualizer,elastic-workbench-pc-visualizer-1,21,"{'data_quality': 40, 'model_size': 1, 'parallelism': 1}",1.0,-1,46,-1
2025-07-04 00:40:34.944783,elastic-workbench-qr-detector,elastic-workbench-qr-detector-1,27,"{'data_quality': 551, 'parallelism': 1}",1.98,-1,73,-1
2025-07-04 00:40:34.947463,elastic-workbench-cv-analyzer,elastic-workbench-cv-analyzer-1,160,"{'data_quality': 224, 'model_size': 1, 'parallelism': 1}",5.02,-1,5,-1
2025-07-04 00:40:34.950338,elastic-workbench-pc-visualizer,elastic-workbench-pc-visualizer-1,21,"{'data_quality': 40, 'model_size': 1, 'parallelism': 1}",1.0,-1,46,-1
2025-07-04 00:40:44.945054,elastic-workbench-qr-detector,elastic-workbench-qr-detector-1,27,"{'data_quality': 551, 'parallelism': 1}",1.98,-1,71,-1
2025-07-04 00:40:44.949514,elastic-workbench-cv-analyzer,elastic-workbench-cv-analyzer-1,141,"{'data_quality': 224, 'model_size': 1, 'parallelism': 1}",5.02,-1,6,-1
2025-07-04 00:40:44.952627,elastic-workbench-pc-visualizer,elastic-workbench-pc-visualizer-1,21,"{'data_quality': 40, 'model_size': 1, 'parallelism': 1}",1.0,-1,46,-1
2025-07-04 00:40:54.943321,elastic-workbench-qr-detector,elastic-workbench-qr-detector-1,28,"{'data_quality': 551, 'parallelism': 1}",1.97,-1,71,-1
2025-07-04 00:40:54.947081,elastic-workbench-cv-analyzer,elastic-workbench-cv-analyzer-1,120,"{'data_quality': 224, 'model_size': 1, 'parallelism': 1}",5.03,-1,7,-1
2025-07-04 00:40:54.950165,elastic-workbench-pc-visualizer,elastic-workbench-pc-visualizer-1,21,"{'data_quality': 40, 'model_size': 1, 'parallelism': 1}",1.0,-1,47,-1
2025-07-04 00:41:04.946784,elastic-workbench-qr-detector,elastic-workbench-qr-detector-1,27,"{'data_quality': 551, 'parallelism': 1}",1.99,-1,71,-1
2025-07-04 00:41:04.949537,elastic-workbench-cv-analyzer,elastic-workbench-cv-analyzer-1,133,"{'data_quality': 224, 'model_size': 1, 'parallelism': 1}",5.01,-1,6,-1
2025-07-04 00:41:04.953574,elastic-workbench-pc-visualizer,elastic-workbench-pc-visualizer-1,21,"{'data_quality': 40, 'model_size': 1, 'parallelism': 1}",1.0,-1,47,-1
2025-07-04 00:41:14.955900,elastic-workbench-qr-detector,elastic-workbench-qr-detector-1,26,"{'data_quality': 551, 'parallelism': 1}",2.0,-1,74,-1
2025-07-04 00:41:14.958660,elastic-workbench-cv-analyzer,elastic-workbench-cv-analyzer-1,99,"{'data_quality': 224, 'model_size': 1, 'parallelism': 1}",5.0,-1,8,-1
2025-07-04 00:41:14.961453,elastic-workbench-pc-visualizer,elastic-workbench-pc-visualizer-1,20,"{'data_quality': 40, 'model_size': 1, 'parallelism': 1}",1.0,-1,47,-1
2025-07-04 00:41:24.949183,elastic-workbench-qr-detector,elastic-workbench-qr-detector-1,26,"{'data_quality': 551, 'parallelism': 1}",2.01,-1,75,-1
2025-07-04 00:41:24.952152,elastic-workbench-cv-analyzer,elastic-workbench-cv-analyzer-1,119,"{'data_quality': 224, 'model_size': 1, 'parallelism': 1}",4.99,-1,7,-1
2025-07-04 00:41:24.959290,elastic-workbench-pc-visualizer,elastic-workbench-pc-visualizer-1,21,"{'data_quality': 40, 'model_size': 1, 'parallelism': 1}",1.0,-1,47,-1
2025-07-04 00:41:34.947254,elastic-workbench-qr-detector,elastic-workbench-qr-detector-1,26,"{'data_quality': 551, 'parallelism': 1}",2.01,-1,74,-1
2025-07-04 00:41:34.951673,elastic-workbench-cv-analyzer,elastic-workbench-cv-analyzer-1,106,"{'data_quality': 224, 'model_size': 1, 'parallelism': 1}",4.99,-1,8,-1
2025-07-04 00:41:34.954681,elastic-workbench-pc-visualizer,elastic-workbench-pc-visualizer-1,20,"{'data_quality': 40, 'model_size': 1, 'parallelism': 1}",1.0,-1,47,-1
2025-07-04 00:41:44.952718,elastic-workbench-qr-detector,elastic-workbench-qr-detector-1,25,"{'data_quality': 551, 'parallelism': 1}",2.01,-1,75,-1
2025-07-04 00:41:44.956834,elastic-workbench-cv-analyzer,elastic-workbench-cv-analyzer-1,108,"{'data_quality': 224, 'model_size': 1, 'parallelism': 1}",4.99,-1,8,-1
2025-07-04 00:41:44.967898,elastic-workbench-pc-visualizer,elastic-workbench-pc-visualizer-1,22,"{'data_quality': 40, 'model_size': 1, 'parallelism': 1}",1.0,-1,44,-1
2025-07-04 00:41:54.955115,elastic-workbench-qr-detector,elastic-workbench-qr-detector-1,26,"{'data_quality': 551, 'parallelism': 1}",2.01,-1,74,-1
2025-07-04 00:41:54.958122,elastic-workbench-cv-analyzer,elastic-workbench-cv-analyzer-1,119,"{'data_quality': 224, 'model_size': 1, 'parallelism': 1}",4.99,-1,7,-1
2025-07-04 00:41:54.960700,elastic-workbench-pc-visualizer,elastic-workbench-pc-visualizer-1,20,"{'data_quality': 40, 'model_size': 1, 'parallelism': 1}",1.0,-1,48,-1
2025-07-04 00:42:04.956032,elastic-workbench-qr-detector,elastic-workbench-qr-detector-1,26,"{'data_quality': 551, 'parallelism': 1}",2.01,-1,74,-1
2025-07-04 00:42:04.958675,elastic-workbench-cv-analyzer,elastic-workbench-cv-analyzer-1,126,"{'data_quality': 224, 'model_size': 1, 'parallelism': 1}",4.99,-1,7,-1
2025-07-04 00:42:04.961866,elastic-workbench-pc-visualizer,elastic-workbench-pc-visualizer-1,20,"{'data_quality': 40, 'model_size': 1, 'parallelism': 1}",1.0,-1,47,-1
2025-07-04 00:42:14.957323,elastic-workbench-qr-detector,elastic-workbench-qr-detector-1,26,"{'data_quality': 551, 'parallelism': 1}",2.02,-1,73,-1
2025-07-04 00:42:14.961656,elastic-workbench-cv-analyzer,elastic-workbench-cv-analyzer-1,130,"{'data_quality': 224, 'model_size': 1, 'parallelism': 1}",4.98,-1,7,-1
2025-07-04 00:42:14.964351,elastic-workbench-pc-visualizer,elastic-workbench-pc-visualizer-1,20,"{'data_quality': 40, 'model_size': 1, 'parallelism': 1}",1.0,-1,48,-1
2025-07-04 00:42:24.949264,elastic-workbench-qr-detector,elastic-workbench-qr-detector-1,27,"{'data_quality': 551, 'parallelism': 1}",2.01,-1,73,-1
2025-07-04 00:42:24.951925,elastic-workbench-cv-analyzer,elastic-workbench-cv-analyzer-1,121,"{'data_quality': 224, 'model_size': 1, 'parallelism': 1}",4.99,-1,7,-1
2025-07-04 00:42:24.954835,elastic-workbench-pc-visualizer,elastic-workbench-pc-visualizer-1,20,"{'data_quality': 40, 'model_size': 1, 'parallelism': 1}",1.0,-1,47,-1
2025-07-04 00:42:34.950336,elastic-workbench-qr-detector,elastic-workbench-qr-detector-1,27,"{'data_quality': 551, 'parallelism': 1}",2.01,-1,72,-1
2025-07-04 00:42:34.953592,elastic-workbench-cv-analyzer,elastic-workbench-cv-analyzer-1,147,"{'data_quality': 224, 'model_size': 1, 'parallelism': 1}",4.99,-1,6,-1
2025-07-04 00:42:34.956979,elastic-workbench-pc-visualizer,elastic-workbench-pc-visualizer-1,21,"{'data_quality': 40, 'model_size': 1, 'parallelism': 1}",1.0,-1,46,-1
2025-07-04 00:42:44.956889,elastic-workbench-qr-detector,elastic-workbench-qr-detector-1,26,"{'data_quality': 551, 'parallelism': 1}",2.03,-1,74,-1
2025-07-04 00:42:44.959826,elastic-workbench-cv-analyzer,elastic-workbench-cv-analyzer-1,134,"{'data_quality': 224, 'model_size': 1, 'parallelism': 1}",4.97,-1,6,-1
2025-07-04 00:42:44.962701,elastic-workbench-pc-visualizer,elastic-workbench-pc-visualizer-1,21,"{'data_quality': 40, 'model_size': 1, 'parallelism': 1}",1.0,-1,46,-1
2025-07-04 00:42:54.956739,elastic-workbench-qr-detector,elastic-workbench-qr-detector-1,25,"{'data_quality': 551, 'parallelism': 1}",2.05,-1,75,-1
2025-07-04 00:42:54.959656,elastic-workbench-cv-analyzer,elastic-workbench-cv-analyzer-1,145,"{'data_quality': 224, 'model_size': 1, 'parallelism': 1}",4.95,-1,6,-1
2025-07-04 00:42:54.963226,elastic-workbench-pc-visualizer,elastic-workbench-pc-visualizer-1,21,"{'data_quality': 40, 'model_size': 1, 'parallelism': 1}",1.0,-1,46,-1
2025-07-04 00:43:04.958095,elastic-workbench-qr-detector,elastic-workbench-qr-detector-1,26,"{'data_quality': 551, 'parallelism': 1}",2.06,-1,75,-1
2025-07-04 00:43:04.961956,elastic-workbench-cv-analyzer,elastic-workbench-cv-analyzer-1,109,"{'data_quality': 224, 'model_size': 1, 'parallelism': 1}",4.94,-1,8,-1
2025-07-04 00:43:04.964928,elastic-workbench-pc-visualizer,elastic-workbench-pc-visualizer-1,21,"{'data_quality': 40, 'model_size': 1, 'parallelism': 1}",1.0,-1,46,-1
2025-07-04 00:43:14.961039,elastic-workbench-qr-detector,elastic-workbench-qr-detector-1,25,"{'data_quality': 551, 'parallelism': 1}",2.07,-1,78,-1
2025-07-04 00:43:14.966430,elastic-workbench-cv-analyzer,elastic-workbench-cv-analyzer-1,127,"{'data_quality': 224, 'model_size': 1, 'parallelism': 1}",4.93,-1,7,-1
2025-07-04 00:43:14.969247,elastic-workbench-pc-visualizer,elastic-workbench-pc-visualizer-1,20,"{'data_quality': 40, 'model_size': 1, 'parallelism': 1}",1.0,-1,49,-1
2025-07-04 00:43:24.961192,elastic-workbench-qr-detector,elastic-workbench-qr-detector-1,24,"{'data_quality': 551, 'parallelism': 1}",2.08,-1,78,-1
2025-07-04 00:43:24.963773,elastic-workbench-cv-analyzer,elastic-workbench-cv-analyzer-1,111,"{'data_quality': 224, 'model_size': 1, 'parallelism': 1}",4.92,-1,8,-1
2025-07-04 00:43:24.967831,elastic-workbench-pc-visualizer,elastic-workbench-pc-visualizer-1,21,"{'data_quality': 40, 'model_size': 1, 'parallelism': 1}",1.0,-1,46,-1
2025-07-04 00:43:34.960869,elastic-workbench-qr-detector,elastic-workbench-qr-detector-1,25,"{'data_quality': 551, 'parallelism': 1}",2.07,-1,76,-1
2025-07-04 00:43:34.964182,elastic-workbench-cv-analyzer,elastic-workbench-cv-analyzer-1,120,"{'data_quality': 224, 'model_size': 1, 'parallelism': 1}",4.93,-1,7,-1
2025-07-04 00:43:34.967882,elastic-workbench-pc-visualizer,elastic-workbench-pc-visualizer-1,21,"{'data_quality': 40, 'model_size': 1, 'parallelism': 1}",1.0,-1,46,-1
2025-07-04 00:43:44.959640,elastic-workbench-qr-detector,elastic-workbench-qr-detector-1,26,"{'data_quality': 551, 'parallelism': 1}",2.06,-1,74,-1
2025-07-04 00:43:44.963226,elastic-workbench-cv-analyzer,elastic-workbench-cv-analyzer-1,99,"{'data_quality': 224, 'model_size': 1, 'parallelism': 1}",4.94,-1,8,-1
2025-07-04 00:43:44.965775,elastic-workbench-pc-visualizer,elastic-workbench-pc-visualizer-1,21,"{'data_quality': 40, 'model_size': 1, 'parallelism': 1}",1.0,-1,45,-1
2025-07-04 00:43:54.964444,elastic-workbench-qr-detector,elastic-workbench-qr-detector-1,26,"{'data_quality': 551, 'parallelism': 1}",2.06,-1,75,-1
2025-07-04 00:43:54.968516,elastic-workbench-cv-analyzer,elastic-workbench-cv-analyzer-1,117,"{'data_quality': 224, 'model_size': 1, 'parallelism': 1}",4.94,-1,8,-1
2025-07-04 00:43:54.972082,elastic-workbench-pc-visualizer,elastic-workbench-pc-visualizer-1,20,"{'data_quality': 40, 'model_size': 1, 'parallelism': 1}",1.0,-1,47,-1
2025-07-04 00:44:04.963344,elastic-workbench-qr-detector,elastic-workbench-qr-detector-1,25,"{'data_quality': 551, 'parallelism': 1}",2.06,-1,75,-1
2025-07-04 00:44:04.966472,elastic-workbench-cv-analyzer,elastic-workbench-cv-analyzer-1,119,"{'data_quality': 224, 'model_size': 1, 'parallelism': 1}",4.94,-1,8,-1
2025-07-04 00:44:04.970867,elastic-workbench-pc-visualizer,elastic-workbench-pc-visualizer-1,21,"{'data_quality': 40, 'model_size': 1, 'parallelism': 1}",1.0,-1,45,-1
2025-07-04 00:44:14.967766,elastic-workbench-qr-detector,elastic-workbench-qr-detector-1,25,"{'data_quality': 551, 'parallelism': 1}",2.07,-1,77,-1
2025-07-04 00:44:14.970888,elastic-workbench-cv-analyzer,elastic-workbench-cv-analyzer-1,124,"{'data_quality': 224, 'model_size': 1, 'parallelism': 1}",4.93,-1,7,-1
2025-07-04 00:44:14.975532,elastic-workbench-pc-visualizer,elastic-workbench-pc-visualizer-1,21,"{'data_quality': 40, 'model_size': 1, 'parallelism': 1}",1.0,-1,47,-1
2025-07-04 00:44:24.964235,elastic-workbench-qr-detector,elastic-workbench-qr-detector-1,26,"{'data_quality': 551, 'parallelism': 1}",2.06,-1,75,-1
2025-07-04 00:44:24.967174,elastic-workbench-cv-analyzer,elastic-workbench-cv-analyzer-1,101,"{'data_quality': 224, 'model_size': 1, 'parallelism': 1}",4.94,-1,8,-1
2025-07-04 00:44:24.969858,elastic-workbench-pc-visualizer,elastic-workbench-pc-visualizer-1,21,"{'data_quality': 40, 'model_size': 1, 'parallelism': 1}",1.0,-1,46,-1
2025-07-04 00:44:34.965762,elastic-workbench-qr-detector,elastic-workbench-qr-detector-1,25,"{'data_quality': 551, 'parallelism': 1}",2.06,-1,76,-1
2025-07-04 00:44:34.969623,elastic-workbench-cv-analyzer,elastic-workbench-cv-analyzer-1,108,"{'data_quality': 224, 'model_size': 1, 'parallelism': 1}",4.94,-1,8,-1
2025-07-04 00:44:34.972807,elastic-workbench-pc-visualizer,elastic-workbench-pc-visualizer-1,20,"{'data_quality': 40, 'model_size': 1, 'parallelism': 1}",1.0,-1,48,-1
2025-07-04 00:44:44.969312,elastic-workbench-qr-detector,elastic-workbench-qr-detector-1,25,"{'data_quality': 551, 'parallelism': 1}",2.06,-1,76,-1
2025-07-04 00:44:44.974099,elastic-workbench-cv-analyzer,elastic-workbench-cv-analyzer-1,94,"{'data_quality': 224, 'model_size': 1, 'parallelism': 1}",4.94,-1,8,-1
2025-07-04 00:44:44.981654,elastic-workbench-pc-visualizer,elastic-workbench-pc-visualizer-1,21,"{'data_quality': 40, 'model_size': 1, 'parallelism': 1}",1.0,-1,46,-1
2025-07-04 00:44:54.965552,elastic-workbench-qr-detector,elastic-workbench-qr-detector-1,25,"{'data_quality': 551, 'parallelism': 1}",2.08,-1,77,-1
2025-07-04 00:44:54.968450,elastic-workbench-cv-analyzer,elastic-workbench-cv-analyzer-1,169,"{'data_quality': 224, 'model_size': 1, 'parallelism': 1}",4.92,-1,5,-1
2025-07-04 00:44:54.971192,elastic-workbench-pc-visualizer,elastic-workbench-pc-visualizer-1,19,"{'data_quality': 40, 'model_size': 1, 'parallelism': 1}",1.0,-1,49,-1
2025-07-04 00:45:04.966887,elastic-workbench-qr-detector,elastic-workbench-qr-detector-1,26,"{'data_quality': 551, 'parallelism': 1}",2.07,-1,75,-1
2025-07-04 00:45:04.969731,elastic-workbench-cv-analyzer,elastic-workbench-cv-analyzer-1,135,"{'data_quality': 224, 'model_size': 1, 'parallelism': 1}",4.93,-1,7,-1
2025-07-04 00:45:04.972349,elastic-workbench-pc-visualizer,elastic-workbench-pc-visualizer-1,21,"{'data_quality': 40, 'model_size': 1, 'parallelism': 1}",1.0,-1,46,-1
2025-07-04 00:45:14.972761,elastic-workbench-qr-detector,elastic-workbench-qr-detector-1,25,"{'data_quality': 551, 'parallelism': 1}",2.08,-1,77,-1
2025-07-04 00:45:14.976198,elastic-workbench-cv-analyzer,elastic-workbench-cv-analyzer-1,118,"{'data_quality': 224, 'model_size': 1, 'parallelism': 1}",4.92,-1,7,-1
2025-07-04 00:45:14.979357,elastic-workbench-pc-visualizer,elastic-workbench-pc-visualizer-1,20,"{'data_quality': 40, 'model_size': 1, 'parallelism': 1}",1.0,-1,47,-1
2025-07-04 00:45:24.970027,elastic-workbench-qr-detector,elastic-workbench-qr-detector-1,25,"{'data_quality': 551, 'parallelism': 1}",2.08,-1,77,-1
2025-07-04 00:45:24.972731,elastic-workbench-cv-analyzer,elastic-workbench-cv-analyzer-1,103,"{'data_quality': 224, 'model_size': 1, 'parallelism': 1}",4.92,-1,8,-1
2025-07-04 00:45:24.975550,elastic-workbench-pc-visualizer,elastic-workbench-pc-visualizer-1,21,"{'data_quality': 40, 'model_size': 1, 'parallelism': 1}",1.0,-1,47,-1
2025-07-04 00:45:34.968728,elastic-workbench-qr-detector,elastic-workbench-qr-detector-1,24,"{'data_quality': 551, 'parallelism': 1}",2.09,-1,80,-1
2025-07-04 00:45:34.971588,elastic-workbench-cv-analyzer,elastic-workbench-cv-analyzer-1,98,"{'data_quality': 224, 'model_size': 1, 'parallelism': 1}",4.91,-1,8,-1
2025-07-04 00:45:34.974161,elastic-workbench-pc-visualizer,elastic-workbench-pc-visualizer-1,19,"{'data_quality': 40, 'model_size': 1, 'parallelism': 1}",1.0,-1,49,-1
2025-07-04 00:45:44.978822,elastic-workbench-qr-detector,elastic-workbench-qr-detector-1,25,"{'data_quality': 551, 'parallelism': 1}",2.08,-1,77,-1
2025-07-04 00:45:44.982377,elastic-workbench-cv-analyzer,elastic-workbench-cv-analyzer-1,154,"{'data_quality': 224, 'model_size': 1, 'parallelism': 1}",4.92,-1,6,-1
2025-07-04 00:45:44.985211,elastic-workbench-pc-visualizer,elastic-workbench-pc-visualizer-1,21,"{'data_quality': 40, 'model_size': 1, 'parallelism': 1}",1.0,-1,46,-1
2025-07-04 00:45:54.970126,elastic-workbench-qr-detector,elastic-workbench-qr-detector-1,25,"{'data_quality': 551, 'parallelism': 1}",2.1,-1,77,-1
2025-07-04 00:45:54.973181,elastic-workbench-cv-analyzer,elastic-workbench-cv-analyzer-1,122,"{'data_quality': 224, 'model_size': 1, 'parallelism': 1}",4.9,-1,7,-1
2025-07-04 00:45:54.975878,elastic-workbench-pc-visualizer,elastic-workbench-pc-visualizer-1,20,"{'data_quality': 40, 'model_size': 1, 'parallelism': 1}",1.0,-1,47,-1
2025-07-04 00:46:04.971241,elastic-workbench-qr-detector,elastic-workbench-qr-detector-1,25,"{'data_quality': 551, 'parallelism': 1}",2.09,-1,79,-1
2025-07-04 00:46:04.974242,elastic-workbench-cv-analyzer,elastic-workbench-cv-analyzer-1,111,"{'data_quality': 224, 'model_size': 1, 'parallelism': 1}",4.91,-1,8,-1
2025-07-04 00:46:04.977136,elastic-workbench-pc-visualizer,elastic-workbench-pc-visualizer-1,21,"{'data_quality': 40, 'model_size': 1, 'parallelism': 1}",1.0,-1,46,-1
2025-07-04 00:46:14.979591,elastic-workbench-qr-detector,elastic-workbench-qr-detector-1,24,"{'data_quality': 551, 'parallelism': 1}",2.09,-1,79,-1
2025-07-04 00:46:14.982776,elastic-workbench-cv-analyzer,elastic-workbench-cv-analyzer-1,115,"{'data_quality': 224, 'model_size': 1, 'parallelism': 1}",4.91,-1,7,-1
2025-07-04 00:46:14.985580,elastic-workbench-pc-visualizer,elastic-workbench-pc-visualizer-1,21,"{'data_quality': 40, 'model_size': 1, 'parallelism': 1}",1.0,-1,46,-1
2025-07-04 00:46:24.972928,elastic-workbench-qr-detector,elastic-workbench-qr-detector-1,24,"{'data_quality': 551, 'parallelism': 1}",2.1,-1,78,-1
2025-07-04 00:46:24.976001,elastic-workbench-cv-analyzer,elastic-workbench-cv-analyzer-1,143,"{'data_quality': 224, 'model_size': 1, 'parallelism': 1}",4.9,-1,6,-1
2025-07-04 00:46:24.979394,elastic-workbench-pc-visualizer,elastic-workbench-pc-visualizer-1,21,"{'data_quality': 40, 'model_size': 1, 'parallelism': 1}",1.0,-1,47,-1
2025-07-04 00:46:34.973484,elastic-workbench-qr-detector,elastic-workbench-qr-detector-1,25,"{'data_quality': 551, 'parallelism': 1}",2.09,-1,78,-1
2025-07-04 00:46:34.977842,elastic-workbench-cv-analyzer,elastic-workbench-cv-analyzer-1,135,"{'data_quality': 224, 'model_size': 1, 'parallelism': 1}",4.91,-1,7,-1
2025-07-04 00:46:34.981439,elastic-workbench-pc-visualizer,elastic-workbench-pc-visualizer-1,20,"{'data_quality': 40, 'model_size': 1, 'parallelism': 1}",1.0,-1,47,-1
2025-07-04 00:46:44.974734,elastic-workbench-qr-detector,elastic-workbench-qr-detector-1,24,"{'data_quality': 551, 'parallelism': 1}",2.09,-1,78,-1
2025-07-04 00:46:44.978619,elastic-workbench-cv-analyzer,elastic-workbench-cv-analyzer-1,109,"{'data_quality': 224, 'model_size': 1, 'parallelism': 1}",4.91,-1,8,-1
2025-07-04 00:46:44.985513,elastic-workbench-pc-visualizer,elastic-workbench-pc-visualizer-1,20,"{'data_quality': 40, 'model_size': 1, 'parallelism': 1}",1.0,-1,48,-1
2025-07-04 00:46:54.973282,elastic-workbench-qr-detector,elastic-workbench-qr-detector-1,25,"{'data_quality': 551, 'parallelism': 1}",2.1,-1,77,-1
2025-07-04 00:46:54.976384,elastic-workbench-cv-analyzer,elastic-workbench-cv-analyzer-1,143,"{'data_quality': 224, 'model_size': 1, 'parallelism': 1}",4.9,-1,7,-1
2025-07-04 00:46:54.979683,elastic-workbench-pc-visualizer,elastic-workbench-pc-visualizer-1,21,"{'data_quality': 40, 'model_size': 1, 'parallelism': 1}",1.0,-1,46,-1
2025-07-04 00:47:04.974415,elastic-workbench-qr-detector,elastic-workbench-qr-detector-1,24,"{'data_quality': 551, 'parallelism': 1}",2.12,-1,80,-1
2025-07-04 00:47:04.977249,elastic-workbench-cv-analyzer,elastic-workbench-cv-analyzer-1,113,"{'data_quality': 224, 'model_size': 1, 'parallelism': 1}",4.88,-1,7,-1
2025-07-04 00:47:04.979901,elastic-workbench-pc-visualizer,elastic-workbench-pc-visualizer-1,21,"{'data_quality': 40, 'model_size': 1, 'parallelism': 1}",1.0,-1,46,-1
2025-07-04 00:47:14.976145,elastic-workbench-qr-detector,elastic-workbench-qr-detector-1,24,"{'data_quality': 551, 'parallelism': 1}",2.1,-1,78,-1
2025-07-04 00:47:14.980058,elastic-workbench-cv-analyzer,elastic-workbench-cv-analyzer-1,138,"{'data_quality': 224, 'model_size': 1, 'parallelism': 1}",4.9,-1,7,-1
2025-07-04 00:47:14.984308,elastic-workbench-pc-visualizer,elastic-workbench-pc-visualizer-1,20,"{'data_quality': 40, 'model_size': 1, 'parallelism': 1}",1.0,-1,47,-1
2025-07-04 00:47:24.979679,elastic-workbench-qr-detector,elastic-workbench-qr-detector-1,24,"{'data_quality': 551, 'parallelism': 1}",2.1,-1,79,-1
2025-07-04 00:47:24.983192,elastic-workbench-cv-analyzer,elastic-workbench-cv-analyzer-1,112,"{'data_quality': 224, 'model_size': 1, 'parallelism': 1}",4.9,-1,8,-1
2025-07-04 00:47:24.987658,elastic-workbench-pc-visualizer,elastic-workbench-pc-visualizer-1,20,"{'data_quality': 40, 'model_size': 1, 'parallelism': 1}",1.0,-1,48,-1
2025-07-04 00:47:34.978763,elastic-workbench-qr-detector,elastic-workbench-qr-detector-1,25,"{'data_quality': 551, 'parallelism': 1}",2.11,-1,79,-1
2025-07-04 00:47:34.981942,elastic-workbench-cv-analyzer,elastic-workbench-cv-analyzer-1,135,"{'data_quality': 224, 'model_size': 1, 'parallelism': 1}",4.89,-1,7,-1
2025-07-04 00:47:34.984806,elastic-workbench-pc-visualizer,elastic-workbench-pc-visualizer-1,21,"{'data_quality': 40, 'model_size': 1, 'parallelism': 1}",1.0,-1,46,-1
2025-07-04 00:47:44.977749,elastic-workbench-qr-detector,elastic-workbench-qr-detector-1,25,"{'data_quality': 551, 'parallelism': 1}",2.12,-1,79,-1
2025-07-04 00:47:44.980899,elastic-workbench-cv-analyzer,elastic-workbench-cv-analyzer-1,111,"{'data_quality': 224, 'model_size': 1, 'parallelism': 1}",4.88,-1,8,-1
2025-07-04 00:47:44.983522,elastic-workbench-pc-visualizer,elastic-workbench-pc-visualizer-1,20,"{'data_quality': 40, 'model_size': 1, 'parallelism': 1}",1.0,-1,47,-1
2025-07-04 00:47:54.980910,elastic-workbench-qr-detector,elastic-workbench-qr-detector-1,24,"{'data_quality': 551, 'parallelism': 1}",2.11,-1,80,-1
2025-07-04 00:47:54.983608,elastic-workbench-cv-analyzer,elastic-workbench-cv-analyzer-1,104,"{'data_quality': 224, 'model_size': 1, 'parallelism': 1}",4.89,-1,8,-1
2025-07-04 00:47:54.986920,elastic-workbench-pc-visualizer,elastic-workbench-pc-visualizer-1,21,"{'data_quality': 40, 'model_size': 1, 'parallelism': 1}",1.0,-1,46,-1
2025-07-04 00:48:04.978246,elastic-workbench-qr-detector,elastic-workbench-qr-detector-1,25,"{'data_quality': 551, 'parallelism': 1}",2.13,-1,78,-1
2025-07-04 00:48:04.981249,elastic-workbench-cv-analyzer,elastic-workbench-cv-analyzer-1,127,"{'data_quality': 224, 'model_size': 1, 'parallelism': 1}",4.87,-1,7,-1
2025-07-04 00:48:04.984035,elastic-workbench-pc-visualizer,elastic-workbench-pc-visualizer-1,20,"{'data_quality': 40, 'model_size': 1, 'parallelism': 1}",1.0,-1,47,-1
2025-07-04 00:48:14.986671,elastic-workbench-qr-detector,elastic-workbench-qr-detector-1,25,"{'data_quality': 551, 'parallelism': 1}",2.12,-1,77,-1
2025-07-04 00:48:14.989818,elastic-workbench-cv-analyzer,elastic-workbench-cv-analyzer-1,148,"{'data_quality': 224, 'model_size': 1, 'parallelism': 1}",4.88,-1,6,-1
2025-07-04 00:48:14.992500,elastic-workbench-pc-visualizer,elastic-workbench-pc-visualizer-1,21,"{'data_quality': 40, 'model_size': 1, 'parallelism': 1}",1.0,-1,47,-1
2025-07-04 00:48:24.983219,elastic-workbench-qr-detector,elastic-workbench-qr-detector-1,25,"{'data_quality': 551, 'parallelism': 1}",2.11,-1,77,-1
2025-07-04 00:48:24.986130,elastic-workbench-cv-analyzer,elastic-workbench-cv-analyzer-1,136,"{'data_quality': 224, 'model_size': 1, 'parallelism': 1}",4.89,-1,7,-1
2025-07-04 00:48:24.989073,elastic-workbench-pc-visualizer,elastic-workbench-pc-visualizer-1,20,"{'data_quality': 40, 'model_size': 1, 'parallelism': 1}",1.0,-1,47,-1
2025-07-04 00:48:34.979117,elastic-workbench-qr-detector,elastic-workbench-qr-detector-1,25,"{'data_quality': 551, 'parallelism': 1}",2.11,-1,77,-1
2025-07-04 00:48:34.982140,elastic-workbench-cv-analyzer,elastic-workbench-cv-analyzer-1,132,"{'data_quality': 224, 'model_size': 1, 'parallelism': 1}",4.89,-1,7,-1
2025-07-04 00:48:34.984754,elastic-workbench-pc-visualizer,elastic-workbench-pc-visualizer-1,19,"{'data_quality': 40, 'model_size': 1, 'parallelism': 1}",1.0,-1,49,-1
2025-07-04 00:48:44.979875,elastic-workbench-qr-detector,elastic-workbench-qr-detector-1,25,"{'data_quality': 551, 'parallelism': 1}",2.11,-1,78,-1
2025-07-04 00:48:44.982500,elastic-workbench-cv-analyzer,elastic-workbench-cv-analyzer-1,132,"{'data_quality': 224, 'model_size': 1, 'parallelism': 1}",4.89,-1,7,-1
2025-07-04 00:48:44.989571,elastic-workbench-pc-visualizer,elastic-workbench-pc-visualizer-1,20,"{'data_quality': 40, 'model_size': 1, 'parallelism': 1}",1.0,-1,48,-1
2025-07-04 00:48:54.981861,elastic-workbench-qr-detector,elastic-workbench-qr-detector-1,25,"{'data_quality': 551, 'parallelism': 1}",2.1,-1,78,-1
2025-07-04 00:48:54.985163,elastic-workbench-cv-analyzer,elastic-workbench-cv-analyzer-1,118,"{'data_quality': 224, 'model_size': 1, 'parallelism': 1}",4.9,-1,7,-1
2025-07-04 00:48:54.988227,elastic-workbench-pc-visualizer,elastic-workbench-pc-visualizer-1,20,"{'data_quality': 40, 'model_size': 1, 'parallelism': 1}",1.0,-1,47,-1
2025-07-04 00:49:04.981061,elastic-workbench-qr-detector,elastic-workbench-qr-detector-1,25,"{'data_quality': 551, 'parallelism': 1}",2.09,-1,77,-1
2025-07-04 00:49:04.983892,elastic-workbench-cv-analyzer,elastic-workbench-cv-analyzer-1,114,"{'data_quality': 224, 'model_size': 1, 'parallelism': 1}",4.91,-1,8,-1
2025-07-04 00:49:04.991731,elastic-workbench-pc-visualizer,elastic-workbench-pc-visualizer-1,21,"{'data_quality': 40, 'model_size': 1, 'parallelism': 1}",1.0,-1,46,-1
2025-07-04 00:49:14.982147,elastic-workbench-qr-detector,elastic-workbench-qr-detector-1,24,"{'data_quality': 551, 'parallelism': 1}",2.11,-1,78,-1
2025-07-04 00:49:14.985007,elastic-workbench-cv-analyzer,elastic-workbench-cv-analyzer-1,103,"{'data_quality': 224, 'model_size': 1, 'parallelism': 1}",4.89,-1,8,-1
2025-07-04 00:49:14.987749,elastic-workbench-pc-visualizer,elastic-workbench-pc-visualizer-1,21,"{'data_quality': 40, 'model_size': 1, 'parallelism': 1}",1.0,-1,47,-1
2025-07-04 00:49:24.982726,elastic-workbench-qr-detector,elastic-workbench-qr-detector-1,25,"{'data_quality': 551, 'parallelism': 1}",2.1,-1,78,-1
2025-07-04 00:49:24.985693,elastic-workbench-cv-analyzer,elastic-workbench-cv-analyzer-1,110,"{'data_quality': 224, 'model_size': 1, 'parallelism': 1}",4.9,-1,7,-1
2025-07-04 00:49:24.988767,elastic-workbench-pc-visualizer,elastic-workbench-pc-visualizer-1,21,"{'data_quality': 40, 'model_size': 1, 'parallelism': 1}",1.0,-1,46,-1
2025-07-04 00:49:34.984737,elastic-workbench-qr-detector,elastic-workbench-qr-detector-1,25,"{'data_quality': 551, 'parallelism': 1}",2.11,-1,78,-1
2025-07-04 00:49:34.989645,elastic-workbench-cv-analyzer,elastic-workbench-cv-analyzer-1,109,"{'data_quality': 224, 'model_size': 1, 'parallelism': 1}",4.89,-1,8,-1
2025-07-04 00:49:34.992614,elastic-workbench-pc-visualizer,elastic-workbench-pc-visualizer-1,21,"{'data_quality': 40, 'model_size': 1, 'parallelism': 1}",1.0,-1,46,-1
2025-07-04 00:49:44.983412,elastic-workbench-qr-detector,elastic-workbench-qr-detector-1,24,"{'data_quality': 551, 'parallelism': 1}",2.1,-1,78,-1
2025-07-04 00:49:44.986582,elastic-workbench-cv-analyzer,elastic-workbench-cv-analyzer-1,115,"{'data_quality': 224, 'model_size': 1, 'parallelism': 1}",4.9,-1,7,-1
2025-07-04 00:49:44.989161,elastic-workbench-pc-visualizer,elastic-workbench-pc-visualizer-1,20,"{'data_quality': 40, 'model_size': 1, 'parallelism': 1}",1.0,-1,47,-1
2025-07-04 00:49:54.983894,elastic-workbench-qr-detector,elastic-workbench-qr-detector-1,25,"{'data_quality': 551, 'parallelism': 1}",2.11,-1,78,-1
2025-07-04 00:49:54.986809,elastic-workbench-cv-analyzer,elastic-workbench-cv-analyzer-1,136,"{'data_quality': 224, 'model_size': 1, 'parallelism': 1}",4.89,-1,6,-1
2025-07-04 00:49:54.989854,elastic-workbench-pc-visualizer,elastic-workbench-pc-visualizer-1,21,"{'data_quality': 40, 'model_size': 1, 'parallelism': 1}",1.0,-1,47,-1
2025-07-04 00:50:04.986241,elastic-workbench-qr-detector,elastic-workbench-qr-detector-1,25,"{'data_quality': 551, 'parallelism': 1}",2.11,-1,79,-1
2025-07-04 00:50:04.989284,elastic-workbench-cv-analyzer,elastic-workbench-cv-analyzer-1,136,"{'data_quality': 224, 'model_size': 1, 'parallelism': 1}",4.89,-1,6,-1
2025-07-04 00:50:04.996217,elastic-workbench-pc-visualizer,elastic-workbench-pc-visualizer-1,21,"{'data_quality': 40, 'model_size': 1, 'parallelism': 1}",1.0,-1,46,-1
2025-07-04 00:50:14.984874,elastic-workbench-qr-detector,elastic-workbench-qr-detector-1,25,"{'data_quality': 551, 'parallelism': 1}",2.11,-1,78,-1
2025-07-04 00:50:14.988161,elastic-workbench-cv-analyzer,elastic-workbench-cv-analyzer-1,122,"{'data_quality': 224, 'model_size': 1, 'parallelism': 1}",4.89,-1,7,-1
2025-07-04 00:50:14.990885,elastic-workbench-pc-visualizer,elastic-workbench-pc-visualizer-1,21,"{'data_quality': 40, 'model_size': 1, 'parallelism': 1}",1.0,-1,46,-1
2025-07-04 00:50:24.986280,elastic-workbench-qr-detector,elastic-workbench-qr-detector-1,25,"{'data_quality': 551, 'parallelism': 1}",2.1,-1,76,-1
2025-07-04 00:50:24.989359,elastic-workbench-cv-analyzer,elastic-workbench-cv-analyzer-1,140,"{'data_quality': 224, 'model_size': 1, 'parallelism': 1}",4.9,-1,6,-1
2025-07-04 00:50:24.992221,elastic-workbench-pc-visualizer,elastic-workbench-pc-visualizer-1,20,"{'data_quality': 40, 'model_size': 1, 'parallelism': 1}",1.0,-1,47,-1
2025-07-04 00:50:34.986798,elastic-workbench-qr-detector,elastic-workbench-qr-detector-1,24,"{'data_quality': 551, 'parallelism': 1}",2.1,-1,78,-1
2025-07-04 00:50:34.989808,elastic-workbench-cv-analyzer,elastic-workbench-cv-analyzer-1,124,"{'data_quality': 224, 'model_size': 1, 'parallelism': 1}",4.9,-1,6,-1
2025-07-04 00:50:34.992535,elastic-workbench-pc-visualizer,elastic-workbench-pc-visualizer-1,20,"{'data_quality': 40, 'model_size': 1, 'parallelism': 1}",1.0,-1,46,-1
2025-07-04 00:50:44.987251,elastic-workbench-qr-detector,elastic-workbench-qr-detector-1,24,"{'data_quality': 551, 'parallelism': 1}",2.1,-1,79,-1
2025-07-04 00:50:44.990211,elastic-workbench-cv-analyzer,elastic-workbench-cv-analyzer-1,127,"{'data_quality': 224, 'model_size': 1, 'parallelism': 1}",4.9,-1,7,-1
2025-07-04 00:50:44.993006,elastic-workbench-pc-visualizer,elastic-workbench-pc-visualizer-1,21,"{'data_quality': 40, 'model_size': 1, 'parallelism': 1}",1.0,-1,47,-1
2025-07-04 00:50:54.987778,elastic-workbench-qr-detector,elastic-workbench-qr-detector-1,25,"{'data_quality': 551, 'parallelism': 1}",2.1,-1,78,-1
2025-07-04 00:50:54.990628,elastic-workbench-cv-analyzer,elastic-workbench-cv-analyzer-1,122,"{'data_quality': 224, 'model_size': 1, 'parallelism': 1}",4.9,-1,7,-1
2025-07-04 00:50:54.993185,elastic-workbench-pc-visualizer,elastic-workbench-pc-visualizer-1,20,"{'data_quality': 40, 'model_size': 1, 'parallelism': 1}",1.0,-1,47,-1
2025-07-04 00:51:04.991340,elastic-workbench-qr-detector,elastic-workbench-qr-detector-1,25,"{'data_quality': 551, 'parallelism': 1}",2.09,-1,78,-1
2025-07-04 00:51:04.994160,elastic-workbench-cv-analyzer,elastic-workbench-cv-analyzer-1,142,"{'data_quality': 224, 'model_size': 1, 'parallelism': 1}",4.91,-1,7,-1
2025-07-04 00:51:04.996951,elastic-workbench-pc-visualizer,elastic-workbench-pc-visualizer-1,21,"{'data_quality': 40, 'model_size': 1, 'parallelism': 1}",1.0,-1,46,-1
2025-07-04 00:51:14.990545,elastic-workbench-qr-detector,elastic-workbench-qr-detector-1,25,"{'data_quality': 551, 'parallelism': 1}",2.1,-1,79,-1
2025-07-04 00:51:14.993478,elastic-workbench-cv-analyzer,elastic-workbench-cv-analyzer-1,152,"{'data_quality': 224, 'model_size': 1, 'parallelism': 1}",4.9,-1,6,-1
2025-07-04 00:51:14.996375,elastic-workbench-pc-visualizer,elastic-workbench-pc-visualizer-1,21,"{'data_quality': 40, 'model_size': 1, 'parallelism': 1}",1.0,-1,46,-1
2025-07-04 00:51:24.994227,elastic-workbench-qr-detector,elastic-workbench-qr-detector-1,24,"{'data_quality': 551, 'parallelism': 1}",2.13,-1,81,-1
2025-07-04 00:51:24.997398,elastic-workbench-cv-analyzer,elastic-workbench-cv-analyzer-1,136,"{'data_quality': 224, 'model_size': 1, 'parallelism': 1}",4.87,-1,6,-1
2025-07-04 00:51:25.000426,elastic-workbench-pc-visualizer,elastic-workbench-pc-visualizer-1,21,"{'data_quality': 40, 'model_size': 1, 'parallelism': 1}",1.0,-1,46,-1
2025-07-04 00:51:34.990987,elastic-workbench-qr-detector,elastic-workbench-qr-detector-1,24,"{'data_quality': 547, 'parallelism': 1}",2.13,-1,81,-1
2025-07-04 00:51:34.994030,elastic-workbench-cv-analyzer,elastic-workbench-cv-analyzer-1,85,"{'data_quality': 192, 'model_size': 1, 'parallelism': 1}",4.87,-1,9,-1
2025-07-04 00:51:34.996542,elastic-workbench-pc-visualizer,elastic-workbench-pc-visualizer-1,20,"{'data_quality': 40, 'model_size': 1, 'parallelism': 1}",1.0,-1,48,-1
2025-07-04 00:51:44.991731,elastic-workbench-qr-detector,elastic-workbench-qr-detector-1,24,"{'data_quality': 547, 'parallelism': 1}",2.15,-1,80,-1
2025-07-04 00:51:44.994907,elastic-workbench-cv-analyzer,elastic-workbench-cv-analyzer-1,98,"{'data_quality': 192, 'model_size': 1, 'parallelism': 1}",4.85,-1,9,-1
2025-07-04 00:51:44.997569,elastic-workbench-pc-visualizer,elastic-workbench-pc-visualizer-1,20,"{'data_quality': 40, 'model_size': 1, 'parallelism': 1}",1.0,-1,48,-1
2025-07-04 00:51:54.991922,elastic-workbench-qr-detector,elastic-workbench-qr-detector-1,23,"{'data_quality': 547, 'parallelism': 1}",2.18,-1,82,-1
2025-07-04 00:51:54.994549,elastic-workbench-cv-analyzer,elastic-workbench-cv-analyzer-1,93,"{'data_quality': 192, 'model_size': 1, 'parallelism': 1}",4.82,-1,9,-1
2025-07-04 00:51:54.997150,elastic-workbench-pc-visualizer,elastic-workbench-pc-visualizer-1,21,"{'data_quality': 40, 'model_size': 1, 'parallelism': 1}",1.0,-1,46,-1
2025-07-04 00:52:04.993182,elastic-workbench-qr-detector,elastic-workbench-qr-detector-1,24,"{'data_quality': 547, 'parallelism': 1}",2.17,-1,83,-1
2025-07-04 00:52:04.997098,elastic-workbench-cv-analyzer,elastic-workbench-cv-analyzer-1,123,"{'data_quality': 192, 'model_size': 1, 'parallelism': 1}",4.83,-1,7,-1
2025-07-04 00:52:05.005975,elastic-workbench-pc-visualizer,elastic-workbench-pc-visualizer-1,21,"{'data_quality': 40, 'model_size': 1, 'parallelism': 1}",1.0,-1,45,-1
2025-07-04 00:52:14.993439,elastic-workbench-qr-detector,elastic-workbench-qr-detector-1,24,"{'data_quality': 547, 'parallelism': 1}",2.15,-1,81,-1
2025-07-04 00:52:14.996303,elastic-workbench-cv-analyzer,elastic-workbench-cv-analyzer-1,104,"{'data_quality': 192, 'model_size': 1, 'parallelism': 1}",4.85,-1,9,-1
2025-07-04 00:52:14.998931,elastic-workbench-pc-visualizer,elastic-workbench-pc-visualizer-1,20,"{'data_quality': 40, 'model_size': 1, 'parallelism': 1}",1.0,-1,47,-1
2025-07-04 00:52:24.994433,elastic-workbench-qr-detector,elastic-workbench-qr-detector-1,24,"{'data_quality': 547, 'parallelism': 1}",2.13,-1,80,-1
2025-07-04 00:52:24.997306,elastic-workbench-cv-analyzer,elastic-workbench-cv-analyzer-1,92,"{'data_quality': 192, 'model_size': 1, 'parallelism': 1}",4.87,-1,8,-1
2025-07-04 00:52:25.000760,elastic-workbench-pc-visualizer,elastic-workbench-pc-visualizer-1,20,"{'data_quality': 40, 'model_size': 1, 'parallelism': 1}",1.0,-1,47,-1
2025-07-04 00:52:34.995767,elastic-workbench-qr-detector,elastic-workbench-qr-detector-1,25,"{'data_quality': 547, 'parallelism': 1}",2.11,-1,78,-1
2025-07-04 00:52:34.999249,elastic-workbench-cv-analyzer,elastic-workbench-cv-analyzer-1,106,"{'data_quality': 192, 'model_size': 1, 'parallelism': 1}",4.89,-1,8,-1
2025-07-04 00:52:35.003758,elastic-workbench-pc-visualizer,elastic-workbench-pc-visualizer-1,20,"{'data_quality': 40, 'model_size': 1, 'parallelism': 1}",1.0,-1,47,-1
2025-07-04 00:52:44.995470,elastic-workbench-qr-detector,elastic-workbench-qr-detector-1,24,"{'data_quality': 547, 'parallelism': 1}",2.11,-1,81,-1
2025-07-04 00:52:44.998689,elastic-workbench-cv-analyzer,elastic-workbench-cv-analyzer-1,80,"{'data_quality': 192, 'model_size': 1, 'parallelism': 1}",4.89,-1,9,-1
2025-07-04 00:52:45.001397,elastic-workbench-pc-visualizer,elastic-workbench-pc-visualizer-1,21,"{'data_quality': 40, 'model_size': 1, 'parallelism': 1}",1.0,-1,46,-1
2025-07-04 00:52:54.995955,elastic-workbench-qr-detector,elastic-workbench-qr-detector-1,24,"{'data_quality': 547, 'parallelism': 1}",2.09,-1,80,-1
2025-07-04 00:52:54.999657,elastic-workbench-cv-analyzer,elastic-workbench-cv-analyzer-1,86,"{'data_quality': 192, 'model_size': 1, 'parallelism': 1}",4.91,-1,8,-1
2025-07-04 00:52:55.005624,elastic-workbench-pc-visualizer,elastic-workbench-pc-visualizer-1,21,"{'data_quality': 40, 'model_size': 1, 'parallelism': 1}",1.0,-1,46,-1
2025-07-04 00:53:04.996987,elastic-workbench-qr-detector,elastic-workbench-qr-detector-1,24,"{'data_quality': 547, 'parallelism': 1}",2.07,-1,79,-1
2025-07-04 00:53:04.999920,elastic-workbench-cv-analyzer,elastic-workbench-cv-analyzer-1,110,"{'data_quality': 192, 'model_size': 1, 'parallelism': 1}",4.93,-1,8,-1
2025-07-04 00:53:05.002576,elastic-workbench-pc-visualizer,elastic-workbench-pc-visualizer-1,20,"{'data_quality': 40, 'model_size': 1, 'parallelism': 1}",1.0,-1,47,-1
2025-07-04 00:53:15.000257,elastic-workbench-qr-detector,elastic-workbench-qr-detector-1,25,"{'data_quality': 547, 'parallelism': 1}",2.07,-1,79,-1
2025-07-04 00:53:15.003201,elastic-workbench-cv-analyzer,elastic-workbench-cv-analyzer-1,106,"{'data_quality': 192, 'model_size': 1, 'parallelism': 1}",4.93,-1,8,-1
2025-07-04 00:53:15.007707,elastic-workbench-pc-visualizer,elastic-workbench-pc-visualizer-1,21,"{'data_quality': 40, 'model_size': 1, 'parallelism': 1}",1.0,-1,46,-1
2025-07-04 00:53:24.998665,elastic-workbench-qr-detector,elastic-workbench-qr-detector-1,25,"{'data_quality': 547, 'parallelism': 1}",2.06,-1,78,-1
2025-07-04 00:53:25.001722,elastic-workbench-cv-analyzer,elastic-workbench-cv-analyzer-1,83,"{'data_quality': 192, 'model_size': 1, 'parallelism': 1}",4.94,-1,8,-1
2025-07-04 00:53:25.004303,elastic-workbench-pc-visualizer,elastic-workbench-pc-visualizer-1,21,"{'data_quality': 40, 'model_size': 1, 'parallelism': 1}",1.0,-1,47,-1
2025-07-04 00:53:34.998913,elastic-workbench-qr-detector,elastic-workbench-qr-detector-1,25,"{'data_quality': 547, 'parallelism': 1}",2.04,-1,77,-1
2025-07-04 00:53:35.001827,elastic-workbench-cv-analyzer,elastic-workbench-cv-analyzer-1,81,"{'data_quality': 192, 'model_size': 1, 'parallelism': 1}",4.96,-1,8,-1
2025-07-04 00:53:35.004987,elastic-workbench-pc-visualizer,elastic-workbench-pc-visualizer-1,20,"{'data_quality': 40, 'model_size': 1, 'parallelism': 1}",1.0,-1,48,-1
2025-07-04 00:53:44.999635,elastic-workbench-qr-detector,elastic-workbench-qr-detector-1,26,"{'data_quality': 547, 'parallelism': 1}",2.02,-1,76,-1
2025-07-04 00:53:45.002601,elastic-workbench-cv-analyzer,elastic-workbench-cv-analyzer-1,288,"{'data_quality': 192, 'model_size': 2, 'parallelism': 1}",4.98,-1,3,-1
2025-07-04 00:53:45.005263,elastic-workbench-pc-visualizer,elastic-workbench-pc-visualizer-1,21,"{'data_quality': 40, 'model_size': 1, 'parallelism': 1}",1.0,-1,46,-1
2025-07-04 00:53:55.000565,elastic-workbench-qr-detector,elastic-workbench-qr-detector-1,25,"{'data_quality': 547, 'parallelism': 1}",2.01,-1,76,-1
2025-07-04 00:53:55.004626,elastic-workbench-cv-analyzer,elastic-workbench-cv-analyzer-1,172,"{'data_quality': 192, 'model_size': 2, 'parallelism': 1}",4.99,-1,5,-1
2025-07-04 00:53:55.007352,elastic-workbench-pc-visualizer,elastic-workbench-pc-visualizer-1,21,"{'data_quality': 40, 'model_size': 1, 'parallelism': 1}",1.0,-1,45,-1
2025-07-04 00:54:05.006675,elastic-workbench-qr-detector,elastic-workbench-qr-detector-1,26,"{'data_quality': 547, 'parallelism': 1}",2.01,-1,76,-1
2025-07-04 00:54:05.009825,elastic-workbench-cv-analyzer,elastic-workbench-cv-analyzer-1,191,"{'data_quality': 192, 'model_size': 2, 'parallelism': 1}",4.99,-1,5,-1
2025-07-04 00:54:05.012470,elastic-workbench-pc-visualizer,elastic-workbench-pc-visualizer-1,21,"{'data_quality': 40, 'model_size': 1, 'parallelism': 1}",1.0,-1,46,-1
2025-07-04 00:54:15.002545,elastic-workbench-qr-detector,elastic-workbench-qr-detector-1,26,"{'data_quality': 547, 'parallelism': 1}",2.01,-1,76,-1
2025-07-04 00:54:15.005638,elastic-workbench-cv-analyzer,elastic-workbench-cv-analyzer-1,220,"{'data_quality': 192, 'model_size': 2, 'parallelism': 1}",4.99,-1,4,-1
2025-07-04 00:54:15.008220,elastic-workbench-pc-visualizer,elastic-workbench-pc-visualizer-1,21,"{'data_quality': 40, 'model_size': 1, 'parallelism': 1}",1.0,-1,46,-1
2025-07-04 00:54:25.004683,elastic-workbench-qr-detector,elastic-workbench-qr-detector-1,25,"{'data_quality': 547, 'parallelism': 1}",2.0,-1,75,-1
2025-07-04 00:54:25.008217,elastic-workbench-cv-analyzer,elastic-workbench-cv-analyzer-1,175,"{'data_quality': 192, 'model_size': 2, 'parallelism': 1}",5.0,-1,4,-1
2025-07-04 00:54:25.011196,elastic-workbench-pc-visualizer,elastic-workbench-pc-visualizer-1,20,"{'data_quality': 40, 'model_size': 1, 'parallelism': 1}",1.0,-1,47,-1
2025-07-04 00:54:35.004846,elastic-workbench-qr-detector,elastic-workbench-qr-detector-1,26,"{'data_quality': 547, 'parallelism': 1}",2.0,-1,75,-1
2025-07-04 00:54:35.008058,elastic-workbench-cv-analyzer,elastic-workbench-cv-analyzer-1,213,"{'data_quality': 192, 'model_size': 2, 'parallelism': 1}",5.0,-1,4,-1
2025-07-04 00:54:35.010639,elastic-workbench-pc-visualizer,elastic-workbench-pc-visualizer-1,20,"{'data_quality': 40, 'model_size': 1, 'parallelism': 1}",1.0,-1,48,-1
2025-07-04 00:54:45.006774,elastic-workbench-qr-detector,elastic-workbench-qr-detector-1,25,"{'data_quality': 547, 'parallelism': 1}",2.0,-1,77,-1
2025-07-04 00:54:45.009651,elastic-workbench-cv-analyzer,elastic-workbench-cv-analyzer-1,183,"{'data_quality': 192, 'model_size': 2, 'parallelism': 1}",5.0,-1,5,-1
2025-07-04 00:54:45.012661,elastic-workbench-pc-visualizer,elastic-workbench-pc-visualizer-1,20,"{'data_quality': 40, 'model_size': 1, 'parallelism': 1}",1.0,-1,47,-1
2025-07-04 00:54:55.006007,elastic-workbench-qr-detector,elastic-workbench-qr-detector-1,25,"{'data_quality': 547, 'parallelism': 1}",1.98,-1,75,-1
2025-07-04 00:54:55.009125,elastic-workbench-cv-analyzer,elastic-workbench-cv-analyzer-1,194,"{'data_quality': 192, 'model_size': 2, 'parallelism': 1}",5.02,-1,4,-1
2025-07-04 00:54:55.021280,elastic-workbench-pc-visualizer,elastic-workbench-pc-visualizer-1,21,"{'data_quality': 40, 'model_size': 1, 'parallelism': 1}",1.0,-1,47,-1
2025-07-04 00:55:05.006529,elastic-workbench-qr-detector,elastic-workbench-qr-detector-1,26,"{'data_quality': 547, 'parallelism': 1}",1.98,-1,74,-1
2025-07-04 00:55:05.009437,elastic-workbench-cv-analyzer,elastic-workbench-cv-analyzer-1,170,"{'data_quality': 192, 'model_size': 2, 'parallelism': 1}",5.02,-1,5,-1
2025-07-04 00:55:05.012811,elastic-workbench-pc-visualizer,elastic-workbench-pc-visualizer-1,21,"{'data_quality': 40, 'model_size': 1, 'parallelism': 1}",1.0,-1,45,-1
2025-07-04 00:55:15.006956,elastic-workbench-qr-detector,elastic-workbench-qr-detector-1,26,"{'data_quality': 547, 'parallelism': 1}",1.98,-1,77,-1
2025-07-04 00:55:15.010012,elastic-workbench-cv-analyzer,elastic-workbench-cv-analyzer-1,193,"{'data_quality': 192, 'model_size': 2, 'parallelism': 1}",5.02,-1,4,-1
2025-07-04 00:55:15.013680,elastic-workbench-pc-visualizer,elastic-workbench-pc-visualizer-1,19,"{'data_quality': 40, 'model_size': 1, 'parallelism': 1}",1.0,-1,49,-1
2025-07-04 00:55:25.008029,elastic-workbench-qr-detector,elastic-workbench-qr-detector-1,26,"{'data_quality': 547, 'parallelism': 1}",1.96,-1,74,-1
2025-07-04 00:55:25.010926,elastic-workbench-cv-analyzer,elastic-workbench-cv-analyzer-1,202,"{'data_quality': 192, 'model_size': 2, 'parallelism': 1}",5.04,-1,4,-1
2025-07-04 00:55:25.013614,elastic-workbench-pc-visualizer,elastic-workbench-pc-visualizer-1,20,"{'data_quality': 40, 'model_size': 1, 'parallelism': 1}",1.0,-1,47,-1
2025-07-04 00:55:35.011317,elastic-workbench-qr-detector,elastic-workbench-qr-detector-1,26,"{'data_quality': 547, 'parallelism': 1}",1.97,-1,73,-1
2025-07-04 00:55:35.014393,elastic-workbench-cv-analyzer,elastic-workbench-cv-analyzer-1,272,"{'data_quality': 192, 'model_size': 2, 'parallelism': 1}",5.03,-1,3,-1
2025-07-04 00:55:35.022525,elastic-workbench-pc-visualizer,elastic-workbench-pc-visualizer-1,20,"{'data_quality': 40, 'model_size': 1, 'parallelism': 1}",1.0,-1,47,-1
2025-07-04 00:55:45.008866,elastic-workbench-qr-detector,elastic-workbench-qr-detector-1,27,"{'data_quality': 547, 'parallelism': 1}",1.97,-1,73,-1
2025-07-04 00:55:45.012227,elastic-workbench-cv-analyzer,elastic-workbench-cv-analyzer-1,179,"{'data_quality': 192, 'model_size': 2, 'parallelism': 1}",5.03,-1,4,-1
2025-07-04 00:55:45.018253,elastic-workbench-pc-visualizer,elastic-workbench-pc-visualizer-1,21,"{'data_quality': 40, 'model_size': 1, 'parallelism': 1}",1.0,-1,47,-1
2025-07-04 00:55:55.009940,elastic-workbench-qr-detector,elastic-workbench-qr-detector-1,26,"{'data_quality': 547, 'parallelism': 1}",1.97,-1,74,-1
2025-07-04 00:55:55.013037,elastic-workbench-cv-analyzer,elastic-workbench-cv-analyzer-1,191,"{'data_quality': 192, 'model_size': 2, 'parallelism': 1}",5.03,-1,5,-1
2025-07-04 00:55:55.021377,elastic-workbench-pc-visualizer,elastic-workbench-pc-visualizer-1,21,"{'data_quality': 40, 'model_size': 1, 'parallelism': 1}",1.0,-1,46,-1
2025-07-04 00:56:05.010509,elastic-workbench-qr-detector,elastic-workbench-qr-detector-1,26,"{'data_quality': 547, 'parallelism': 1}",1.98,-1,74,-1
2025-07-04 00:56:05.013315,elastic-workbench-cv-analyzer,elastic-workbench-cv-analyzer-1,188,"{'data_quality': 192, 'model_size': 2, 'parallelism': 1}",5.02,-1,4,-1
2025-07-04 00:56:05.025751,elastic-workbench-pc-visualizer,elastic-workbench-pc-visualizer-1,20,"{'data_quality': 40, 'model_size': 1, 'parallelism': 1}",1.0,-1,47,-1
2025-07-04 00:56:15.018489,elastic-workbench-qr-detector,elastic-workbench-qr-detector-1,27,"{'data_quality': 547, 'parallelism': 1}",1.97,-1,73,-1
2025-07-04 00:56:15.026767,elastic-workbench-cv-analyzer,elastic-workbench-cv-analyzer-1,189,"{'data_quality': 192, 'model_size': 2, 'parallelism': 1}",5.03,-1,4,-1
2025-07-04 00:56:15.029212,elastic-workbench-pc-visualizer,elastic-workbench-pc-visualizer-1,21,"{'data_quality': 40, 'model_size': 1, 'parallelism': 1}",1.0,-1,46,-1
2025-07-04 00:56:25.011824,elastic-workbench-qr-detector,elastic-workbench-qr-detector-1,26,"{'data_quality': 547, 'parallelism': 1}",1.96,-1,74,-1
2025-07-04 00:56:25.017908,elastic-workbench-cv-analyzer,elastic-workbench-cv-analyzer-1,150,"{'data_quality': 192, 'model_size': 2, 'parallelism': 1}",5.04,-1,6,-1
2025-07-04 00:56:25.020668,elastic-workbench-pc-visualizer,elastic-workbench-pc-visualizer-1,21,"{'data_quality': 40, 'model_size': 1, 'parallelism': 1}",1.0,-1,46,-1
2025-07-04 00:56:35.017337,elastic-workbench-qr-detector,elastic-workbench-qr-detector-1,26,"{'data_quality': 547, 'parallelism': 1}",1.96,-1,75,-1
2025-07-04 00:56:35.023581,elastic-workbench-cv-analyzer,elastic-workbench-cv-analyzer-1,206,"{'data_quality': 192, 'model_size': 2, 'parallelism': 1}",5.04,-1,4,-1
2025-07-04 00:56:35.026021,elastic-workbench-pc-visualizer,elastic-workbench-pc-visualizer-1,21,"{'data_quality': 40, 'model_size': 1, 'parallelism': 1}",1.0,-1,47,-1
2025-07-04 00:56:45.012448,elastic-workbench-qr-detector,elastic-workbench-qr-detector-1,26,"{'data_quality': 547, 'parallelism': 1}",1.95,-1,73,-1
2025-07-04 00:56:45.018705,elastic-workbench-cv-analyzer,elastic-workbench-cv-analyzer-1,186,"{'data_quality': 192, 'model_size': 2, 'parallelism': 1}",5.05,-1,5,-1
2025-07-04 00:56:45.023267,elastic-workbench-pc-visualizer,elastic-workbench-pc-visualizer-1,20,"{'data_quality': 40, 'model_size': 1, 'parallelism': 1}",1.0,-1,48,-1
2025-07-04 00:56:55.013184,elastic-workbench-qr-detector,elastic-workbench-qr-detector-1,26,"{'data_quality': 547, 'parallelism': 1}",1.94,-1,74,-1
2025-07-04 00:56:55.021487,elastic-workbench-cv-analyzer,elastic-workbench-cv-analyzer-1,166,"{'data_quality': 192, 'model_size': 2, 'parallelism': 1}",5.06,-1,5,-1
2025-07-04 00:56:55.024291,elastic-workbench-pc-visualizer,elastic-workbench-pc-visualizer-1,20,"{'data_quality': 40, 'model_size': 1, 'parallelism': 1}",1.0,-1,47,-1
2025-07-04 00:57:05.013600,elastic-workbench-qr-detector,elastic-workbench-qr-detector-1,27,"{'data_quality': 547, 'parallelism': 1}",1.94,-1,73,-1
2025-07-04 00:57:05.022694,elastic-workbench-cv-analyzer,elastic-workbench-cv-analyzer-1,161,"{'data_quality': 192, 'model_size': 2, 'parallelism': 1}",5.06,-1,5,-1
2025-07-04 00:57:05.026551,elastic-workbench-pc-visualizer,elastic-workbench-pc-visualizer-1,21,"{'data_quality': 40, 'model_size': 1, 'parallelism': 1}",1.0,-1,46,-1
2025-07-04 00:57:15.014786,elastic-workbench-qr-detector,elastic-workbench-qr-detector-1,27,"{'data_quality': 547, 'parallelism': 1}",1.93,-1,72,-1
2025-07-04 00:57:15.026113,elastic-workbench-cv-analyzer,elastic-workbench-cv-analyzer-1,135,"{'data_quality': 192, 'model_size': 2, 'parallelism': 1}",5.07,-1,6,-1
2025-07-04 00:57:15.035160,elastic-workbench-pc-visualizer,elastic-workbench-pc-visualizer-1,21,"{'data_quality': 40, 'model_size': 1, 'parallelism': 1}",1.0,-1,45,-1
2025-07-04 00:57:25.018139,elastic-workbench-qr-detector,elastic-workbench-qr-detector-1,25,"{'data_quality': 547, 'parallelism': 1}",1.92,-1,73,-1
2025-07-04 00:57:25.028677,elastic-workbench-cv-analyzer,elastic-workbench-cv-analyzer-1,169,"{'data_quality': 192, 'model_size': 2, 'parallelism': 1}",5.08,-1,5,-1
2025-07-04 00:57:25.031480,elastic-workbench-pc-visualizer,elastic-workbench-pc-visualizer-1,21,"{'data_quality': 40, 'model_size': 1, 'parallelism': 1}",1.0,-1,46,-1
2025-07-04 00:57:35.021298,elastic-workbench-qr-detector,elastic-workbench-qr-detector-1,26,"{'data_quality': 547, 'parallelism': 1}",1.91,-1,73,-1
2025-07-04 00:57:35.024240,elastic-workbench-cv-analyzer,elastic-workbench-cv-analyzer-1,235,"{'data_quality': 192, 'model_size': 2, 'parallelism': 1}",5.09,-1,4,-1
2025-07-04 00:57:35.030358,elastic-workbench-pc-visualizer,elastic-workbench-pc-visualizer-1,20,"{'data_quality': 40, 'model_size': 1, 'parallelism': 1}",1.0,-1,48,-1
2025-07-04 00:57:45.022877,elastic-workbench-qr-detector,elastic-workbench-qr-detector-1,25,"{'data_quality': 547, 'parallelism': 1}",1.92,-1,73,-1
2025-07-04 00:57:45.027626,elastic-workbench-cv-analyzer,elastic-workbench-cv-analyzer-1,174,"{'data_quality': 192, 'model_size': 2, 'parallelism': 1}",5.08,-1,5,-1
2025-07-04 00:57:45.030192,elastic-workbench-pc-visualizer,elastic-workbench-pc-visualizer-1,21,"{'data_quality': 40, 'model_size': 1, 'parallelism': 1}",1.0,-1,46,-1
2025-07-04 00:57:55.022563,elastic-workbench-qr-detector,elastic-workbench-qr-detector-1,25,"{'data_quality': 547, 'parallelism': 1}",1.91,-1,73,-1
2025-07-04 00:57:55.025828,elastic-workbench-cv-analyzer,elastic-workbench-cv-analyzer-1,180,"{'data_quality': 192, 'model_size': 2, 'parallelism': 1}",5.09,-1,4,-1
2025-07-04 00:57:55.029621,elastic-workbench-pc-visualizer,elastic-workbench-pc-visualizer-1,19,"{'data_quality': 40, 'model_size': 1, 'parallelism': 1}",1.0,-1,49,-1
2025-07-04 00:58:05.026624,elastic-workbench-qr-detector,elastic-workbench-qr-detector-1,26,"{'data_quality': 547, 'parallelism': 1}",1.91,-1,73,-1
2025-07-04 00:58:05.029652,elastic-workbench-cv-analyzer,elastic-workbench-cv-analyzer-1,198,"{'data_quality': 192, 'model_size': 2, 'parallelism': 1}",5.09,-1,4,-1
2025-07-04 00:58:05.033430,elastic-workbench-pc-visualizer,elastic-workbench-pc-visualizer-1,20,"{'data_quality': 40, 'model_size': 1, 'parallelism': 1}",1.0,-1,48,-1
2025-07-04 00:58:15.027661,elastic-workbench-qr-detector,elastic-workbench-qr-detector-1,26,"{'data_quality': 547, 'parallelism': 1}",1.91,-1,72,-1
2025-07-04 00:58:15.031456,elastic-workbench-cv-analyzer,elastic-workbench-cv-analyzer-1,239,"{'data_quality': 192, 'model_size': 2, 'parallelism': 1}",5.09,-1,4,-1
2025-07-04 00:58:15.034099,elastic-workbench-pc-visualizer,elastic-workbench-pc-visualizer-1,21,"{'data_quality': 40, 'model_size': 1, 'parallelism': 1}",1.0,-1,45,-1
2025-07-04 00:58:25.024697,elastic-workbench-qr-detector,elastic-workbench-qr-detector-1,26,"{'data_quality': 547, 'parallelism': 1}",1.89,-1,72,-1
2025-07-04 00:58:25.027690,elastic-workbench-cv-analyzer,elastic-workbench-cv-analyzer-1,241,"{'data_quality': 192, 'model_size': 2, 'parallelism': 1}",5.11,-1,3,-1
2025-07-04 00:58:25.030174,elastic-workbench-pc-visualizer,elastic-workbench-pc-visualizer-1,21,"{'data_quality': 40, 'model_size': 1, 'parallelism': 1}",1.0,-1,46,-1
2025-07-04 00:58:35.023978,elastic-workbench-qr-detector,elastic-workbench-qr-detector-1,26,"{'data_quality': 547, 'parallelism': 1}",1.89,-1,71,-1
2025-07-04 00:58:35.026734,elastic-workbench-cv-analyzer,elastic-workbench-cv-analyzer-1,170,"{'data_quality': 192, 'model_size': 2, 'parallelism': 1}",5.11,-1,5,-1
2025-07-04 00:58:35.029645,elastic-workbench-pc-visualizer,elastic-workbench-pc-visualizer-1,21,"{'data_quality': 40, 'model_size': 1, 'parallelism': 1}",1.0,-1,46,-1
2025-07-04 00:58:45.034083,elastic-workbench-qr-detector,elastic-workbench-qr-detector-1,26,"{'data_quality': 547, 'parallelism': 1}",1.88,-1,70,-1
2025-07-04 00:58:45.037265,elastic-workbench-cv-analyzer,elastic-workbench-cv-analyzer-1,152,"{'data_quality': 192, 'model_size': 2, 'parallelism': 1}",5.12,-1,6,-1
2025-07-04 00:58:45.040130,elastic-workbench-pc-visualizer,elastic-workbench-pc-visualizer-1,21,"{'data_quality': 40, 'model_size': 1, 'parallelism': 1}",1.0,-1,45,-1
2025-07-04 00:58:55.030824,elastic-workbench-qr-detector,elastic-workbench-qr-detector-1,26,"{'data_quality': 547, 'parallelism': 1}",1.87,-1,69,-1
2025-07-04 00:58:55.033547,elastic-workbench-cv-analyzer,elastic-workbench-cv-analyzer-1,151,"{'data_quality': 192, 'model_size': 2, 'parallelism': 1}",5.13,-1,5,-1
2025-07-04 00:58:55.036180,elastic-workbench-pc-visualizer,elastic-workbench-pc-visualizer-1,19,"{'data_quality': 40, 'model_size': 1, 'parallelism': 1}",1.0,-1,49,-1
2025-07-04 00:59:05.026336,elastic-workbench-qr-detector,elastic-workbench-qr-detector-1,26,"{'data_quality': 547, 'parallelism': 1}",1.86,-1,69,-1
2025-07-04 00:59:05.029187,elastic-workbench-cv-analyzer,elastic-workbench-cv-analyzer-1,188,"{'data_quality': 192, 'model_size': 2, 'parallelism': 1}",5.14,-1,4,-1
2025-07-04 00:59:05.031974,elastic-workbench-pc-visualizer,elastic-workbench-pc-visualizer-1,20,"{'data_quality': 40, 'model_size': 1, 'parallelism': 1}",1.0,-1,47,-1
2025-07-04 00:59:15.028618,elastic-workbench-qr-detector,elastic-workbench-qr-detector-1,26,"{'data_quality': 547, 'parallelism': 1}",1.86,-1,69,-1
2025-07-04 00:59:15.031791,elastic-workbench-cv-analyzer,elastic-workbench-cv-analyzer-1,191,"{'data_quality': 192, 'model_size': 2, 'parallelism': 1}",5.14,-1,4,-1
2025-07-04 00:59:15.034366,elastic-workbench-pc-visualizer,elastic-workbench-pc-visualizer-1,21,"{'data_quality': 40, 'model_size': 1, 'parallelism': 1}",1.0,-1,46,-1
2025-07-04 00:59:25.031295,elastic-workbench-qr-detector,elastic-workbench-qr-detector-1,26,"{'data_quality': 547, 'parallelism': 1}",1.86,-1,70,-1
2025-07-04 00:59:25.033856,elastic-workbench-cv-analyzer,elastic-workbench-cv-analyzer-1,229,"{'data_quality': 192, 'model_size': 2, 'parallelism': 1}",5.14,-1,3,-1
2025-07-04 00:59:25.036688,elastic-workbench-pc-visualizer,elastic-workbench-pc-visualizer-1,21,"{'data_quality': 40, 'model_size': 1, 'parallelism': 1}",1.0,-1,46,-1
2025-07-04 00:59:35.030892,elastic-workbench-qr-detector,elastic-workbench-qr-detector-1,26,"{'data_quality': 547, 'parallelism': 1}",1.87,-1,69,-1
2025-07-04 00:59:35.033744,elastic-workbench-cv-analyzer,elastic-workbench-cv-analyzer-1,215,"{'data_quality': 192, 'model_size': 2, 'parallelism': 1}",5.13,-1,4,-1
2025-07-04 00:59:35.036323,elastic-workbench-pc-visualizer,elastic-workbench-pc-visualizer-1,21,"{'data_quality': 40, 'model_size': 1, 'parallelism': 1}",1.0,-1,46,-1
2025-07-04 00:59:45.033854,elastic-workbench-qr-detector,elastic-workbench-qr-detector-1,28,"{'data_quality': 547, 'parallelism': 1}",1.86,-1,70,-1
2025-07-04 00:59:45.037408,elastic-workbench-cv-analyzer,elastic-workbench-cv-analyzer-1,180,"{'data_quality': 192, 'model_size': 2, 'parallelism': 1}",5.14,-1,5,-1
2025-07-04 00:59:45.046527,elastic-workbench-pc-visualizer,elastic-workbench-pc-visualizer-1,21,"{'data_quality': 40, 'model_size': 1, 'parallelism': 1}",1.0,-1,46,-1
2025-07-04 00:59:55.034295,elastic-workbench-qr-detector,elastic-workbench-qr-detector-1,26,"{'data_quality': 547, 'parallelism': 1}",1.88,-1,69,-1
2025-07-04 00:59:55.036979,elastic-workbench-cv-analyzer,elastic-workbench-cv-analyzer-1,173,"{'data_quality': 192, 'model_size': 2, 'parallelism': 1}",5.12,-1,5,-1
2025-07-04 00:59:55.041336,elastic-workbench-pc-visualizer,elastic-workbench-pc-visualizer-1,21,"{'data_quality': 40, 'model_size': 1, 'parallelism': 1}",1.0,-1,46,-1
2025-07-04 01:00:05.033694,elastic-workbench-qr-detector,elastic-workbench-qr-detector-1,27,"{'data_quality': 547, 'parallelism': 1}",1.86,-1,68,-1
2025-07-04 01:00:05.037595,elastic-workbench-cv-analyzer,elastic-workbench-cv-analyzer-1,171,"{'data_quality': 192, 'model_size': 2, 'parallelism': 1}",5.14,-1,5,-1
2025-07-04 01:00:05.040084,elastic-workbench-pc-visualizer,elastic-workbench-pc-visualizer-1,21,"{'data_quality': 40, 'model_size': 1, 'parallelism': 1}",1.0,-1,46,-1
2025-07-04 01:00:15.035316,elastic-workbench-qr-detector,elastic-workbench-qr-detector-1,26,"{'data_quality': 547, 'parallelism': 1}",1.85,-1,67,-1
2025-07-04 01:00:15.038814,elastic-workbench-cv-analyzer,elastic-workbench-cv-analyzer-1,162,"{'data_quality': 192, 'model_size': 2, 'parallelism': 1}",5.15,-1,5,-1
2025-07-04 01:00:15.045248,elastic-workbench-pc-visualizer,elastic-workbench-pc-visualizer-1,21,"{'data_quality': 40, 'model_size': 1, 'parallelism': 1}",1.0,-1,46,-1
2025-07-04 01:00:25.038428,elastic-workbench-qr-detector,elastic-workbench-qr-detector-1,27,"{'data_quality': 547, 'parallelism': 1}",1.84,-1,67,-1
2025-07-04 01:00:25.046122,elastic-workbench-cv-analyzer,elastic-workbench-cv-analyzer-1,199,"{'data_quality': 192, 'model_size': 2, 'parallelism': 1}",5.16,-1,4,-1
2025-07-04 01:00:25.048918,elastic-workbench-pc-visualizer,elastic-workbench-pc-visualizer-1,21,"{'data_quality': 40, 'model_size': 1, 'parallelism': 1}",1.0,-1,46,-1
2025-07-04 01:00:35.037854,elastic-workbench-qr-detector,elastic-workbench-qr-detector-1,26,"{'data_quality': 547, 'parallelism': 1}",1.84,-1,67,-1
2025-07-04 01:00:35.040884,elastic-workbench-cv-analyzer,elastic-workbench-cv-analyzer-1,187,"{'data_quality': 192, 'model_size': 2, 'parallelism': 1}",5.16,-1,5,-1
2025-07-04 01:00:35.044319,elastic-workbench-pc-visualizer,elastic-workbench-pc-visualizer-1,21,"{'data_quality': 40, 'model_size': 1, 'parallelism': 1}",1.0,-1,46,-1
2025-07-04 01:00:45.040211,elastic-workbench-qr-detector,elastic-workbench-qr-detector-1,27,"{'data_quality': 547, 'parallelism': 1}",1.84,-1,67,-1
2025-07-04 01:00:45.046677,elastic-workbench-cv-analyzer,elastic-workbench-cv-analyzer-1,184,"{'data_quality': 192, 'model_size': 2, 'parallelism': 1}",5.16,-1,4,-1
2025-07-04 01:00:45.050453,elastic-workbench-pc-visualizer,elastic-workbench-pc-visualizer-1,21,"{'data_quality': 40, 'model_size': 1, 'parallelism': 1}",1.0,-1,47,-1
2025-07-04 01:00:55.044618,elastic-workbench-qr-detector,elastic-workbench-qr-detector-1,26,"{'data_quality': 547, 'parallelism': 1}",1.84,-1,67,-1
2025-07-04 01:00:55.047669,elastic-workbench-cv-analyzer,elastic-workbench-cv-analyzer-1,168,"{'data_quality': 192, 'model_size': 2, 'parallelism': 1}",5.16,-1,5,-1
2025-07-04 01:00:55.052317,elastic-workbench-pc-visualizer,elastic-workbench-pc-visualizer-1,20,"{'data_quality': 40, 'model_size': 1, 'parallelism': 1}",1.0,-1,47,-1
2025-07-04 01:01:05.041349,elastic-workbench-qr-detector,elastic-workbench-qr-detector-1,26,"{'data_quality': 547, 'parallelism': 1}",1.84,-1,66,-1
2025-07-04 01:01:05.044004,elastic-workbench-cv-analyzer,elastic-workbench-cv-analyzer-1,201,"{'data_quality': 192, 'model_size': 2, 'parallelism': 1}",5.16,-1,5,-1
2025-07-04 01:01:05.047127,elastic-workbench-pc-visualizer,elastic-workbench-pc-visualizer-1,20,"{'data_quality': 40, 'model_size': 1, 'parallelism': 1}",1.0,-1,47,-1
2025-07-04 01:01:15.040723,elastic-workbench-qr-detector,elastic-workbench-qr-detector-1,27,"{'data_quality': 547, 'parallelism': 1}",1.83,-1,65,-1
2025-07-04 01:01:15.047189,elastic-workbench-cv-analyzer,elastic-workbench-cv-analyzer-1,178,"{'data_quality': 192, 'model_size': 2, 'parallelism': 1}",5.17,-1,5,-1
2025-07-04 01:01:15.050250,elastic-workbench-pc-visualizer,elastic-workbench-pc-visualizer-1,21,"{'data_quality': 40, 'model_size': 1, 'parallelism': 1}",1.0,-1,46,-1
2025-07-04 01:01:25.045397,elastic-workbench-qr-detector,elastic-workbench-qr-detector-1,27,"{'data_quality': 547, 'parallelism': 1}",1.82,-1,64,-1
2025-07-04 01:01:25.048222,elastic-workbench-cv-analyzer,elastic-workbench-cv-analyzer-1,206,"{'data_quality': 192, 'model_size': 2, 'parallelism': 1}",5.18,-1,4,-1
2025-07-04 01:01:25.053349,elastic-workbench-pc-visualizer,elastic-workbench-pc-visualizer-1,21,"{'data_quality': 40, 'model_size': 1, 'parallelism': 1}",1.0,-1,46,-1
2025-07-04 01:01:35.043783,elastic-workbench-qr-detector,elastic-workbench-qr-detector-1,26,"{'data_quality': 547, 'parallelism': 1}",1.81,-1,64,-1
2025-07-04 01:01:35.049671,elastic-workbench-cv-analyzer,elastic-workbench-cv-analyzer-1,159,"{'data_quality': 192, 'model_size': 2, 'parallelism': 1}",5.19,-1,5,-1
2025-07-04 01:01:35.052206,elastic-workbench-pc-visualizer,elastic-workbench-pc-visualizer-1,21,"{'data_quality': 40, 'model_size': 1, 'parallelism': 1}",1.0,-1,47,-1
2025-07-04 01:01:45.039899,elastic-workbench-qr-detector,elastic-workbench-qr-detector-1,26,"{'data_quality': 547, 'parallelism': 1}",1.81,-1,63,-1
2025-07-04 01:01:45.043063,elastic-workbench-cv-analyzer,elastic-workbench-cv-analyzer-1,210,"{'data_quality': 192, 'model_size': 2, 'parallelism': 1}",5.19,-1,4,-1
2025-07-04 01:01:45.046981,elastic-workbench-pc-visualizer,elastic-workbench-pc-visualizer-1,21,"{'data_quality': 40, 'model_size': 1, 'parallelism': 1}",1.0,-1,47,-1
2025-07-04 01:01:55.043319,elastic-workbench-qr-detector,elastic-workbench-qr-detector-1,27,"{'data_quality': 547, 'parallelism': 1}",1.8,-1,63,-1
2025-07-04 01:01:55.053149,elastic-workbench-cv-analyzer,elastic-workbench-cv-analyzer-1,168,"{'data_quality': 192, 'model_size': 2, 'parallelism': 1}",5.2,-1,5,-1
2025-07-04 01:01:55.056142,elastic-workbench-pc-visualizer,elastic-workbench-pc-visualizer-1,21,"{'data_quality': 40, 'model_size': 1, 'parallelism': 1}",1.0,-1,47,-1
2025-07-04 01:02:05.041287,elastic-workbench-qr-detector,elastic-workbench-qr-detector-1,26,"{'data_quality': 547, 'parallelism': 1}",1.8,-1,63,-1
2025-07-04 01:02:05.043923,elastic-workbench-cv-analyzer,elastic-workbench-cv-analyzer-1,217,"{'data_quality': 192, 'model_size': 2, 'parallelism': 1}",5.2,-1,4,-1
2025-07-04 01:02:05.046408,elastic-workbench-pc-visualizer,elastic-workbench-pc-visualizer-1,21,"{'data_quality': 40, 'model_size': 1, 'parallelism': 1}",1.0,-1,47,-1
2025-07-04 01:02:15.046143,elastic-workbench-qr-detector,elastic-workbench-qr-detector-1,27,"{'data_quality': 547, 'parallelism': 1}",1.8,-1,62,-1
2025-07-04 01:02:15.057462,elastic-workbench-cv-analyzer,elastic-workbench-cv-analyzer-1,163,"{'data_quality': 192, 'model_size': 2, 'parallelism': 1}",5.2,-1,5,-1
2025-07-04 01:02:15.060674,elastic-workbench-pc-visualizer,elastic-workbench-pc-visualizer-1,21,"{'data_quality': 40, 'model_size': 1, 'parallelism': 1}",1.0,-1,46,-1
2025-07-04 01:02:25.044531,elastic-workbench-qr-detector,elastic-workbench-qr-detector-1,27,"{'data_quality': 547, 'parallelism': 1}",1.79,-1,62,-1
2025-07-04 01:02:25.047079,elastic-workbench-cv-analyzer,elastic-workbench-cv-analyzer-1,185,"{'data_quality': 192, 'model_size': 2, 'parallelism': 1}",5.21,-1,5,-1
2025-07-04 01:02:25.049630,elastic-workbench-pc-visualizer,elastic-workbench-pc-visualizer-1,21,"{'data_quality': 40, 'model_size': 1, 'parallelism': 1}",1.0,-1,45,-1
2025-07-04 01:02:35.045904,elastic-workbench-qr-detector,elastic-workbench-qr-detector-1,27,"{'data_quality': 547, 'parallelism': 1}",1.79,-1,61,-1
2025-07-04 01:02:35.049546,elastic-workbench-cv-analyzer,elastic-workbench-cv-analyzer-1,175,"{'data_quality': 192, 'model_size': 2, 'parallelism': 1}",5.21,-1,5,-1
2025-07-04 01:02:35.052831,elastic-workbench-pc-visualizer,elastic-workbench-pc-visualizer-1,21,"{'data_quality': 40, 'model_size': 1, 'parallelism': 1}",1.0,-1,46,-1
2025-07-04 01:02:45.044230,elastic-workbench-qr-detector,elastic-workbench-qr-detector-1,28,"{'data_quality': 547, 'parallelism': 1}",1.77,-1,61,-1
2025-07-04 01:02:45.047021,elastic-workbench-cv-analyzer,elastic-workbench-cv-analyzer-1,175,"{'data_quality': 192, 'model_size': 2, 'parallelism': 1}",5.23,-1,5,-1
2025-07-04 01:02:45.049528,elastic-workbench-pc-visualizer,elastic-workbench-pc-visualizer-1,21,"{'data_quality': 40, 'model_size': 1, 'parallelism': 1}",1.0,-1,45,-1
2025-07-04 01:02:55.046211,elastic-workbench-qr-detector,elastic-workbench-qr-detector-1,28,"{'data_quality': 547, 'parallelism': 1}",1.77,-1,61,-1
2025-07-04 01:02:55.049482,elastic-workbench-cv-analyzer,elastic-workbench-cv-analyzer-1,164,"{'data_quality': 192, 'model_size': 2, 'parallelism': 1}",5.23,-1,5,-1
2025-07-04 01:02:55.051985,elastic-workbench-pc-visualizer,elastic-workbench-pc-visualizer-1,20,"{'data_quality': 40, 'model_size': 1, 'parallelism': 1}",1.0,-1,47,-1
2025-07-04 01:03:05.044875,elastic-workbench-qr-detector,elastic-workbench-qr-detector-1,28,"{'data_quality': 547, 'parallelism': 1}",1.77,-1,59,-1
2025-07-04 01:03:05.053274,elastic-workbench-cv-analyzer,elastic-workbench-cv-analyzer-1,181,"{'data_quality': 192, 'model_size': 2, 'parallelism': 1}",5.23,-1,4,-1
2025-07-04 01:03:05.056172,elastic-workbench-pc-visualizer,elastic-workbench-pc-visualizer-1,20,"{'data_quality': 40, 'model_size': 1, 'parallelism': 1}",1.0,-1,47,-1
2025-07-04 01:03:15.052102,elastic-workbench-qr-detector,elastic-workbench-qr-detector-1,28,"{'data_quality': 547, 'parallelism': 1}",1.75,-1,59,-1
2025-07-04 01:03:15.054710,elastic-workbench-cv-analyzer,elastic-workbench-cv-analyzer-1,202,"{'data_quality': 192, 'model_size': 2, 'parallelism': 1}",5.25,-1,4,-1
2025-07-04 01:03:15.057196,elastic-workbench-pc-visualizer,elastic-workbench-pc-visualizer-1,21,"{'data_quality': 40, 'model_size': 1, 'parallelism': 1}",1.0,-1,46,-1
2025-07-04 01:03:25.047186,elastic-workbench-qr-detector,elastic-workbench-qr-detector-1,27,"{'data_quality': 547, 'parallelism': 1}",1.75,-1,59,-1
2025-07-04 01:03:25.057749,elastic-workbench-cv-analyzer,elastic-workbench-cv-analyzer-1,149,"{'data_quality': 192, 'model_size': 2, 'parallelism': 1}",5.25,-1,5,-1
2025-07-04 01:03:25.062398,elastic-workbench-pc-visualizer,elastic-workbench-pc-visualizer-1,19,"{'data_quality': 40, 'model_size': 1, 'parallelism': 1}",1.0,-1,49,-1
2025-07-04 01:03:35.048711,elastic-workbench-qr-detector,elastic-workbench-qr-detector-1,27,"{'data_quality': 547, 'parallelism': 1}",1.75,-1,60,-1
2025-07-04 01:03:35.053090,elastic-workbench-cv-analyzer,elastic-workbench-cv-analyzer-1,160,"{'data_quality': 192, 'model_size': 2, 'parallelism': 1}",5.25,-1,5,-1
2025-07-04 01:03:35.056341,elastic-workbench-pc-visualizer,elastic-workbench-pc-visualizer-1,20,"{'data_quality': 40, 'model_size': 1, 'parallelism': 1}",1.0,-1,47,-1
2025-07-04 01:03:45.050142,elastic-workbench-qr-detector,elastic-workbench-qr-detector-1,27,"{'data_quality': 547, 'parallelism': 1}",1.76,-1,58,-1
2025-07-04 01:03:45.052693,elastic-workbench-cv-analyzer,elastic-workbench-cv-analyzer-1,226,"{'data_quality': 192, 'model_size': 2, 'parallelism': 1}",5.24,-1,4,-1
2025-07-04 01:03:45.055389,elastic-workbench-pc-visualizer,elastic-workbench-pc-visualizer-1,20,"{'data_quality': 40, 'model_size': 1, 'parallelism': 1}",1.0,-1,48,-1
2025-07-04 01:03:55.050716,elastic-workbench-qr-detector,elastic-workbench-qr-detector-1,28,"{'data_quality': 547, 'parallelism': 1}",1.74,-1,58,-1
2025-07-04 01:03:55.054674,elastic-workbench-cv-analyzer,elastic-workbench-cv-analyzer-1,147,"{'data_quality': 192, 'model_size': 2, 'parallelism': 1}",5.26,-1,5,-1
2025-07-04 01:03:55.057261,elastic-workbench-pc-visualizer,elastic-workbench-pc-visualizer-1,20,"{'data_quality': 40, 'model_size': 1, 'parallelism': 1}",1.0,-1,47,-1
2025-07-04 01:04:05.055260,elastic-workbench-qr-detector,elastic-workbench-qr-detector-1,28,"{'data_quality': 547, 'parallelism': 1}",1.74,-1,59,-1
2025-07-04 01:04:05.058164,elastic-workbench-cv-analyzer,elastic-workbench-cv-analyzer-1,136,"{'data_quality': 192, 'model_size': 2, 'parallelism': 1}",5.26,-1,6,-1
2025-07-04 01:04:05.061297,elastic-workbench-pc-visualizer,elastic-workbench-pc-visualizer-1,21,"{'data_quality': 40, 'model_size': 1, 'parallelism': 1}",1.0,-1,47,-1
2025-07-04 01:04:15.055248,elastic-workbench-qr-detector,elastic-workbench-qr-detector-1,27,"{'data_quality': 547, 'parallelism': 1}",1.75,-1,57,-1
2025-07-04 01:04:15.058519,elastic-workbench-cv-analyzer,elastic-workbench-cv-analyzer-1,173,"{'data_quality': 192, 'model_size': 2, 'parallelism': 1}",5.25,-1,5,-1
2025-07-04 01:04:15.061325,elastic-workbench-pc-visualizer,elastic-workbench-pc-visualizer-1,21,"{'data_quality': 40, 'model_size': 1, 'parallelism': 1}",1.0,-1,46,-1
2025-07-04 01:04:25.055304,elastic-workbench-qr-detector,elastic-workbench-qr-detector-1,27,"{'data_quality': 547, 'parallelism': 1}",1.73,-1,57,-1
2025-07-04 01:04:25.058354,elastic-workbench-cv-analyzer,elastic-workbench-cv-analyzer-1,214,"{'data_quality': 192, 'model_size': 2, 'parallelism': 1}",5.27,-1,4,-1
2025-07-04 01:04:25.061169,elastic-workbench-pc-visualizer,elastic-workbench-pc-visualizer-1,21,"{'data_quality': 40, 'model_size': 1, 'parallelism': 1}",1.0,-1,46,-1
2025-07-04 01:04:35.062646,elastic-workbench-qr-detector,elastic-workbench-qr-detector-1,28,"{'data_quality': 547, 'parallelism': 1}",1.73,-1,56,-1
2025-07-04 01:04:35.066242,elastic-workbench-cv-analyzer,elastic-workbench-cv-analyzer-1,169,"{'data_quality': 192, 'model_size': 2, 'parallelism': 1}",5.27,-1,5,-1
2025-07-04 01:04:35.068947,elastic-workbench-pc-visualizer,elastic-workbench-pc-visualizer-1,21,"{'data_quality': 40, 'model_size': 1, 'parallelism': 1}",1.0,-1,47,-1
2025-07-04 01:04:45.057245,elastic-workbench-qr-detector,elastic-workbench-qr-detector-1,29,"{'data_quality': 547, 'parallelism': 1}",1.72,-1,57,-1
2025-07-04 01:04:45.060985,elastic-workbench-cv-analyzer,elastic-workbench-cv-analyzer-1,141,"{'data_quality': 192, 'model_size': 2, 'parallelism': 1}",5.28,-1,5,-1
2025-07-04 01:04:45.063527,elastic-workbench-pc-visualizer,elastic-workbench-pc-visualizer-1,19,"{'data_quality': 40, 'model_size': 1, 'parallelism': 1}",1.0,-1,48,-1
2025-07-04 01:04:55.055728,elastic-workbench-qr-detector,elastic-workbench-qr-detector-1,29,"{'data_quality': 547, 'parallelism': 1}",1.73,-1,57,-1
2025-07-04 01:04:55.058831,elastic-workbench-cv-analyzer,elastic-workbench-cv-analyzer-1,223,"{'data_quality': 192, 'model_size': 2, 'parallelism': 1}",5.27,-1,4,-1
2025-07-04 01:04:55.062944,elastic-workbench-pc-visualizer,elastic-workbench-pc-visualizer-1,20,"{'data_quality': 40, 'model_size': 1, 'parallelism': 1}",1.0,-1,48,-1
2025-07-04 01:05:05.057069,elastic-workbench-qr-detector,elastic-workbench-qr-detector-1,29,"{'data_quality': 547, 'parallelism': 1}",1.73,-1,57,-1
2025-07-04 01:05:05.060148,elastic-workbench-cv-analyzer,elastic-workbench-cv-analyzer-1,193,"{'data_quality': 192, 'model_size': 2, 'parallelism': 1}",5.27,-1,4,-1
2025-07-04 01:05:05.062934,elastic-workbench-pc-visualizer,elastic-workbench-pc-visualizer-1,20,"{'data_quality': 40, 'model_size': 1, 'parallelism': 1}",1.0,-1,48,-1
2025-07-04 01:05:15.059475,elastic-workbench-qr-detector,elastic-workbench-qr-detector-1,28,"{'data_quality': 547, 'parallelism': 1}",1.73,-1,56,-1
2025-07-04 01:05:15.062094,elastic-workbench-cv-analyzer,elastic-workbench-cv-analyzer-1,170,"{'data_quality': 192, 'model_size': 2, 'parallelism': 1}",5.27,-1,5,-1
2025-07-04 01:05:15.064913,elastic-workbench-pc-visualizer,elastic-workbench-pc-visualizer-1,21,"{'data_quality': 40, 'model_size': 1, 'parallelism': 1}",1.0,-1,46,-1
2025-07-04 01:05:25.061505,elastic-workbench-qr-detector,elastic-workbench-qr-detector-1,28,"{'data_quality': 547, 'parallelism': 1}",1.71,-1,55,-1
2025-07-04 01:05:25.067680,elastic-workbench-cv-analyzer,elastic-workbench-cv-analyzer-1,183,"{'data_quality': 192, 'model_size': 2, 'parallelism': 1}",5.29,-1,4,-1
2025-07-04 01:05:25.070730,elastic-workbench-pc-visualizer,elastic-workbench-pc-visualizer-1,21,"{'data_quality': 40, 'model_size': 1, 'parallelism': 1}",1.0,-1,47,-1
2025-07-04 01:05:35.060515,elastic-workbench-qr-detector,elastic-workbench-qr-detector-1,29,"{'data_quality': 547, 'parallelism': 1}",1.7,-1,55,-1
2025-07-04 01:05:35.063648,elastic-workbench-cv-analyzer,elastic-workbench-cv-analyzer-1,173,"{'data_quality': 192, 'model_size': 2, 'parallelism': 1}",5.3,-1,4,-1
2025-07-04 01:05:35.066421,elastic-workbench-pc-visualizer,elastic-workbench-pc-visualizer-1,20,"{'data_quality': 40, 'model_size': 1, 'parallelism': 1}",1.0,-1,47,-1
2025-07-04 01:05:45.060589,elastic-workbench-qr-detector,elastic-workbench-qr-detector-1,28,"{'data_quality': 547, 'parallelism': 1}",1.7,-1,54,-1
2025-07-04 01:05:45.063459,elastic-workbench-cv-analyzer,elastic-workbench-cv-analyzer-1,146,"{'data_quality': 192, 'model_size': 2, 'parallelism': 1}",5.3,-1,5,-1
2025-07-04 01:05:45.066296,elastic-workbench-pc-visualizer,elastic-workbench-pc-visualizer-1,20,"{'data_quality': 40, 'model_size': 1, 'parallelism': 1}",1.0,-1,47,-1
2025-07-04 01:05:55.061312,elastic-workbench-qr-detector,elastic-workbench-qr-detector-1,28,"{'data_quality': 547, 'parallelism': 1}",1.69,-1,54,-1
2025-07-04 01:05:55.064173,elastic-workbench-cv-analyzer,elastic-workbench-cv-analyzer-1,171,"{'data_quality': 192, 'model_size': 2, 'parallelism': 1}",5.31,-1,5,-1
2025-07-04 01:05:55.066728,elastic-workbench-pc-visualizer,elastic-workbench-pc-visualizer-1,20,"{'data_quality': 40, 'model_size': 1, 'parallelism': 1}",1.0,-1,48,-1
2025-07-04 01:06:05.064028,elastic-workbench-qr-detector,elastic-workbench-qr-detector-1,28,"{'data_quality': 547, 'parallelism': 1}",1.69,-1,55,-1
2025-07-04 01:06:05.066851,elastic-workbench-cv-analyzer,elastic-workbench-cv-analyzer-1,176,"{'data_quality': 192, 'model_size': 2, 'parallelism': 1}",5.31,-1,4,-1
2025-07-04 01:06:05.069402,elastic-workbench-pc-visualizer,elastic-workbench-pc-visualizer-1,21,"{'data_quality': 40, 'model_size': 1, 'parallelism': 1}",1.0,-1,46,-1
2025-07-04 01:06:15.070826,elastic-workbench-qr-detector,elastic-workbench-qr-detector-1,28,"{'data_quality': 547, 'parallelism': 1}",1.7,-1,54,-1
2025-07-04 01:06:15.073882,elastic-workbench-cv-analyzer,elastic-workbench-cv-analyzer-1,202,"{'data_quality': 192, 'model_size': 2, 'parallelism': 1}",5.3,-1,4,-1
2025-07-04 01:06:15.076830,elastic-workbench-pc-visualizer,elastic-workbench-pc-visualizer-1,21,"{'data_quality': 40, 'model_size': 1, 'parallelism': 1}",1.0,-1,46,-1
2025-07-04 01:06:25.065032,elastic-workbench-qr-detector,elastic-workbench-qr-detector-1,29,"{'data_quality': 547, 'parallelism': 1}",1.69,-1,54,-1
2025-07-04 01:06:25.067503,elastic-workbench-cv-analyzer,elastic-workbench-cv-analyzer-1,158,"{'data_quality': 192, 'model_size': 2, 'parallelism': 1}",5.31,-1,5,-1
2025-07-04 01:06:25.070132,elastic-workbench-pc-visualizer,elastic-workbench-pc-visualizer-1,19,"{'data_quality': 40, 'model_size': 1, 'parallelism': 1}",1.0,-1,49,-1
2025-07-04 01:06:35.063372,elastic-workbench-qr-detector,elastic-workbench-qr-detector-1,28,"{'data_quality': 547, 'parallelism': 1}",1.69,-1,55,-1
2025-07-04 01:06:35.066436,elastic-workbench-cv-analyzer,elastic-workbench-cv-analyzer-1,168,"{'data_quality': 192, 'model_size': 2, 'parallelism': 1}",5.31,-1,5,-1
2025-07-04 01:06:35.068998,elastic-workbench-pc-visualizer,elastic-workbench-pc-visualizer-1,21,"{'data_quality': 40, 'model_size': 1, 'parallelism': 1}",1.0,-1,46,-1
2025-07-04 01:06:45.068887,elastic-workbench-qr-detector,elastic-workbench-qr-detector-1,29,"{'data_quality': 547, 'parallelism': 1}",1.7,-1,55,-1
2025-07-04 01:06:45.071865,elastic-workbench-cv-analyzer,elastic-workbench-cv-analyzer-1,144,"{'data_quality': 192, 'model_size': 2, 'parallelism': 1}",5.3,-1,4,-1
2025-07-04 01:06:45.074610,elastic-workbench-pc-visualizer,elastic-workbench-pc-visualizer-1,21,"{'data_quality': 40, 'model_size': 1, 'parallelism': 1}",1.0,-1,46,-1
2025-07-04 01:06:55.064496,elastic-workbench-qr-detector,elastic-workbench-qr-detector-1,29,"{'data_quality': 547, 'parallelism': 1}",1.7,-1,55,-1
2025-07-04 01:06:55.067286,elastic-workbench-cv-analyzer,elastic-workbench-cv-analyzer-1,196,"{'data_quality': 192, 'model_size': 2, 'parallelism': 1}",5.3,-1,4,-1
2025-07-04 01:06:55.069836,elastic-workbench-pc-visualizer,elastic-workbench-pc-visualizer-1,20,"{'data_quality': 40, 'model_size': 1, 'parallelism': 1}",1.0,-1,47,-1
2025-07-04 01:07:05.064710,elastic-workbench-qr-detector,elastic-workbench-qr-detector-1,31,"{'data_quality': 547, 'parallelism': 1}",1.7,-1,54,-1
2025-07-04 01:07:05.067428,elastic-workbench-cv-analyzer,elastic-workbench-cv-analyzer-1,163,"{'data_quality': 192, 'model_size': 2, 'parallelism': 1}",5.3,-1,4,-1
2025-07-04 01:07:05.070575,elastic-workbench-pc-visualizer,elastic-workbench-pc-visualizer-1,21,"{'data_quality': 40, 'model_size': 1, 'parallelism': 1}",1.0,-1,45,-1
2025-07-04 01:07:15.065075,elastic-workbench-qr-detector,elastic-workbench-qr-detector-1,29,"{'data_quality': 547, 'parallelism': 1}",1.69,-1,53,-1
2025-07-04 01:07:15.067837,elastic-workbench-cv-analyzer,elastic-workbench-cv-analyzer-1,179,"{'data_quality': 192, 'model_size': 2, 'parallelism': 1}",5.31,-1,4,-1
2025-07-04 01:07:15.070475,elastic-workbench-pc-visualizer,elastic-workbench-pc-visualizer-1,19,"{'data_quality': 40, 'model_size': 1, 'parallelism': 1}",1.0,-1,49,-1
2025-07-04 01:07:25.065843,elastic-workbench-qr-detector,elastic-workbench-qr-detector-1,29,"{'data_quality': 547, 'parallelism': 1}",1.68,-1,53,-1
2025-07-04 01:07:25.068628,elastic-workbench-cv-analyzer,elastic-workbench-cv-analyzer-1,167,"{'data_quality': 192, 'model_size': 2, 'parallelism': 1}",5.32,-1,5,-1
2025-07-04 01:07:25.071161,elastic-workbench-pc-visualizer,elastic-workbench-pc-visualizer-1,19,"{'data_quality': 40, 'model_size': 1, 'parallelism': 1}",1.0,-1,49,-1
2025-07-04 01:07:35.066570,elastic-workbench-qr-detector,elastic-workbench-qr-detector-1,29,"{'data_quality': 547, 'parallelism': 1}",1.67,-1,53,-1
2025-07-04 01:07:35.069354,elastic-workbench-cv-analyzer,elastic-workbench-cv-analyzer-1,170,"{'data_quality': 192, 'model_size': 2, 'parallelism': 1}",5.33,-1,4,-1
2025-07-04 01:07:35.071877,elastic-workbench-pc-visualizer,elastic-workbench-pc-visualizer-1,19,"{'data_quality': 40, 'model_size': 1, 'parallelism': 1}",1.0,-1,49,-1
2025-07-04 01:07:45.066803,elastic-workbench-qr-detector,elastic-workbench-qr-detector-1,28,"{'data_quality': 547, 'parallelism': 1}",1.67,-1,54,-1
2025-07-04 01:07:45.069713,elastic-workbench-cv-analyzer,elastic-workbench-cv-analyzer-1,176,"{'data_quality': 192, 'model_size': 2, 'parallelism': 1}",5.33,-1,4,-1
2025-07-04 01:07:45.072281,elastic-workbench-pc-visualizer,elastic-workbench-pc-visualizer-1,20,"{'data_quality': 40, 'model_size': 1, 'parallelism': 1}",1.0,-1,48,-1
2025-07-04 01:07:55.067539,elastic-workbench-qr-detector,elastic-workbench-qr-detector-1,28,"{'data_quality': 547, 'parallelism': 1}",1.68,-1,53,-1
2025-07-04 01:07:55.070332,elastic-workbench-cv-analyzer,elastic-workbench-cv-analyzer-1,160,"{'data_quality': 192, 'model_size': 2, 'parallelism': 1}",5.32,-1,5,-1
2025-07-04 01:07:55.072891,elastic-workbench-pc-visualizer,elastic-workbench-pc-visualizer-1,20,"{'data_quality': 40, 'model_size': 1, 'parallelism': 1}",1.0,-1,46,-1
2025-07-04 01:08:05.067518,elastic-workbench-qr-detector,elastic-workbench-qr-detector-1,28,"{'data_quality': 547, 'parallelism': 1}",1.67,-1,52,-1
2025-07-04 01:08:05.070140,elastic-workbench-cv-analyzer,elastic-workbench-cv-analyzer-1,110,"{'data_quality': 192, 'model_size': 2, 'parallelism': 1}",5.33,-1,5,-1
2025-07-04 01:08:05.072605,elastic-workbench-pc-visualizer,elastic-workbench-pc-visualizer-1,19,"{'data_quality': 40, 'model_size': 1, 'parallelism': 1}",1.0,-1,49,-1
2025-07-04 01:08:15.068735,elastic-workbench-qr-detector,elastic-workbench-qr-detector-1,28,"{'data_quality': 547, 'parallelism': 1}",1.66,-1,52,-1
2025-07-04 01:08:15.071631,elastic-workbench-cv-analyzer,elastic-workbench-cv-analyzer-1,159,"{'data_quality': 192, 'model_size': 2, 'parallelism': 1}",5.34,-1,5,-1
2025-07-04 01:08:15.074254,elastic-workbench-pc-visualizer,elastic-workbench-pc-visualizer-1,21,"{'data_quality': 40, 'model_size': 1, 'parallelism': 1}",1.0,-1,46,-1
2025-07-04 01:08:25.073848,elastic-workbench-qr-detector,elastic-workbench-qr-detector-1,29,"{'data_quality': 547, 'parallelism': 1}",1.66,-1,52,-1
2025-07-04 01:08:25.076462,elastic-workbench-cv-analyzer,elastic-workbench-cv-analyzer-1,146,"{'data_quality': 192, 'model_size': 2, 'parallelism': 1}",5.34,-1,5,-1
2025-07-04 01:08:25.079037,elastic-workbench-pc-visualizer,elastic-workbench-pc-visualizer-1,20,"{'data_quality': 40, 'model_size': 1, 'parallelism': 1}",1.0,-1,48,-1
2025-07-04 01:08:35.069725,elastic-workbench-qr-detector,elastic-workbench-qr-detector-1,29,"{'data_quality': 547, 'parallelism': 1}",1.66,-1,52,-1
2025-07-04 01:08:35.072569,elastic-workbench-cv-analyzer,elastic-workbench-cv-analyzer-1,177,"{'data_quality': 192, 'model_size': 2, 'parallelism': 1}",5.34,-1,4,-1
2025-07-04 01:08:35.075132,elastic-workbench-pc-visualizer,elastic-workbench-pc-visualizer-1,21,"{'data_quality': 40, 'model_size': 1, 'parallelism': 1}",1.0,-1,46,-1
2025-07-04 01:08:45.070645,elastic-workbench-qr-detector,elastic-workbench-qr-detector-1,30,"{'data_quality': 547, 'parallelism': 1}",1.66,-1,52,-1
2025-07-04 01:08:45.073563,elastic-workbench-cv-analyzer,elastic-workbench-cv-analyzer-1,167,"{'data_quality': 192, 'model_size': 2, 'parallelism': 1}",5.34,-1,4,-1
2025-07-04 01:08:45.076297,elastic-workbench-pc-visualizer,elastic-workbench-pc-visualizer-1,20,"{'data_quality': 40, 'model_size': 1, 'parallelism': 1}",1.0,-1,47,-1
2025-07-04 01:08:55.071207,elastic-workbench-qr-detector,elastic-workbench-qr-detector-1,29,"{'data_quality': 547, 'parallelism': 1}",1.66,-1,52,-1
2025-07-04 01:08:55.075187,elastic-workbench-cv-analyzer,elastic-workbench-cv-analyzer-1,178,"{'data_quality': 192, 'model_size': 2, 'parallelism': 1}",5.34,-1,4,-1
2025-07-04 01:08:55.081139,elastic-workbench-pc-visualizer,elastic-workbench-pc-visualizer-1,20,"{'data_quality': 40, 'model_size': 1, 'parallelism': 1}",1.0,-1,47,-1
2025-07-04 01:09:05.070635,elastic-workbench-qr-detector,elastic-workbench-qr-detector-1,30,"{'data_quality': 547, 'parallelism': 1}",1.66,-1,51,-1
2025-07-04 01:09:05.073459,elastic-workbench-cv-analyzer,elastic-workbench-cv-analyzer-1,172,"{'data_quality': 192, 'model_size': 2, 'parallelism': 1}",5.34,-1,4,-1
2025-07-04 01:09:05.076191,elastic-workbench-pc-visualizer,elastic-workbench-pc-visualizer-1,21,"{'data_quality': 40, 'model_size': 1, 'parallelism': 1}",1.0,-1,46,-1
2025-07-04 01:09:15.072652,elastic-workbench-qr-detector,elastic-workbench-qr-detector-1,29,"{'data_quality': 547, 'parallelism': 1}",1.64,-1,50,-1
2025-07-04 01:09:15.075828,elastic-workbench-cv-analyzer,elastic-workbench-cv-analyzer-1,218,"{'data_quality': 192, 'model_size': 2, 'parallelism': 1}",5.36,-1,4,-1
2025-07-04 01:09:15.078628,elastic-workbench-pc-visualizer,elastic-workbench-pc-visualizer-1,20,"{'data_quality': 40, 'model_size': 1, 'parallelism': 1}",1.0,-1,47,-1
2025-07-04 01:09:25.072934,elastic-workbench-qr-detector,elastic-workbench-qr-detector-1,30,"{'data_quality': 547, 'parallelism': 1}",1.63,-1,49,-1
2025-07-04 01:09:25.075709,elastic-workbench-cv-analyzer,elastic-workbench-cv-analyzer-1,123,"{'data_quality': 192, 'model_size': 2, 'parallelism': 1}",5.37,-1,5,-1
2025-07-04 01:09:25.081901,elastic-workbench-pc-visualizer,elastic-workbench-pc-visualizer-1,20,"{'data_quality': 40, 'model_size': 1, 'parallelism': 1}",1.0,-1,48,-1
2025-07-04 01:09:35.073843,elastic-workbench-qr-detector,elastic-workbench-qr-detector-1,30,"{'data_quality': 547, 'parallelism': 1}",1.62,-1,50,-1
2025-07-04 01:09:35.077755,elastic-workbench-cv-analyzer,elastic-workbench-cv-analyzer-1,123,"{'data_quality': 192, 'model_size': 2, 'parallelism': 1}",5.38,-1,5,-1
2025-07-04 01:09:35.080331,elastic-workbench-pc-visualizer,elastic-workbench-pc-visualizer-1,20,"{'data_quality': 40, 'model_size': 1, 'parallelism': 1}",1.0,-1,47,-1
2025-07-04 01:09:45.073936,elastic-workbench-qr-detector,elastic-workbench-qr-detector-1,29,"{'data_quality': 547, 'parallelism': 1}",1.63,-1,50,-1
2025-07-04 01:09:45.076917,elastic-workbench-cv-analyzer,elastic-workbench-cv-analyzer-1,159,"{'data_quality': 192, 'model_size': 2, 'parallelism': 1}",5.37,-1,5,-1
2025-07-04 01:09:45.079486,elastic-workbench-pc-visualizer,elastic-workbench-pc-visualizer-1,21,"{'data_quality': 40, 'model_size': 1, 'parallelism': 1}",1.0,-1,45,-1
2025-07-04 01:09:55.079312,elastic-workbench-qr-detector,elastic-workbench-qr-detector-1,29,"{'data_quality': 547, 'parallelism': 1}",1.63,-1,51,-1
2025-07-04 01:09:55.082254,elastic-workbench-cv-analyzer,elastic-workbench-cv-analyzer-1,155,"{'data_quality': 192, 'model_size': 2, 'parallelism': 1}",5.37,-1,4,-1
2025-07-04 01:09:55.084867,elastic-workbench-pc-visualizer,elastic-workbench-pc-visualizer-1,20,"{'data_quality': 40, 'model_size': 1, 'parallelism': 1}",1.0,-1,47,-1
2025-07-04 01:10:05.075122,elastic-workbench-qr-detector,elastic-workbench-qr-detector-1,30,"{'data_quality': 547, 'parallelism': 1}",1.64,-1,51,-1
2025-07-04 01:10:05.078043,elastic-workbench-cv-analyzer,elastic-workbench-cv-analyzer-1,130,"{'data_quality': 192, 'model_size': 2, 'parallelism': 1}",5.36,-1,5,-1
2025-07-04 01:10:05.080828,elastic-workbench-pc-visualizer,elastic-workbench-pc-visualizer-1,19,"{'data_quality': 40, 'model_size': 1, 'parallelism': 1}",1.0,-1,48,-1
2025-07-04 01:10:15.075282,elastic-workbench-qr-detector,elastic-workbench-qr-detector-1,28,"{'data_quality': 547, 'parallelism': 1}",1.64,-1,51,-1
2025-07-04 01:10:15.078128,elastic-workbench-cv-analyzer,elastic-workbench-cv-analyzer-1,170,"{'data_quality': 192, 'model_size': 2, 'parallelism': 1}",5.36,-1,4,-1
2025-07-04 01:10:15.080937,elastic-workbench-pc-visualizer,elastic-workbench-pc-visualizer-1,19,"{'data_quality': 40, 'model_size': 1, 'parallelism': 1}",1.0,-1,48,-1
2025-07-04 01:10:25.075791,elastic-workbench-qr-detector,elastic-workbench-qr-detector-1,29,"{'data_quality': 547, 'parallelism': 1}",1.64,-1,50,-1
2025-07-04 01:10:25.078407,elastic-workbench-cv-analyzer,elastic-workbench-cv-analyzer-1,155,"{'data_quality': 192, 'model_size': 2, 'parallelism': 1}",5.36,-1,5,-1
2025-07-04 01:10:25.081178,elastic-workbench-pc-visualizer,elastic-workbench-pc-visualizer-1,21,"{'data_quality': 40, 'model_size': 1, 'parallelism': 1}",1.0,-1,46,-1
2025-07-04 01:10:35.076891,elastic-workbench-qr-detector,elastic-workbench-qr-detector-1,30,"{'data_quality': 547, 'parallelism': 1}",1.63,-1,51,-1
2025-07-04 01:10:35.079989,elastic-workbench-cv-analyzer,elastic-workbench-cv-analyzer-1,181,"{'data_quality': 192, 'model_size': 2, 'parallelism': 1}",5.37,-1,4,-1
2025-07-04 01:10:35.082870,elastic-workbench-pc-visualizer,elastic-workbench-pc-visualizer-1,19,"{'data_quality': 40, 'model_size': 1, 'parallelism': 1}",1.0,-1,50,-1
2025-07-04 01:10:45.077256,elastic-workbench-qr-detector,elastic-workbench-qr-detector-1,29,"{'data_quality': 547, 'parallelism': 1}",1.64,-1,50,-1
2025-07-04 01:10:45.080103,elastic-workbench-cv-analyzer,elastic-workbench-cv-analyzer-1,155,"{'data_quality': 192, 'model_size': 2, 'parallelism': 1}",5.36,-1,5,-1
2025-07-04 01:10:45.089897,elastic-workbench-pc-visualizer,elastic-workbench-pc-visualizer-1,20,"{'data_quality': 40, 'model_size': 1, 'parallelism': 1}",1.0,-1,47,-1
2025-07-04 01:10:55.078796,elastic-workbench-qr-detector,elastic-workbench-qr-detector-1,30,"{'data_quality': 547, 'parallelism': 1}",1.62,-1,50,-1
2025-07-04 01:10:55.081654,elastic-workbench-cv-analyzer,elastic-workbench-cv-analyzer-1,156,"{'data_quality': 192, 'model_size': 2, 'parallelism': 1}",5.38,-1,5,-1
2025-07-04 01:10:55.084272,elastic-workbench-pc-visualizer,elastic-workbench-pc-visualizer-1,20,"{'data_quality': 40, 'model_size': 1, 'parallelism': 1}",1.0,-1,47,-1
2025-07-04 01:11:05.079241,elastic-workbench-qr-detector,elastic-workbench-qr-detector-1,30,"{'data_quality': 547, 'parallelism': 1}",1.62,-1,48,-1
2025-07-04 01:11:05.082028,elastic-workbench-cv-analyzer,elastic-workbench-cv-analyzer-1,149,"{'data_quality': 192, 'model_size': 2, 'parallelism': 1}",5.38,-1,5,-1
2025-07-04 01:11:05.084579,elastic-workbench-pc-visualizer,elastic-workbench-pc-visualizer-1,19,"{'data_quality': 40, 'model_size': 1, 'parallelism': 1}",1.0,-1,49,-1
2025-07-04 01:11:15.080197,elastic-workbench-qr-detector,elastic-workbench-qr-detector-1,31,"{'data_quality': 547, 'parallelism': 1}",1.6,-1,48,-1
2025-07-04 01:11:15.083051,elastic-workbench-cv-analyzer,elastic-workbench-cv-analyzer-1,159,"{'data_quality': 192, 'model_size': 2, 'parallelism': 1}",5.4,-1,4,-1
2025-07-04 01:11:15.085695,elastic-workbench-pc-visualizer,elastic-workbench-pc-visualizer-1,20,"{'data_quality': 40, 'model_size': 1, 'parallelism': 1}",1.0,-1,47,-1
2025-07-04 01:11:25.081190,elastic-workbench-qr-detector,elastic-workbench-qr-detector-1,30,"{'data_quality': 547, 'parallelism': 1}",1.6,-1,47,-1
2025-07-04 01:11:25.084397,elastic-workbench-cv-analyzer,elastic-workbench-cv-analyzer-1,185,"{'data_quality': 192, 'model_size': 2, 'parallelism': 1}",5.4,-1,4,-1
2025-07-04 01:11:25.087012,elastic-workbench-pc-visualizer,elastic-workbench-pc-visualizer-1,21,"{'data_quality': 40, 'model_size': 1, 'parallelism': 1}",1.0,-1,46,-1
2025-07-04 01:11:35.081768,elastic-workbench-qr-detector,elastic-workbench-qr-detector-1,31,"{'data_quality': 547, 'parallelism': 1}",1.59,-1,48,-1
2025-07-04 01:11:35.084701,elastic-workbench-cv-analyzer,elastic-workbench-cv-analyzer-1,144,"{'data_quality': 192, 'model_size': 2, 'parallelism': 1}",5.41,-1,4,-1
2025-07-04 01:11:35.087389,elastic-workbench-pc-visualizer,elastic-workbench-pc-visualizer-1,20,"{'data_quality': 40, 'model_size': 1, 'parallelism': 1}",1.0,-1,47,-1
2025-07-04 01:11:45.081559,elastic-workbench-qr-detector,elastic-workbench-qr-detector-1,31,"{'data_quality': 547, 'parallelism': 1}",1.6,-1,48,-1
2025-07-04 01:11:45.084349,elastic-workbench-cv-analyzer,elastic-workbench-cv-analyzer-1,177,"{'data_quality': 192, 'model_size': 2, 'parallelism': 1}",5.4,-1,4,-1
2025-07-04 01:11:45.086895,elastic-workbench-pc-visualizer,elastic-workbench-pc-visualizer-1,20,"{'data_quality': 40, 'model_size': 1, 'parallelism': 1}",1.0,-1,46,-1
2025-07-04 01:11:55.081904,elastic-workbench-qr-detector,elastic-workbench-qr-detector-1,30,"{'data_quality': 547, 'parallelism': 1}",1.6,-1,49,-1
2025-07-04 01:11:55.084736,elastic-workbench-cv-analyzer,elastic-workbench-cv-analyzer-1,141,"{'data_quality': 192, 'model_size': 2, 'parallelism': 1}",5.4,-1,5,-1
2025-07-04 01:11:55.087563,elastic-workbench-pc-visualizer,elastic-workbench-pc-visualizer-1,19,"{'data_quality': 40, 'model_size': 1, 'parallelism': 1}",1.0,-1,49,-1
2025-07-04 01:12:05.082096,elastic-workbench-qr-detector,elastic-workbench-qr-detector-1,29,"{'data_quality': 547, 'parallelism': 1}",1.61,-1,47,-1
2025-07-04 01:12:05.085803,elastic-workbench-cv-analyzer,elastic-workbench-cv-analyzer-1,150,"{'data_quality': 192, 'model_size': 2, 'parallelism': 1}",5.39,-1,4,-1
2025-07-04 01:12:05.093846,elastic-workbench-pc-visualizer,elastic-workbench-pc-visualizer-1,20,"{'data_quality': 40, 'model_size': 1, 'parallelism': 1}",1.0,-1,48,-1
2025-07-04 01:12:15.082213,elastic-workbench-qr-detector,elastic-workbench-qr-detector-1,29,"{'data_quality': 547, 'parallelism': 1}",1.58,-1,47,-1
2025-07-04 01:12:15.085165,elastic-workbench-cv-analyzer,elastic-workbench-cv-analyzer-1,134,"{'data_quality': 192, 'model_size': 2, 'parallelism': 1}",5.42,-1,5,-1
2025-07-04 01:12:15.087724,elastic-workbench-pc-visualizer,elastic-workbench-pc-visualizer-1,20,"{'data_quality': 40, 'model_size': 1, 'parallelism': 1}",1.0,-1,48,-1
2025-07-04 01:12:25.083225,elastic-workbench-qr-detector,elastic-workbench-qr-detector-1,30,"{'data_quality': 547, 'parallelism': 1}",1.58,-1,47,-1
2025-07-04 01:12:25.086216,elastic-workbench-cv-analyzer,elastic-workbench-cv-analyzer-1,165,"{'data_quality': 192, 'model_size': 2, 'parallelism': 1}",5.42,-1,4,-1
2025-07-04 01:12:25.088740,elastic-workbench-pc-visualizer,elastic-workbench-pc-visualizer-1,21,"{'data_quality': 40, 'model_size': 1, 'parallelism': 1}",1.0,-1,46,-1
2025-07-04 01:12:35.083716,elastic-workbench-qr-detector,elastic-workbench-qr-detector-1,29,"{'data_quality': 547, 'parallelism': 1}",1.58,-1,49,-1
2025-07-04 01:12:35.086742,elastic-workbench-cv-analyzer,elastic-workbench-cv-analyzer-1,137,"{'data_quality': 192, 'model_size': 2, 'parallelism': 1}",5.42,-1,5,-1
2025-07-04 01:12:35.094300,elastic-workbench-pc-visualizer,elastic-workbench-pc-visualizer-1,20,"{'data_quality': 40, 'model_size': 1, 'parallelism': 1}",1.0,-1,47,-1
2025-07-04 01:12:45.084519,elastic-workbench-qr-detector,elastic-workbench-qr-detector-1,30,"{'data_quality': 547, 'parallelism': 1}",1.6,-1,48,-1
2025-07-04 01:12:45.087740,elastic-workbench-cv-analyzer,elastic-workbench-cv-analyzer-1,132,"{'data_quality': 192, 'model_size': 2, 'parallelism': 1}",5.4,-1,5,-1
2025-07-04 01:12:45.090387,elastic-workbench-pc-visualizer,elastic-workbench-pc-visualizer-1,20,"{'data_quality': 40, 'model_size': 1, 'parallelism': 1}",1.0,-1,48,-1
2025-07-04 01:12:55.084583,elastic-workbench-qr-detector,elastic-workbench-qr-detector-1,30,"{'data_quality': 547, 'parallelism': 1}",1.59,-1,46,-1
2025-07-04 01:12:55.087445,elastic-workbench-cv-analyzer,elastic-workbench-cv-analyzer-1,116,"{'data_quality': 192, 'model_size': 2, 'parallelism': 1}",5.41,-1,5,-1
2025-07-04 01:12:55.090044,elastic-workbench-pc-visualizer,elastic-workbench-pc-visualizer-1,20,"{'data_quality': 40, 'model_size': 1, 'parallelism': 1}",1.0,-1,47,-1
2025-07-04 01:13:05.085410,elastic-workbench-qr-detector,elastic-workbench-qr-detector-1,32,"{'data_quality': 547, 'parallelism': 1}",1.56,-1,48,-1
2025-07-04 01:13:05.088737,elastic-workbench-cv-analyzer,elastic-workbench-cv-analyzer-1,134,"{'data_quality': 192, 'model_size': 2, 'parallelism': 1}",5.44,-1,5,-1
2025-07-04 01:13:05.091622,elastic-workbench-pc-visualizer,elastic-workbench-pc-visualizer-1,21,"{'data_quality': 40, 'model_size': 1, 'parallelism': 1}",1.0,-1,47,-1
2025-07-04 01:13:15.085872,elastic-workbench-qr-detector,elastic-workbench-qr-detector-1,30,"{'data_quality': 547, 'parallelism': 1}",1.59,-1,49,-1
2025-07-04 01:13:15.088754,elastic-workbench-cv-analyzer,elastic-workbench-cv-analyzer-1,164,"{'data_quality': 192, 'model_size': 2, 'parallelism': 1}",5.41,-1,4,-1
2025-07-04 01:13:15.091344,elastic-workbench-pc-visualizer,elastic-workbench-pc-visualizer-1,20,"{'data_quality': 40, 'model_size': 1, 'parallelism': 1}",1.0,-1,48,-1
2025-07-04 01:13:25.086258,elastic-workbench-qr-detector,elastic-workbench-qr-detector-1,30,"{'data_quality': 547, 'parallelism': 1}",1.6,-1,48,-1
2025-07-04 01:13:25.089115,elastic-workbench-cv-analyzer,elastic-workbench-cv-analyzer-1,138,"{'data_quality': 192, 'model_size': 2, 'parallelism': 1}",5.4,-1,5,-1
2025-07-04 01:13:25.091654,elastic-workbench-pc-visualizer,elastic-workbench-pc-visualizer-1,19,"{'data_quality': 40, 'model_size': 1, 'parallelism': 1}",1.0,-1,48,-1
2025-07-04 01:13:35.087300,elastic-workbench-qr-detector,elastic-workbench-qr-detector-1,31,"{'data_quality': 547, 'parallelism': 1}",1.58,-1,48,-1
2025-07-04 01:13:35.089914,elastic-workbench-cv-analyzer,elastic-workbench-cv-analyzer-1,131,"{'data_quality': 192, 'model_size': 2, 'parallelism': 1}",5.42,-1,5,-1
2025-07-04 01:13:35.092644,elastic-workbench-pc-visualizer,elastic-workbench-pc-visualizer-1,20,"{'data_quality': 40, 'model_size': 1, 'parallelism': 1}",1.0,-1,47,-1
2025-07-04 01:13:45.087809,elastic-workbench-qr-detector,elastic-workbench-qr-detector-1,33,"{'data_quality': 547, 'parallelism': 1}",1.58,-1,48,-1
2025-07-04 01:13:45.096307,elastic-workbench-cv-analyzer,elastic-workbench-cv-analyzer-1,181,"{'data_quality': 192, 'model_size': 2, 'parallelism': 1}",5.42,-1,4,-1
2025-07-04 01:13:45.099133,elastic-workbench-pc-visualizer,elastic-workbench-pc-visualizer-1,21,"{'data_quality': 40, 'model_size': 1, 'parallelism': 1}",1.0,-1,46,-1
2025-07-04 01:13:55.088598,elastic-workbench-qr-detector,elastic-workbench-qr-detector-1,30,"{'data_quality': 547, 'parallelism': 1}",1.58,-1,48,-1
2025-07-04 01:13:55.091235,elastic-workbench-cv-analyzer,elastic-workbench-cv-analyzer-1,158,"{'data_quality': 192, 'model_size': 2, 'parallelism': 1}",5.42,-1,5,-1
2025-07-04 01:13:55.094106,elastic-workbench-pc-visualizer,elastic-workbench-pc-visualizer-1,20,"{'data_quality': 40, 'model_size': 1, 'parallelism': 1}",1.0,-1,47,-1
2025-07-04 01:14:05.089374,elastic-workbench-qr-detector,elastic-workbench-qr-detector-1,32,"{'data_quality': 547, 'parallelism': 1}",1.58,-1,49,-1
2025-07-04 01:14:05.092263,elastic-workbench-cv-analyzer,elastic-workbench-cv-analyzer-1,190,"{'data_quality': 192, 'model_size': 2, 'parallelism': 1}",5.42,-1,4,-1
2025-07-04 01:14:05.094826,elastic-workbench-pc-visualizer,elastic-workbench-pc-visualizer-1,19,"{'data_quality': 40, 'model_size': 1, 'parallelism': 1}",1.0,-1,49,-1
2025-07-04 01:14:15.090334,elastic-workbench-qr-detector,elastic-workbench-qr-detector-1,29,"{'data_quality': 547, 'parallelism': 1}",1.59,-1,49,-1
2025-07-04 01:14:15.093161,elastic-workbench-cv-analyzer,elastic-workbench-cv-analyzer-1,155,"{'data_quality': 192, 'model_size': 2, 'parallelism': 1}",5.41,-1,5,-1
2025-07-04 01:14:15.095778,elastic-workbench-pc-visualizer,elastic-workbench-pc-visualizer-1,20,"{'data_quality': 40, 'model_size': 1, 'parallelism': 1}",1.0,-1,48,-1
2025-07-04 01:14:25.091011,elastic-workbench-qr-detector,elastic-workbench-qr-detector-1,29,"{'data_quality': 547, 'parallelism': 1}",1.59,-1,48,-1
2025-07-04 01:14:25.094076,elastic-workbench-cv-analyzer,elastic-workbench-cv-analyzer-1,130,"{'data_quality': 192, 'model_size': 2, 'parallelism': 1}",5.41,-1,5,-1
2025-07-04 01:14:25.096619,elastic-workbench-pc-visualizer,elastic-workbench-pc-visualizer-1,20,"{'data_quality': 40, 'model_size': 1, 'parallelism': 1}",1.0,-1,47,-1
2025-07-04 01:14:35.091772,elastic-workbench-qr-detector,elastic-workbench-qr-detector-1,29,"{'data_quality': 547, 'parallelism': 1}",1.58,-1,48,-1
2025-07-04 01:14:35.094516,elastic-workbench-cv-analyzer,elastic-workbench-cv-analyzer-1,108,"{'data_quality': 192, 'model_size': 2, 'parallelism': 1}",5.42,-1,5,-1
2025-07-04 01:14:35.097018,elastic-workbench-pc-visualizer,elastic-workbench-pc-visualizer-1,20,"{'data_quality': 40, 'model_size': 1, 'parallelism': 1}",1.0,-1,48,-1
2025-07-04 01:14:45.093509,elastic-workbench-qr-detector,elastic-workbench-qr-detector-1,31,"{'data_quality': 547, 'parallelism': 1}",1.57,-1,49,-1
2025-07-04 01:14:45.096324,elastic-workbench-cv-analyzer,elastic-workbench-cv-analyzer-1,203,"{'data_quality': 192, 'model_size': 2, 'parallelism': 1}",5.43,-1,4,-1
2025-07-04 01:14:45.098930,elastic-workbench-pc-visualizer,elastic-workbench-pc-visualizer-1,21,"{'data_quality': 40, 'model_size': 1, 'parallelism': 1}",1.0,-1,47,-1
2025-07-04 01:14:55.101514,elastic-workbench-qr-detector,elastic-workbench-qr-detector-1,30,"{'data_quality': 547, 'parallelism': 1}",1.58,-1,50,-1
2025-07-04 01:14:55.104702,elastic-workbench-cv-analyzer,elastic-workbench-cv-analyzer-1,162,"{'data_quality': 192, 'model_size': 2, 'parallelism': 1}",5.42,-1,5,-1
2025-07-04 01:14:55.107616,elastic-workbench-pc-visualizer,elastic-workbench-pc-visualizer-1,20,"{'data_quality': 40, 'model_size': 1, 'parallelism': 1}",1.0,-1,47,-1
2025-07-04 01:15:05.093524,elastic-workbench-qr-detector,elastic-workbench-qr-detector-1,30,"{'data_quality': 547, 'parallelism': 1}",1.59,-1,51,-1
2025-07-04 01:15:05.096351,elastic-workbench-cv-analyzer,elastic-workbench-cv-analyzer-1,131,"{'data_quality': 192, 'model_size': 2, 'parallelism': 1}",5.41,-1,5,-1
2025-07-04 01:15:05.099580,elastic-workbench-pc-visualizer,elastic-workbench-pc-visualizer-1,21,"{'data_quality': 40, 'model_size': 1, 'parallelism': 1}",1.0,-1,47,-1
2025-07-04 01:15:15.093854,elastic-workbench-qr-detector,elastic-workbench-qr-detector-1,30,"{'data_quality': 547, 'parallelism': 1}",1.61,-1,50,-1
2025-07-04 01:15:15.096480,elastic-workbench-cv-analyzer,elastic-workbench-cv-analyzer-1,145,"{'data_quality': 192, 'model_size': 2, 'parallelism': 1}",5.39,-1,4,-1
2025-07-04 01:15:15.106133,elastic-workbench-pc-visualizer,elastic-workbench-pc-visualizer-1,21,"{'data_quality': 40, 'model_size': 1, 'parallelism': 1}",1.0,-1,46,-1
2025-07-04 01:15:25.094156,elastic-workbench-qr-detector,elastic-workbench-qr-detector-1,31,"{'data_quality': 547, 'parallelism': 1}",1.59,-1,48,-1
2025-07-04 01:15:25.097086,elastic-workbench-cv-analyzer,elastic-workbench-cv-analyzer-1,151,"{'data_quality': 192, 'model_size': 2, 'parallelism': 1}",5.41,-1,5,-1
2025-07-04 01:15:25.100026,elastic-workbench-pc-visualizer,elastic-workbench-pc-visualizer-1,20,"{'data_quality': 40, 'model_size': 1, 'parallelism': 1}",1.0,-1,48,-1
2025-07-04 01:15:35.094577,elastic-workbench-qr-detector,elastic-workbench-qr-detector-1,30,"{'data_quality': 547, 'parallelism': 1}",1.57,-1,48,-1
2025-07-04 01:15:35.097223,elastic-workbench-cv-analyzer,elastic-workbench-cv-analyzer-1,171,"{'data_quality': 192, 'model_size': 2, 'parallelism': 1}",5.43,-1,4,-1
2025-07-04 01:15:35.100483,elastic-workbench-pc-visualizer,elastic-workbench-pc-visualizer-1,21,"{'data_quality': 40, 'model_size': 1, 'parallelism': 1}",1.0,-1,46,-1
2025-07-04 01:15:45.095448,elastic-workbench-qr-detector,elastic-workbench-qr-detector-1,31,"{'data_quality': 547, 'parallelism': 1}",1.57,-1,48,-1
2025-07-04 01:15:45.103192,elastic-workbench-cv-analyzer,elastic-workbench-cv-analyzer-1,129,"{'data_quality': 192, 'model_size': 2, 'parallelism': 1}",5.43,-1,5,-1
2025-07-04 01:15:45.107077,elastic-workbench-pc-visualizer,elastic-workbench-pc-visualizer-1,19,"{'data_quality': 40, 'model_size': 1, 'parallelism': 1}",1.0,-1,48,-1
2025-07-04 01:15:55.095814,elastic-workbench-qr-detector,elastic-workbench-qr-detector-1,31,"{'data_quality': 547, 'parallelism': 1}",1.57,-1,47,-1
2025-07-04 01:15:55.099065,elastic-workbench-cv-analyzer,elastic-workbench-cv-analyzer-1,147,"{'data_quality': 192, 'model_size': 2, 'parallelism': 1}",5.43,-1,5,-1
2025-07-04 01:15:55.102326,elastic-workbench-pc-visualizer,elastic-workbench-pc-visualizer-1,21,"{'data_quality': 40, 'model_size': 1, 'parallelism': 1}",1.0,-1,46,-1
2025-07-04 01:16:05.097458,elastic-workbench-qr-detector,elastic-workbench-qr-detector-1,31,"{'data_quality': 547, 'parallelism': 1}",1.55,-1,47,-1
2025-07-04 01:16:05.100486,elastic-workbench-cv-analyzer,elastic-workbench-cv-analyzer-1,165,"{'data_quality': 192, 'model_size': 2, 'parallelism': 1}",5.45,-1,4,-1
2025-07-04 01:16:05.103190,elastic-workbench-pc-visualizer,elastic-workbench-pc-visualizer-1,21,"{'data_quality': 40, 'model_size': 1, 'parallelism': 1}",1.0,-1,46,-1
2025-07-04 01:16:15.096512,elastic-workbench-qr-detector,elastic-workbench-qr-detector-1,32,"{'data_quality': 547, 'parallelism': 1}",1.55,-1,49,-1
2025-07-04 01:16:15.099675,elastic-workbench-cv-analyzer,elastic-workbench-cv-analyzer-1,148,"{'data_quality': 192, 'model_size': 2, 'parallelism': 1}",5.45,-1,5,-1
2025-07-04 01:16:15.102237,elastic-workbench-pc-visualizer,elastic-workbench-pc-visualizer-1,21,"{'data_quality': 40, 'model_size': 1, 'parallelism': 1}",1.0,-1,47,-1
2025-07-04 01:16:25.097798,elastic-workbench-qr-detector,elastic-workbench-qr-detector-1,31,"{'data_quality': 547, 'parallelism': 1}",1.57,-1,49,-1
2025-07-04 01:16:25.100913,elastic-workbench-cv-analyzer,elastic-workbench-cv-analyzer-1,158,"{'data_quality': 192, 'model_size': 2, 'parallelism': 1}",5.43,-1,5,-1
2025-07-04 01:16:25.103485,elastic-workbench-pc-visualizer,elastic-workbench-pc-visualizer-1,19,"{'data_quality': 40, 'model_size': 1, 'parallelism': 1}",1.0,-1,50,-1
2025-07-04 01:16:35.098211,elastic-workbench-qr-detector,elastic-workbench-qr-detector-1,29,"{'data_quality': 547, 'parallelism': 1}",1.57,-1,49,-1
2025-07-04 01:16:35.101262,elastic-workbench-cv-analyzer,elastic-workbench-cv-analyzer-1,151,"{'data_quality': 192, 'model_size': 2, 'parallelism': 1}",5.43,-1,5,-1
2025-07-04 01:16:35.104167,elastic-workbench-pc-visualizer,elastic-workbench-pc-visualizer-1,21,"{'data_quality': 40, 'model_size': 1, 'parallelism': 1}",1.0,-1,46,-1
2025-07-04 01:16:45.098585,elastic-workbench-qr-detector,elastic-workbench-qr-detector-1,30,"{'data_quality': 547, 'parallelism': 1}",1.57,-1,49,-1
2025-07-04 01:16:45.101467,elastic-workbench-cv-analyzer,elastic-workbench-cv-analyzer-1,154,"{'data_quality': 192, 'model_size': 2, 'parallelism': 1}",5.43,-1,5,-1
2025-07-04 01:16:45.104098,elastic-workbench-pc-visualizer,elastic-workbench-pc-visualizer-1,20,"{'data_quality': 40, 'model_size': 1, 'parallelism': 1}",1.0,-1,47,-1
2025-07-04 01:16:55.099007,elastic-workbench-qr-detector,elastic-workbench-qr-detector-1,30,"{'data_quality': 547, 'parallelism': 1}",1.57,-1,50,-1
2025-07-04 01:16:55.101935,elastic-workbench-cv-analyzer,elastic-workbench-cv-analyzer-1,209,"{'data_quality': 192, 'model_size': 2, 'parallelism': 1}",5.43,-1,4,-1
2025-07-04 01:16:55.104523,elastic-workbench-pc-visualizer,elastic-workbench-pc-visualizer-1,21,"{'data_quality': 40, 'model_size': 1, 'parallelism': 1}",1.0,-1,46,-1
2025-07-04 01:17:05.099955,elastic-workbench-qr-detector,elastic-workbench-qr-detector-1,30,"{'data_quality': 547, 'parallelism': 1}",1.58,-1,51,-1
2025-07-04 01:17:05.102894,elastic-workbench-cv-analyzer,elastic-workbench-cv-analyzer-1,153,"{'data_quality': 192, 'model_size': 2, 'parallelism': 1}",5.42,-1,4,-1
2025-07-04 01:17:05.105624,elastic-workbench-pc-visualizer,elastic-workbench-pc-visualizer-1,20,"{'data_quality': 40, 'model_size': 1, 'parallelism': 1}",1.0,-1,47,-1
2025-07-04 01:17:15.100609,elastic-workbench-qr-detector,elastic-workbench-qr-detector-1,29,"{'data_quality': 547, 'parallelism': 1}",1.59,-1,51,-1
2025-07-04 01:17:15.103518,elastic-workbench-cv-analyzer,elastic-workbench-cv-analyzer-1,165,"{'data_quality': 192, 'model_size': 2, 'parallelism': 1}",5.41,-1,5,-1
2025-07-04 01:17:15.109174,elastic-workbench-pc-visualizer,elastic-workbench-pc-visualizer-1,19,"{'data_quality': 40, 'model_size': 1, 'parallelism': 1}",1.0,-1,49,-1
2025-07-04 01:17:25.101674,elastic-workbench-qr-detector,elastic-workbench-qr-detector-1,31,"{'data_quality': 547, 'parallelism': 1}",1.59,-1,49,-1
2025-07-04 01:17:25.105164,elastic-workbench-cv-analyzer,elastic-workbench-cv-analyzer-1,151,"{'data_quality': 192, 'model_size': 2, 'parallelism': 1}",5.41,-1,5,-1
2025-07-04 01:17:25.108016,elastic-workbench-pc-visualizer,elastic-workbench-pc-visualizer-1,19,"{'data_quality': 40, 'model_size': 1, 'parallelism': 1}",1.0,-1,49,-1
2025-07-04 01:17:35.101907,elastic-workbench-qr-detector,elastic-workbench-qr-detector-1,31,"{'data_quality': 547, 'parallelism': 1}",1.57,-1,49,-1
2025-07-04 01:17:35.104702,elastic-workbench-cv-analyzer,elastic-workbench-cv-analyzer-1,176,"{'data_quality': 192, 'model_size': 2, 'parallelism': 1}",5.43,-1,5,-1
2025-07-04 01:17:35.107344,elastic-workbench-pc-visualizer,elastic-workbench-pc-visualizer-1,19,"{'data_quality': 40, 'model_size': 1, 'parallelism': 1}",1.0,-1,49,-1
2025-07-04 01:17:45.105153,elastic-workbench-qr-detector,elastic-workbench-qr-detector-1,31,"{'data_quality': 547, 'parallelism': 1}",1.57,-1,50,-1
2025-07-04 01:17:45.117267,elastic-workbench-cv-analyzer,elastic-workbench-cv-analyzer-1,149,"{'data_quality': 192, 'model_size': 2, 'parallelism': 1}",5.43,-1,4,-1
2025-07-04 01:17:45.124153,elastic-workbench-pc-visualizer,elastic-workbench-pc-visualizer-1,20,"{'data_quality': 40, 'model_size': 1, 'parallelism': 1}",1.0,-1,47,-1
2025-07-04 01:17:55.103684,elastic-workbench-qr-detector,elastic-workbench-qr-detector-1,31,"{'data_quality': 547, 'parallelism': 1}",1.58,-1,50,-1
2025-07-04 01:17:55.106655,elastic-workbench-cv-analyzer,elastic-workbench-cv-analyzer-1,172,"{'data_quality': 192, 'model_size': 2, 'parallelism': 1}",5.42,-1,5,-1
2025-07-04 01:17:55.109605,elastic-workbench-pc-visualizer,elastic-workbench-pc-visualizer-1,20,"{'data_quality': 40, 'model_size': 1, 'parallelism': 1}",1.0,-1,48,-1
2025-07-04 01:18:05.104238,elastic-workbench-qr-detector,elastic-workbench-qr-detector-1,31,"{'data_quality': 547, 'parallelism': 1}",1.58,-1,48,-1
2025-07-04 01:18:05.107053,elastic-workbench-cv-analyzer,elastic-workbench-cv-analyzer-1,142,"{'data_quality': 192, 'model_size': 2, 'parallelism': 1}",5.42,-1,5,-1
2025-07-04 01:18:05.116339,elastic-workbench-pc-visualizer,elastic-workbench-pc-visualizer-1,20,"{'data_quality': 40, 'model_size': 1, 'parallelism': 1}",1.0,-1,47,-1
2025-07-04 01:18:15.105436,elastic-workbench-qr-detector,elastic-workbench-qr-detector-1,32,"{'data_quality': 547, 'parallelism': 1}",1.55,-1,49,-1
2025-07-04 01:18:15.108356,elastic-workbench-cv-analyzer,elastic-workbench-cv-analyzer-1,144,"{'data_quality': 192, 'model_size': 2, 'parallelism': 1}",5.45,-1,5,-1
2025-07-04 01:18:15.111270,elastic-workbench-pc-visualizer,elastic-workbench-pc-visualizer-1,20,"{'data_quality': 40, 'model_size': 1, 'parallelism': 1}",1.0,-1,48,-1
2025-07-04 01:18:25.105465,elastic-workbench-qr-detector,elastic-workbench-qr-detector-1,30,"{'data_quality': 547, 'parallelism': 1}",1.56,-1,49,-1
2025-07-04 01:18:25.108029,elastic-workbench-cv-analyzer,elastic-workbench-cv-analyzer-1,196,"{'data_quality': 192, 'model_size': 2, 'parallelism': 1}",5.44,-1,4,-1
2025-07-04 01:18:25.110522,elastic-workbench-pc-visualizer,elastic-workbench-pc-visualizer-1,20,"{'data_quality': 40, 'model_size': 1, 'parallelism': 1}",1.0,-1,48,-1
2025-07-04 01:18:35.106000,elastic-workbench-qr-detector,elastic-workbench-qr-detector-1,31,"{'data_quality': 547, 'parallelism': 1}",1.56,-1,47,-1
2025-07-04 01:18:35.119465,elastic-workbench-cv-analyzer,elastic-workbench-cv-analyzer-1,131,"{'data_quality': 192, 'model_size': 2, 'parallelism': 1}",5.44,-1,5,-1
2025-07-04 01:18:35.127666,elastic-workbench-pc-visualizer,elastic-workbench-pc-visualizer-1,20,"{'data_quality': 40, 'model_size': 1, 'parallelism': 1}",1.0,-1,47,-1
2025-07-04 01:18:45.105907,elastic-workbench-qr-detector,elastic-workbench-qr-detector-1,32,"{'data_quality': 547, 'parallelism': 1}",1.54,-1,49,-1
2025-07-04 01:18:45.109031,elastic-workbench-cv-analyzer,elastic-workbench-cv-analyzer-1,199,"{'data_quality': 192, 'model_size': 2, 'parallelism': 1}",5.46,-1,4,-1
2025-07-04 01:18:45.111757,elastic-workbench-pc-visualizer,elastic-workbench-pc-visualizer-1,19,"{'data_quality': 40, 'model_size': 1, 'parallelism': 1}",1.0,-1,49,-1
2025-07-04 01:18:55.107620,elastic-workbench-qr-detector,elastic-workbench-qr-detector-1,31,"{'data_quality': 547, 'parallelism': 1}",1.56,-1,48,-1
2025-07-04 01:18:55.110753,elastic-workbench-cv-analyzer,elastic-workbench-cv-analyzer-1,159,"{'data_quality': 192, 'model_size': 2, 'parallelism': 1}",5.44,-1,4,-1
2025-07-04 01:18:55.113276,elastic-workbench-pc-visualizer,elastic-workbench-pc-visualizer-1,21,"{'data_quality': 40, 'model_size': 1, 'parallelism': 1}",1.0,-1,46,-1
2025-07-04 01:19:05.108179,elastic-workbench-qr-detector,elastic-workbench-qr-detector-1,31,"{'data_quality': 547, 'parallelism': 1}",1.55,-1,49,-1
2025-07-04 01:19:05.111435,elastic-workbench-cv-analyzer,elastic-workbench-cv-analyzer-1,146,"{'data_quality': 192, 'model_size': 2, 'parallelism': 1}",5.45,-1,5,-1
2025-07-04 01:19:05.120276,elastic-workbench-pc-visualizer,elastic-workbench-pc-visualizer-1,20,"{'data_quality': 40, 'model_size': 1, 'parallelism': 1}",1.0,-1,48,-1
2025-07-04 01:19:15.109593,elastic-workbench-qr-detector,elastic-workbench-qr-detector-1,31,"{'data_quality': 547, 'parallelism': 1}",1.56,-1,48,-1
2025-07-04 01:19:15.112282,elastic-workbench-cv-analyzer,elastic-workbench-cv-analyzer-1,154,"{'data_quality': 192, 'model_size': 2, 'parallelism': 1}",5.44,-1,5,-1
2025-07-04 01:19:15.117427,elastic-workbench-pc-visualizer,elastic-workbench-pc-visualizer-1,21,"{'data_quality': 40, 'model_size': 1, 'parallelism': 1}",1.0,-1,46,-1
2025-07-04 01:19:25.109699,elastic-workbench-qr-detector,elastic-workbench-qr-detector-1,32,"{'data_quality': 547, 'parallelism': 1}",1.55,-1,49,-1
2025-07-04 01:19:25.112828,elastic-workbench-cv-analyzer,elastic-workbench-cv-analyzer-1,122,"{'data_quality': 192, 'model_size': 2, 'parallelism': 1}",5.45,-1,5,-1
2025-07-04 01:19:25.121647,elastic-workbench-pc-visualizer,elastic-workbench-pc-visualizer-1,20,"{'data_quality': 40, 'model_size': 1, 'parallelism': 1}",1.0,-1,48,-1
2025-07-04 01:19:35.116471,elastic-workbench-qr-detector,elastic-workbench-qr-detector-1,31,"{'data_quality': 547, 'parallelism': 1}",1.56,-1,50,-1
2025-07-04 01:19:35.130793,elastic-workbench-cv-analyzer,elastic-workbench-cv-analyzer-1,140,"{'data_quality': 192, 'model_size': 2, 'parallelism': 1}",5.44,-1,4,-1
2025-07-04 01:19:35.133572,elastic-workbench-pc-visualizer,elastic-workbench-pc-visualizer-1,19,"{'data_quality': 40, 'model_size': 1, 'parallelism': 1}",1.0,-1,49,-1
2025-07-04 01:19:45.111195,elastic-workbench-qr-detector,elastic-workbench-qr-detector-1,30,"{'data_quality': 547, 'parallelism': 1}",1.57,-1,49,-1
2025-07-04 01:19:45.117305,elastic-workbench-cv-analyzer,elastic-workbench-cv-analyzer-1,134,"{'data_quality': 192, 'model_size': 2, 'parallelism': 1}",5.43,-1,5,-1
2025-07-04 01:19:45.126365,elastic-workbench-pc-visualizer,elastic-workbench-pc-visualizer-1,20,"{'data_quality': 40, 'model_size': 1, 'parallelism': 1}",1.0,-1,48,-1
2025-07-04 01:19:55.111690,elastic-workbench-qr-detector,elastic-workbench-qr-detector-1,31,"{'data_quality': 547, 'parallelism': 1}",1.55,-1,49,-1
2025-07-04 01:19:55.121269,elastic-workbench-cv-analyzer,elastic-workbench-cv-analyzer-1,154,"{'data_quality': 192, 'model_size': 2, 'parallelism': 1}",5.45,-1,5,-1
2025-07-04 01:19:55.127315,elastic-workbench-pc-visualizer,elastic-workbench-pc-visualizer-1,20,"{'data_quality': 40, 'model_size': 1, 'parallelism': 1}",1.0,-1,47,-1
