timestamp,service_type,container_id,avg_p_latency,s_config,cores,rps,throughput,cooldown
2025-07-03 06:37:03.903027,elastic-workbench-qr-detector,elastic-workbench-qr-detector-1,25,"{'data_quality': 550, 'parallelism': 1}",2.67,-1,49,-1
2025-07-03 06:37:03.913478,elastic-workbench-cv-analyzer,elastic-workbench-cv-analyzer-1,657,"{'data_quality': 224, 'model_size': 3, 'parallelism': 1}",2.67,-1,1,-1
2025-07-03 06:37:03.918235,elastic-workbench-pc-visualizer,elastic-workbench-pc-visualizer-1,20,"{'data_quality': 30, 'model_size': 1, 'parallelism': 1}",2.67,-1,47,-1
2025-07-03 06:37:13.900124,elastic-workbench-qr-detector,elastic-workbench-qr-detector-1,26,"{'data_quality': 551, 'parallelism': 1}",1.78,-1,42,-1
2025-07-03 06:37:13.904982,elastic-workbench-cv-analyzer,elastic-workbench-cv-analyzer-1,141,"{'data_quality': 224, 'model_size': 2, 'parallelism': 1}",5.22,-1,4,-1
2025-07-03 06:37:13.916322,elastic-workbench-pc-visualizer,elastic-workbench-pc-visualizer-1,19,"{'data_quality': 40, 'model_size': 1, 'parallelism': 1}",1.0,-1,48,-1
2025-07-03 06:37:23.900205,elastic-workbench-qr-detector,elastic-workbench-qr-detector-1,28,"{'data_quality': 551, 'parallelism': 1}",1.75,-1,41,-1
2025-07-03 06:37:23.905695,elastic-workbench-cv-analyzer,elastic-workbench-cv-analyzer-1,150,"{'data_quality': 224, 'model_size': 2, 'parallelism': 1}",5.25,-1,4,-1
2025-07-03 06:37:23.909684,elastic-workbench-pc-visualizer,elastic-workbench-pc-visualizer-1,20,"{'data_quality': 40, 'model_size': 1, 'parallelism': 1}",1.0,-1,46,-1
2025-07-03 06:37:33.900285,elastic-workbench-qr-detector,elastic-workbench-qr-detector-1,28,"{'data_quality': 551, 'parallelism': 1}",1.72,-1,40,-1
2025-07-03 06:37:33.908892,elastic-workbench-cv-analyzer,elastic-workbench-cv-analyzer-1,167,"{'data_quality': 224, 'model_size': 2, 'parallelism': 1}",5.28,-1,4,-1
2025-07-03 06:37:33.913564,elastic-workbench-pc-visualizer,elastic-workbench-pc-visualizer-1,20,"{'data_quality': 40, 'model_size': 1, 'parallelism': 1}",1.0,-1,46,-1
2025-07-03 06:37:43.903610,elastic-workbench-qr-detector,elastic-workbench-qr-detector-1,27,"{'data_quality': 551, 'parallelism': 1}",1.72,-1,41,-1
2025-07-03 06:37:43.914674,elastic-workbench-cv-analyzer,elastic-workbench-cv-analyzer-1,245,"{'data_quality': 224, 'model_size': 2, 'parallelism': 1}",5.28,-1,3,-1
2025-07-03 06:37:43.923286,elastic-workbench-pc-visualizer,elastic-workbench-pc-visualizer-1,20,"{'data_quality': 40, 'model_size': 1, 'parallelism': 1}",1.0,-1,48,-1
2025-07-03 06:37:53.901466,elastic-workbench-qr-detector,elastic-workbench-qr-detector-1,28,"{'data_quality': 551, 'parallelism': 1}",1.66,-1,39,-1
2025-07-03 06:37:53.905515,elastic-workbench-cv-analyzer,elastic-workbench-cv-analyzer-1,163,"{'data_quality': 224, 'model_size': 2, 'parallelism': 1}",5.34,-1,4,-1
2025-07-03 06:37:53.919256,elastic-workbench-pc-visualizer,elastic-workbench-pc-visualizer-1,20,"{'data_quality': 40, 'model_size': 1, 'parallelism': 1}",1.0,-1,48,-1
2025-07-03 06:38:03.901637,elastic-workbench-qr-detector,elastic-workbench-qr-detector-1,27,"{'data_quality': 551, 'parallelism': 1}",1.69,-1,39,-1
2025-07-03 06:38:03.905313,elastic-workbench-cv-analyzer,elastic-workbench-cv-analyzer-1,153,"{'data_quality': 224, 'model_size': 2, 'parallelism': 1}",5.31,-1,4,-1
2025-07-03 06:38:03.918527,elastic-workbench-pc-visualizer,elastic-workbench-pc-visualizer-1,19,"{'data_quality': 40, 'model_size': 1, 'parallelism': 1}",1.0,-1,48,-1
2025-07-03 06:38:13.902686,elastic-workbench-qr-detector,elastic-workbench-qr-detector-1,28,"{'data_quality': 551, 'parallelism': 1}",1.68,-1,37,-1
2025-07-03 06:38:13.905975,elastic-workbench-cv-analyzer,elastic-workbench-cv-analyzer-1,185,"{'data_quality': 224, 'model_size': 2, 'parallelism': 1}",5.32,-1,3,-1
2025-07-03 06:38:13.922337,elastic-workbench-pc-visualizer,elastic-workbench-pc-visualizer-1,19,"{'data_quality': 40, 'model_size': 1, 'parallelism': 1}",1.0,-1,49,-1
2025-07-03 06:38:23.905473,elastic-workbench-qr-detector,elastic-workbench-qr-detector-1,29,"{'data_quality': 551, 'parallelism': 1}",1.61,-1,36,-1
2025-07-03 06:38:23.908426,elastic-workbench-cv-analyzer,elastic-workbench-cv-analyzer-1,144,"{'data_quality': 224, 'model_size': 2, 'parallelism': 1}",5.39,-1,4,-1
2025-07-03 06:38:23.920420,elastic-workbench-pc-visualizer,elastic-workbench-pc-visualizer-1,19,"{'data_quality': 40, 'model_size': 1, 'parallelism': 1}",1.0,-1,48,-1
2025-07-03 06:38:33.902566,elastic-workbench-qr-detector,elastic-workbench-qr-detector-1,29,"{'data_quality': 551, 'parallelism': 1}",1.61,-1,36,-1
2025-07-03 06:38:33.910304,elastic-workbench-cv-analyzer,elastic-workbench-cv-analyzer-1,117,"{'data_quality': 224, 'model_size': 2, 'parallelism': 1}",5.39,-1,4,-1
2025-07-03 06:38:33.920114,elastic-workbench-pc-visualizer,elastic-workbench-pc-visualizer-1,20,"{'data_quality': 40, 'model_size': 1, 'parallelism': 1}",1.0,-1,48,-1
2025-07-03 06:38:43.903055,elastic-workbench-qr-detector,elastic-workbench-qr-detector-1,28,"{'data_quality': 551, 'parallelism': 1}",1.62,-1,37,-1
2025-07-03 06:38:43.905793,elastic-workbench-cv-analyzer,elastic-workbench-cv-analyzer-1,149,"{'data_quality': 224, 'model_size': 2, 'parallelism': 1}",5.38,-1,4,-1
2025-07-03 06:38:43.919595,elastic-workbench-pc-visualizer,elastic-workbench-pc-visualizer-1,20,"{'data_quality': 40, 'model_size': 1, 'parallelism': 1}",1.0,-1,47,-1
2025-07-03 06:38:53.903930,elastic-workbench-qr-detector,elastic-workbench-qr-detector-1,28,"{'data_quality': 551, 'parallelism': 1}",1.59,-1,36,-1
2025-07-03 06:38:53.907672,elastic-workbench-cv-analyzer,elastic-workbench-cv-analyzer-1,139,"{'data_quality': 224, 'model_size': 2, 'parallelism': 1}",5.41,-1,4,-1
2025-07-03 06:38:53.914033,elastic-workbench-pc-visualizer,elastic-workbench-pc-visualizer-1,19,"{'data_quality': 40, 'model_size': 1, 'parallelism': 1}",1.0,-1,48,-1
2025-07-03 06:39:03.905077,elastic-workbench-qr-detector,elastic-workbench-qr-detector-1,29,"{'data_quality': 551, 'parallelism': 1}",1.59,-1,35,-1
2025-07-03 06:39:03.917277,elastic-workbench-cv-analyzer,elastic-workbench-cv-analyzer-1,179,"{'data_quality': 224, 'model_size': 2, 'parallelism': 1}",5.41,-1,3,-1
2025-07-03 06:39:03.924975,elastic-workbench-pc-visualizer,elastic-workbench-pc-visualizer-1,20,"{'data_quality': 40, 'model_size': 1, 'parallelism': 1}",1.0,-1,47,-1
2025-07-03 06:39:13.906112,elastic-workbench-qr-detector,elastic-workbench-qr-detector-1,29,"{'data_quality': 551, 'parallelism': 1}",1.54,-1,33,-1
2025-07-03 06:39:13.926808,elastic-workbench-cv-analyzer,elastic-workbench-cv-analyzer-1,152,"{'data_quality': 224, 'model_size': 2, 'parallelism': 1}",5.46,-1,3,-1
2025-07-03 06:39:13.931358,elastic-workbench-pc-visualizer,elastic-workbench-pc-visualizer-1,19,"{'data_quality': 40, 'model_size': 1, 'parallelism': 1}",1.0,-1,49,-1
2025-07-03 06:39:23.905950,elastic-workbench-qr-detector,elastic-workbench-qr-detector-1,29,"{'data_quality': 551, 'parallelism': 1}",1.55,-1,33,-1
2025-07-03 06:39:23.921319,elastic-workbench-cv-analyzer,elastic-workbench-cv-analyzer-1,302,"{'data_quality': 224, 'model_size': 3, 'parallelism': 1}",5.45,-1,2,-1
2025-07-03 06:39:23.925260,elastic-workbench-pc-visualizer,elastic-workbench-pc-visualizer-1,20,"{'data_quality': 40, 'model_size': 1, 'parallelism': 1}",1.0,-1,46,-1
2025-07-03 06:39:33.915634,elastic-workbench-qr-detector,elastic-workbench-qr-detector-1,29,"{'data_quality': 551, 'parallelism': 1}",1.56,-1,31,-1
2025-07-03 06:39:33.928676,elastic-workbench-cv-analyzer,elastic-workbench-cv-analyzer-1,299,"{'data_quality': 224, 'model_size': 3, 'parallelism': 1}",5.44,-1,2,-1
2025-07-03 06:39:33.932197,elastic-workbench-pc-visualizer,elastic-workbench-pc-visualizer-1,20,"{'data_quality': 40, 'model_size': 1, 'parallelism': 1}",1.0,-1,46,-1
2025-07-03 06:39:43.922368,elastic-workbench-qr-detector,elastic-workbench-qr-detector-1,29,"{'data_quality': 551, 'parallelism': 1}",1.53,-1,29,-1
2025-07-03 06:39:43.927906,elastic-workbench-cv-analyzer,elastic-workbench-cv-analyzer-1,343,"{'data_quality': 224, 'model_size': 3, 'parallelism': 1}",5.47,-1,2,-1
2025-07-03 06:39:43.930930,elastic-workbench-pc-visualizer,elastic-workbench-pc-visualizer-1,20,"{'data_quality': 40, 'model_size': 1, 'parallelism': 1}",1.0,-1,46,-1
2025-07-03 06:39:53.916375,elastic-workbench-qr-detector,elastic-workbench-qr-detector-1,29,"{'data_quality': 551, 'parallelism': 1}",1.51,-1,29,-1
2025-07-03 06:39:53.922682,elastic-workbench-cv-analyzer,elastic-workbench-cv-analyzer-1,310,"{'data_quality': 224, 'model_size': 3, 'parallelism': 1}",5.49,-1,2,-1
2025-07-03 06:39:53.927673,elastic-workbench-pc-visualizer,elastic-workbench-pc-visualizer-1,19,"{'data_quality': 40, 'model_size': 1, 'parallelism': 1}",1.0,-1,48,-1
2025-07-03 06:40:03.921210,elastic-workbench-qr-detector,elastic-workbench-qr-detector-1,30,"{'data_quality': 551, 'parallelism': 1}",1.51,-1,28,-1
2025-07-03 06:40:03.927227,elastic-workbench-cv-analyzer,elastic-workbench-cv-analyzer-1,241,"{'data_quality': 224, 'model_size': 3, 'parallelism': 1}",5.49,-1,3,-1
2025-07-03 06:40:03.930692,elastic-workbench-pc-visualizer,elastic-workbench-pc-visualizer-1,19,"{'data_quality': 40, 'model_size': 1, 'parallelism': 1}",1.0,-1,48,-1
2025-07-03 06:40:13.917943,elastic-workbench-qr-detector,elastic-workbench-qr-detector-1,30,"{'data_quality': 551, 'parallelism': 1}",1.51,-1,28,-1
2025-07-03 06:40:13.924202,elastic-workbench-cv-analyzer,elastic-workbench-cv-analyzer-1,287,"{'data_quality': 224, 'model_size': 3, 'parallelism': 1}",5.49,-1,2,-1
2025-07-03 06:40:13.927664,elastic-workbench-pc-visualizer,elastic-workbench-pc-visualizer-1,20,"{'data_quality': 40, 'model_size': 1, 'parallelism': 1}",1.0,-1,47,-1
2025-07-03 06:40:23.922345,elastic-workbench-qr-detector,elastic-workbench-qr-detector-1,17,"{'data_quality': 551, 'parallelism': 1}",1.47,-1,28,-1
2025-07-03 06:40:23.925951,elastic-workbench-cv-analyzer,elastic-workbench-cv-analyzer-1,259,"{'data_quality': 224, 'model_size': 3, 'parallelism': 1}",5.53,-1,2,-1
2025-07-03 06:40:23.929616,elastic-workbench-pc-visualizer,elastic-workbench-pc-visualizer-1,20,"{'data_quality': 40, 'model_size': 1, 'parallelism': 1}",1.0,-1,47,-1
2025-07-03 06:40:33.918874,elastic-workbench-qr-detector,elastic-workbench-qr-detector-1,31,"{'data_quality': 551, 'parallelism': 1}",1.51,-1,27,-1
2025-07-03 06:40:33.921793,elastic-workbench-cv-analyzer,elastic-workbench-cv-analyzer-1,349,"{'data_quality': 224, 'model_size': 3, 'parallelism': 1}",5.49,-1,2,-1
2025-07-03 06:40:33.930135,elastic-workbench-pc-visualizer,elastic-workbench-pc-visualizer-1,20,"{'data_quality': 40, 'model_size': 1, 'parallelism': 1}",1.0,-1,46,-1
2025-07-03 06:40:43.919153,elastic-workbench-qr-detector,elastic-workbench-qr-detector-1,30,"{'data_quality': 551, 'parallelism': 1}",1.51,-1,27,-1
2025-07-03 06:40:43.922186,elastic-workbench-cv-analyzer,elastic-workbench-cv-analyzer-1,285,"{'data_quality': 224, 'model_size': 3, 'parallelism': 1}",5.49,-1,2,-1
2025-07-03 06:40:43.928890,elastic-workbench-pc-visualizer,elastic-workbench-pc-visualizer-1,20,"{'data_quality': 40, 'model_size': 1, 'parallelism': 1}",1.0,-1,48,-1
2025-07-03 06:40:53.921306,elastic-workbench-qr-detector,elastic-workbench-qr-detector-1,29,"{'data_quality': 551, 'parallelism': 1}",1.51,-1,27,-1
2025-07-03 06:40:53.927665,elastic-workbench-cv-analyzer,elastic-workbench-cv-analyzer-1,331,"{'data_quality': 224, 'model_size': 3, 'parallelism': 1}",5.49,-1,2,-1
2025-07-03 06:40:53.934658,elastic-workbench-pc-visualizer,elastic-workbench-pc-visualizer-1,19,"{'data_quality': 40, 'model_size': 1, 'parallelism': 1}",1.0,-1,49,-1
2025-07-03 06:41:03.923508,elastic-workbench-qr-detector,elastic-workbench-qr-detector-1,29,"{'data_quality': 551, 'parallelism': 1}",1.51,-1,26,-1
2025-07-03 06:41:03.926108,elastic-workbench-cv-analyzer,elastic-workbench-cv-analyzer-1,297,"{'data_quality': 224, 'model_size': 3, 'parallelism': 1}",5.49,-1,3,-1
2025-07-03 06:41:03.931172,elastic-workbench-pc-visualizer,elastic-workbench-pc-visualizer-1,19,"{'data_quality': 40, 'model_size': 1, 'parallelism': 1}",1.0,-1,50,-1
2025-07-03 06:41:13.922239,elastic-workbench-qr-detector,elastic-workbench-qr-detector-1,29,"{'data_quality': 551, 'parallelism': 1}",1.5,-1,25,-1
2025-07-03 06:41:13.927844,elastic-workbench-cv-analyzer,elastic-workbench-cv-analyzer-1,329,"{'data_quality': 224, 'model_size': 3, 'parallelism': 1}",5.5,-1,2,-1
2025-07-03 06:41:13.934783,elastic-workbench-pc-visualizer,elastic-workbench-pc-visualizer-1,20,"{'data_quality': 40, 'model_size': 1, 'parallelism': 1}",1.0,-1,47,-1
2025-07-03 06:41:23.920609,elastic-workbench-qr-detector,elastic-workbench-qr-detector-1,16,"{'data_quality': 551, 'parallelism': 1}",1.49,-1,26,-1
2025-07-03 06:41:23.924793,elastic-workbench-cv-analyzer,elastic-workbench-cv-analyzer-1,306,"{'data_quality': 224, 'model_size': 3, 'parallelism': 1}",5.51,-1,2,-1
2025-07-03 06:41:23.930479,elastic-workbench-pc-visualizer,elastic-workbench-pc-visualizer-1,20,"{'data_quality': 40, 'model_size': 1, 'parallelism': 1}",1.0,-1,48,-1
2025-07-03 06:41:33.918365,elastic-workbench-qr-detector,elastic-workbench-qr-detector-1,16,"{'data_quality': 551, 'parallelism': 1}",1.49,-1,25,-1
2025-07-03 06:41:33.932735,elastic-workbench-cv-analyzer,elastic-workbench-cv-analyzer-1,281,"{'data_quality': 224, 'model_size': 3, 'parallelism': 1}",5.51,-1,2,-1
2025-07-03 06:41:33.935748,elastic-workbench-pc-visualizer,elastic-workbench-pc-visualizer-1,19,"{'data_quality': 40, 'model_size': 1, 'parallelism': 1}",1.0,-1,48,-1
2025-07-03 06:41:43.926562,elastic-workbench-qr-detector,elastic-workbench-qr-detector-1,17,"{'data_quality': 551, 'parallelism': 1}",1.49,-1,25,-1
2025-07-03 06:41:43.932286,elastic-workbench-cv-analyzer,elastic-workbench-cv-analyzer-1,376,"{'data_quality': 224, 'model_size': 3, 'parallelism': 1}",5.51,-1,2,-1
2025-07-03 06:41:43.936108,elastic-workbench-pc-visualizer,elastic-workbench-pc-visualizer-1,20,"{'data_quality': 40, 'model_size': 1, 'parallelism': 1}",1.0,-1,47,-1
2025-07-03 06:41:53.923086,elastic-workbench-qr-detector,elastic-workbench-qr-detector-1,32,"{'data_quality': 626, 'parallelism': 1}",1.76,-1,24,-1
2025-07-03 06:41:53.929888,elastic-workbench-cv-analyzer,elastic-workbench-cv-analyzer-1,261,"{'data_quality': 295, 'model_size': 2, 'parallelism': 1}",5.24,-1,2,-1
2025-07-03 06:41:53.933858,elastic-workbench-pc-visualizer,elastic-workbench-pc-visualizer-1,19,"{'data_quality': 40, 'model_size': 1, 'parallelism': 1}",1.0,-1,48,-1
2025-07-03 06:42:03.924385,elastic-workbench-qr-detector,elastic-workbench-qr-detector-1,31,"{'data_quality': 626, 'parallelism': 1}",1.73,-1,23,-1
2025-07-03 06:42:03.927214,elastic-workbench-cv-analyzer,elastic-workbench-cv-analyzer-1,594,"{'data_quality': 295, 'model_size': 3, 'parallelism': 1}",5.27,-1,1,-1
2025-07-03 06:42:03.934767,elastic-workbench-pc-visualizer,elastic-workbench-pc-visualizer-1,20,"{'data_quality': 40, 'model_size': 1, 'parallelism': 1}",1.0,-1,47,-1
2025-07-03 06:42:13.922226,elastic-workbench-qr-detector,elastic-workbench-qr-detector-1,31,"{'data_quality': 626, 'parallelism': 1}",1.72,-1,22,-1
2025-07-03 06:42:13.928009,elastic-workbench-cv-analyzer,elastic-workbench-cv-analyzer-1,433,"{'data_quality': 295, 'model_size': 3, 'parallelism': 1}",5.28,-1,1,-1
2025-07-03 06:42:13.932210,elastic-workbench-pc-visualizer,elastic-workbench-pc-visualizer-1,19,"{'data_quality': 40, 'model_size': 1, 'parallelism': 1}",1.0,-1,49,-1
2025-07-03 06:42:23.925999,elastic-workbench-qr-detector,elastic-workbench-qr-detector-1,33,"{'data_quality': 626, 'parallelism': 1}",1.66,-1,22,-1
2025-07-03 06:42:23.933100,elastic-workbench-cv-analyzer,elastic-workbench-cv-analyzer-1,373,"{'data_quality': 295, 'model_size': 3, 'parallelism': 1}",5.34,-1,1,-1
2025-07-03 06:42:23.936339,elastic-workbench-pc-visualizer,elastic-workbench-pc-visualizer-1,19,"{'data_quality': 40, 'model_size': 1, 'parallelism': 1}",1.0,-1,50,-1
2025-07-03 06:42:33.929632,elastic-workbench-qr-detector,elastic-workbench-qr-detector-1,35,"{'data_quality': 626, 'parallelism': 1}",1.68,-1,22,-1
2025-07-03 06:42:33.933773,elastic-workbench-cv-analyzer,elastic-workbench-cv-analyzer-1,456,"{'data_quality': 295, 'model_size': 3, 'parallelism': 1}",5.32,-1,1,-1
2025-07-03 06:42:33.938864,elastic-workbench-pc-visualizer,elastic-workbench-pc-visualizer-1,19,"{'data_quality': 40, 'model_size': 1, 'parallelism': 1}",1.0,-1,48,-1
2025-07-03 06:42:43.929710,elastic-workbench-qr-detector,elastic-workbench-qr-detector-1,35,"{'data_quality': 626, 'parallelism': 1}",1.64,-1,22,-1
2025-07-03 06:42:43.934126,elastic-workbench-cv-analyzer,elastic-workbench-cv-analyzer-1,527,"{'data_quality': 295, 'model_size': 3, 'parallelism': 1}",5.36,-1,1,-1
2025-07-03 06:42:43.939253,elastic-workbench-pc-visualizer,elastic-workbench-pc-visualizer-1,20,"{'data_quality': 40, 'model_size': 1, 'parallelism': 1}",1.0,-1,46,-1
2025-07-03 06:42:53.927129,elastic-workbench-qr-detector,elastic-workbench-qr-detector-1,36,"{'data_quality': 626, 'parallelism': 1}",1.67,-1,21,-1
2025-07-03 06:42:53.935876,elastic-workbench-cv-analyzer,elastic-workbench-cv-analyzer-1,554,"{'data_quality': 295, 'model_size': 3, 'parallelism': 1}",5.33,-1,1,-1
2025-07-03 06:42:53.943257,elastic-workbench-pc-visualizer,elastic-workbench-pc-visualizer-1,20,"{'data_quality': 40, 'model_size': 1, 'parallelism': 1}",1.0,-1,46,-1
2025-07-03 06:43:03.926561,elastic-workbench-qr-detector,elastic-workbench-qr-detector-1,35,"{'data_quality': 626, 'parallelism': 1}",1.63,-1,22,-1
2025-07-03 06:43:03.932629,elastic-workbench-cv-analyzer,elastic-workbench-cv-analyzer-1,483,"{'data_quality': 295, 'model_size': 3, 'parallelism': 1}",5.37,-1,1,-1
2025-07-03 06:43:03.936251,elastic-workbench-pc-visualizer,elastic-workbench-pc-visualizer-1,20,"{'data_quality': 40, 'model_size': 1, 'parallelism': 1}",1.0,-1,46,-1
2025-07-03 06:43:13.925252,elastic-workbench-qr-detector,elastic-workbench-qr-detector-1,35,"{'data_quality': 626, 'parallelism': 1}",1.65,-1,21,-1
2025-07-03 06:43:13.933074,elastic-workbench-cv-analyzer,elastic-workbench-cv-analyzer-1,542,"{'data_quality': 295, 'model_size': 3, 'parallelism': 1}",5.35,-1,1,-1
2025-07-03 06:43:13.936264,elastic-workbench-pc-visualizer,elastic-workbench-pc-visualizer-1,19,"{'data_quality': 40, 'model_size': 1, 'parallelism': 1}",1.0,-1,48,-1
2025-07-03 06:43:23.929989,elastic-workbench-qr-detector,elastic-workbench-qr-detector-1,37,"{'data_quality': 626, 'parallelism': 1}",1.59,-1,22,-1
2025-07-03 06:43:23.934998,elastic-workbench-cv-analyzer,elastic-workbench-cv-analyzer-1,434,"{'data_quality': 295, 'model_size': 3, 'parallelism': 1}",5.41,-1,1,-1
2025-07-03 06:43:23.938511,elastic-workbench-pc-visualizer,elastic-workbench-pc-visualizer-1,20,"{'data_quality': 40, 'model_size': 1, 'parallelism': 1}",1.0,-1,47,-1
2025-07-03 06:43:33.931466,elastic-workbench-qr-detector,elastic-workbench-qr-detector-1,33,"{'data_quality': 626, 'parallelism': 1}",1.64,-1,23,-1
2025-07-03 06:43:33.935168,elastic-workbench-cv-analyzer,elastic-workbench-cv-analyzer-1,598,"{'data_quality': 295, 'model_size': 3, 'parallelism': 1}",5.36,-1,1,-1
2025-07-03 06:43:33.944333,elastic-workbench-pc-visualizer,elastic-workbench-pc-visualizer-1,20,"{'data_quality': 40, 'model_size': 1, 'parallelism': 1}",1.0,-1,47,-1
2025-07-03 06:43:43.931371,elastic-workbench-qr-detector,elastic-workbench-qr-detector-1,32,"{'data_quality': 626, 'parallelism': 1}",1.64,-1,22,-1
2025-07-03 06:43:43.934991,elastic-workbench-cv-analyzer,elastic-workbench-cv-analyzer-1,514,"{'data_quality': 295, 'model_size': 3, 'parallelism': 1}",5.36,-1,1,-1
2025-07-03 06:43:43.940880,elastic-workbench-pc-visualizer,elastic-workbench-pc-visualizer-1,19,"{'data_quality': 40, 'model_size': 1, 'parallelism': 1}",1.0,-1,48,-1
2025-07-03 06:43:53.934057,elastic-workbench-qr-detector,elastic-workbench-qr-detector-1,34,"{'data_quality': 626, 'parallelism': 1}",1.64,-1,24,-1
2025-07-03 06:43:53.937681,elastic-workbench-cv-analyzer,elastic-workbench-cv-analyzer-1,463,"{'data_quality': 295, 'model_size': 3, 'parallelism': 1}",5.36,-1,1,-1
2025-07-03 06:43:53.945629,elastic-workbench-pc-visualizer,elastic-workbench-pc-visualizer-1,19,"{'data_quality': 40, 'model_size': 1, 'parallelism': 1}",1.0,-1,48,-1
2025-07-03 06:44:03.932461,elastic-workbench-qr-detector,elastic-workbench-qr-detector-1,35,"{'data_quality': 626, 'parallelism': 1}",1.59,-1,25,-1
2025-07-03 06:44:03.936082,elastic-workbench-cv-analyzer,elastic-workbench-cv-analyzer-1,579,"{'data_quality': 295, 'model_size': 3, 'parallelism': 1}",5.41,-1,1,-1
2025-07-03 06:44:03.944467,elastic-workbench-pc-visualizer,elastic-workbench-pc-visualizer-1,20,"{'data_quality': 40, 'model_size': 1, 'parallelism': 1}",1.0,-1,46,-1
2025-07-03 06:44:13.935239,elastic-workbench-qr-detector,elastic-workbench-qr-detector-1,31,"{'data_quality': 626, 'parallelism': 1}",1.65,-1,23,-1
2025-07-03 06:44:13.941509,elastic-workbench-cv-analyzer,elastic-workbench-cv-analyzer-1,581,"{'data_quality': 295, 'model_size': 3, 'parallelism': 1}",5.35,-1,1,-1
2025-07-03 06:44:13.945094,elastic-workbench-pc-visualizer,elastic-workbench-pc-visualizer-1,20,"{'data_quality': 40, 'model_size': 1, 'parallelism': 1}",1.0,-1,48,-1
2025-07-03 06:44:23.943304,elastic-workbench-qr-detector,elastic-workbench-qr-detector-1,36,"{'data_quality': 626, 'parallelism': 1}",1.6,-1,23,-1
2025-07-03 06:44:23.947468,elastic-workbench-cv-analyzer,elastic-workbench-cv-analyzer-1,570,"{'data_quality': 295, 'model_size': 3, 'parallelism': 1}",5.4,-1,1,-1
2025-07-03 06:44:23.953401,elastic-workbench-pc-visualizer,elastic-workbench-pc-visualizer-1,20,"{'data_quality': 40, 'model_size': 1, 'parallelism': 1}",1.0,-1,46,-1
2025-07-03 06:44:33.936936,elastic-workbench-qr-detector,elastic-workbench-qr-detector-1,36,"{'data_quality': 626, 'parallelism': 1}",1.56,-1,23,-1
2025-07-03 06:44:33.940557,elastic-workbench-cv-analyzer,elastic-workbench-cv-analyzer-1,515,"{'data_quality': 295, 'model_size': 3, 'parallelism': 1}",5.44,-1,1,-1
2025-07-03 06:44:33.947203,elastic-workbench-pc-visualizer,elastic-workbench-pc-visualizer-1,19,"{'data_quality': 40, 'model_size': 1, 'parallelism': 1}",1.0,-1,48,-1
2025-07-03 06:44:43.945021,elastic-workbench-qr-detector,elastic-workbench-qr-detector-1,38,"{'data_quality': 626, 'parallelism': 1}",1.54,-1,22,-1
2025-07-03 06:44:43.947656,elastic-workbench-cv-analyzer,elastic-workbench-cv-analyzer-1,602,"{'data_quality': 295, 'model_size': 3, 'parallelism': 1}",5.46,-1,1,-1
2025-07-03 06:44:43.955880,elastic-workbench-pc-visualizer,elastic-workbench-pc-visualizer-1,20,"{'data_quality': 40, 'model_size': 1, 'parallelism': 1}",1.0,-1,46,-1
2025-07-03 06:44:53.937595,elastic-workbench-qr-detector,elastic-workbench-qr-detector-1,37,"{'data_quality': 626, 'parallelism': 1}",1.54,-1,23,-1
2025-07-03 06:44:53.941366,elastic-workbench-cv-analyzer,elastic-workbench-cv-analyzer-1,485,"{'data_quality': 295, 'model_size': 3, 'parallelism': 1}",5.46,-1,1,-1
2025-07-03 06:44:53.949429,elastic-workbench-pc-visualizer,elastic-workbench-pc-visualizer-1,20,"{'data_quality': 40, 'model_size': 1, 'parallelism': 1}",1.0,-1,47,-1
2025-07-03 06:45:03.937234,elastic-workbench-qr-detector,elastic-workbench-qr-detector-1,38,"{'data_quality': 626, 'parallelism': 1}",1.55,-1,25,-1
2025-07-03 06:45:03.941051,elastic-workbench-cv-analyzer,elastic-workbench-cv-analyzer-1,649,"{'data_quality': 295, 'model_size': 3, 'parallelism': 1}",5.45,-1,1,-1
2025-07-03 06:45:03.944814,elastic-workbench-pc-visualizer,elastic-workbench-pc-visualizer-1,20,"{'data_quality': 40, 'model_size': 1, 'parallelism': 1}",1.0,-1,46,-1
2025-07-03 06:45:13.940079,elastic-workbench-qr-detector,elastic-workbench-qr-detector-1,40,"{'data_quality': 626, 'parallelism': 1}",1.52,-1,24,-1
2025-07-03 06:45:13.943378,elastic-workbench-cv-analyzer,elastic-workbench-cv-analyzer-1,663,"{'data_quality': 295, 'model_size': 3, 'parallelism': 1}",5.48,-1,1,-1
2025-07-03 06:45:13.949651,elastic-workbench-pc-visualizer,elastic-workbench-pc-visualizer-1,20,"{'data_quality': 40, 'model_size': 1, 'parallelism': 1}",1.0,-1,47,-1
2025-07-03 06:45:23.942467,elastic-workbench-qr-detector,elastic-workbench-qr-detector-1,36,"{'data_quality': 626, 'parallelism': 1}",1.57,-1,24,-1
2025-07-03 06:45:23.946155,elastic-workbench-cv-analyzer,elastic-workbench-cv-analyzer-1,678,"{'data_quality': 295, 'model_size': 3, 'parallelism': 1}",5.43,-1,1,-1
2025-07-03 06:45:23.952761,elastic-workbench-pc-visualizer,elastic-workbench-pc-visualizer-1,20,"{'data_quality': 40, 'model_size': 1, 'parallelism': 1}",1.0,-1,46,-1
2025-07-03 06:45:33.938766,elastic-workbench-qr-detector,elastic-workbench-qr-detector-1,40,"{'data_quality': 626, 'parallelism': 1}",1.51,-1,24,-1
2025-07-03 06:45:33.947587,elastic-workbench-cv-analyzer,elastic-workbench-cv-analyzer-1,467,"{'data_quality': 295, 'model_size': 3, 'parallelism': 1}",5.49,-1,1,-1
2025-07-03 06:45:33.951346,elastic-workbench-pc-visualizer,elastic-workbench-pc-visualizer-1,19,"{'data_quality': 40, 'model_size': 1, 'parallelism': 1}",1.0,-1,48,-1
2025-07-03 06:45:43.944263,elastic-workbench-qr-detector,elastic-workbench-qr-detector-1,40,"{'data_quality': 626, 'parallelism': 1}",1.5,-1,24,-1
2025-07-03 06:45:43.950712,elastic-workbench-cv-analyzer,elastic-workbench-cv-analyzer-1,446,"{'data_quality': 295, 'model_size': 3, 'parallelism': 1}",5.5,-1,1,-1
2025-07-03 06:45:43.953837,elastic-workbench-pc-visualizer,elastic-workbench-pc-visualizer-1,21,"{'data_quality': 40, 'model_size': 1, 'parallelism': 1}",1.0,-1,46,-1
2025-07-03 06:45:53.949403,elastic-workbench-qr-detector,elastic-workbench-qr-detector-1,37,"{'data_quality': 627, 'parallelism': 1}",1.53,-1,23,-1
2025-07-03 06:45:53.952171,elastic-workbench-cv-analyzer,elastic-workbench-cv-analyzer-1,487,"{'data_quality': 295, 'model_size': 3, 'parallelism': 1}",5.47,-1,1,-1
2025-07-03 06:45:53.955500,elastic-workbench-pc-visualizer,elastic-workbench-pc-visualizer-1,20,"{'data_quality': 40, 'model_size': 1, 'parallelism': 1}",1.0,-1,46,-1
2025-07-03 06:46:03.941602,elastic-workbench-qr-detector,elastic-workbench-qr-detector-1,37,"{'data_quality': 627, 'parallelism': 1}",1.53,-1,22,-1
2025-07-03 06:46:03.946460,elastic-workbench-cv-analyzer,elastic-workbench-cv-analyzer-1,454,"{'data_quality': 295, 'model_size': 3, 'parallelism': 1}",5.47,-1,1,-1
2025-07-03 06:46:03.949417,elastic-workbench-pc-visualizer,elastic-workbench-pc-visualizer-1,20,"{'data_quality': 40, 'model_size': 1, 'parallelism': 1}",1.0,-1,46,-1
2025-07-03 06:46:13.939420,elastic-workbench-qr-detector,elastic-workbench-qr-detector-1,38,"{'data_quality': 627, 'parallelism': 1}",1.53,-1,22,-1
2025-07-03 06:46:13.947425,elastic-workbench-cv-analyzer,elastic-workbench-cv-analyzer-1,477,"{'data_quality': 295, 'model_size': 3, 'parallelism': 1}",5.47,-1,1,-1
2025-07-03 06:46:13.950892,elastic-workbench-pc-visualizer,elastic-workbench-pc-visualizer-1,20,"{'data_quality': 40, 'model_size': 1, 'parallelism': 1}",1.0,-1,47,-1
2025-07-03 06:46:23.950658,elastic-workbench-qr-detector,elastic-workbench-qr-detector-1,39,"{'data_quality': 627, 'parallelism': 1}",1.53,-1,23,-1
2025-07-03 06:46:23.953910,elastic-workbench-cv-analyzer,elastic-workbench-cv-analyzer-1,495,"{'data_quality': 295, 'model_size': 3, 'parallelism': 1}",5.47,-1,1,-1
2025-07-03 06:46:23.957598,elastic-workbench-pc-visualizer,elastic-workbench-pc-visualizer-1,20,"{'data_quality': 40, 'model_size': 1, 'parallelism': 1}",1.0,-1,47,-1
2025-07-03 06:46:33.948346,elastic-workbench-qr-detector,elastic-workbench-qr-detector-1,41,"{'data_quality': 627, 'parallelism': 1}",1.52,-1,25,-1
2025-07-03 06:46:33.952091,elastic-workbench-cv-analyzer,elastic-workbench-cv-analyzer-1,591,"{'data_quality': 295, 'model_size': 3, 'parallelism': 1}",5.48,-1,1,-1
2025-07-03 06:46:33.954814,elastic-workbench-pc-visualizer,elastic-workbench-pc-visualizer-1,21,"{'data_quality': 40, 'model_size': 1, 'parallelism': 1}",1.0,-1,46,-1
2025-07-03 06:46:43.953742,elastic-workbench-qr-detector,elastic-workbench-qr-detector-1,42,"{'data_quality': 627, 'parallelism': 1}",1.52,-1,25,-1
2025-07-03 06:46:43.956722,elastic-workbench-cv-analyzer,elastic-workbench-cv-analyzer-1,310,"{'data_quality': 295, 'model_size': 3, 'parallelism': 1}",5.48,-1,1,-1
2025-07-03 06:46:43.960025,elastic-workbench-pc-visualizer,elastic-workbench-pc-visualizer-1,20,"{'data_quality': 40, 'model_size': 1, 'parallelism': 1}",1.0,-1,46,-1
2025-07-03 06:46:53.955496,elastic-workbench-qr-detector,elastic-workbench-qr-detector-1,22,"{'data_quality': 627, 'parallelism': 1}",1.46,-1,27,-1
2025-07-03 06:46:53.959335,elastic-workbench-cv-analyzer,elastic-workbench-cv-analyzer-1,489,"{'data_quality': 295, 'model_size': 3, 'parallelism': 1}",5.54,-1,0,-1
2025-07-03 06:46:53.963314,elastic-workbench-pc-visualizer,elastic-workbench-pc-visualizer-1,21,"{'data_quality': 40, 'model_size': 1, 'parallelism': 1}",1.0,-1,45,-1
2025-07-03 06:47:03.950544,elastic-workbench-qr-detector,elastic-workbench-qr-detector-1,38,"{'data_quality': 627, 'parallelism': 1}",1.53,-1,27,-1
2025-07-03 06:47:03.954555,elastic-workbench-cv-analyzer,elastic-workbench-cv-analyzer-1,505,"{'data_quality': 295, 'model_size': 3, 'parallelism': 1}",5.47,-1,1,-1
2025-07-03 06:47:03.958188,elastic-workbench-pc-visualizer,elastic-workbench-pc-visualizer-1,20,"{'data_quality': 40, 'model_size': 1, 'parallelism': 1}",1.0,-1,46,-1
2025-07-03 06:47:13.947366,elastic-workbench-qr-detector,elastic-workbench-qr-detector-1,41,"{'data_quality': 627, 'parallelism': 1}",1.53,-1,25,-1
2025-07-03 06:47:13.951192,elastic-workbench-cv-analyzer,elastic-workbench-cv-analyzer-1,318,"{'data_quality': 295, 'model_size': 2, 'parallelism': 1}",5.47,-1,2,-1
2025-07-03 06:47:13.954590,elastic-workbench-pc-visualizer,elastic-workbench-pc-visualizer-1,20,"{'data_quality': 40, 'model_size': 1, 'parallelism': 1}",1.0,-1,47,-1
2025-07-03 06:47:23.952131,elastic-workbench-qr-detector,elastic-workbench-qr-detector-1,21,"{'data_quality': 627, 'parallelism': 1}",1.49,-1,24,-1
2025-07-03 06:47:23.956058,elastic-workbench-cv-analyzer,elastic-workbench-cv-analyzer-1,262,"{'data_quality': 295, 'model_size': 2, 'parallelism': 1}",5.51,-1,1,-1
2025-07-03 06:47:23.962639,elastic-workbench-pc-visualizer,elastic-workbench-pc-visualizer-1,20,"{'data_quality': 40, 'model_size': 1, 'parallelism': 1}",1.0,-1,47,-1
2025-07-03 06:47:33.949385,elastic-workbench-qr-detector,elastic-workbench-qr-detector-1,22,"{'data_quality': 627, 'parallelism': 1}",1.48,-1,25,-1
2025-07-03 06:47:33.952328,elastic-workbench-cv-analyzer,elastic-workbench-cv-analyzer-1,584,"{'data_quality': 295, 'model_size': 3, 'parallelism': 1}",5.52,-1,0,-1
2025-07-03 06:47:33.959145,elastic-workbench-pc-visualizer,elastic-workbench-pc-visualizer-1,20,"{'data_quality': 40, 'model_size': 1, 'parallelism': 1}",1.0,-1,47,-1
2025-07-03 06:47:43.948987,elastic-workbench-qr-detector,elastic-workbench-qr-detector-1,22,"{'data_quality': 627, 'parallelism': 1}",1.48,-1,26,-1
2025-07-03 06:47:43.953719,elastic-workbench-cv-analyzer,elastic-workbench-cv-analyzer-1,629,"{'data_quality': 295, 'model_size': 3, 'parallelism': 1}",5.52,-1,1,-1
2025-07-03 06:47:43.963345,elastic-workbench-pc-visualizer,elastic-workbench-pc-visualizer-1,20,"{'data_quality': 40, 'model_size': 1, 'parallelism': 1}",1.0,-1,46,-1
2025-07-03 06:47:53.946882,elastic-workbench-qr-detector,elastic-workbench-qr-detector-1,39,"{'data_quality': 627, 'parallelism': 1}",1.51,-1,26,-1
2025-07-03 06:47:53.950645,elastic-workbench-cv-analyzer,elastic-workbench-cv-analyzer-1,263,"{'data_quality': 295, 'model_size': 2, 'parallelism': 1}",5.49,-1,3,-1
2025-07-03 06:47:53.958314,elastic-workbench-pc-visualizer,elastic-workbench-pc-visualizer-1,20,"{'data_quality': 40, 'model_size': 1, 'parallelism': 1}",1.0,-1,47,-1
2025-07-03 06:48:03.947914,elastic-workbench-qr-detector,elastic-workbench-qr-detector-1,22,"{'data_quality': 627, 'parallelism': 1}",1.47,-1,28,-1
2025-07-03 06:48:03.953151,elastic-workbench-cv-analyzer,elastic-workbench-cv-analyzer-1,276,"{'data_quality': 295, 'model_size': 2, 'parallelism': 1}",5.53,-1,2,-1
2025-07-03 06:48:03.958727,elastic-workbench-pc-visualizer,elastic-workbench-pc-visualizer-1,20,"{'data_quality': 40, 'model_size': 1, 'parallelism': 1}",1.0,-1,46,-1
2025-07-03 06:48:13.949081,elastic-workbench-qr-detector,elastic-workbench-qr-detector-1,38,"{'data_quality': 627, 'parallelism': 1}",1.5,-1,28,-1
2025-07-03 06:48:13.953110,elastic-workbench-cv-analyzer,elastic-workbench-cv-analyzer-1,304,"{'data_quality': 295, 'model_size': 2, 'parallelism': 1}",5.5,-1,2,-1
2025-07-03 06:48:13.961441,elastic-workbench-pc-visualizer,elastic-workbench-pc-visualizer-1,20,"{'data_quality': 40, 'model_size': 1, 'parallelism': 1}",1.0,-1,46,-1
2025-07-03 06:48:23.949453,elastic-workbench-qr-detector,elastic-workbench-qr-detector-1,39,"{'data_quality': 627, 'parallelism': 1}",1.52,-1,28,-1
2025-07-03 06:48:23.953699,elastic-workbench-cv-analyzer,elastic-workbench-cv-analyzer-1,244,"{'data_quality': 295, 'model_size': 2, 'parallelism': 1}",5.48,-1,3,-1
2025-07-03 06:48:23.960195,elastic-workbench-pc-visualizer,elastic-workbench-pc-visualizer-1,20,"{'data_quality': 40, 'model_size': 1, 'parallelism': 1}",1.0,-1,47,-1
2025-07-03 06:48:33.950939,elastic-workbench-qr-detector,elastic-workbench-qr-detector-1,38,"{'data_quality': 627, 'parallelism': 1}",1.53,-1,28,-1
2025-07-03 06:48:33.955370,elastic-workbench-cv-analyzer,elastic-workbench-cv-analyzer-1,209,"{'data_quality': 295, 'model_size': 2, 'parallelism': 1}",5.47,-1,2,-1
2025-07-03 06:48:33.959843,elastic-workbench-pc-visualizer,elastic-workbench-pc-visualizer-1,19,"{'data_quality': 40, 'model_size': 1, 'parallelism': 1}",1.0,-1,48,-1
2025-07-03 06:48:43.952182,elastic-workbench-qr-detector,elastic-workbench-qr-detector-1,23,"{'data_quality': 627, 'parallelism': 1}",1.48,-1,29,-1
2025-07-03 06:48:43.958190,elastic-workbench-cv-analyzer,elastic-workbench-cv-analyzer-1,262,"{'data_quality': 295, 'model_size': 2, 'parallelism': 1}",5.52,-1,3,-1
2025-07-03 06:48:43.962032,elastic-workbench-pc-visualizer,elastic-workbench-pc-visualizer-1,20,"{'data_quality': 40, 'model_size': 1, 'parallelism': 1}",1.0,-1,47,-1
2025-07-03 06:48:53.952324,elastic-workbench-qr-detector,elastic-workbench-qr-detector-1,22,"{'data_quality': 627, 'parallelism': 1}",1.48,-1,29,-1
2025-07-03 06:48:53.958344,elastic-workbench-cv-analyzer,elastic-workbench-cv-analyzer-1,340,"{'data_quality': 295, 'model_size': 2, 'parallelism': 1}",5.52,-1,2,-1
2025-07-03 06:48:53.961675,elastic-workbench-pc-visualizer,elastic-workbench-pc-visualizer-1,20,"{'data_quality': 40, 'model_size': 1, 'parallelism': 1}",1.0,-1,46,-1
2025-07-03 06:49:03.953089,elastic-workbench-qr-detector,elastic-workbench-qr-detector-1,22,"{'data_quality': 627, 'parallelism': 1}",1.47,-1,29,-1
2025-07-03 06:49:03.959775,elastic-workbench-cv-analyzer,elastic-workbench-cv-analyzer-1,354,"{'data_quality': 295, 'model_size': 2, 'parallelism': 1}",5.53,-1,2,-1
2025-07-03 06:49:03.963097,elastic-workbench-pc-visualizer,elastic-workbench-pc-visualizer-1,20,"{'data_quality': 40, 'model_size': 1, 'parallelism': 1}",1.0,-1,46,-1
2025-07-03 06:49:13.953626,elastic-workbench-qr-detector,elastic-workbench-qr-detector-1,43,"{'data_quality': 627, 'parallelism': 1}",1.51,-1,30,-1
2025-07-03 06:49:13.959190,elastic-workbench-cv-analyzer,elastic-workbench-cv-analyzer-1,238,"{'data_quality': 295, 'model_size': 2, 'parallelism': 1}",5.49,-1,3,-1
2025-07-03 06:49:13.962568,elastic-workbench-pc-visualizer,elastic-workbench-pc-visualizer-1,21,"{'data_quality': 40, 'model_size': 1, 'parallelism': 1}",1.0,-1,45,-1
2025-07-03 06:49:23.953944,elastic-workbench-qr-detector,elastic-workbench-qr-detector-1,22,"{'data_quality': 627, 'parallelism': 1}",1.49,-1,31,-1
2025-07-03 06:49:23.961590,elastic-workbench-cv-analyzer,elastic-workbench-cv-analyzer-1,381,"{'data_quality': 295, 'model_size': 2, 'parallelism': 1}",5.51,-1,2,-1
2025-07-03 06:49:23.965792,elastic-workbench-pc-visualizer,elastic-workbench-pc-visualizer-1,21,"{'data_quality': 40, 'model_size': 1, 'parallelism': 1}",1.0,-1,46,-1
2025-07-03 06:49:33.954897,elastic-workbench-qr-detector,elastic-workbench-qr-detector-1,40,"{'data_quality': 627, 'parallelism': 1}",1.5,-1,33,-1
2025-07-03 06:49:33.962462,elastic-workbench-cv-analyzer,elastic-workbench-cv-analyzer-1,230,"{'data_quality': 295, 'model_size': 2, 'parallelism': 1}",5.5,-1,3,-1
2025-07-03 06:49:33.965672,elastic-workbench-pc-visualizer,elastic-workbench-pc-visualizer-1,19,"{'data_quality': 40, 'model_size': 1, 'parallelism': 1}",1.0,-1,49,-1
2025-07-03 06:49:43.955858,elastic-workbench-qr-detector,elastic-workbench-qr-detector-1,38,"{'data_quality': 627, 'parallelism': 1}",1.56,-1,33,-1
2025-07-03 06:49:43.962446,elastic-workbench-cv-analyzer,elastic-workbench-cv-analyzer-1,265,"{'data_quality': 295, 'model_size': 2, 'parallelism': 1}",5.44,-1,3,-1
2025-07-03 06:49:43.966713,elastic-workbench-pc-visualizer,elastic-workbench-pc-visualizer-1,19,"{'data_quality': 40, 'model_size': 1, 'parallelism': 1}",1.0,-1,49,-1
2025-07-03 06:49:53.959815,elastic-workbench-qr-detector,elastic-workbench-qr-detector-1,39,"{'data_quality': 627, 'parallelism': 1}",1.52,-1,33,-1
2025-07-03 06:49:53.963562,elastic-workbench-cv-analyzer,elastic-workbench-cv-analyzer-1,250,"{'data_quality': 295, 'model_size': 2, 'parallelism': 1}",5.48,-1,3,-1
2025-07-03 06:49:53.967475,elastic-workbench-pc-visualizer,elastic-workbench-pc-visualizer-1,20,"{'data_quality': 40, 'model_size': 1, 'parallelism': 1}",1.0,-1,47,-1
2025-07-03 06:50:03.958940,elastic-workbench-qr-detector,elastic-workbench-qr-detector-1,42,"{'data_quality': 627, 'parallelism': 1}",1.51,-1,32,-1
2025-07-03 06:50:03.963086,elastic-workbench-cv-analyzer,elastic-workbench-cv-analyzer-1,251,"{'data_quality': 295, 'model_size': 2, 'parallelism': 1}",5.49,-1,3,-1
2025-07-03 06:50:03.967044,elastic-workbench-pc-visualizer,elastic-workbench-pc-visualizer-1,20,"{'data_quality': 40, 'model_size': 1, 'parallelism': 1}",1.0,-1,47,-1
2025-07-03 06:50:13.960955,elastic-workbench-qr-detector,elastic-workbench-qr-detector-1,38,"{'data_quality': 627, 'parallelism': 1}",1.5,-1,31,-1
2025-07-03 06:50:13.964007,elastic-workbench-cv-analyzer,elastic-workbench-cv-analyzer-1,246,"{'data_quality': 295, 'model_size': 2, 'parallelism': 1}",5.5,-1,3,-1
2025-07-03 06:50:13.967511,elastic-workbench-pc-visualizer,elastic-workbench-pc-visualizer-1,19,"{'data_quality': 40, 'model_size': 1, 'parallelism': 1}",1.0,-1,49,-1
2025-07-03 06:50:23.958470,elastic-workbench-qr-detector,elastic-workbench-qr-detector-1,22,"{'data_quality': 627, 'parallelism': 1}",1.48,-1,32,-1
2025-07-03 06:50:23.963283,elastic-workbench-cv-analyzer,elastic-workbench-cv-analyzer-1,291,"{'data_quality': 295, 'model_size': 2, 'parallelism': 1}",5.52,-1,3,-1
2025-07-03 06:50:23.966951,elastic-workbench-pc-visualizer,elastic-workbench-pc-visualizer-1,19,"{'data_quality': 40, 'model_size': 1, 'parallelism': 1}",1.0,-1,49,-1
2025-07-03 06:50:33.964344,elastic-workbench-qr-detector,elastic-workbench-qr-detector-1,22,"{'data_quality': 627, 'parallelism': 1}",1.49,-1,32,-1
2025-07-03 06:50:33.967415,elastic-workbench-cv-analyzer,elastic-workbench-cv-analyzer-1,347,"{'data_quality': 295, 'model_size': 2, 'parallelism': 1}",5.51,-1,2,-1
2025-07-03 06:50:33.971374,elastic-workbench-pc-visualizer,elastic-workbench-pc-visualizer-1,20,"{'data_quality': 40, 'model_size': 1, 'parallelism': 1}",1.0,-1,47,-1
2025-07-03 06:50:43.978653,elastic-workbench-qr-detector,elastic-workbench-qr-detector-1,42,"{'data_quality': 627, 'parallelism': 1}",1.52,-1,33,-1
2025-07-03 06:50:43.982358,elastic-workbench-cv-analyzer,elastic-workbench-cv-analyzer-1,215,"{'data_quality': 295, 'model_size': 2, 'parallelism': 1}",5.48,-1,3,-1
2025-07-03 06:50:43.986252,elastic-workbench-pc-visualizer,elastic-workbench-pc-visualizer-1,19,"{'data_quality': 40, 'model_size': 1, 'parallelism': 1}",1.0,-1,48,-1
2025-07-03 06:50:53.973426,elastic-workbench-qr-detector,elastic-workbench-qr-detector-1,40,"{'data_quality': 627, 'parallelism': 1}",1.5,-1,32,-1
2025-07-03 06:50:53.977987,elastic-workbench-cv-analyzer,elastic-workbench-cv-analyzer-1,189,"{'data_quality': 295, 'model_size': 2, 'parallelism': 1}",5.5,-1,3,-1
2025-07-03 06:50:53.981593,elastic-workbench-pc-visualizer,elastic-workbench-pc-visualizer-1,20,"{'data_quality': 40, 'model_size': 1, 'parallelism': 1}",1.0,-1,48,-1
2025-07-03 06:51:03.963667,elastic-workbench-qr-detector,elastic-workbench-qr-detector-1,22,"{'data_quality': 627, 'parallelism': 1}",1.49,-1,31,-1
2025-07-03 06:51:03.967184,elastic-workbench-cv-analyzer,elastic-workbench-cv-analyzer-1,344,"{'data_quality': 295, 'model_size': 2, 'parallelism': 1}",5.51,-1,2,-1
2025-07-03 06:51:03.970721,elastic-workbench-pc-visualizer,elastic-workbench-pc-visualizer-1,19,"{'data_quality': 40, 'model_size': 1, 'parallelism': 1}",1.0,-1,49,-1
2025-07-03 06:51:13.964333,elastic-workbench-qr-detector,elastic-workbench-qr-detector-1,23,"{'data_quality': 627, 'parallelism': 1}",1.46,-1,34,-1
2025-07-03 06:51:13.967763,elastic-workbench-cv-analyzer,elastic-workbench-cv-analyzer-1,407,"{'data_quality': 295, 'model_size': 2, 'parallelism': 1}",5.54,-1,2,-1
2025-07-03 06:51:13.971503,elastic-workbench-pc-visualizer,elastic-workbench-pc-visualizer-1,19,"{'data_quality': 40, 'model_size': 1, 'parallelism': 1}",1.0,-1,49,-1
2025-07-03 06:51:23.966039,elastic-workbench-qr-detector,elastic-workbench-qr-detector-1,40,"{'data_quality': 627, 'parallelism': 1}",1.54,-1,37,-1
2025-07-03 06:51:23.970043,elastic-workbench-cv-analyzer,elastic-workbench-cv-analyzer-1,233,"{'data_quality': 295, 'model_size': 2, 'parallelism': 1}",5.46,-1,3,-1
2025-07-03 06:51:23.973998,elastic-workbench-pc-visualizer,elastic-workbench-pc-visualizer-1,20,"{'data_quality': 40, 'model_size': 1, 'parallelism': 1}",1.0,-1,46,-1
2025-07-03 06:51:33.966639,elastic-workbench-qr-detector,elastic-workbench-qr-detector-1,43,"{'data_quality': 627, 'parallelism': 1}",1.55,-1,39,-1
2025-07-03 06:51:33.971183,elastic-workbench-cv-analyzer,elastic-workbench-cv-analyzer-1,190,"{'data_quality': 295, 'model_size': 2, 'parallelism': 1}",5.45,-1,4,-1
2025-07-03 06:51:33.974623,elastic-workbench-pc-visualizer,elastic-workbench-pc-visualizer-1,20,"{'data_quality': 40, 'model_size': 1, 'parallelism': 1}",1.0,-1,47,-1
2025-07-03 06:51:43.962835,elastic-workbench-qr-detector,elastic-workbench-qr-detector-1,39,"{'data_quality': 627, 'parallelism': 1}",1.61,-1,40,-1
2025-07-03 06:51:43.972279,elastic-workbench-cv-analyzer,elastic-workbench-cv-analyzer-1,394,"{'data_quality': 295, 'model_size': 2, 'parallelism': 1}",5.39,-1,2,-1
2025-07-03 06:51:43.976586,elastic-workbench-pc-visualizer,elastic-workbench-pc-visualizer-1,20,"{'data_quality': 40, 'model_size': 1, 'parallelism': 1}",1.0,-1,47,-1
2025-07-03 06:51:53.963336,elastic-workbench-qr-detector,elastic-workbench-qr-detector-1,40,"{'data_quality': 627, 'parallelism': 1}",1.62,-1,42,-1
2025-07-03 06:51:53.969506,elastic-workbench-cv-analyzer,elastic-workbench-cv-analyzer-1,297,"{'data_quality': 295, 'model_size': 2, 'parallelism': 1}",5.38,-1,3,-1
2025-07-03 06:51:53.972953,elastic-workbench-pc-visualizer,elastic-workbench-pc-visualizer-1,20,"{'data_quality': 40, 'model_size': 1, 'parallelism': 1}",1.0,-1,46,-1
2025-07-03 06:52:03.964287,elastic-workbench-qr-detector,elastic-workbench-qr-detector-1,42,"{'data_quality': 627, 'parallelism': 1}",1.62,-1,41,-1
2025-07-03 06:52:03.971878,elastic-workbench-cv-analyzer,elastic-workbench-cv-analyzer-1,277,"{'data_quality': 295, 'model_size': 2, 'parallelism': 1}",5.38,-1,3,-1
2025-07-03 06:52:03.974792,elastic-workbench-pc-visualizer,elastic-workbench-pc-visualizer-1,21,"{'data_quality': 40, 'model_size': 1, 'parallelism': 1}",1.0,-1,46,-1
2025-07-03 06:52:13.965092,elastic-workbench-qr-detector,elastic-workbench-qr-detector-1,40,"{'data_quality': 627, 'parallelism': 1}",1.61,-1,41,-1
2025-07-03 06:52:13.971482,elastic-workbench-cv-analyzer,elastic-workbench-cv-analyzer-1,268,"{'data_quality': 295, 'model_size': 2, 'parallelism': 1}",5.39,-1,3,-1
2025-07-03 06:52:13.975415,elastic-workbench-pc-visualizer,elastic-workbench-pc-visualizer-1,21,"{'data_quality': 40, 'model_size': 1, 'parallelism': 1}",1.0,-1,46,-1
2025-07-03 06:52:23.969006,elastic-workbench-qr-detector,elastic-workbench-qr-detector-1,38,"{'data_quality': 627, 'parallelism': 1}",1.63,-1,40,-1
2025-07-03 06:52:23.972794,elastic-workbench-cv-analyzer,elastic-workbench-cv-analyzer-1,380,"{'data_quality': 295, 'model_size': 2, 'parallelism': 1}",5.37,-1,2,-1
2025-07-03 06:52:23.977890,elastic-workbench-pc-visualizer,elastic-workbench-pc-visualizer-1,20,"{'data_quality': 40, 'model_size': 1, 'parallelism': 1}",1.0,-1,47,-1
2025-07-03 06:52:33.966723,elastic-workbench-qr-detector,elastic-workbench-qr-detector-1,39,"{'data_quality': 627, 'parallelism': 1}",1.62,-1,39,-1
2025-07-03 06:52:33.973402,elastic-workbench-cv-analyzer,elastic-workbench-cv-analyzer-1,253,"{'data_quality': 295, 'model_size': 2, 'parallelism': 1}",5.38,-1,3,-1
2025-07-03 06:52:33.976881,elastic-workbench-pc-visualizer,elastic-workbench-pc-visualizer-1,20,"{'data_quality': 40, 'model_size': 1, 'parallelism': 1}",1.0,-1,46,-1
2025-07-03 06:52:43.970252,elastic-workbench-qr-detector,elastic-workbench-qr-detector-1,39,"{'data_quality': 627, 'parallelism': 1}",1.6,-1,38,-1
2025-07-03 06:52:43.975359,elastic-workbench-cv-analyzer,elastic-workbench-cv-analyzer-1,218,"{'data_quality': 295, 'model_size': 2, 'parallelism': 1}",5.4,-1,3,-1
2025-07-03 06:52:43.979053,elastic-workbench-pc-visualizer,elastic-workbench-pc-visualizer-1,19,"{'data_quality': 40, 'model_size': 1, 'parallelism': 1}",1.0,-1,48,-1
2025-07-03 06:52:53.972187,elastic-workbench-qr-detector,elastic-workbench-qr-detector-1,38,"{'data_quality': 627, 'parallelism': 1}",1.61,-1,36,-1
2025-07-03 06:52:53.975198,elastic-workbench-cv-analyzer,elastic-workbench-cv-analyzer-1,269,"{'data_quality': 295, 'model_size': 2, 'parallelism': 1}",5.39,-1,3,-1
2025-07-03 06:52:53.978763,elastic-workbench-pc-visualizer,elastic-workbench-pc-visualizer-1,20,"{'data_quality': 40, 'model_size': 1, 'parallelism': 1}",1.0,-1,46,-1
2025-07-03 06:53:03.972437,elastic-workbench-qr-detector,elastic-workbench-qr-detector-1,39,"{'data_quality': 627, 'parallelism': 1}",1.57,-1,35,-1
2025-07-03 06:53:03.976003,elastic-workbench-cv-analyzer,elastic-workbench-cv-analyzer-1,239,"{'data_quality': 295, 'model_size': 2, 'parallelism': 1}",5.43,-1,3,-1
2025-07-03 06:53:03.979698,elastic-workbench-pc-visualizer,elastic-workbench-pc-visualizer-1,20,"{'data_quality': 40, 'model_size': 1, 'parallelism': 1}",1.0,-1,47,-1
2025-07-03 06:53:13.972478,elastic-workbench-qr-detector,elastic-workbench-qr-detector-1,39,"{'data_quality': 627, 'parallelism': 1}",1.56,-1,34,-1
2025-07-03 06:53:13.975553,elastic-workbench-cv-analyzer,elastic-workbench-cv-analyzer-1,219,"{'data_quality': 295, 'model_size': 2, 'parallelism': 1}",5.44,-1,2,-1
2025-07-03 06:53:13.979193,elastic-workbench-pc-visualizer,elastic-workbench-pc-visualizer-1,20,"{'data_quality': 40, 'model_size': 1, 'parallelism': 1}",1.0,-1,48,-1
2025-07-03 06:53:23.973017,elastic-workbench-qr-detector,elastic-workbench-qr-detector-1,40,"{'data_quality': 627, 'parallelism': 1}",1.54,-1,34,-1
2025-07-03 06:53:23.977178,elastic-workbench-cv-analyzer,elastic-workbench-cv-analyzer-1,237,"{'data_quality': 295, 'model_size': 2, 'parallelism': 1}",5.46,-1,3,-1
2025-07-03 06:53:23.980887,elastic-workbench-pc-visualizer,elastic-workbench-pc-visualizer-1,19,"{'data_quality': 40, 'model_size': 1, 'parallelism': 1}",1.0,-1,49,-1
2025-07-03 06:53:33.974926,elastic-workbench-qr-detector,elastic-workbench-qr-detector-1,43,"{'data_quality': 627, 'parallelism': 1}",1.54,-1,33,-1
2025-07-03 06:53:33.980654,elastic-workbench-cv-analyzer,elastic-workbench-cv-analyzer-1,359,"{'data_quality': 295, 'model_size': 2, 'parallelism': 1}",5.46,-1,2,-1
2025-07-03 06:53:33.984509,elastic-workbench-pc-visualizer,elastic-workbench-pc-visualizer-1,21,"{'data_quality': 40, 'model_size': 1, 'parallelism': 1}",1.0,-1,46,-1
2025-07-03 06:53:43.975238,elastic-workbench-qr-detector,elastic-workbench-qr-detector-1,44,"{'data_quality': 627, 'parallelism': 1}",1.52,-1,32,-1
2025-07-03 06:53:43.979367,elastic-workbench-cv-analyzer,elastic-workbench-cv-analyzer-1,224,"{'data_quality': 295, 'model_size': 2, 'parallelism': 1}",5.48,-1,3,-1
2025-07-03 06:53:43.983227,elastic-workbench-pc-visualizer,elastic-workbench-pc-visualizer-1,19,"{'data_quality': 40, 'model_size': 1, 'parallelism': 1}",1.0,-1,50,-1
2025-07-03 06:53:53.972287,elastic-workbench-qr-detector,elastic-workbench-qr-detector-1,22,"{'data_quality': 627, 'parallelism': 1}",1.49,-1,30,-1
2025-07-03 06:53:53.975861,elastic-workbench-cv-analyzer,elastic-workbench-cv-analyzer-1,287,"{'data_quality': 295, 'model_size': 2, 'parallelism': 1}",5.51,-1,2,-1
2025-07-03 06:53:53.979450,elastic-workbench-pc-visualizer,elastic-workbench-pc-visualizer-1,19,"{'data_quality': 40, 'model_size': 1, 'parallelism': 1}",1.0,-1,48,-1
2025-07-03 06:54:03.971768,elastic-workbench-qr-detector,elastic-workbench-qr-detector-1,22,"{'data_quality': 627, 'parallelism': 1}",1.46,-1,28,-1
2025-07-03 06:54:03.975875,elastic-workbench-cv-analyzer,elastic-workbench-cv-analyzer-1,294,"{'data_quality': 295, 'model_size': 2, 'parallelism': 1}",5.54,-1,2,-1
2025-07-03 06:54:03.979524,elastic-workbench-pc-visualizer,elastic-workbench-pc-visualizer-1,19,"{'data_quality': 40, 'model_size': 1, 'parallelism': 1}",1.0,-1,48,-1
2025-07-03 06:54:13.972319,elastic-workbench-qr-detector,elastic-workbench-qr-detector-1,23,"{'data_quality': 627, 'parallelism': 1}",1.43,-1,27,-1
2025-07-03 06:54:13.976175,elastic-workbench-cv-analyzer,elastic-workbench-cv-analyzer-1,265,"{'data_quality': 295, 'model_size': 2, 'parallelism': 1}",5.57,-1,2,-1
2025-07-03 06:54:13.979708,elastic-workbench-pc-visualizer,elastic-workbench-pc-visualizer-1,19,"{'data_quality': 40, 'model_size': 1, 'parallelism': 1}",1.0,-1,49,-1
2025-07-03 06:54:23.973770,elastic-workbench-qr-detector,elastic-workbench-qr-detector-1,24,"{'data_quality': 627, 'parallelism': 1}",1.42,-1,28,-1
2025-07-03 06:54:23.977778,elastic-workbench-cv-analyzer,elastic-workbench-cv-analyzer-1,259,"{'data_quality': 295, 'model_size': 2, 'parallelism': 1}",5.58,-1,2,-1
2025-07-03 06:54:23.981357,elastic-workbench-pc-visualizer,elastic-workbench-pc-visualizer-1,19,"{'data_quality': 40, 'model_size': 1, 'parallelism': 1}",1.0,-1,49,-1
2025-07-03 06:54:33.974537,elastic-workbench-qr-detector,elastic-workbench-qr-detector-1,22,"{'data_quality': 627, 'parallelism': 1}",1.43,-1,28,-1
2025-07-03 06:54:33.978453,elastic-workbench-cv-analyzer,elastic-workbench-cv-analyzer-1,291,"{'data_quality': 295, 'model_size': 2, 'parallelism': 1}",5.57,-1,2,-1
2025-07-03 06:54:33.985141,elastic-workbench-pc-visualizer,elastic-workbench-pc-visualizer-1,19,"{'data_quality': 40, 'model_size': 1, 'parallelism': 1}",1.0,-1,48,-1
2025-07-03 06:54:43.975112,elastic-workbench-qr-detector,elastic-workbench-qr-detector-1,25,"{'data_quality': 627, 'parallelism': 1}",1.43,-1,28,-1
2025-07-03 06:54:43.981856,elastic-workbench-cv-analyzer,elastic-workbench-cv-analyzer-1,342,"{'data_quality': 295, 'model_size': 2, 'parallelism': 1}",5.57,-1,2,-1
2025-07-03 06:54:43.988154,elastic-workbench-pc-visualizer,elastic-workbench-pc-visualizer-1,20,"{'data_quality': 40, 'model_size': 1, 'parallelism': 1}",1.0,-1,47,-1
2025-07-03 06:54:53.975439,elastic-workbench-qr-detector,elastic-workbench-qr-detector-1,23,"{'data_quality': 627, 'parallelism': 1}",1.42,-1,28,-1
2025-07-03 06:54:53.979393,elastic-workbench-cv-analyzer,elastic-workbench-cv-analyzer-1,398,"{'data_quality': 295, 'model_size': 2, 'parallelism': 1}",5.58,-1,2,-1
2025-07-03 06:54:53.982974,elastic-workbench-pc-visualizer,elastic-workbench-pc-visualizer-1,20,"{'data_quality': 40, 'model_size': 1, 'parallelism': 1}",1.0,-1,47,-1
2025-07-03 06:55:03.977577,elastic-workbench-qr-detector,elastic-workbench-qr-detector-1,24,"{'data_quality': 627, 'parallelism': 1}",1.42,-1,28,-1
2025-07-03 06:55:03.982634,elastic-workbench-cv-analyzer,elastic-workbench-cv-analyzer-1,360,"{'data_quality': 295, 'model_size': 2, 'parallelism': 1}",5.58,-1,2,-1
2025-07-03 06:55:03.990853,elastic-workbench-pc-visualizer,elastic-workbench-pc-visualizer-1,20,"{'data_quality': 40, 'model_size': 1, 'parallelism': 1}",1.0,-1,46,-1
2025-07-03 06:55:13.976901,elastic-workbench-qr-detector,elastic-workbench-qr-detector-1,24,"{'data_quality': 627, 'parallelism': 1}",1.42,-1,28,-1
2025-07-03 06:55:13.982750,elastic-workbench-cv-analyzer,elastic-workbench-cv-analyzer-1,351,"{'data_quality': 295, 'model_size': 2, 'parallelism': 1}",5.58,-1,2,-1
2025-07-03 06:55:13.986506,elastic-workbench-pc-visualizer,elastic-workbench-pc-visualizer-1,20,"{'data_quality': 40, 'model_size': 1, 'parallelism': 1}",1.0,-1,46,-1
2025-07-03 06:55:23.978426,elastic-workbench-qr-detector,elastic-workbench-qr-detector-1,24,"{'data_quality': 627, 'parallelism': 1}",1.42,-1,28,-1
2025-07-03 06:55:23.982563,elastic-workbench-cv-analyzer,elastic-workbench-cv-analyzer-1,323,"{'data_quality': 295, 'model_size': 2, 'parallelism': 1}",5.58,-1,2,-1
2025-07-03 06:55:23.987544,elastic-workbench-pc-visualizer,elastic-workbench-pc-visualizer-1,20,"{'data_quality': 40, 'model_size': 1, 'parallelism': 1}",1.0,-1,47,-1
2025-07-03 06:55:33.979346,elastic-workbench-qr-detector,elastic-workbench-qr-detector-1,25,"{'data_quality': 627, 'parallelism': 1}",1.41,-1,27,-1
2025-07-03 06:55:33.982728,elastic-workbench-cv-analyzer,elastic-workbench-cv-analyzer-1,351,"{'data_quality': 295, 'model_size': 2, 'parallelism': 1}",5.59,-1,2,-1
2025-07-03 06:55:33.986128,elastic-workbench-pc-visualizer,elastic-workbench-pc-visualizer-1,20,"{'data_quality': 40, 'model_size': 1, 'parallelism': 1}",1.0,-1,46,-1
2025-07-03 06:55:43.980198,elastic-workbench-qr-detector,elastic-workbench-qr-detector-1,25,"{'data_quality': 627, 'parallelism': 1}",1.4,-1,27,-1
2025-07-03 06:55:43.984869,elastic-workbench-cv-analyzer,elastic-workbench-cv-analyzer-1,378,"{'data_quality': 295, 'model_size': 2, 'parallelism': 1}",5.6,-1,2,-1
2025-07-03 06:55:43.991674,elastic-workbench-pc-visualizer,elastic-workbench-pc-visualizer-1,21,"{'data_quality': 40, 'model_size': 1, 'parallelism': 1}",1.0,-1,45,-1
2025-07-03 06:55:53.977392,elastic-workbench-qr-detector,elastic-workbench-qr-detector-1,23,"{'data_quality': 627, 'parallelism': 1}",1.39,-1,27,-1
2025-07-03 06:55:53.980801,elastic-workbench-cv-analyzer,elastic-workbench-cv-analyzer-1,384,"{'data_quality': 295, 'model_size': 2, 'parallelism': 1}",5.61,-1,2,-1
2025-07-03 06:55:53.989567,elastic-workbench-pc-visualizer,elastic-workbench-pc-visualizer-1,20,"{'data_quality': 40, 'model_size': 1, 'parallelism': 1}",1.0,-1,46,-1
2025-07-03 06:56:03.979163,elastic-workbench-qr-detector,elastic-workbench-qr-detector-1,22,"{'data_quality': 627, 'parallelism': 1}",1.38,-1,27,-1
2025-07-03 06:56:03.983141,elastic-workbench-cv-analyzer,elastic-workbench-cv-analyzer-1,260,"{'data_quality': 295, 'model_size': 2, 'parallelism': 1}",5.62,-1,2,-1
2025-07-03 06:56:03.987495,elastic-workbench-pc-visualizer,elastic-workbench-pc-visualizer-1,19,"{'data_quality': 40, 'model_size': 1, 'parallelism': 1}",1.0,-1,48,-1
2025-07-03 06:56:13.980212,elastic-workbench-qr-detector,elastic-workbench-qr-detector-1,23,"{'data_quality': 627, 'parallelism': 1}",1.38,-1,28,-1
2025-07-03 06:56:13.984189,elastic-workbench-cv-analyzer,elastic-workbench-cv-analyzer-1,257,"{'data_quality': 295, 'model_size': 2, 'parallelism': 1}",5.62,-1,3,-1
2025-07-03 06:56:13.990923,elastic-workbench-pc-visualizer,elastic-workbench-pc-visualizer-1,19,"{'data_quality': 40, 'model_size': 1, 'parallelism': 1}",1.0,-1,48,-1
2025-07-03 06:56:23.979445,elastic-workbench-qr-detector,elastic-workbench-qr-detector-1,22,"{'data_quality': 627, 'parallelism': 1}",1.4,-1,28,-1
2025-07-03 06:56:23.983060,elastic-workbench-cv-analyzer,elastic-workbench-cv-analyzer-1,296,"{'data_quality': 295, 'model_size': 2, 'parallelism': 1}",5.6,-1,2,-1
2025-07-03 06:56:23.989660,elastic-workbench-pc-visualizer,elastic-workbench-pc-visualizer-1,20,"{'data_quality': 40, 'model_size': 1, 'parallelism': 1}",1.0,-1,46,-1
2025-07-03 06:56:33.981732,elastic-workbench-qr-detector,elastic-workbench-qr-detector-1,22,"{'data_quality': 627, 'parallelism': 1}",1.38,-1,27,-1
2025-07-03 06:56:33.985590,elastic-workbench-cv-analyzer,elastic-workbench-cv-analyzer-1,311,"{'data_quality': 295, 'model_size': 2, 'parallelism': 1}",5.62,-1,2,-1
2025-07-03 06:56:33.994647,elastic-workbench-pc-visualizer,elastic-workbench-pc-visualizer-1,20,"{'data_quality': 40, 'model_size': 1, 'parallelism': 1}",1.0,-1,47,-1
2025-07-03 06:56:43.981845,elastic-workbench-qr-detector,elastic-workbench-qr-detector-1,23,"{'data_quality': 627, 'parallelism': 1}",1.36,-1,27,-1
2025-07-03 06:56:43.985644,elastic-workbench-cv-analyzer,elastic-workbench-cv-analyzer-1,276,"{'data_quality': 295, 'model_size': 2, 'parallelism': 1}",5.64,-1,2,-1
2025-07-03 06:56:43.989435,elastic-workbench-pc-visualizer,elastic-workbench-pc-visualizer-1,19,"{'data_quality': 40, 'model_size': 1, 'parallelism': 1}",1.0,-1,48,-1
2025-07-03 06:56:53.983347,elastic-workbench-qr-detector,elastic-workbench-qr-detector-1,24,"{'data_quality': 627, 'parallelism': 1}",1.36,-1,27,-1
2025-07-03 06:56:53.987178,elastic-workbench-cv-analyzer,elastic-workbench-cv-analyzer-1,277,"{'data_quality': 295, 'model_size': 2, 'parallelism': 1}",5.64,-1,2,-1
2025-07-03 06:56:53.993276,elastic-workbench-pc-visualizer,elastic-workbench-pc-visualizer-1,20,"{'data_quality': 40, 'model_size': 1, 'parallelism': 1}",1.0,-1,48,-1
2025-07-03 06:57:03.983558,elastic-workbench-qr-detector,elastic-workbench-qr-detector-1,24,"{'data_quality': 627, 'parallelism': 1}",1.33,-1,27,-1
2025-07-03 06:57:03.987391,elastic-workbench-cv-analyzer,elastic-workbench-cv-analyzer-1,278,"{'data_quality': 295, 'model_size': 2, 'parallelism': 1}",5.67,-1,3,-1
2025-07-03 06:57:03.994692,elastic-workbench-pc-visualizer,elastic-workbench-pc-visualizer-1,20,"{'data_quality': 40, 'model_size': 1, 'parallelism': 1}",1.0,-1,47,-1
2025-07-03 06:57:13.983778,elastic-workbench-qr-detector,elastic-workbench-qr-detector-1,22,"{'data_quality': 627, 'parallelism': 1}",1.33,-1,26,-1
2025-07-03 06:57:13.987553,elastic-workbench-cv-analyzer,elastic-workbench-cv-analyzer-1,279,"{'data_quality': 295, 'model_size': 2, 'parallelism': 1}",5.67,-1,3,-1
2025-07-03 06:57:13.993337,elastic-workbench-pc-visualizer,elastic-workbench-pc-visualizer-1,20,"{'data_quality': 40, 'model_size': 1, 'parallelism': 1}",1.0,-1,47,-1
2025-07-03 06:57:23.984838,elastic-workbench-qr-detector,elastic-workbench-qr-detector-1,25,"{'data_quality': 627, 'parallelism': 1}",1.33,-1,26,-1
2025-07-03 06:57:23.988681,elastic-workbench-cv-analyzer,elastic-workbench-cv-analyzer-1,314,"{'data_quality': 295, 'model_size': 2, 'parallelism': 1}",5.67,-1,2,-1
2025-07-03 06:57:23.995208,elastic-workbench-pc-visualizer,elastic-workbench-pc-visualizer-1,20,"{'data_quality': 40, 'model_size': 1, 'parallelism': 1}",1.0,-1,47,-1
2025-07-03 06:57:33.985292,elastic-workbench-qr-detector,elastic-workbench-qr-detector-1,23,"{'data_quality': 627, 'parallelism': 1}",1.35,-1,27,-1
2025-07-03 06:57:33.989244,elastic-workbench-cv-analyzer,elastic-workbench-cv-analyzer-1,219,"{'data_quality': 295, 'model_size': 2, 'parallelism': 1}",5.65,-1,3,-1
2025-07-03 06:57:33.995670,elastic-workbench-pc-visualizer,elastic-workbench-pc-visualizer-1,19,"{'data_quality': 40, 'model_size': 1, 'parallelism': 1}",1.0,-1,48,-1
2025-07-03 06:57:43.985302,elastic-workbench-qr-detector,elastic-workbench-qr-detector-1,24,"{'data_quality': 627, 'parallelism': 1}",1.36,-1,29,-1
2025-07-03 06:57:43.989297,elastic-workbench-cv-analyzer,elastic-workbench-cv-analyzer-1,312,"{'data_quality': 295, 'model_size': 2, 'parallelism': 1}",5.64,-1,2,-1
2025-07-03 06:57:43.995358,elastic-workbench-pc-visualizer,elastic-workbench-pc-visualizer-1,20,"{'data_quality': 40, 'model_size': 1, 'parallelism': 1}",1.0,-1,47,-1
2025-07-03 06:57:53.985606,elastic-workbench-qr-detector,elastic-workbench-qr-detector-1,25,"{'data_quality': 627, 'parallelism': 1}",1.39,-1,30,-1
2025-07-03 06:57:53.989279,elastic-workbench-cv-analyzer,elastic-workbench-cv-analyzer-1,268,"{'data_quality': 295, 'model_size': 2, 'parallelism': 1}",5.61,-1,2,-1
2025-07-03 06:57:53.998215,elastic-workbench-pc-visualizer,elastic-workbench-pc-visualizer-1,20,"{'data_quality': 40, 'model_size': 1, 'parallelism': 1}",1.0,-1,48,-1
2025-07-03 06:58:03.985910,elastic-workbench-qr-detector,elastic-workbench-qr-detector-1,22,"{'data_quality': 627, 'parallelism': 1}",1.42,-1,31,-1
2025-07-03 06:58:03.990011,elastic-workbench-cv-analyzer,elastic-workbench-cv-analyzer-1,265,"{'data_quality': 295, 'model_size': 2, 'parallelism': 1}",5.58,-1,3,-1
2025-07-03 06:58:03.995833,elastic-workbench-pc-visualizer,elastic-workbench-pc-visualizer-1,19,"{'data_quality': 40, 'model_size': 1, 'parallelism': 1}",1.0,-1,49,-1
2025-07-03 06:58:13.985613,elastic-workbench-qr-detector,elastic-workbench-qr-detector-1,22,"{'data_quality': 627, 'parallelism': 1}",1.43,-1,31,-1
2025-07-03 06:58:13.989202,elastic-workbench-cv-analyzer,elastic-workbench-cv-analyzer-1,236,"{'data_quality': 295, 'model_size': 2, 'parallelism': 1}",5.57,-1,2,-1
2025-07-03 06:58:13.993196,elastic-workbench-pc-visualizer,elastic-workbench-pc-visualizer-1,20,"{'data_quality': 40, 'model_size': 1, 'parallelism': 1}",1.0,-1,48,-1
2025-07-03 06:58:23.986752,elastic-workbench-qr-detector,elastic-workbench-qr-detector-1,23,"{'data_quality': 627, 'parallelism': 1}",1.43,-1,31,-1
2025-07-03 06:58:23.991059,elastic-workbench-cv-analyzer,elastic-workbench-cv-analyzer-1,294,"{'data_quality': 295, 'model_size': 2, 'parallelism': 1}",5.57,-1,2,-1
2025-07-03 06:58:23.998205,elastic-workbench-pc-visualizer,elastic-workbench-pc-visualizer-1,20,"{'data_quality': 40, 'model_size': 1, 'parallelism': 1}",1.0,-1,47,-1
2025-07-03 06:58:33.987436,elastic-workbench-qr-detector,elastic-workbench-qr-detector-1,22,"{'data_quality': 627, 'parallelism': 1}",1.43,-1,33,-1
2025-07-03 06:58:33.990585,elastic-workbench-cv-analyzer,elastic-workbench-cv-analyzer-1,319,"{'data_quality': 295, 'model_size': 2, 'parallelism': 1}",5.57,-1,2,-1
2025-07-03 06:58:33.996837,elastic-workbench-pc-visualizer,elastic-workbench-pc-visualizer-1,20,"{'data_quality': 40, 'model_size': 1, 'parallelism': 1}",1.0,-1,47,-1
2025-07-03 06:58:43.987903,elastic-workbench-qr-detector,elastic-workbench-qr-detector-1,22,"{'data_quality': 627, 'parallelism': 1}",1.46,-1,33,-1
2025-07-03 06:58:43.991506,elastic-workbench-cv-analyzer,elastic-workbench-cv-analyzer-1,288,"{'data_quality': 295, 'model_size': 2, 'parallelism': 1}",5.54,-1,2,-1
2025-07-03 06:58:43.998736,elastic-workbench-pc-visualizer,elastic-workbench-pc-visualizer-1,20,"{'data_quality': 40, 'model_size': 1, 'parallelism': 1}",1.0,-1,47,-1
2025-07-03 06:58:53.989365,elastic-workbench-qr-detector,elastic-workbench-qr-detector-1,23,"{'data_quality': 627, 'parallelism': 1}",1.46,-1,34,-1
2025-07-03 06:58:53.993244,elastic-workbench-cv-analyzer,elastic-workbench-cv-analyzer-1,232,"{'data_quality': 295, 'model_size': 2, 'parallelism': 1}",5.54,-1,2,-1
2025-07-03 06:58:53.996357,elastic-workbench-pc-visualizer,elastic-workbench-pc-visualizer-1,20,"{'data_quality': 40, 'model_size': 1, 'parallelism': 1}",1.0,-1,47,-1
2025-07-03 06:59:03.989659,elastic-workbench-qr-detector,elastic-workbench-qr-detector-1,22,"{'data_quality': 627, 'parallelism': 1}",1.47,-1,36,-1
2025-07-03 06:59:03.993613,elastic-workbench-cv-analyzer,elastic-workbench-cv-analyzer-1,328,"{'data_quality': 295, 'model_size': 2, 'parallelism': 1}",5.53,-1,2,-1
2025-07-03 06:59:04.001196,elastic-workbench-pc-visualizer,elastic-workbench-pc-visualizer-1,20,"{'data_quality': 40, 'model_size': 1, 'parallelism': 1}",1.0,-1,47,-1
2025-07-03 06:59:13.989818,elastic-workbench-qr-detector,elastic-workbench-qr-detector-1,41,"{'data_quality': 627, 'parallelism': 1}",1.51,-1,37,-1
2025-07-03 06:59:13.993176,elastic-workbench-cv-analyzer,elastic-workbench-cv-analyzer-1,263,"{'data_quality': 295, 'model_size': 2, 'parallelism': 1}",5.49,-1,3,-1
2025-07-03 06:59:13.997351,elastic-workbench-pc-visualizer,elastic-workbench-pc-visualizer-1,20,"{'data_quality': 40, 'model_size': 1, 'parallelism': 1}",1.0,-1,47,-1
2025-07-03 06:59:23.991406,elastic-workbench-qr-detector,elastic-workbench-qr-detector-1,41,"{'data_quality': 627, 'parallelism': 1}",1.52,-1,38,-1
2025-07-03 06:59:23.997368,elastic-workbench-cv-analyzer,elastic-workbench-cv-analyzer-1,253,"{'data_quality': 295, 'model_size': 2, 'parallelism': 1}",5.48,-1,3,-1
2025-07-03 06:59:24.005314,elastic-workbench-pc-visualizer,elastic-workbench-pc-visualizer-1,20,"{'data_quality': 40, 'model_size': 1, 'parallelism': 1}",1.0,-1,46,-1
2025-07-03 06:59:33.990888,elastic-workbench-qr-detector,elastic-workbench-qr-detector-1,42,"{'data_quality': 627, 'parallelism': 1}",1.53,-1,38,-1
2025-07-03 06:59:33.995035,elastic-workbench-cv-analyzer,elastic-workbench-cv-analyzer-1,257,"{'data_quality': 295, 'model_size': 2, 'parallelism': 1}",5.47,-1,3,-1
2025-07-03 06:59:34.003504,elastic-workbench-pc-visualizer,elastic-workbench-pc-visualizer-1,20,"{'data_quality': 40, 'model_size': 1, 'parallelism': 1}",1.0,-1,48,-1
2025-07-03 06:59:43.991010,elastic-workbench-qr-detector,elastic-workbench-qr-detector-1,41,"{'data_quality': 627, 'parallelism': 1}",1.53,-1,37,-1
2025-07-03 06:59:43.994502,elastic-workbench-cv-analyzer,elastic-workbench-cv-analyzer-1,256,"{'data_quality': 295, 'model_size': 2, 'parallelism': 1}",5.47,-1,3,-1
2025-07-03 06:59:43.997823,elastic-workbench-pc-visualizer,elastic-workbench-pc-visualizer-1,20,"{'data_quality': 40, 'model_size': 1, 'parallelism': 1}",1.0,-1,47,-1
2025-07-03 06:59:53.993295,elastic-workbench-qr-detector,elastic-workbench-qr-detector-1,39,"{'data_quality': 627, 'parallelism': 1}",1.52,-1,37,-1
2025-07-03 06:59:53.996993,elastic-workbench-cv-analyzer,elastic-workbench-cv-analyzer-1,251,"{'data_quality': 295, 'model_size': 2, 'parallelism': 1}",5.48,-1,3,-1
2025-07-03 06:59:54.002130,elastic-workbench-pc-visualizer,elastic-workbench-pc-visualizer-1,20,"{'data_quality': 40, 'model_size': 1, 'parallelism': 1}",1.0,-1,46,-1
2025-07-03 07:00:03.996495,elastic-workbench-qr-detector,elastic-workbench-qr-detector-1,41,"{'data_quality': 627, 'parallelism': 1}",1.52,-1,37,-1
2025-07-03 07:00:04.000498,elastic-workbench-cv-analyzer,elastic-workbench-cv-analyzer-1,219,"{'data_quality': 295, 'model_size': 2, 'parallelism': 1}",5.48,-1,3,-1
2025-07-03 07:00:04.004439,elastic-workbench-pc-visualizer,elastic-workbench-pc-visualizer-1,20,"{'data_quality': 40, 'model_size': 1, 'parallelism': 1}",1.0,-1,46,-1
2025-07-03 07:00:13.996851,elastic-workbench-qr-detector,elastic-workbench-qr-detector-1,44,"{'data_quality': 627, 'parallelism': 1}",1.52,-1,36,-1
2025-07-03 07:00:14.000682,elastic-workbench-cv-analyzer,elastic-workbench-cv-analyzer-1,246,"{'data_quality': 295, 'model_size': 2, 'parallelism': 1}",5.48,-1,3,-1
2025-07-03 07:00:14.004573,elastic-workbench-pc-visualizer,elastic-workbench-pc-visualizer-1,21,"{'data_quality': 40, 'model_size': 1, 'parallelism': 1}",1.0,-1,45,-1
2025-07-03 07:00:23.999749,elastic-workbench-qr-detector,elastic-workbench-qr-detector-1,42,"{'data_quality': 627, 'parallelism': 1}",1.5,-1,36,-1
2025-07-03 07:00:24.002907,elastic-workbench-cv-analyzer,elastic-workbench-cv-analyzer-1,283,"{'data_quality': 295, 'model_size': 2, 'parallelism': 1}",5.5,-1,2,-1
2025-07-03 07:00:24.005515,elastic-workbench-pc-visualizer,elastic-workbench-pc-visualizer-1,20,"{'data_quality': 40, 'model_size': 1, 'parallelism': 1}",1.0,-1,46,-1
2025-07-03 07:00:33.996914,elastic-workbench-qr-detector,elastic-workbench-qr-detector-1,42,"{'data_quality': 627, 'parallelism': 1}",1.5,-1,36,-1
2025-07-03 07:00:34.003955,elastic-workbench-cv-analyzer,elastic-workbench-cv-analyzer-1,297,"{'data_quality': 295, 'model_size': 2, 'parallelism': 1}",5.5,-1,3,-1
2025-07-03 07:00:34.012312,elastic-workbench-pc-visualizer,elastic-workbench-pc-visualizer-1,20,"{'data_quality': 40, 'model_size': 1, 'parallelism': 1}",1.0,-1,46,-1
2025-07-03 07:00:43.998413,elastic-workbench-qr-detector,elastic-workbench-qr-detector-1,40,"{'data_quality': 627, 'parallelism': 1}",1.5,-1,39,-1
2025-07-03 07:00:44.006434,elastic-workbench-cv-analyzer,elastic-workbench-cv-analyzer-1,388,"{'data_quality': 295, 'model_size': 2, 'parallelism': 1}",5.5,-1,2,-1
2025-07-03 07:00:44.023905,elastic-workbench-pc-visualizer,elastic-workbench-pc-visualizer-1,20,"{'data_quality': 40, 'model_size': 1, 'parallelism': 1}",1.0,-1,48,-1
2025-07-03 07:00:53.998127,elastic-workbench-qr-detector,elastic-workbench-qr-detector-1,42,"{'data_quality': 627, 'parallelism': 1}",1.55,-1,39,-1
2025-07-03 07:00:54.002614,elastic-workbench-cv-analyzer,elastic-workbench-cv-analyzer-1,356,"{'data_quality': 295, 'model_size': 2, 'parallelism': 1}",5.45,-1,3,-1
2025-07-03 07:00:54.010280,elastic-workbench-pc-visualizer,elastic-workbench-pc-visualizer-1,21,"{'data_quality': 40, 'model_size': 1, 'parallelism': 1}",1.0,-1,46,-1
2025-07-03 07:01:03.998241,elastic-workbench-qr-detector,elastic-workbench-qr-detector-1,42,"{'data_quality': 627, 'parallelism': 1}",1.55,-1,40,-1
2025-07-03 07:01:04.005929,elastic-workbench-cv-analyzer,elastic-workbench-cv-analyzer-1,344,"{'data_quality': 295, 'model_size': 2, 'parallelism': 1}",5.45,-1,3,-1
2025-07-03 07:01:04.020089,elastic-workbench-pc-visualizer,elastic-workbench-pc-visualizer-1,20,"{'data_quality': 40, 'model_size': 1, 'parallelism': 1}",1.0,-1,47,-1
2025-07-03 07:01:13.999622,elastic-workbench-qr-detector,elastic-workbench-qr-detector-1,41,"{'data_quality': 627, 'parallelism': 1}",1.56,-1,40,-1
2025-07-03 07:01:14.011062,elastic-workbench-cv-analyzer,elastic-workbench-cv-analyzer-1,213,"{'data_quality': 295, 'model_size': 2, 'parallelism': 1}",5.44,-1,3,-1
2025-07-03 07:01:14.019639,elastic-workbench-pc-visualizer,elastic-workbench-pc-visualizer-1,20,"{'data_quality': 40, 'model_size': 1, 'parallelism': 1}",1.0,-1,47,-1
2025-07-03 07:01:23.999155,elastic-workbench-qr-detector,elastic-workbench-qr-detector-1,40,"{'data_quality': 627, 'parallelism': 1}",1.56,-1,41,-1
2025-07-03 07:01:24.002375,elastic-workbench-cv-analyzer,elastic-workbench-cv-analyzer-1,403,"{'data_quality': 295, 'model_size': 2, 'parallelism': 1}",5.44,-1,2,-1
2025-07-03 07:01:24.006358,elastic-workbench-pc-visualizer,elastic-workbench-pc-visualizer-1,21,"{'data_quality': 40, 'model_size': 1, 'parallelism': 1}",1.0,-1,45,-1
2025-07-03 07:01:34.000394,elastic-workbench-qr-detector,elastic-workbench-qr-detector-1,40,"{'data_quality': 627, 'parallelism': 1}",1.58,-1,41,-1
2025-07-03 07:01:34.004035,elastic-workbench-cv-analyzer,elastic-workbench-cv-analyzer-1,202,"{'data_quality': 295, 'model_size': 2, 'parallelism': 1}",5.42,-1,3,-1
2025-07-03 07:01:34.010290,elastic-workbench-pc-visualizer,elastic-workbench-pc-visualizer-1,20,"{'data_quality': 40, 'model_size': 1, 'parallelism': 1}",1.0,-1,47,-1
2025-07-03 07:01:44.000404,elastic-workbench-qr-detector,elastic-workbench-qr-detector-1,41,"{'data_quality': 627, 'parallelism': 1}",1.58,-1,42,-1
2025-07-03 07:01:44.003425,elastic-workbench-cv-analyzer,elastic-workbench-cv-analyzer-1,246,"{'data_quality': 295, 'model_size': 2, 'parallelism': 1}",5.42,-1,3,-1
2025-07-03 07:01:44.014246,elastic-workbench-pc-visualizer,elastic-workbench-pc-visualizer-1,21,"{'data_quality': 40, 'model_size': 1, 'parallelism': 1}",1.0,-1,46,-1
2025-07-03 07:01:54.001307,elastic-workbench-qr-detector,elastic-workbench-qr-detector-1,41,"{'data_quality': 627, 'parallelism': 1}",1.59,-1,43,-1
2025-07-03 07:01:54.004911,elastic-workbench-cv-analyzer,elastic-workbench-cv-analyzer-1,344,"{'data_quality': 295, 'model_size': 2, 'parallelism': 1}",5.41,-1,2,-1
2025-07-03 07:01:54.015637,elastic-workbench-pc-visualizer,elastic-workbench-pc-visualizer-1,21,"{'data_quality': 40, 'model_size': 1, 'parallelism': 1}",1.0,-1,45,-1
2025-07-03 07:02:04.003590,elastic-workbench-qr-detector,elastic-workbench-qr-detector-1,39,"{'data_quality': 627, 'parallelism': 1}",1.61,-1,43,-1
2025-07-03 07:02:04.009167,elastic-workbench-cv-analyzer,elastic-workbench-cv-analyzer-1,281,"{'data_quality': 295, 'model_size': 2, 'parallelism': 1}",5.39,-1,3,-1
2025-07-03 07:02:04.024855,elastic-workbench-pc-visualizer,elastic-workbench-pc-visualizer-1,20,"{'data_quality': 40, 'model_size': 1, 'parallelism': 1}",1.0,-1,47,-1
2025-07-03 07:02:14.002693,elastic-workbench-qr-detector,elastic-workbench-qr-detector-1,41,"{'data_quality': 627, 'parallelism': 1}",1.61,-1,46,-1
2025-07-03 07:02:14.012324,elastic-workbench-cv-analyzer,elastic-workbench-cv-analyzer-1,265,"{'data_quality': 295, 'model_size': 2, 'parallelism': 1}",5.39,-1,3,-1
2025-07-03 07:02:14.022802,elastic-workbench-pc-visualizer,elastic-workbench-pc-visualizer-1,20,"{'data_quality': 40, 'model_size': 1, 'parallelism': 1}",1.0,-1,46,-1
2025-07-03 07:02:24.003450,elastic-workbench-qr-detector,elastic-workbench-qr-detector-1,41,"{'data_quality': 627, 'parallelism': 1}",1.66,-1,47,-1
2025-07-03 07:02:24.017257,elastic-workbench-cv-analyzer,elastic-workbench-cv-analyzer-1,276,"{'data_quality': 295, 'model_size': 2, 'parallelism': 1}",5.34,-1,3,-1
2025-07-03 07:02:24.020487,elastic-workbench-pc-visualizer,elastic-workbench-pc-visualizer-1,21,"{'data_quality': 40, 'model_size': 1, 'parallelism': 1}",1.0,-1,45,-1
2025-07-03 07:02:34.004077,elastic-workbench-qr-detector,elastic-workbench-qr-detector-1,39,"{'data_quality': 627, 'parallelism': 1}",1.69,-1,49,-1
2025-07-03 07:02:34.024632,elastic-workbench-cv-analyzer,elastic-workbench-cv-analyzer-1,308,"{'data_quality': 295, 'model_size': 2, 'parallelism': 1}",5.31,-1,3,-1
2025-07-03 07:02:34.027329,elastic-workbench-pc-visualizer,elastic-workbench-pc-visualizer-1,21,"{'data_quality': 40, 'model_size': 1, 'parallelism': 1}",1.0,-1,46,-1
2025-07-03 07:02:44.005259,elastic-workbench-qr-detector,elastic-workbench-qr-detector-1,39,"{'data_quality': 671, 'parallelism': 1}",1.92,-1,49,-1
2025-07-03 07:02:44.028090,elastic-workbench-cv-analyzer,elastic-workbench-cv-analyzer-1,205,"{'data_quality': 206, 'model_size': 2, 'parallelism': 1}",5.08,-1,4,-1
2025-07-03 07:02:44.034734,elastic-workbench-pc-visualizer,elastic-workbench-pc-visualizer-1,20,"{'data_quality': 40, 'model_size': 1, 'parallelism': 1}",1.0,-1,48,-1
2025-07-03 07:02:54.013095,elastic-workbench-qr-detector,elastic-workbench-qr-detector-1,39,"{'data_quality': 671, 'parallelism': 1}",1.97,-1,48,-1
2025-07-03 07:02:54.021216,elastic-workbench-cv-analyzer,elastic-workbench-cv-analyzer-1,204,"{'data_quality': 206, 'model_size': 2, 'parallelism': 1}",5.03,-1,4,-1
2025-07-03 07:02:54.024187,elastic-workbench-pc-visualizer,elastic-workbench-pc-visualizer-1,19,"{'data_quality': 40, 'model_size': 1, 'parallelism': 1}",1.0,-1,48,-1
2025-07-03 07:03:04.006227,elastic-workbench-qr-detector,elastic-workbench-qr-detector-1,36,"{'data_quality': 671, 'parallelism': 1}",1.97,-1,53,-1
2025-07-03 07:03:04.017956,elastic-workbench-cv-analyzer,elastic-workbench-cv-analyzer-1,234,"{'data_quality': 206, 'model_size': 2, 'parallelism': 1}",5.03,-1,4,-1
2025-07-03 07:03:04.025946,elastic-workbench-pc-visualizer,elastic-workbench-pc-visualizer-1,19,"{'data_quality': 40, 'model_size': 1, 'parallelism': 1}",1.0,-1,50,-1
2025-07-03 07:03:14.016329,elastic-workbench-qr-detector,elastic-workbench-qr-detector-1,38,"{'data_quality': 671, 'parallelism': 1}",2.01,-1,49,-1
2025-07-03 07:03:14.022925,elastic-workbench-cv-analyzer,elastic-workbench-cv-analyzer-1,180,"{'data_quality': 206, 'model_size': 2, 'parallelism': 1}",4.99,-1,5,-1
2025-07-03 07:03:14.027499,elastic-workbench-pc-visualizer,elastic-workbench-pc-visualizer-1,21,"{'data_quality': 40, 'model_size': 1, 'parallelism': 1}",1.0,-1,46,-1
2025-07-03 07:03:24.016297,elastic-workbench-qr-detector,elastic-workbench-qr-detector-1,37,"{'data_quality': 671, 'parallelism': 1}",2.03,-1,50,-1
2025-07-03 07:03:24.024877,elastic-workbench-cv-analyzer,elastic-workbench-cv-analyzer-1,191,"{'data_quality': 206, 'model_size': 2, 'parallelism': 1}",4.97,-1,4,-1
2025-07-03 07:03:24.032414,elastic-workbench-pc-visualizer,elastic-workbench-pc-visualizer-1,20,"{'data_quality': 40, 'model_size': 1, 'parallelism': 1}",1.0,-1,46,-1
2025-07-03 07:03:34.014326,elastic-workbench-qr-detector,elastic-workbench-qr-detector-1,38,"{'data_quality': 671, 'parallelism': 1}",2.05,-1,51,-1
2025-07-03 07:03:34.017824,elastic-workbench-cv-analyzer,elastic-workbench-cv-analyzer-1,155,"{'data_quality': 206, 'model_size': 2, 'parallelism': 1}",4.95,-1,5,-1
2025-07-03 07:03:34.023549,elastic-workbench-pc-visualizer,elastic-workbench-pc-visualizer-1,20,"{'data_quality': 40, 'model_size': 1, 'parallelism': 1}",1.0,-1,46,-1
2025-07-03 07:03:44.011844,elastic-workbench-qr-detector,elastic-workbench-qr-detector-1,36,"{'data_quality': 671, 'parallelism': 1}",2.07,-1,53,-1
2025-07-03 07:03:44.021203,elastic-workbench-cv-analyzer,elastic-workbench-cv-analyzer-1,197,"{'data_quality': 206, 'model_size': 2, 'parallelism': 1}",4.93,-1,4,-1
2025-07-03 07:03:44.029280,elastic-workbench-pc-visualizer,elastic-workbench-pc-visualizer-1,20,"{'data_quality': 40, 'model_size': 1, 'parallelism': 1}",1.0,-1,47,-1
2025-07-03 07:03:54.012418,elastic-workbench-qr-detector,elastic-workbench-qr-detector-1,36,"{'data_quality': 671, 'parallelism': 1}",2.12,-1,53,-1
2025-07-03 07:03:54.016850,elastic-workbench-cv-analyzer,elastic-workbench-cv-analyzer-1,196,"{'data_quality': 206, 'model_size': 2, 'parallelism': 1}",4.88,-1,4,-1
2025-07-03 07:03:54.023632,elastic-workbench-pc-visualizer,elastic-workbench-pc-visualizer-1,20,"{'data_quality': 40, 'model_size': 1, 'parallelism': 1}",1.0,-1,47,-1
2025-07-03 07:04:04.012626,elastic-workbench-qr-detector,elastic-workbench-qr-detector-1,35,"{'data_quality': 671, 'parallelism': 1}",2.18,-1,55,-1
2025-07-03 07:04:04.016259,elastic-workbench-cv-analyzer,elastic-workbench-cv-analyzer-1,202,"{'data_quality': 206, 'model_size': 2, 'parallelism': 1}",4.82,-1,4,-1
2025-07-03 07:04:04.024642,elastic-workbench-pc-visualizer,elastic-workbench-pc-visualizer-1,19,"{'data_quality': 40, 'model_size': 1, 'parallelism': 1}",1.0,-1,48,-1
2025-07-03 07:04:14.015028,elastic-workbench-qr-detector,elastic-workbench-qr-detector-1,34,"{'data_quality': 671, 'parallelism': 1}",2.24,-1,56,-1
2025-07-03 07:04:14.017689,elastic-workbench-cv-analyzer,elastic-workbench-cv-analyzer-1,218,"{'data_quality': 206, 'model_size': 2, 'parallelism': 1}",4.76,-1,4,-1
2025-07-03 07:04:14.028016,elastic-workbench-pc-visualizer,elastic-workbench-pc-visualizer-1,20,"{'data_quality': 40, 'model_size': 1, 'parallelism': 1}",1.0,-1,47,-1
2025-07-03 07:04:24.017733,elastic-workbench-qr-detector,elastic-workbench-qr-detector-1,33,"{'data_quality': 671, 'parallelism': 1}",2.31,-1,58,-1
2025-07-03 07:04:24.021923,elastic-workbench-cv-analyzer,elastic-workbench-cv-analyzer-1,271,"{'data_quality': 206, 'model_size': 2, 'parallelism': 1}",4.69,-1,3,-1
2025-07-03 07:04:24.028989,elastic-workbench-pc-visualizer,elastic-workbench-pc-visualizer-1,20,"{'data_quality': 40, 'model_size': 1, 'parallelism': 1}",1.0,-1,47,-1
2025-07-03 07:04:34.019091,elastic-workbench-qr-detector,elastic-workbench-qr-detector-1,33,"{'data_quality': 671, 'parallelism': 1}",2.37,-1,58,-1
2025-07-03 07:04:34.021757,elastic-workbench-cv-analyzer,elastic-workbench-cv-analyzer-1,106,"{'data_quality': 206, 'model_size': 1, 'parallelism': 1}",4.63,-1,7,-1
2025-07-03 07:04:34.032136,elastic-workbench-pc-visualizer,elastic-workbench-pc-visualizer-1,21,"{'data_quality': 40, 'model_size': 1, 'parallelism': 1}",1.0,-1,46,-1
2025-07-03 07:04:44.021950,elastic-workbench-qr-detector,elastic-workbench-qr-detector-1,32,"{'data_quality': 671, 'parallelism': 1}",2.42,-1,60,-1
2025-07-03 07:04:44.024837,elastic-workbench-cv-analyzer,elastic-workbench-cv-analyzer-1,129,"{'data_quality': 206, 'model_size': 1, 'parallelism': 1}",4.58,-1,6,-1
2025-07-03 07:04:44.031141,elastic-workbench-pc-visualizer,elastic-workbench-pc-visualizer-1,20,"{'data_quality': 40, 'model_size': 1, 'parallelism': 1}",1.0,-1,47,-1
2025-07-03 07:04:54.022505,elastic-workbench-qr-detector,elastic-workbench-qr-detector-1,31,"{'data_quality': 671, 'parallelism': 1}",2.47,-1,61,-1
2025-07-03 07:04:54.025291,elastic-workbench-cv-analyzer,elastic-workbench-cv-analyzer-1,127,"{'data_quality': 206, 'model_size': 1, 'parallelism': 1}",4.53,-1,6,-1
2025-07-03 07:04:54.034064,elastic-workbench-pc-visualizer,elastic-workbench-pc-visualizer-1,19,"{'data_quality': 40, 'model_size': 1, 'parallelism': 1}",1.0,-1,48,-1
2025-07-03 07:05:04.018701,elastic-workbench-qr-detector,elastic-workbench-qr-detector-1,32,"{'data_quality': 671, 'parallelism': 1}",2.48,-1,60,-1
2025-07-03 07:05:04.022403,elastic-workbench-cv-analyzer,elastic-workbench-cv-analyzer-1,134,"{'data_quality': 206, 'model_size': 1, 'parallelism': 1}",4.52,-1,6,-1
2025-07-03 07:05:04.030628,elastic-workbench-pc-visualizer,elastic-workbench-pc-visualizer-1,20,"{'data_quality': 40, 'model_size': 1, 'parallelism': 1}",1.0,-1,47,-1
2025-07-03 07:05:14.020812,elastic-workbench-qr-detector,elastic-workbench-qr-detector-1,44,"{'data_quality': 671, 'parallelism': 1}",2.54,-1,65,-1
2025-07-03 07:05:14.030005,elastic-workbench-cv-analyzer,elastic-workbench-cv-analyzer-1,117,"{'data_quality': 206, 'model_size': 1, 'parallelism': 1}",4.46,-1,7,-1
2025-07-03 07:05:14.032921,elastic-workbench-pc-visualizer,elastic-workbench-pc-visualizer-1,19,"{'data_quality': 40, 'model_size': 1, 'parallelism': 1}",1.0,-1,49,-1
2025-07-03 07:05:24.019030,elastic-workbench-qr-detector,elastic-workbench-qr-detector-1,44,"{'data_quality': 671, 'parallelism': 1}",2.55,-1,66,-1
2025-07-03 07:05:24.026773,elastic-workbench-cv-analyzer,elastic-workbench-cv-analyzer-1,95,"{'data_quality': 206, 'model_size': 1, 'parallelism': 1}",4.45,-1,7,-1
2025-07-03 07:05:24.029386,elastic-workbench-pc-visualizer,elastic-workbench-pc-visualizer-1,19,"{'data_quality': 40, 'model_size': 1, 'parallelism': 1}",1.0,-1,48,-1
2025-07-03 07:05:34.021119,elastic-workbench-qr-detector,elastic-workbench-qr-detector-1,45,"{'data_quality': 671, 'parallelism': 1}",2.61,-1,63,-1
2025-07-03 07:05:34.030255,elastic-workbench-cv-analyzer,elastic-workbench-cv-analyzer-1,109,"{'data_quality': 206, 'model_size': 1, 'parallelism': 1}",4.39,-1,7,-1
2025-07-03 07:05:34.033806,elastic-workbench-pc-visualizer,elastic-workbench-pc-visualizer-1,21,"{'data_quality': 40, 'model_size': 1, 'parallelism': 1}",1.0,-1,46,-1
2025-07-03 07:05:44.019200,elastic-workbench-qr-detector,elastic-workbench-qr-detector-1,43,"{'data_quality': 671, 'parallelism': 1}",2.68,-1,67,-1
2025-07-03 07:05:44.026076,elastic-workbench-cv-analyzer,elastic-workbench-cv-analyzer-1,119,"{'data_quality': 206, 'model_size': 1, 'parallelism': 1}",4.32,-1,7,-1
2025-07-03 07:05:44.030686,elastic-workbench-pc-visualizer,elastic-workbench-pc-visualizer-1,20,"{'data_quality': 40, 'model_size': 1, 'parallelism': 1}",1.0,-1,47,-1
2025-07-03 07:05:54.017653,elastic-workbench-qr-detector,elastic-workbench-qr-detector-1,41,"{'data_quality': 671, 'parallelism': 1}",2.74,-1,69,-1
2025-07-03 07:05:54.023024,elastic-workbench-cv-analyzer,elastic-workbench-cv-analyzer-1,122,"{'data_quality': 206, 'model_size': 1, 'parallelism': 1}",4.26,-1,6,-1
2025-07-03 07:05:54.026082,elastic-workbench-pc-visualizer,elastic-workbench-pc-visualizer-1,20,"{'data_quality': 40, 'model_size': 1, 'parallelism': 1}",1.0,-1,48,-1
2025-07-03 07:06:04.024338,elastic-workbench-qr-detector,elastic-workbench-qr-detector-1,41,"{'data_quality': 671, 'parallelism': 1}",2.76,-1,69,-1
2025-07-03 07:06:04.031242,elastic-workbench-cv-analyzer,elastic-workbench-cv-analyzer-1,119,"{'data_quality': 206, 'model_size': 1, 'parallelism': 1}",4.24,-1,7,-1
2025-07-03 07:06:04.034031,elastic-workbench-pc-visualizer,elastic-workbench-pc-visualizer-1,20,"{'data_quality': 40, 'model_size': 1, 'parallelism': 1}",1.0,-1,46,-1
2025-07-03 07:06:14.022940,elastic-workbench-qr-detector,elastic-workbench-qr-detector-1,41,"{'data_quality': 671, 'parallelism': 1}",2.78,-1,69,-1
2025-07-03 07:06:14.030856,elastic-workbench-cv-analyzer,elastic-workbench-cv-analyzer-1,135,"{'data_quality': 206, 'model_size': 1, 'parallelism': 1}",4.22,-1,6,-1
2025-07-03 07:06:14.033802,elastic-workbench-pc-visualizer,elastic-workbench-pc-visualizer-1,21,"{'data_quality': 40, 'model_size': 1, 'parallelism': 1}",1.0,-1,45,-1
2025-07-03 07:06:24.026335,elastic-workbench-qr-detector,elastic-workbench-qr-detector-1,42,"{'data_quality': 671, 'parallelism': 1}",2.81,-1,69,-1
2025-07-03 07:06:24.036901,elastic-workbench-cv-analyzer,elastic-workbench-cv-analyzer-1,127,"{'data_quality': 206, 'model_size': 1, 'parallelism': 1}",4.19,-1,7,-1
2025-07-03 07:06:24.040193,elastic-workbench-pc-visualizer,elastic-workbench-pc-visualizer-1,21,"{'data_quality': 40, 'model_size': 1, 'parallelism': 1}",1.0,-1,45,-1
2025-07-03 07:06:34.023939,elastic-workbench-qr-detector,elastic-workbench-qr-detector-1,39,"{'data_quality': 671, 'parallelism': 1}",2.85,-1,74,-1
2025-07-03 07:06:34.031002,elastic-workbench-cv-analyzer,elastic-workbench-cv-analyzer-1,126,"{'data_quality': 206, 'model_size': 1, 'parallelism': 1}",4.15,-1,7,-1
2025-07-03 07:06:34.034064,elastic-workbench-pc-visualizer,elastic-workbench-pc-visualizer-1,19,"{'data_quality': 40, 'model_size': 1, 'parallelism': 1}",1.0,-1,49,-1
2025-07-03 07:06:44.036930,elastic-workbench-qr-detector,elastic-workbench-qr-detector-1,40,"{'data_quality': 671, 'parallelism': 1}",2.91,-1,73,-1
2025-07-03 07:06:44.041083,elastic-workbench-cv-analyzer,elastic-workbench-cv-analyzer-1,122,"{'data_quality': 206, 'model_size': 1, 'parallelism': 1}",4.09,-1,7,-1
2025-07-03 07:06:44.043685,elastic-workbench-pc-visualizer,elastic-workbench-pc-visualizer-1,20,"{'data_quality': 40, 'model_size': 1, 'parallelism': 1}",1.0,-1,48,-1
2025-07-03 07:06:54.027303,elastic-workbench-qr-detector,elastic-workbench-qr-detector-1,39,"{'data_quality': 671, 'parallelism': 1}",2.86,-1,71,-1
2025-07-03 07:06:54.036133,elastic-workbench-cv-analyzer,elastic-workbench-cv-analyzer-1,131,"{'data_quality': 206, 'model_size': 1, 'parallelism': 1}",4.14,-1,7,-1
2025-07-03 07:06:54.039948,elastic-workbench-pc-visualizer,elastic-workbench-pc-visualizer-1,20,"{'data_quality': 40, 'model_size': 1, 'parallelism': 1}",1.0,-1,46,-1
2025-07-03 07:07:04.024085,elastic-workbench-qr-detector,elastic-workbench-qr-detector-1,40,"{'data_quality': 661, 'parallelism': 1}",2.82,-1,72,-1
2025-07-03 07:07:04.027097,elastic-workbench-cv-analyzer,elastic-workbench-cv-analyzer-1,175,"{'data_quality': 193, 'model_size': 1, 'parallelism': 1}",4.18,-1,5,-1
2025-07-03 07:07:04.032577,elastic-workbench-pc-visualizer,elastic-workbench-pc-visualizer-1,19,"{'data_quality': 40, 'model_size': 1, 'parallelism': 1}",1.0,-1,48,-1
2025-07-03 07:07:14.035481,elastic-workbench-qr-detector,elastic-workbench-qr-detector-1,39,"{'data_quality': 661, 'parallelism': 1}",2.89,-1,74,-1
2025-07-03 07:07:14.038233,elastic-workbench-cv-analyzer,elastic-workbench-cv-analyzer-1,115,"{'data_quality': 193, 'model_size': 1, 'parallelism': 1}",4.11,-1,8,-1
2025-07-03 07:07:14.045430,elastic-workbench-pc-visualizer,elastic-workbench-pc-visualizer-1,21,"{'data_quality': 40, 'model_size': 1, 'parallelism': 1}",1.0,-1,45,-1
2025-07-03 07:07:24.036014,elastic-workbench-qr-detector,elastic-workbench-qr-detector-1,38,"{'data_quality': 661, 'parallelism': 1}",2.94,-1,76,-1
2025-07-03 07:07:24.041303,elastic-workbench-cv-analyzer,elastic-workbench-cv-analyzer-1,101,"{'data_quality': 193, 'model_size': 1, 'parallelism': 1}",4.06,-1,7,-1
2025-07-03 07:07:24.047615,elastic-workbench-pc-visualizer,elastic-workbench-pc-visualizer-1,20,"{'data_quality': 40, 'model_size': 1, 'parallelism': 1}",1.0,-1,47,-1
2025-07-03 07:07:34.029568,elastic-workbench-qr-detector,elastic-workbench-qr-detector-1,38,"{'data_quality': 661, 'parallelism': 1}",2.99,-1,77,-1
2025-07-03 07:07:34.034462,elastic-workbench-cv-analyzer,elastic-workbench-cv-analyzer-1,146,"{'data_quality': 193, 'model_size': 1, 'parallelism': 1}",4.01,-1,6,-1
2025-07-03 07:07:34.040440,elastic-workbench-pc-visualizer,elastic-workbench-pc-visualizer-1,20,"{'data_quality': 40, 'model_size': 1, 'parallelism': 1}",1.0,-1,47,-1
2025-07-03 07:07:44.033466,elastic-workbench-qr-detector,elastic-workbench-qr-detector-1,37,"{'data_quality': 638, 'parallelism': 1}",2.77,-1,77,-1
2025-07-03 07:07:44.043449,elastic-workbench-cv-analyzer,elastic-workbench-cv-analyzer-1,105,"{'data_quality': 167, 'model_size': 1, 'parallelism': 1}",4.23,-1,9,-1
2025-07-03 07:07:44.047272,elastic-workbench-pc-visualizer,elastic-workbench-pc-visualizer-1,20,"{'data_quality': 40, 'model_size': 1, 'parallelism': 1}",1.0,-1,47,-1
2025-07-03 07:07:54.032142,elastic-workbench-qr-detector,elastic-workbench-qr-detector-1,37,"{'data_quality': 638, 'parallelism': 1}",2.81,-1,78,-1
2025-07-03 07:07:54.038028,elastic-workbench-cv-analyzer,elastic-workbench-cv-analyzer-1,109,"{'data_quality': 167, 'model_size': 1, 'parallelism': 1}",4.19,-1,8,-1
2025-07-03 07:07:54.041156,elastic-workbench-pc-visualizer,elastic-workbench-pc-visualizer-1,20,"{'data_quality': 40, 'model_size': 1, 'parallelism': 1}",1.0,-1,47,-1
2025-07-03 07:08:04.027998,elastic-workbench-qr-detector,elastic-workbench-qr-detector-1,37,"{'data_quality': 638, 'parallelism': 1}",2.81,-1,78,-1
2025-07-03 07:08:04.031861,elastic-workbench-cv-analyzer,elastic-workbench-cv-analyzer-1,91,"{'data_quality': 167, 'model_size': 1, 'parallelism': 1}",4.19,-1,9,-1
2025-07-03 07:08:04.035214,elastic-workbench-pc-visualizer,elastic-workbench-pc-visualizer-1,20,"{'data_quality': 40, 'model_size': 1, 'parallelism': 1}",1.0,-1,47,-1
2025-07-03 07:08:14.028860,elastic-workbench-qr-detector,elastic-workbench-qr-detector-1,36,"{'data_quality': 638, 'parallelism': 1}",2.83,-1,79,-1
2025-07-03 07:08:14.031612,elastic-workbench-cv-analyzer,elastic-workbench-cv-analyzer-1,95,"{'data_quality': 167, 'model_size': 1, 'parallelism': 1}",4.17,-1,9,-1
2025-07-03 07:08:14.036018,elastic-workbench-pc-visualizer,elastic-workbench-pc-visualizer-1,20,"{'data_quality': 40, 'model_size': 1, 'parallelism': 1}",1.0,-1,46,-1
2025-07-03 07:08:24.028675,elastic-workbench-qr-detector,elastic-workbench-qr-detector-1,36,"{'data_quality': 638, 'parallelism': 1}",2.82,-1,80,-1
2025-07-03 07:08:24.035162,elastic-workbench-cv-analyzer,elastic-workbench-cv-analyzer-1,86,"{'data_quality': 167, 'model_size': 1, 'parallelism': 1}",4.18,-1,9,-1
2025-07-03 07:08:24.038090,elastic-workbench-pc-visualizer,elastic-workbench-pc-visualizer-1,20,"{'data_quality': 40, 'model_size': 1, 'parallelism': 1}",1.0,-1,47,-1
2025-07-03 07:08:34.039271,elastic-workbench-qr-detector,elastic-workbench-qr-detector-1,36,"{'data_quality': 638, 'parallelism': 1}",2.85,-1,79,-1
2025-07-03 07:08:34.047172,elastic-workbench-cv-analyzer,elastic-workbench-cv-analyzer-1,95,"{'data_quality': 167, 'model_size': 1, 'parallelism': 1}",4.15,-1,9,-1
2025-07-03 07:08:34.050181,elastic-workbench-pc-visualizer,elastic-workbench-pc-visualizer-1,20,"{'data_quality': 40, 'model_size': 1, 'parallelism': 1}",1.0,-1,47,-1
2025-07-03 07:08:44.041485,elastic-workbench-qr-detector,elastic-workbench-qr-detector-1,36,"{'data_quality': 638, 'parallelism': 1}",2.9,-1,81,-1
2025-07-03 07:08:44.045182,elastic-workbench-cv-analyzer,elastic-workbench-cv-analyzer-1,124,"{'data_quality': 167, 'model_size': 1, 'parallelism': 1}",4.1,-1,8,-1
2025-07-03 07:08:44.048047,elastic-workbench-pc-visualizer,elastic-workbench-pc-visualizer-1,20,"{'data_quality': 40, 'model_size': 1, 'parallelism': 1}",1.0,-1,47,-1
2025-07-03 07:08:54.034604,elastic-workbench-qr-detector,elastic-workbench-qr-detector-1,36,"{'data_quality': 638, 'parallelism': 1}",2.9,-1,81,-1
2025-07-03 07:08:54.044991,elastic-workbench-cv-analyzer,elastic-workbench-cv-analyzer-1,110,"{'data_quality': 167, 'model_size': 1, 'parallelism': 1}",4.1,-1,8,-1
2025-07-03 07:08:54.047771,elastic-workbench-pc-visualizer,elastic-workbench-pc-visualizer-1,20,"{'data_quality': 40, 'model_size': 1, 'parallelism': 1}",1.0,-1,47,-1
2025-07-03 07:09:04.036426,elastic-workbench-qr-detector,elastic-workbench-qr-detector-1,36,"{'data_quality': 638, 'parallelism': 1}",2.89,-1,80,-1
2025-07-03 07:09:04.042986,elastic-workbench-cv-analyzer,elastic-workbench-cv-analyzer-1,113,"{'data_quality': 167, 'model_size': 1, 'parallelism': 1}",4.11,-1,7,-1
2025-07-03 07:09:04.045953,elastic-workbench-pc-visualizer,elastic-workbench-pc-visualizer-1,20,"{'data_quality': 40, 'model_size': 1, 'parallelism': 1}",1.0,-1,46,-1
2025-07-03 07:09:14.042436,elastic-workbench-qr-detector,elastic-workbench-qr-detector-1,36,"{'data_quality': 638, 'parallelism': 1}",2.85,-1,79,-1
2025-07-03 07:09:14.047758,elastic-workbench-cv-analyzer,elastic-workbench-cv-analyzer-1,99,"{'data_quality': 167, 'model_size': 1, 'parallelism': 1}",4.15,-1,8,-1
2025-07-03 07:09:14.050328,elastic-workbench-pc-visualizer,elastic-workbench-pc-visualizer-1,21,"{'data_quality': 40, 'model_size': 1, 'parallelism': 1}",1.0,-1,46,-1
2025-07-03 07:09:24.045177,elastic-workbench-qr-detector,elastic-workbench-qr-detector-1,36,"{'data_quality': 638, 'parallelism': 1}",2.85,-1,80,-1
2025-07-03 07:09:24.048364,elastic-workbench-cv-analyzer,elastic-workbench-cv-analyzer-1,94,"{'data_quality': 167, 'model_size': 1, 'parallelism': 1}",4.15,-1,9,-1
2025-07-03 07:09:24.052186,elastic-workbench-pc-visualizer,elastic-workbench-pc-visualizer-1,20,"{'data_quality': 40, 'model_size': 1, 'parallelism': 1}",1.0,-1,46,-1
2025-07-03 07:09:34.039385,elastic-workbench-qr-detector,elastic-workbench-qr-detector-1,36,"{'data_quality': 638, 'parallelism': 1}",2.87,-1,80,-1
2025-07-03 07:09:34.043136,elastic-workbench-cv-analyzer,elastic-workbench-cv-analyzer-1,91,"{'data_quality': 167, 'model_size': 1, 'parallelism': 1}",4.13,-1,9,-1
2025-07-03 07:09:34.046140,elastic-workbench-pc-visualizer,elastic-workbench-pc-visualizer-1,20,"{'data_quality': 40, 'model_size': 1, 'parallelism': 1}",1.0,-1,47,-1
2025-07-03 07:09:44.040899,elastic-workbench-qr-detector,elastic-workbench-qr-detector-1,35,"{'data_quality': 638, 'parallelism': 1}",2.85,-1,81,-1
2025-07-03 07:09:44.043801,elastic-workbench-cv-analyzer,elastic-workbench-cv-analyzer-1,100,"{'data_quality': 167, 'model_size': 1, 'parallelism': 1}",4.15,-1,8,-1
2025-07-03 07:09:44.047207,elastic-workbench-pc-visualizer,elastic-workbench-pc-visualizer-1,19,"{'data_quality': 40, 'model_size': 1, 'parallelism': 1}",1.0,-1,48,-1
2025-07-03 07:09:54.040290,elastic-workbench-qr-detector,elastic-workbench-qr-detector-1,37,"{'data_quality': 638, 'parallelism': 1}",2.81,-1,76,-1
2025-07-03 07:09:54.043032,elastic-workbench-cv-analyzer,elastic-workbench-cv-analyzer-1,92,"{'data_quality': 167, 'model_size': 1, 'parallelism': 1}",4.19,-1,8,-1
2025-07-03 07:09:54.045544,elastic-workbench-pc-visualizer,elastic-workbench-pc-visualizer-1,20,"{'data_quality': 40, 'model_size': 1, 'parallelism': 1}",1.0,-1,47,-1
2025-07-03 07:10:04.040436,elastic-workbench-qr-detector,elastic-workbench-qr-detector-1,36,"{'data_quality': 638, 'parallelism': 1}",2.76,-1,79,-1
2025-07-03 07:10:04.043145,elastic-workbench-cv-analyzer,elastic-workbench-cv-analyzer-1,110,"{'data_quality': 167, 'model_size': 1, 'parallelism': 1}",4.24,-1,7,-1
2025-07-03 07:10:04.049484,elastic-workbench-pc-visualizer,elastic-workbench-pc-visualizer-1,20,"{'data_quality': 40, 'model_size': 1, 'parallelism': 1}",1.0,-1,47,-1
2025-07-03 07:10:14.037299,elastic-workbench-qr-detector,elastic-workbench-qr-detector-1,37,"{'data_quality': 638, 'parallelism': 1}",2.79,-1,78,-1
2025-07-03 07:10:14.040214,elastic-workbench-cv-analyzer,elastic-workbench-cv-analyzer-1,95,"{'data_quality': 167, 'model_size': 1, 'parallelism': 1}",4.21,-1,9,-1
2025-07-03 07:10:14.047713,elastic-workbench-pc-visualizer,elastic-workbench-pc-visualizer-1,19,"{'data_quality': 40, 'model_size': 1, 'parallelism': 1}",1.0,-1,48,-1
2025-07-03 07:10:24.039802,elastic-workbench-qr-detector,elastic-workbench-qr-detector-1,35,"{'data_quality': 638, 'parallelism': 1}",2.85,-1,79,-1
2025-07-03 07:10:24.042894,elastic-workbench-cv-analyzer,elastic-workbench-cv-analyzer-1,103,"{'data_quality': 167, 'model_size': 1, 'parallelism': 1}",4.15,-1,8,-1
2025-07-03 07:10:24.048111,elastic-workbench-pc-visualizer,elastic-workbench-pc-visualizer-1,19,"{'data_quality': 40, 'model_size': 1, 'parallelism': 1}",1.0,-1,48,-1
2025-07-03 07:10:34.039999,elastic-workbench-qr-detector,elastic-workbench-qr-detector-1,37,"{'data_quality': 638, 'parallelism': 1}",2.87,-1,78,-1
2025-07-03 07:10:34.043559,elastic-workbench-cv-analyzer,elastic-workbench-cv-analyzer-1,104,"{'data_quality': 167, 'model_size': 1, 'parallelism': 1}",4.13,-1,7,-1
2025-07-03 07:10:34.048559,elastic-workbench-pc-visualizer,elastic-workbench-pc-visualizer-1,20,"{'data_quality': 40, 'model_size': 1, 'parallelism': 1}",1.0,-1,46,-1
2025-07-03 07:10:44.040668,elastic-workbench-qr-detector,elastic-workbench-qr-detector-1,37,"{'data_quality': 638, 'parallelism': 1}",2.83,-1,78,-1
2025-07-03 07:10:44.043358,elastic-workbench-cv-analyzer,elastic-workbench-cv-analyzer-1,80,"{'data_quality': 167, 'model_size': 1, 'parallelism': 1}",4.17,-1,9,-1
2025-07-03 07:10:44.048565,elastic-workbench-pc-visualizer,elastic-workbench-pc-visualizer-1,20,"{'data_quality': 40, 'model_size': 1, 'parallelism': 1}",1.0,-1,46,-1
2025-07-03 07:10:54.041176,elastic-workbench-qr-detector,elastic-workbench-qr-detector-1,37,"{'data_quality': 638, 'parallelism': 1}",2.78,-1,78,-1
2025-07-03 07:10:54.046627,elastic-workbench-cv-analyzer,elastic-workbench-cv-analyzer-1,98,"{'data_quality': 167, 'model_size': 1, 'parallelism': 1}",4.22,-1,9,-1
2025-07-03 07:10:54.049983,elastic-workbench-pc-visualizer,elastic-workbench-pc-visualizer-1,19,"{'data_quality': 40, 'model_size': 1, 'parallelism': 1}",1.0,-1,48,-1
2025-07-03 07:11:04.046287,elastic-workbench-qr-detector,elastic-workbench-qr-detector-1,38,"{'data_quality': 638, 'parallelism': 1}",2.74,-1,77,-1
2025-07-03 07:11:04.049052,elastic-workbench-cv-analyzer,elastic-workbench-cv-analyzer-1,89,"{'data_quality': 167, 'model_size': 1, 'parallelism': 1}",4.26,-1,8,-1
2025-07-03 07:11:04.052279,elastic-workbench-pc-visualizer,elastic-workbench-pc-visualizer-1,20,"{'data_quality': 40, 'model_size': 1, 'parallelism': 1}",1.0,-1,47,-1
2025-07-03 07:11:14.044798,elastic-workbench-qr-detector,elastic-workbench-qr-detector-1,38,"{'data_quality': 638, 'parallelism': 1}",2.72,-1,76,-1
2025-07-03 07:11:14.047437,elastic-workbench-cv-analyzer,elastic-workbench-cv-analyzer-1,102,"{'data_quality': 167, 'model_size': 1, 'parallelism': 1}",4.28,-1,8,-1
2025-07-03 07:11:14.050574,elastic-workbench-pc-visualizer,elastic-workbench-pc-visualizer-1,20,"{'data_quality': 40, 'model_size': 1, 'parallelism': 1}",1.0,-1,47,-1
2025-07-03 07:11:24.041766,elastic-workbench-qr-detector,elastic-workbench-qr-detector-1,37,"{'data_quality': 638, 'parallelism': 1}",2.7,-1,76,-1
2025-07-03 07:11:24.044581,elastic-workbench-cv-analyzer,elastic-workbench-cv-analyzer-1,94,"{'data_quality': 167, 'model_size': 1, 'parallelism': 1}",4.3,-1,8,-1
2025-07-03 07:11:24.048448,elastic-workbench-pc-visualizer,elastic-workbench-pc-visualizer-1,20,"{'data_quality': 40, 'model_size': 1, 'parallelism': 1}",1.0,-1,48,-1
2025-07-03 07:11:34.041643,elastic-workbench-qr-detector,elastic-workbench-qr-detector-1,36,"{'data_quality': 638, 'parallelism': 1}",2.67,-1,76,-1
2025-07-03 07:11:34.044420,elastic-workbench-cv-analyzer,elastic-workbench-cv-analyzer-1,95,"{'data_quality': 167, 'model_size': 1, 'parallelism': 1}",4.33,-1,8,-1
2025-07-03 07:11:34.048723,elastic-workbench-pc-visualizer,elastic-workbench-pc-visualizer-1,20,"{'data_quality': 40, 'model_size': 1, 'parallelism': 1}",1.0,-1,47,-1
2025-07-03 07:11:44.042427,elastic-workbench-qr-detector,elastic-workbench-qr-detector-1,38,"{'data_quality': 638, 'parallelism': 1}",2.62,-1,75,-1
2025-07-03 07:11:44.045009,elastic-workbench-cv-analyzer,elastic-workbench-cv-analyzer-1,110,"{'data_quality': 167, 'model_size': 1, 'parallelism': 1}",4.38,-1,7,-1
2025-07-03 07:11:44.052224,elastic-workbench-pc-visualizer,elastic-workbench-pc-visualizer-1,19,"{'data_quality': 40, 'model_size': 1, 'parallelism': 1}",1.0,-1,49,-1
2025-07-03 07:11:54.043284,elastic-workbench-qr-detector,elastic-workbench-qr-detector-1,40,"{'data_quality': 638, 'parallelism': 1}",2.63,-1,73,-1
2025-07-03 07:11:54.049127,elastic-workbench-cv-analyzer,elastic-workbench-cv-analyzer-1,233,"{'data_quality': 167, 'model_size': 2, 'parallelism': 1}",4.37,-1,4,-1
2025-07-03 07:11:54.051746,elastic-workbench-pc-visualizer,elastic-workbench-pc-visualizer-1,20,"{'data_quality': 40, 'model_size': 1, 'parallelism': 1}",1.0,-1,48,-1
2025-07-03 07:12:04.046345,elastic-workbench-qr-detector,elastic-workbench-qr-detector-1,40,"{'data_quality': 638, 'parallelism': 1}",2.55,-1,72,-1
2025-07-03 07:12:04.049549,elastic-workbench-cv-analyzer,elastic-workbench-cv-analyzer-1,181,"{'data_quality': 167, 'model_size': 2, 'parallelism': 1}",4.45,-1,5,-1
2025-07-03 07:12:04.052253,elastic-workbench-pc-visualizer,elastic-workbench-pc-visualizer-1,21,"{'data_quality': 40, 'model_size': 1, 'parallelism': 1}",1.0,-1,45,-1
2025-07-03 07:12:14.049453,elastic-workbench-qr-detector,elastic-workbench-qr-detector-1,40,"{'data_quality': 638, 'parallelism': 1}",2.53,-1,70,-1
2025-07-03 07:12:14.052284,elastic-workbench-cv-analyzer,elastic-workbench-cv-analyzer-1,170,"{'data_quality': 167, 'model_size': 2, 'parallelism': 1}",4.47,-1,5,-1
2025-07-03 07:12:14.055241,elastic-workbench-pc-visualizer,elastic-workbench-pc-visualizer-1,20,"{'data_quality': 40, 'model_size': 1, 'parallelism': 1}",1.0,-1,47,-1
2025-07-03 07:12:24.044505,elastic-workbench-qr-detector,elastic-workbench-qr-detector-1,40,"{'data_quality': 638, 'parallelism': 1}",2.54,-1,72,-1
2025-07-03 07:12:24.047537,elastic-workbench-cv-analyzer,elastic-workbench-cv-analyzer-1,204,"{'data_quality': 167, 'model_size': 2, 'parallelism': 1}",4.46,-1,5,-1
2025-07-03 07:12:24.051132,elastic-workbench-pc-visualizer,elastic-workbench-pc-visualizer-1,20,"{'data_quality': 40, 'model_size': 1, 'parallelism': 1}",1.0,-1,46,-1
2025-07-03 07:12:34.045895,elastic-workbench-qr-detector,elastic-workbench-qr-detector-1,27,"{'data_quality': 638, 'parallelism': 1}",2.46,-1,70,-1
2025-07-03 07:12:34.052698,elastic-workbench-cv-analyzer,elastic-workbench-cv-analyzer-1,226,"{'data_quality': 167, 'model_size': 2, 'parallelism': 1}",4.54,-1,4,-1
2025-07-03 07:12:34.055776,elastic-workbench-pc-visualizer,elastic-workbench-pc-visualizer-1,19,"{'data_quality': 40, 'model_size': 1, 'parallelism': 1}",1.0,-1,49,-1
2025-07-03 07:12:44.047924,elastic-workbench-qr-detector,elastic-workbench-qr-detector-1,28,"{'data_quality': 638, 'parallelism': 1}",2.42,-1,68,-1
2025-07-03 07:12:44.050822,elastic-workbench-cv-analyzer,elastic-workbench-cv-analyzer-1,168,"{'data_quality': 167, 'model_size': 2, 'parallelism': 1}",4.58,-1,5,-1
2025-07-03 07:12:44.053394,elastic-workbench-pc-visualizer,elastic-workbench-pc-visualizer-1,21,"{'data_quality': 40, 'model_size': 1, 'parallelism': 1}",1.0,-1,45,-1
2025-07-03 07:12:54.047221,elastic-workbench-qr-detector,elastic-workbench-qr-detector-1,29,"{'data_quality': 638, 'parallelism': 1}",2.38,-1,66,-1
2025-07-03 07:12:54.050068,elastic-workbench-cv-analyzer,elastic-workbench-cv-analyzer-1,199,"{'data_quality': 167, 'model_size': 2, 'parallelism': 1}",4.62,-1,4,-1
2025-07-03 07:12:54.055831,elastic-workbench-pc-visualizer,elastic-workbench-pc-visualizer-1,21,"{'data_quality': 40, 'model_size': 1, 'parallelism': 1}",1.0,-1,46,-1
2025-07-03 07:13:04.047346,elastic-workbench-qr-detector,elastic-workbench-qr-detector-1,29,"{'data_quality': 638, 'parallelism': 1}",2.33,-1,65,-1
2025-07-03 07:13:04.050178,elastic-workbench-cv-analyzer,elastic-workbench-cv-analyzer-1,172,"{'data_quality': 167, 'model_size': 2, 'parallelism': 1}",4.67,-1,5,-1
2025-07-03 07:13:04.054577,elastic-workbench-pc-visualizer,elastic-workbench-pc-visualizer-1,20,"{'data_quality': 40, 'model_size': 1, 'parallelism': 1}",1.0,-1,46,-1
2025-07-03 07:13:14.048882,elastic-workbench-qr-detector,elastic-workbench-qr-detector-1,30,"{'data_quality': 638, 'parallelism': 1}",2.29,-1,64,-1
2025-07-03 07:13:14.051903,elastic-workbench-cv-analyzer,elastic-workbench-cv-analyzer-1,174,"{'data_quality': 167, 'model_size': 2, 'parallelism': 1}",4.71,-1,5,-1
2025-07-03 07:13:14.059528,elastic-workbench-pc-visualizer,elastic-workbench-pc-visualizer-1,20,"{'data_quality': 40, 'model_size': 1, 'parallelism': 1}",1.0,-1,46,-1
2025-07-03 07:13:24.048643,elastic-workbench-qr-detector,elastic-workbench-qr-detector-1,31,"{'data_quality': 638, 'parallelism': 1}",2.27,-1,61,-1
2025-07-03 07:13:24.051469,elastic-workbench-cv-analyzer,elastic-workbench-cv-analyzer-1,133,"{'data_quality': 167, 'model_size': 2, 'parallelism': 1}",4.73,-1,6,-1
2025-07-03 07:13:24.057662,elastic-workbench-pc-visualizer,elastic-workbench-pc-visualizer-1,20,"{'data_quality': 40, 'model_size': 1, 'parallelism': 1}",1.0,-1,47,-1
2025-07-03 07:13:34.050055,elastic-workbench-qr-detector,elastic-workbench-qr-detector-1,31,"{'data_quality': 638, 'parallelism': 1}",2.22,-1,61,-1
2025-07-03 07:13:34.053003,elastic-workbench-cv-analyzer,elastic-workbench-cv-analyzer-1,155,"{'data_quality': 167, 'model_size': 2, 'parallelism': 1}",4.78,-1,6,-1
2025-07-03 07:13:34.059942,elastic-workbench-pc-visualizer,elastic-workbench-pc-visualizer-1,20,"{'data_quality': 40, 'model_size': 1, 'parallelism': 1}",1.0,-1,46,-1
2025-07-03 07:13:44.049543,elastic-workbench-qr-detector,elastic-workbench-qr-detector-1,33,"{'data_quality': 638, 'parallelism': 1}",2.18,-1,59,-1
2025-07-03 07:13:44.052354,elastic-workbench-cv-analyzer,elastic-workbench-cv-analyzer-1,159,"{'data_quality': 167, 'model_size': 2, 'parallelism': 1}",4.82,-1,5,-1
2025-07-03 07:13:44.058778,elastic-workbench-pc-visualizer,elastic-workbench-pc-visualizer-1,21,"{'data_quality': 40, 'model_size': 1, 'parallelism': 1}",1.0,-1,46,-1
2025-07-03 07:13:54.050177,elastic-workbench-qr-detector,elastic-workbench-qr-detector-1,32,"{'data_quality': 638, 'parallelism': 1}",2.16,-1,60,-1
2025-07-03 07:13:54.053036,elastic-workbench-cv-analyzer,elastic-workbench-cv-analyzer-1,179,"{'data_quality': 167, 'model_size': 2, 'parallelism': 1}",4.84,-1,4,-1
2025-07-03 07:13:54.059298,elastic-workbench-pc-visualizer,elastic-workbench-pc-visualizer-1,20,"{'data_quality': 40, 'model_size': 1, 'parallelism': 1}",1.0,-1,46,-1
2025-07-03 07:14:04.051416,elastic-workbench-qr-detector,elastic-workbench-qr-detector-1,31,"{'data_quality': 638, 'parallelism': 1}",2.11,-1,59,-1
2025-07-03 07:14:04.054312,elastic-workbench-cv-analyzer,elastic-workbench-cv-analyzer-1,161,"{'data_quality': 167, 'model_size': 2, 'parallelism': 1}",4.89,-1,5,-1
2025-07-03 07:14:04.060338,elastic-workbench-pc-visualizer,elastic-workbench-pc-visualizer-1,20,"{'data_quality': 40, 'model_size': 1, 'parallelism': 1}",1.0,-1,47,-1
2025-07-03 07:14:14.051829,elastic-workbench-qr-detector,elastic-workbench-qr-detector-1,32,"{'data_quality': 638, 'parallelism': 1}",2.04,-1,57,-1
2025-07-03 07:14:14.054452,elastic-workbench-cv-analyzer,elastic-workbench-cv-analyzer-1,161,"{'data_quality': 167, 'model_size': 2, 'parallelism': 1}",4.96,-1,5,-1
2025-07-03 07:14:14.060209,elastic-workbench-pc-visualizer,elastic-workbench-pc-visualizer-1,20,"{'data_quality': 40, 'model_size': 1, 'parallelism': 1}",1.0,-1,46,-1
2025-07-03 07:14:24.052193,elastic-workbench-qr-detector,elastic-workbench-qr-detector-1,32,"{'data_quality': 638, 'parallelism': 1}",1.99,-1,54,-1
2025-07-03 07:14:24.055178,elastic-workbench-cv-analyzer,elastic-workbench-cv-analyzer-1,152,"{'data_quality': 167, 'model_size': 2, 'parallelism': 1}",5.01,-1,4,-1
2025-07-03 07:14:24.060918,elastic-workbench-pc-visualizer,elastic-workbench-pc-visualizer-1,20,"{'data_quality': 40, 'model_size': 1, 'parallelism': 1}",1.0,-1,47,-1
2025-07-03 07:14:34.052833,elastic-workbench-qr-detector,elastic-workbench-qr-detector-1,34,"{'data_quality': 638, 'parallelism': 1}",1.94,-1,52,-1
2025-07-03 07:14:34.055610,elastic-workbench-cv-analyzer,elastic-workbench-cv-analyzer-1,303,"{'data_quality': 167, 'model_size': 3, 'parallelism': 1}",5.06,-1,2,-1
2025-07-03 07:14:34.062043,elastic-workbench-pc-visualizer,elastic-workbench-pc-visualizer-1,20,"{'data_quality': 40, 'model_size': 1, 'parallelism': 1}",1.0,-1,48,-1
2025-07-03 07:14:44.054398,elastic-workbench-qr-detector,elastic-workbench-qr-detector-1,38,"{'data_quality': 638, 'parallelism': 1}",1.9,-1,49,-1
2025-07-03 07:14:44.059901,elastic-workbench-cv-analyzer,elastic-workbench-cv-analyzer-1,276,"{'data_quality': 167, 'model_size': 3, 'parallelism': 1}",5.1,-1,3,-1
2025-07-03 07:14:44.063150,elastic-workbench-pc-visualizer,elastic-workbench-pc-visualizer-1,19,"{'data_quality': 40, 'model_size': 1, 'parallelism': 1}",1.0,-1,48,-1
2025-07-03 07:14:54.054183,elastic-workbench-qr-detector,elastic-workbench-qr-detector-1,35,"{'data_quality': 638, 'parallelism': 1}",1.85,-1,49,-1
2025-07-03 07:14:54.060761,elastic-workbench-cv-analyzer,elastic-workbench-cv-analyzer-1,267,"{'data_quality': 167, 'model_size': 3, 'parallelism': 1}",5.15,-1,3,-1
2025-07-03 07:14:54.063492,elastic-workbench-pc-visualizer,elastic-workbench-pc-visualizer-1,19,"{'data_quality': 40, 'model_size': 1, 'parallelism': 1}",1.0,-1,48,-1
2025-07-03 07:15:04.054928,elastic-workbench-qr-detector,elastic-workbench-qr-detector-1,35,"{'data_quality': 638, 'parallelism': 1}",1.82,-1,48,-1
2025-07-03 07:15:04.060151,elastic-workbench-cv-analyzer,elastic-workbench-cv-analyzer-1,279,"{'data_quality': 167, 'model_size': 3, 'parallelism': 1}",5.18,-1,3,-1
2025-07-03 07:15:04.063249,elastic-workbench-pc-visualizer,elastic-workbench-pc-visualizer-1,20,"{'data_quality': 40, 'model_size': 1, 'parallelism': 1}",1.0,-1,46,-1
2025-07-03 07:15:14.055280,elastic-workbench-qr-detector,elastic-workbench-qr-detector-1,36,"{'data_quality': 638, 'parallelism': 1}",1.8,-1,47,-1
2025-07-03 07:15:14.064407,elastic-workbench-cv-analyzer,elastic-workbench-cv-analyzer-1,269,"{'data_quality': 167, 'model_size': 3, 'parallelism': 1}",5.2,-1,3,-1
2025-07-03 07:15:14.067336,elastic-workbench-pc-visualizer,elastic-workbench-pc-visualizer-1,19,"{'data_quality': 40, 'model_size': 1, 'parallelism': 1}",1.0,-1,48,-1
2025-07-03 07:15:24.056324,elastic-workbench-qr-detector,elastic-workbench-qr-detector-1,36,"{'data_quality': 638, 'parallelism': 1}",1.77,-1,45,-1
2025-07-03 07:15:24.062159,elastic-workbench-cv-analyzer,elastic-workbench-cv-analyzer-1,240,"{'data_quality': 167, 'model_size': 3, 'parallelism': 1}",5.23,-1,3,-1
2025-07-03 07:15:24.066929,elastic-workbench-pc-visualizer,elastic-workbench-pc-visualizer-1,20,"{'data_quality': 40, 'model_size': 1, 'parallelism': 1}",1.0,-1,47,-1
2025-07-03 07:15:34.056892,elastic-workbench-qr-detector,elastic-workbench-qr-detector-1,37,"{'data_quality': 638, 'parallelism': 1}",1.73,-1,43,-1
2025-07-03 07:15:34.063119,elastic-workbench-cv-analyzer,elastic-workbench-cv-analyzer-1,323,"{'data_quality': 167, 'model_size': 3, 'parallelism': 1}",5.27,-1,3,-1
2025-07-03 07:15:34.067042,elastic-workbench-pc-visualizer,elastic-workbench-pc-visualizer-1,20,"{'data_quality': 40, 'model_size': 1, 'parallelism': 1}",1.0,-1,47,-1
2025-07-03 07:15:44.057867,elastic-workbench-qr-detector,elastic-workbench-qr-detector-1,40,"{'data_quality': 638, 'parallelism': 1}",1.69,-1,42,-1
2025-07-03 07:15:44.064000,elastic-workbench-cv-analyzer,elastic-workbench-cv-analyzer-1,327,"{'data_quality': 167, 'model_size': 3, 'parallelism': 1}",5.31,-1,3,-1
2025-07-03 07:15:44.066626,elastic-workbench-pc-visualizer,elastic-workbench-pc-visualizer-1,20,"{'data_quality': 40, 'model_size': 1, 'parallelism': 1}",1.0,-1,47,-1
2025-07-03 07:15:54.058804,elastic-workbench-qr-detector,elastic-workbench-qr-detector-1,39,"{'data_quality': 638, 'parallelism': 1}",1.69,-1,41,-1
2025-07-03 07:15:54.065262,elastic-workbench-cv-analyzer,elastic-workbench-cv-analyzer-1,255,"{'data_quality': 167, 'model_size': 3, 'parallelism': 1}",5.31,-1,3,-1
2025-07-03 07:15:54.068822,elastic-workbench-pc-visualizer,elastic-workbench-pc-visualizer-1,20,"{'data_quality': 40, 'model_size': 1, 'parallelism': 1}",1.0,-1,46,-1
2025-07-03 07:16:04.061403,elastic-workbench-qr-detector,elastic-workbench-qr-detector-1,38,"{'data_quality': 638, 'parallelism': 1}",1.68,-1,39,-1
2025-07-03 07:16:04.064842,elastic-workbench-cv-analyzer,elastic-workbench-cv-analyzer-1,250,"{'data_quality': 167, 'model_size': 3, 'parallelism': 1}",5.31,-1,3,-1
2025-07-03 07:16:04.067681,elastic-workbench-pc-visualizer,elastic-workbench-pc-visualizer-1,19,"{'data_quality': 40, 'model_size': 1, 'parallelism': 1}",1.01,-1,48,-1
2025-07-03 07:16:14.060328,elastic-workbench-qr-detector,elastic-workbench-qr-detector-1,39,"{'data_quality': 638, 'parallelism': 1}",1.68,-1,38,-1
2025-07-03 07:16:14.063285,elastic-workbench-cv-analyzer,elastic-workbench-cv-analyzer-1,258,"{'data_quality': 167, 'model_size': 3, 'parallelism': 1}",5.31,-1,3,-1
2025-07-03 07:16:14.066542,elastic-workbench-pc-visualizer,elastic-workbench-pc-visualizer-1,20,"{'data_quality': 40, 'model_size': 1, 'parallelism': 1}",1.0,-1,46,-1
2025-07-03 07:16:24.060693,elastic-workbench-qr-detector,elastic-workbench-qr-detector-1,46,"{'data_quality': 687, 'parallelism': 1}",1.65,-1,37,-1
2025-07-03 07:16:24.063501,elastic-workbench-cv-analyzer,elastic-workbench-cv-analyzer-1,191,"{'data_quality': 254, 'model_size': 2, 'parallelism': 1}",5.35,-1,4,-1
2025-07-03 07:16:24.066543,elastic-workbench-pc-visualizer,elastic-workbench-pc-visualizer-1,20,"{'data_quality': 40, 'model_size': 1, 'parallelism': 1}",1.0,-1,47,-1
2025-07-03 07:16:34.061572,elastic-workbench-qr-detector,elastic-workbench-qr-detector-1,48,"{'data_quality': 687, 'parallelism': 1}",1.62,-1,36,-1
2025-07-03 07:16:34.064915,elastic-workbench-cv-analyzer,elastic-workbench-cv-analyzer-1,285,"{'data_quality': 254, 'model_size': 2, 'parallelism': 1}",5.38,-1,3,-1
2025-07-03 07:16:34.068333,elastic-workbench-pc-visualizer,elastic-workbench-pc-visualizer-1,20,"{'data_quality': 40, 'model_size': 1, 'parallelism': 1}",1.0,-1,47,-1
2025-07-03 07:16:44.061909,elastic-workbench-qr-detector,elastic-workbench-qr-detector-1,48,"{'data_quality': 687, 'parallelism': 1}",1.58,-1,35,-1
2025-07-03 07:16:44.065420,elastic-workbench-cv-analyzer,elastic-workbench-cv-analyzer-1,181,"{'data_quality': 254, 'model_size': 2, 'parallelism': 1}",5.42,-1,4,-1
2025-07-03 07:16:44.068952,elastic-workbench-pc-visualizer,elastic-workbench-pc-visualizer-1,20,"{'data_quality': 40, 'model_size': 1, 'parallelism': 1}",1.0,-1,48,-1
2025-07-03 07:16:54.062002,elastic-workbench-qr-detector,elastic-workbench-qr-detector-1,49,"{'data_quality': 687, 'parallelism': 1}",1.55,-1,34,-1
2025-07-03 07:16:54.064735,elastic-workbench-cv-analyzer,elastic-workbench-cv-analyzer-1,147,"{'data_quality': 254, 'model_size': 2, 'parallelism': 1}",5.45,-1,3,-1
2025-07-03 07:16:54.067223,elastic-workbench-pc-visualizer,elastic-workbench-pc-visualizer-1,20,"{'data_quality': 40, 'model_size': 1, 'parallelism': 1}",1.0,-1,47,-1
2025-07-03 07:17:04.061953,elastic-workbench-qr-detector,elastic-workbench-qr-detector-1,50,"{'data_quality': 687, 'parallelism': 1}",1.51,-1,32,-1
2025-07-03 07:17:04.065252,elastic-workbench-cv-analyzer,elastic-workbench-cv-analyzer-1,491,"{'data_quality': 254, 'model_size': 3, 'parallelism': 1}",5.49,-1,1,-1
2025-07-03 07:17:04.071587,elastic-workbench-pc-visualizer,elastic-workbench-pc-visualizer-1,21,"{'data_quality': 40, 'model_size': 1, 'parallelism': 1}",1.0,-1,46,-1
2025-07-03 07:17:14.062684,elastic-workbench-qr-detector,elastic-workbench-qr-detector-1,27,"{'data_quality': 687, 'parallelism': 1}",1.44,-1,32,-1
2025-07-03 07:17:14.065706,elastic-workbench-cv-analyzer,elastic-workbench-cv-analyzer-1,434,"{'data_quality': 254, 'model_size': 3, 'parallelism': 1}",5.56,-1,1,-1
2025-07-03 07:17:14.071567,elastic-workbench-pc-visualizer,elastic-workbench-pc-visualizer-1,21,"{'data_quality': 40, 'model_size': 1, 'parallelism': 1}",1.0,-1,45,-1
2025-07-03 07:17:24.063536,elastic-workbench-qr-detector,elastic-workbench-qr-detector-1,27,"{'data_quality': 687, 'parallelism': 1}",1.44,-1,30,-1
2025-07-03 07:17:24.066437,elastic-workbench-cv-analyzer,elastic-workbench-cv-analyzer-1,357,"{'data_quality': 254, 'model_size': 3, 'parallelism': 1}",5.56,-1,1,-1
2025-07-03 07:17:24.072599,elastic-workbench-pc-visualizer,elastic-workbench-pc-visualizer-1,20,"{'data_quality': 40, 'model_size': 1, 'parallelism': 1}",1.0,-1,46,-1
2025-07-03 07:17:34.064287,elastic-workbench-qr-detector,elastic-workbench-qr-detector-1,28,"{'data_quality': 687, 'parallelism': 1}",1.37,-1,30,-1
2025-07-03 07:17:34.066989,elastic-workbench-cv-analyzer,elastic-workbench-cv-analyzer-1,474,"{'data_quality': 254, 'model_size': 3, 'parallelism': 1}",5.63,-1,1,-1
2025-07-03 07:17:34.072648,elastic-workbench-pc-visualizer,elastic-workbench-pc-visualizer-1,20,"{'data_quality': 40, 'model_size': 1, 'parallelism': 1}",1.0,-1,45,-1
2025-07-03 07:17:44.064994,elastic-workbench-qr-detector,elastic-workbench-qr-detector-1,28,"{'data_quality': 687, 'parallelism': 1}",1.37,-1,30,-1
2025-07-03 07:17:44.067851,elastic-workbench-cv-analyzer,elastic-workbench-cv-analyzer-1,446,"{'data_quality': 254, 'model_size': 3, 'parallelism': 1}",5.63,-1,1,-1
2025-07-03 07:17:44.075296,elastic-workbench-pc-visualizer,elastic-workbench-pc-visualizer-1,21,"{'data_quality': 40, 'model_size': 1, 'parallelism': 1}",1.0,-1,45,-1
2025-07-03 07:17:54.066710,elastic-workbench-qr-detector,elastic-workbench-qr-detector-1,28,"{'data_quality': 687, 'parallelism': 1}",1.36,-1,29,-1
2025-07-03 07:17:54.069906,elastic-workbench-cv-analyzer,elastic-workbench-cv-analyzer-1,401,"{'data_quality': 254, 'model_size': 3, 'parallelism': 1}",5.64,-1,1,-1
2025-07-03 07:17:54.076344,elastic-workbench-pc-visualizer,elastic-workbench-pc-visualizer-1,21,"{'data_quality': 40, 'model_size': 1, 'parallelism': 1}",1.0,-1,45,-1
2025-07-03 07:18:04.066340,elastic-workbench-qr-detector,elastic-workbench-qr-detector-1,29,"{'data_quality': 687, 'parallelism': 1}",1.35,-1,29,-1
2025-07-03 07:18:04.069054,elastic-workbench-cv-analyzer,elastic-workbench-cv-analyzer-1,443,"{'data_quality': 254, 'model_size': 3, 'parallelism': 1}",5.65,-1,1,-1
2025-07-03 07:18:04.074803,elastic-workbench-pc-visualizer,elastic-workbench-pc-visualizer-1,21,"{'data_quality': 40, 'model_size': 1, 'parallelism': 1}",1.0,-1,45,-1
2025-07-03 07:18:14.066449,elastic-workbench-qr-detector,elastic-workbench-qr-detector-1,30,"{'data_quality': 687, 'parallelism': 1}",1.34,-1,28,-1
2025-07-03 07:18:14.069341,elastic-workbench-cv-analyzer,elastic-workbench-cv-analyzer-1,482,"{'data_quality': 254, 'model_size': 3, 'parallelism': 1}",5.66,-1,1,-1
2025-07-03 07:18:14.072388,elastic-workbench-pc-visualizer,elastic-workbench-pc-visualizer-1,19,"{'data_quality': 40, 'model_size': 1, 'parallelism': 1}",1.0,-1,48,-1
2025-07-03 07:18:24.067177,elastic-workbench-qr-detector,elastic-workbench-qr-detector-1,31,"{'data_quality': 687, 'parallelism': 1}",1.3,-1,28,-1
2025-07-03 07:18:24.070073,elastic-workbench-cv-analyzer,elastic-workbench-cv-analyzer-1,596,"{'data_quality': 254, 'model_size': 3, 'parallelism': 1}",5.7,-1,1,-1
2025-07-03 07:18:24.076716,elastic-workbench-pc-visualizer,elastic-workbench-pc-visualizer-1,20,"{'data_quality': 40, 'model_size': 1, 'parallelism': 1}",1.0,-1,46,-1
2025-07-03 07:18:34.067825,elastic-workbench-qr-detector,elastic-workbench-qr-detector-1,32,"{'data_quality': 687, 'parallelism': 1}",1.29,-1,27,-1
2025-07-03 07:18:34.070745,elastic-workbench-cv-analyzer,elastic-workbench-cv-analyzer-1,433,"{'data_quality': 254, 'model_size': 3, 'parallelism': 1}",5.71,-1,1,-1
2025-07-03 07:18:34.076330,elastic-workbench-pc-visualizer,elastic-workbench-pc-visualizer-1,20,"{'data_quality': 40, 'model_size': 1, 'parallelism': 1}",1.0,-1,46,-1
2025-07-03 07:18:44.067997,elastic-workbench-qr-detector,elastic-workbench-qr-detector-1,30,"{'data_quality': 687, 'parallelism': 1}",1.28,-1,25,-1
2025-07-03 07:18:44.071132,elastic-workbench-cv-analyzer,elastic-workbench-cv-analyzer-1,690,"{'data_quality': 254, 'model_size': 3, 'parallelism': 1}",5.72,-1,1,-1
2025-07-03 07:18:44.077534,elastic-workbench-pc-visualizer,elastic-workbench-pc-visualizer-1,21,"{'data_quality': 40, 'model_size': 1, 'parallelism': 1}",1.0,-1,45,-1
2025-07-03 07:18:54.068395,elastic-workbench-qr-detector,elastic-workbench-qr-detector-1,32,"{'data_quality': 687, 'parallelism': 1}",1.21,-1,26,-1
2025-07-03 07:18:54.071215,elastic-workbench-cv-analyzer,elastic-workbench-cv-analyzer-1,520,"{'data_quality': 254, 'model_size': 3, 'parallelism': 1}",5.79,-1,1,-1
2025-07-03 07:18:54.073810,elastic-workbench-pc-visualizer,elastic-workbench-pc-visualizer-1,20,"{'data_quality': 40, 'model_size': 1, 'parallelism': 1}",1.0,-1,46,-1
2025-07-03 07:19:04.069370,elastic-workbench-qr-detector,elastic-workbench-qr-detector-1,32,"{'data_quality': 687, 'parallelism': 1}",1.24,-1,25,-1
2025-07-03 07:19:04.072203,elastic-workbench-cv-analyzer,elastic-workbench-cv-analyzer-1,460,"{'data_quality': 254, 'model_size': 3, 'parallelism': 1}",5.76,-1,1,-1
2025-07-03 07:19:04.078081,elastic-workbench-pc-visualizer,elastic-workbench-pc-visualizer-1,20,"{'data_quality': 40, 'model_size': 1, 'parallelism': 1}",1.0,-1,47,-1
2025-07-03 07:19:14.069306,elastic-workbench-qr-detector,elastic-workbench-qr-detector-1,34,"{'data_quality': 687, 'parallelism': 1}",1.2,-1,24,-1
2025-07-03 07:19:14.072628,elastic-workbench-cv-analyzer,elastic-workbench-cv-analyzer-1,353,"{'data_quality': 254, 'model_size': 3, 'parallelism': 1}",5.8,-1,1,-1
2025-07-03 07:19:14.078272,elastic-workbench-pc-visualizer,elastic-workbench-pc-visualizer-1,20,"{'data_quality': 40, 'model_size': 1, 'parallelism': 1}",1.0,-1,47,-1
2025-07-03 07:19:24.069916,elastic-workbench-qr-detector,elastic-workbench-qr-detector-1,30,"{'data_quality': 687, 'parallelism': 1}",1.2,-1,25,-1
2025-07-03 07:19:24.072839,elastic-workbench-cv-analyzer,elastic-workbench-cv-analyzer-1,290,"{'data_quality': 254, 'model_size': 3, 'parallelism': 1}",5.8,-1,1,-1
2025-07-03 07:19:24.077424,elastic-workbench-pc-visualizer,elastic-workbench-pc-visualizer-1,20,"{'data_quality': 40, 'model_size': 1, 'parallelism': 1}",1.0,-1,47,-1
2025-07-03 07:19:34.070443,elastic-workbench-qr-detector,elastic-workbench-qr-detector-1,33,"{'data_quality': 687, 'parallelism': 1}",1.19,-1,27,-1
2025-07-03 07:19:34.076854,elastic-workbench-cv-analyzer,elastic-workbench-cv-analyzer-1,441,"{'data_quality': 254, 'model_size': 3, 'parallelism': 1}",5.81,-1,2,-1
2025-07-03 07:19:34.085008,elastic-workbench-pc-visualizer,elastic-workbench-pc-visualizer-1,21,"{'data_quality': 40, 'model_size': 1, 'parallelism': 1}",1.0,-1,45,-1
2025-07-03 07:19:44.071514,elastic-workbench-qr-detector,elastic-workbench-qr-detector-1,31,"{'data_quality': 687, 'parallelism': 1}",1.23,-1,26,-1
2025-07-03 07:19:44.077090,elastic-workbench-cv-analyzer,elastic-workbench-cv-analyzer-1,518,"{'data_quality': 254, 'model_size': 3, 'parallelism': 1}",5.77,-1,1,-1
2025-07-03 07:19:44.080782,elastic-workbench-pc-visualizer,elastic-workbench-pc-visualizer-1,20,"{'data_quality': 40, 'model_size': 1, 'parallelism': 1}",1.0,-1,48,-1
2025-07-03 07:19:54.071650,elastic-workbench-qr-detector,elastic-workbench-qr-detector-1,32,"{'data_quality': 687, 'parallelism': 1}",1.2,-1,26,-1
2025-07-03 07:19:54.074650,elastic-workbench-cv-analyzer,elastic-workbench-cv-analyzer-1,389,"{'data_quality': 254, 'model_size': 3, 'parallelism': 1}",5.8,-1,1,-1
2025-07-03 07:19:54.079881,elastic-workbench-pc-visualizer,elastic-workbench-pc-visualizer-1,19,"{'data_quality': 40, 'model_size': 1, 'parallelism': 1}",1.0,-1,49,-1
2025-07-03 07:20:04.072514,elastic-workbench-qr-detector,elastic-workbench-qr-detector-1,32,"{'data_quality': 687, 'parallelism': 1}",1.2,-1,27,-1
2025-07-03 07:20:04.075297,elastic-workbench-cv-analyzer,elastic-workbench-cv-analyzer-1,360,"{'data_quality': 254, 'model_size': 3, 'parallelism': 1}",5.8,-1,2,-1
2025-07-03 07:20:04.083993,elastic-workbench-pc-visualizer,elastic-workbench-pc-visualizer-1,19,"{'data_quality': 40, 'model_size': 1, 'parallelism': 1}",1.0,-1,49,-1
2025-07-03 07:20:14.073116,elastic-workbench-qr-detector,elastic-workbench-qr-detector-1,31,"{'data_quality': 687, 'parallelism': 1}",1.27,-1,28,-1
2025-07-03 07:20:14.080289,elastic-workbench-cv-analyzer,elastic-workbench-cv-analyzer-1,491,"{'data_quality': 254, 'model_size': 3, 'parallelism': 1}",5.73,-1,1,-1
2025-07-03 07:20:14.084919,elastic-workbench-pc-visualizer,elastic-workbench-pc-visualizer-1,20,"{'data_quality': 40, 'model_size': 1, 'parallelism': 1}",1.0,-1,46,-1
2025-07-03 07:20:24.075683,elastic-workbench-qr-detector,elastic-workbench-qr-detector-1,31,"{'data_quality': 687, 'parallelism': 1}",1.27,-1,26,-1
2025-07-03 07:20:24.082058,elastic-workbench-cv-analyzer,elastic-workbench-cv-analyzer-1,375,"{'data_quality': 254, 'model_size': 3, 'parallelism': 1}",5.73,-1,2,-1
2025-07-03 07:20:24.085007,elastic-workbench-pc-visualizer,elastic-workbench-pc-visualizer-1,19,"{'data_quality': 40, 'model_size': 1, 'parallelism': 1}",1.0,-1,48,-1
2025-07-03 07:20:34.077996,elastic-workbench-qr-detector,elastic-workbench-qr-detector-1,33,"{'data_quality': 687, 'parallelism': 1}",1.2,-1,26,-1
2025-07-03 07:20:34.081261,elastic-workbench-cv-analyzer,elastic-workbench-cv-analyzer-1,505,"{'data_quality': 254, 'model_size': 3, 'parallelism': 1}",5.8,-1,1,-1
2025-07-03 07:20:34.084035,elastic-workbench-pc-visualizer,elastic-workbench-pc-visualizer-1,21,"{'data_quality': 40, 'model_size': 1, 'parallelism': 1}",1.0,-1,45,-1
2025-07-03 07:20:44.074869,elastic-workbench-qr-detector,elastic-workbench-qr-detector-1,31,"{'data_quality': 687, 'parallelism': 1}",1.2,-1,26,-1
2025-07-03 07:20:44.079868,elastic-workbench-cv-analyzer,elastic-workbench-cv-analyzer-1,389,"{'data_quality': 254, 'model_size': 3, 'parallelism': 1}",5.8,-1,2,-1
2025-07-03 07:20:44.082470,elastic-workbench-pc-visualizer,elastic-workbench-pc-visualizer-1,21,"{'data_quality': 40, 'model_size': 1, 'parallelism': 1}",1.0,-1,46,-1
2025-07-03 07:20:54.075272,elastic-workbench-qr-detector,elastic-workbench-qr-detector-1,33,"{'data_quality': 687, 'parallelism': 1}",1.19,-1,25,-1
2025-07-03 07:20:54.083446,elastic-workbench-cv-analyzer,elastic-workbench-cv-analyzer-1,411,"{'data_quality': 254, 'model_size': 3, 'parallelism': 1}",5.81,-1,1,-1
2025-07-03 07:20:54.086999,elastic-workbench-pc-visualizer,elastic-workbench-pc-visualizer-1,20,"{'data_quality': 40, 'model_size': 1, 'parallelism': 1}",1.0,-1,48,-1
2025-07-03 07:21:04.079147,elastic-workbench-qr-detector,elastic-workbench-qr-detector-1,33,"{'data_quality': 687, 'parallelism': 1}",1.19,-1,25,-1
2025-07-03 07:21:04.084887,elastic-workbench-cv-analyzer,elastic-workbench-cv-analyzer-1,276,"{'data_quality': 254, 'model_size': 3, 'parallelism': 1}",5.81,-1,1,-1
2025-07-03 07:21:04.087714,elastic-workbench-pc-visualizer,elastic-workbench-pc-visualizer-1,20,"{'data_quality': 40, 'model_size': 1, 'parallelism': 1}",1.0,-1,47,-1
2025-07-03 07:21:14.079287,elastic-workbench-qr-detector,elastic-workbench-qr-detector-1,31,"{'data_quality': 687, 'parallelism': 1}",1.19,-1,25,-1
2025-07-03 07:21:14.085329,elastic-workbench-cv-analyzer,elastic-workbench-cv-analyzer-1,479,"{'data_quality': 254, 'model_size': 3, 'parallelism': 1}",5.81,-1,1,-1
2025-07-03 07:21:14.088323,elastic-workbench-pc-visualizer,elastic-workbench-pc-visualizer-1,20,"{'data_quality': 40, 'model_size': 1, 'parallelism': 1}",1.0,-1,47,-1
2025-07-03 07:21:24.079820,elastic-workbench-qr-detector,elastic-workbench-qr-detector-1,33,"{'data_quality': 687, 'parallelism': 1}",1.14,-1,24,-1
2025-07-03 07:21:24.085943,elastic-workbench-cv-analyzer,elastic-workbench-cv-analyzer-1,457,"{'data_quality': 254, 'model_size': 3, 'parallelism': 1}",5.86,-1,1,-1
2025-07-03 07:21:24.089412,elastic-workbench-pc-visualizer,elastic-workbench-pc-visualizer-1,20,"{'data_quality': 40, 'model_size': 1, 'parallelism': 1}",1.0,-1,48,-1
2025-07-03 07:21:34.080436,elastic-workbench-qr-detector,elastic-workbench-qr-detector-1,34,"{'data_quality': 687, 'parallelism': 1}",1.14,-1,22,-1
2025-07-03 07:21:34.085052,elastic-workbench-cv-analyzer,elastic-workbench-cv-analyzer-1,386,"{'data_quality': 254, 'model_size': 3, 'parallelism': 1}",5.85,-1,2,-1
2025-07-03 07:21:34.087849,elastic-workbench-pc-visualizer,elastic-workbench-pc-visualizer-1,19,"{'data_quality': 40, 'model_size': 1, 'parallelism': 1}",1.0,-1,48,-1
2025-07-03 07:21:44.081169,elastic-workbench-qr-detector,elastic-workbench-qr-detector-1,32,"{'data_quality': 687, 'parallelism': 1}",1.14,-1,22,-1
2025-07-03 07:21:44.087601,elastic-workbench-cv-analyzer,elastic-workbench-cv-analyzer-1,383,"{'data_quality': 254, 'model_size': 3, 'parallelism': 1}",5.85,-1,1,-1
2025-07-03 07:21:44.090611,elastic-workbench-pc-visualizer,elastic-workbench-pc-visualizer-1,21,"{'data_quality': 40, 'model_size': 1, 'parallelism': 1}",1.0,-1,46,-1
2025-07-03 07:21:54.081586,elastic-workbench-qr-detector,elastic-workbench-qr-detector-1,36,"{'data_quality': 687, 'parallelism': 1}",1.14,-1,22,-1
2025-07-03 07:21:54.087806,elastic-workbench-cv-analyzer,elastic-workbench-cv-analyzer-1,402,"{'data_quality': 254, 'model_size': 3, 'parallelism': 1}",5.85,-1,2,-1
2025-07-03 07:21:54.090432,elastic-workbench-pc-visualizer,elastic-workbench-pc-visualizer-1,20,"{'data_quality': 40, 'model_size': 1, 'parallelism': 1}",1.0,-1,46,-1
2025-07-03 07:22:04.082391,elastic-workbench-qr-detector,elastic-workbench-qr-detector-1,35,"{'data_quality': 687, 'parallelism': 1}",1.14,-1,22,-1
2025-07-03 07:22:04.088414,elastic-workbench-cv-analyzer,elastic-workbench-cv-analyzer-1,410,"{'data_quality': 254, 'model_size': 3, 'parallelism': 1}",5.85,-1,1,-1
2025-07-03 07:22:04.091380,elastic-workbench-pc-visualizer,elastic-workbench-pc-visualizer-1,20,"{'data_quality': 40, 'model_size': 1, 'parallelism': 1}",1.0,-1,47,-1
2025-07-03 07:22:14.082649,elastic-workbench-qr-detector,elastic-workbench-qr-detector-1,35,"{'data_quality': 687, 'parallelism': 1}",1.14,-1,21,-1
2025-07-03 07:22:14.089551,elastic-workbench-cv-analyzer,elastic-workbench-cv-analyzer-1,363,"{'data_quality': 254, 'model_size': 3, 'parallelism': 1}",5.85,-1,2,-1
2025-07-03 07:22:14.092523,elastic-workbench-pc-visualizer,elastic-workbench-pc-visualizer-1,20,"{'data_quality': 40, 'model_size': 1, 'parallelism': 1}",1.0,-1,48,-1
2025-07-03 07:22:24.083644,elastic-workbench-qr-detector,elastic-workbench-qr-detector-1,32,"{'data_quality': 687, 'parallelism': 1}",1.14,-1,21,-1
2025-07-03 07:22:24.089024,elastic-workbench-cv-analyzer,elastic-workbench-cv-analyzer-1,555,"{'data_quality': 254, 'model_size': 3, 'parallelism': 1}",5.85,-1,1,-1
2025-07-03 07:22:24.091896,elastic-workbench-pc-visualizer,elastic-workbench-pc-visualizer-1,19,"{'data_quality': 40, 'model_size': 1, 'parallelism': 1}",1.0,-1,48,-1
2025-07-03 07:22:34.083755,elastic-workbench-qr-detector,elastic-workbench-qr-detector-1,35,"{'data_quality': 687, 'parallelism': 1}",1.14,-1,22,-1
2025-07-03 07:22:34.089591,elastic-workbench-cv-analyzer,elastic-workbench-cv-analyzer-1,372,"{'data_quality': 254, 'model_size': 3, 'parallelism': 1}",5.85,-1,2,-1
2025-07-03 07:22:34.092648,elastic-workbench-pc-visualizer,elastic-workbench-pc-visualizer-1,19,"{'data_quality': 40, 'model_size': 1, 'parallelism': 1}",1.0,-1,48,-1
2025-07-03 07:22:44.088582,elastic-workbench-qr-detector,elastic-workbench-qr-detector-1,35,"{'data_quality': 687, 'parallelism': 1}",1.14,-1,24,-1
2025-07-03 07:22:44.091615,elastic-workbench-cv-analyzer,elastic-workbench-cv-analyzer-1,379,"{'data_quality': 254, 'model_size': 3, 'parallelism': 1}",5.85,-1,2,-1
2025-07-03 07:22:44.094460,elastic-workbench-pc-visualizer,elastic-workbench-pc-visualizer-1,19,"{'data_quality': 40, 'model_size': 1, 'parallelism': 1}",1.0,-1,48,-1
2025-07-03 07:22:54.088111,elastic-workbench-qr-detector,elastic-workbench-qr-detector-1,34,"{'data_quality': 687, 'parallelism': 1}",1.14,-1,25,-1
2025-07-03 07:22:54.091733,elastic-workbench-cv-analyzer,elastic-workbench-cv-analyzer-1,393,"{'data_quality': 254, 'model_size': 3, 'parallelism': 1}",5.85,-1,2,-1
2025-07-03 07:22:54.095048,elastic-workbench-pc-visualizer,elastic-workbench-pc-visualizer-1,19,"{'data_quality': 40, 'model_size': 1, 'parallelism': 1}",1.0,-1,49,-1
2025-07-03 07:23:04.088119,elastic-workbench-qr-detector,elastic-workbench-qr-detector-1,35,"{'data_quality': 687, 'parallelism': 1}",1.1,-1,26,-1
2025-07-03 07:23:04.091173,elastic-workbench-cv-analyzer,elastic-workbench-cv-analyzer-1,342,"{'data_quality': 254, 'model_size': 3, 'parallelism': 1}",5.9,-1,1,-1
2025-07-03 07:23:04.094161,elastic-workbench-pc-visualizer,elastic-workbench-pc-visualizer-1,20,"{'data_quality': 40, 'model_size': 1, 'parallelism': 1}",1.0,-1,47,-1
2025-07-03 07:23:14.089111,elastic-workbench-qr-detector,elastic-workbench-qr-detector-1,36,"{'data_quality': 687, 'parallelism': 1}",1.13,-1,25,-1
2025-07-03 07:23:14.092276,elastic-workbench-cv-analyzer,elastic-workbench-cv-analyzer-1,298,"{'data_quality': 254, 'model_size': 3, 'parallelism': 1}",5.87,-1,1,-1
2025-07-03 07:23:14.095018,elastic-workbench-pc-visualizer,elastic-workbench-pc-visualizer-1,20,"{'data_quality': 40, 'model_size': 1, 'parallelism': 1}",1.0,-1,46,-1
2025-07-03 07:23:24.087507,elastic-workbench-qr-detector,elastic-workbench-qr-detector-1,35,"{'data_quality': 687, 'parallelism': 1}",1.13,-1,24,-1
2025-07-03 07:23:24.093024,elastic-workbench-cv-analyzer,elastic-workbench-cv-analyzer-1,346,"{'data_quality': 254, 'model_size': 3, 'parallelism': 1}",5.87,-1,2,-1
2025-07-03 07:23:24.096510,elastic-workbench-pc-visualizer,elastic-workbench-pc-visualizer-1,19,"{'data_quality': 40, 'model_size': 1, 'parallelism': 1}",1.0,-1,48,-1
2025-07-03 07:23:34.088676,elastic-workbench-qr-detector,elastic-workbench-qr-detector-1,36,"{'data_quality': 687, 'parallelism': 1}",1.12,-1,25,-1
2025-07-03 07:23:34.091763,elastic-workbench-cv-analyzer,elastic-workbench-cv-analyzer-1,409,"{'data_quality': 254, 'model_size': 3, 'parallelism': 1}",5.87,-1,2,-1
2025-07-03 07:23:34.094352,elastic-workbench-pc-visualizer,elastic-workbench-pc-visualizer-1,21,"{'data_quality': 40, 'model_size': 1, 'parallelism': 1}",1.0,-1,46,-1
2025-07-03 07:23:44.088074,elastic-workbench-qr-detector,elastic-workbench-qr-detector-1,36,"{'data_quality': 687, 'parallelism': 1}",1.09,-1,25,-1
2025-07-03 07:23:44.091402,elastic-workbench-cv-analyzer,elastic-workbench-cv-analyzer-1,316,"{'data_quality': 254, 'model_size': 3, 'parallelism': 1}",5.91,-1,1,-1
2025-07-03 07:23:44.094297,elastic-workbench-pc-visualizer,elastic-workbench-pc-visualizer-1,20,"{'data_quality': 40, 'model_size': 1, 'parallelism': 1}",1.0,-1,46,-1
2025-07-03 07:23:54.088155,elastic-workbench-qr-detector,elastic-workbench-qr-detector-1,39,"{'data_quality': 687, 'parallelism': 1}",1.1,-1,24,-1
2025-07-03 07:23:54.091618,elastic-workbench-cv-analyzer,elastic-workbench-cv-analyzer-1,448,"{'data_quality': 254, 'model_size': 3, 'parallelism': 1}",5.9,-1,2,-1
2025-07-03 07:23:54.094268,elastic-workbench-pc-visualizer,elastic-workbench-pc-visualizer-1,20,"{'data_quality': 40, 'model_size': 1, 'parallelism': 1}",1.0,-1,47,-1
2025-07-03 07:24:04.088777,elastic-workbench-qr-detector,elastic-workbench-qr-detector-1,36,"{'data_quality': 687, 'parallelism': 1}",1.13,-1,26,-1
2025-07-03 07:24:04.091900,elastic-workbench-cv-analyzer,elastic-workbench-cv-analyzer-1,413,"{'data_quality': 254, 'model_size': 3, 'parallelism': 1}",5.87,-1,2,-1
2025-07-03 07:24:04.094729,elastic-workbench-pc-visualizer,elastic-workbench-pc-visualizer-1,21,"{'data_quality': 40, 'model_size': 1, 'parallelism': 1}",1.0,-1,45,-1
2025-07-03 07:24:14.089954,elastic-workbench-qr-detector,elastic-workbench-qr-detector-1,34,"{'data_quality': 687, 'parallelism': 1}",1.13,-1,26,-1
2025-07-03 07:24:14.093509,elastic-workbench-cv-analyzer,elastic-workbench-cv-analyzer-1,392,"{'data_quality': 254, 'model_size': 3, 'parallelism': 1}",5.87,-1,2,-1
2025-07-03 07:24:14.096249,elastic-workbench-pc-visualizer,elastic-workbench-pc-visualizer-1,21,"{'data_quality': 40, 'model_size': 1, 'parallelism': 1}",1.0,-1,46,-1
2025-07-03 07:24:24.090483,elastic-workbench-qr-detector,elastic-workbench-qr-detector-1,37,"{'data_quality': 687, 'parallelism': 1}",1.13,-1,25,-1
2025-07-03 07:24:24.093582,elastic-workbench-cv-analyzer,elastic-workbench-cv-analyzer-1,400,"{'data_quality': 254, 'model_size': 3, 'parallelism': 1}",5.87,-1,2,-1
2025-07-03 07:24:24.096191,elastic-workbench-pc-visualizer,elastic-workbench-pc-visualizer-1,20,"{'data_quality': 40, 'model_size': 1, 'parallelism': 1}",1.0,-1,46,-1
2025-07-03 07:24:34.091642,elastic-workbench-qr-detector,elastic-workbench-qr-detector-1,37,"{'data_quality': 687, 'parallelism': 1}",1.13,-1,26,-1
2025-07-03 07:24:34.094668,elastic-workbench-cv-analyzer,elastic-workbench-cv-analyzer-1,471,"{'data_quality': 254, 'model_size': 3, 'parallelism': 1}",5.87,-1,1,-1
2025-07-03 07:24:34.097241,elastic-workbench-pc-visualizer,elastic-workbench-pc-visualizer-1,20,"{'data_quality': 40, 'model_size': 1, 'parallelism': 1}",1.0,-1,46,-1
2025-07-03 07:24:44.091752,elastic-workbench-qr-detector,elastic-workbench-qr-detector-1,33,"{'data_quality': 687, 'parallelism': 1}",1.2,-1,28,-1
2025-07-03 07:24:44.094941,elastic-workbench-cv-analyzer,elastic-workbench-cv-analyzer-1,394,"{'data_quality': 254, 'model_size': 3, 'parallelism': 1}",5.8,-1,1,-1
2025-07-03 07:24:44.098301,elastic-workbench-pc-visualizer,elastic-workbench-pc-visualizer-1,20,"{'data_quality': 40, 'model_size': 1, 'parallelism': 1}",1.0,-1,46,-1
2025-07-03 07:24:54.092434,elastic-workbench-qr-detector,elastic-workbench-qr-detector-1,34,"{'data_quality': 687, 'parallelism': 1}",1.21,-1,28,-1
2025-07-03 07:24:54.095362,elastic-workbench-cv-analyzer,elastic-workbench-cv-analyzer-1,551,"{'data_quality': 254, 'model_size': 3, 'parallelism': 1}",5.79,-1,1,-1
2025-07-03 07:24:54.098385,elastic-workbench-pc-visualizer,elastic-workbench-pc-visualizer-1,20,"{'data_quality': 40, 'model_size': 1, 'parallelism': 1}",1.0,-1,46,-1
2025-07-03 07:25:04.093728,elastic-workbench-qr-detector,elastic-workbench-qr-detector-1,31,"{'data_quality': 687, 'parallelism': 1}",1.24,-1,28,-1
2025-07-03 07:25:04.096921,elastic-workbench-cv-analyzer,elastic-workbench-cv-analyzer-1,594,"{'data_quality': 254, 'model_size': 3, 'parallelism': 1}",5.76,-1,1,-1
2025-07-03 07:25:04.102454,elastic-workbench-pc-visualizer,elastic-workbench-pc-visualizer-1,20,"{'data_quality': 40, 'model_size': 1, 'parallelism': 1}",1.0,-1,46,-1
2025-07-03 07:25:14.093779,elastic-workbench-qr-detector,elastic-workbench-qr-detector-1,33,"{'data_quality': 687, 'parallelism': 1}",1.21,-1,28,-1
2025-07-03 07:25:14.096640,elastic-workbench-cv-analyzer,elastic-workbench-cv-analyzer-1,395,"{'data_quality': 254, 'model_size': 3, 'parallelism': 1}",5.79,-1,1,-1
2025-07-03 07:25:14.099731,elastic-workbench-pc-visualizer,elastic-workbench-pc-visualizer-1,20,"{'data_quality': 40, 'model_size': 1, 'parallelism': 1}",1.0,-1,47,-1
2025-07-03 07:25:24.095130,elastic-workbench-qr-detector,elastic-workbench-qr-detector-1,31,"{'data_quality': 687, 'parallelism': 1}",1.28,-1,30,-1
2025-07-03 07:25:24.098257,elastic-workbench-cv-analyzer,elastic-workbench-cv-analyzer-1,531,"{'data_quality': 254, 'model_size': 3, 'parallelism': 1}",5.72,-1,1,-1
2025-07-03 07:25:24.100828,elastic-workbench-pc-visualizer,elastic-workbench-pc-visualizer-1,20,"{'data_quality': 40, 'model_size': 1, 'parallelism': 1}",1.0,-1,46,-1
2025-07-03 07:25:34.095094,elastic-workbench-qr-detector,elastic-workbench-qr-detector-1,30,"{'data_quality': 687, 'parallelism': 1}",1.28,-1,30,-1
2025-07-03 07:25:34.098077,elastic-workbench-cv-analyzer,elastic-workbench-cv-analyzer-1,430,"{'data_quality': 254, 'model_size': 3, 'parallelism': 1}",5.72,-1,1,-1
2025-07-03 07:25:34.102472,elastic-workbench-pc-visualizer,elastic-workbench-pc-visualizer-1,20,"{'data_quality': 40, 'model_size': 1, 'parallelism': 1}",1.0,-1,46,-1
2025-07-03 07:25:44.095276,elastic-workbench-qr-detector,elastic-workbench-qr-detector-1,31,"{'data_quality': 687, 'parallelism': 1}",1.28,-1,30,-1
2025-07-03 07:25:44.098100,elastic-workbench-cv-analyzer,elastic-workbench-cv-analyzer-1,457,"{'data_quality': 254, 'model_size': 3, 'parallelism': 1}",5.72,-1,1,-1
2025-07-03 07:25:44.100776,elastic-workbench-pc-visualizer,elastic-workbench-pc-visualizer-1,20,"{'data_quality': 40, 'model_size': 1, 'parallelism': 1}",1.0,-1,47,-1
2025-07-03 07:25:54.095699,elastic-workbench-qr-detector,elastic-workbench-qr-detector-1,32,"{'data_quality': 687, 'parallelism': 1}",1.31,-1,30,-1
2025-07-03 07:25:54.099303,elastic-workbench-cv-analyzer,elastic-workbench-cv-analyzer-1,615,"{'data_quality': 254, 'model_size': 3, 'parallelism': 1}",5.69,-1,1,-1
2025-07-03 07:25:54.102129,elastic-workbench-pc-visualizer,elastic-workbench-pc-visualizer-1,21,"{'data_quality': 40, 'model_size': 1, 'parallelism': 1}",1.0,-1,45,-1
2025-07-03 07:26:04.096415,elastic-workbench-qr-detector,elastic-workbench-qr-detector-1,29,"{'data_quality': 687, 'parallelism': 1}",1.35,-1,31,-1
2025-07-03 07:26:04.099685,elastic-workbench-cv-analyzer,elastic-workbench-cv-analyzer-1,472,"{'data_quality': 254, 'model_size': 3, 'parallelism': 1}",5.65,-1,1,-1
2025-07-03 07:26:04.102367,elastic-workbench-pc-visualizer,elastic-workbench-pc-visualizer-1,21,"{'data_quality': 40, 'model_size': 1, 'parallelism': 1}",1.0,-1,45,-1
2025-07-03 07:26:14.096938,elastic-workbench-qr-detector,elastic-workbench-qr-detector-1,31,"{'data_quality': 687, 'parallelism': 1}",1.31,-1,30,-1
2025-07-03 07:26:14.099882,elastic-workbench-cv-analyzer,elastic-workbench-cv-analyzer-1,467,"{'data_quality': 254, 'model_size': 3, 'parallelism': 1}",5.69,-1,1,-1
2025-07-03 07:26:14.102570,elastic-workbench-pc-visualizer,elastic-workbench-pc-visualizer-1,20,"{'data_quality': 40, 'model_size': 1, 'parallelism': 1}",1.0,-1,47,-1
2025-07-03 07:26:24.096852,elastic-workbench-qr-detector,elastic-workbench-qr-detector-1,31,"{'data_quality': 687, 'parallelism': 1}",1.31,-1,30,-1
2025-07-03 07:26:24.099883,elastic-workbench-cv-analyzer,elastic-workbench-cv-analyzer-1,434,"{'data_quality': 254, 'model_size': 3, 'parallelism': 1}",5.69,-1,1,-1
2025-07-03 07:26:24.102623,elastic-workbench-pc-visualizer,elastic-workbench-pc-visualizer-1,21,"{'data_quality': 40, 'model_size': 1, 'parallelism': 1}",1.0,-1,46,-1
2025-07-03 07:26:34.097754,elastic-workbench-qr-detector,elastic-workbench-qr-detector-1,33,"{'data_quality': 687, 'parallelism': 1}",1.31,-1,29,-1
2025-07-03 07:26:34.100938,elastic-workbench-cv-analyzer,elastic-workbench-cv-analyzer-1,499,"{'data_quality': 254, 'model_size': 3, 'parallelism': 1}",5.69,-1,1,-1
2025-07-03 07:26:34.108647,elastic-workbench-pc-visualizer,elastic-workbench-pc-visualizer-1,21,"{'data_quality': 40, 'model_size': 1, 'parallelism': 1}",1.0,-1,46,-1
2025-07-03 07:26:44.098719,elastic-workbench-qr-detector,elastic-workbench-qr-detector-1,31,"{'data_quality': 687, 'parallelism': 1}",1.31,-1,30,-1
2025-07-03 07:26:44.101699,elastic-workbench-cv-analyzer,elastic-workbench-cv-analyzer-1,503,"{'data_quality': 254, 'model_size': 3, 'parallelism': 1}",5.69,-1,1,-1
2025-07-03 07:26:44.112432,elastic-workbench-pc-visualizer,elastic-workbench-pc-visualizer-1,21,"{'data_quality': 40, 'model_size': 1, 'parallelism': 1}",1.0,-1,45,-1
2025-07-03 07:26:54.099066,elastic-workbench-qr-detector,elastic-workbench-qr-detector-1,33,"{'data_quality': 687, 'parallelism': 1}",1.28,-1,28,-1
2025-07-03 07:26:54.101721,elastic-workbench-cv-analyzer,elastic-workbench-cv-analyzer-1,429,"{'data_quality': 254, 'model_size': 3, 'parallelism': 1}",5.72,-1,1,-1
2025-07-03 07:26:54.106094,elastic-workbench-pc-visualizer,elastic-workbench-pc-visualizer-1,20,"{'data_quality': 40, 'model_size': 1, 'parallelism': 1}",1.0,-1,48,-1
2025-07-03 07:27:04.099277,elastic-workbench-qr-detector,elastic-workbench-qr-detector-1,32,"{'data_quality': 687, 'parallelism': 1}",1.27,-1,29,-1
2025-07-03 07:27:04.103500,elastic-workbench-cv-analyzer,elastic-workbench-cv-analyzer-1,414,"{'data_quality': 254, 'model_size': 3, 'parallelism': 1}",5.73,-1,1,-1
2025-07-03 07:27:04.108512,elastic-workbench-pc-visualizer,elastic-workbench-pc-visualizer-1,20,"{'data_quality': 40, 'model_size': 1, 'parallelism': 1}",1.0,-1,47,-1
2025-07-03 07:27:14.102710,elastic-workbench-qr-detector,elastic-workbench-qr-detector-1,31,"{'data_quality': 687, 'parallelism': 1}",1.28,-1,31,-1
2025-07-03 07:27:14.105787,elastic-workbench-cv-analyzer,elastic-workbench-cv-analyzer-1,477,"{'data_quality': 254, 'model_size': 3, 'parallelism': 1}",5.72,-1,1,-1
2025-07-03 07:27:14.120194,elastic-workbench-pc-visualizer,elastic-workbench-pc-visualizer-1,20,"{'data_quality': 40, 'model_size': 1, 'parallelism': 1}",1.0,-1,47,-1
2025-07-03 07:27:24.101345,elastic-workbench-qr-detector,elastic-workbench-qr-detector-1,32,"{'data_quality': 687, 'parallelism': 1}",1.34,-1,30,-1
2025-07-03 07:27:24.104238,elastic-workbench-cv-analyzer,elastic-workbench-cv-analyzer-1,571,"{'data_quality': 254, 'model_size': 3, 'parallelism': 1}",5.66,-1,1,-1
2025-07-03 07:27:24.115338,elastic-workbench-pc-visualizer,elastic-workbench-pc-visualizer-1,20,"{'data_quality': 40, 'model_size': 1, 'parallelism': 1}",1.0,-1,47,-1
2025-07-03 07:27:34.101493,elastic-workbench-qr-detector,elastic-workbench-qr-detector-1,30,"{'data_quality': 687, 'parallelism': 1}",1.38,-1,32,-1
2025-07-03 07:27:34.104303,elastic-workbench-cv-analyzer,elastic-workbench-cv-analyzer-1,613,"{'data_quality': 254, 'model_size': 3, 'parallelism': 1}",5.62,-1,1,-1
2025-07-03 07:27:34.110291,elastic-workbench-pc-visualizer,elastic-workbench-pc-visualizer-1,21,"{'data_quality': 40, 'model_size': 1, 'parallelism': 1}",1.0,-1,45,-1
2025-07-03 07:27:44.102332,elastic-workbench-qr-detector,elastic-workbench-qr-detector-1,28,"{'data_quality': 687, 'parallelism': 1}",1.41,-1,34,-1
2025-07-03 07:27:44.105422,elastic-workbench-cv-analyzer,elastic-workbench-cv-analyzer-1,322,"{'data_quality': 254, 'model_size': 3, 'parallelism': 1}",5.59,-1,0,-1
2025-07-03 07:27:44.121384,elastic-workbench-pc-visualizer,elastic-workbench-pc-visualizer-1,20,"{'data_quality': 40, 'model_size': 1, 'parallelism': 1}",1.0,-1,48,-1
2025-07-03 07:27:54.103262,elastic-workbench-qr-detector,elastic-workbench-qr-detector-1,27,"{'data_quality': 687, 'parallelism': 1}",1.47,-1,35,-1
2025-07-03 07:27:54.106107,elastic-workbench-cv-analyzer,elastic-workbench-cv-analyzer-1,260,"{'data_quality': 254, 'model_size': 2, 'parallelism': 1}",5.53,-1,3,-1
2025-07-03 07:27:54.124713,elastic-workbench-pc-visualizer,elastic-workbench-pc-visualizer-1,21,"{'data_quality': 40, 'model_size': 1, 'parallelism': 1}",1.0,-1,46,-1
2025-07-03 07:28:04.104456,elastic-workbench-qr-detector,elastic-workbench-qr-detector-1,56,"{'data_quality': 687, 'parallelism': 1}",1.5,-1,34,-1
2025-07-03 07:28:04.114271,elastic-workbench-cv-analyzer,elastic-workbench-cv-analyzer-1,178,"{'data_quality': 254, 'model_size': 2, 'parallelism': 1}",5.5,-1,4,-1
2025-07-03 07:28:04.119377,elastic-workbench-pc-visualizer,elastic-workbench-pc-visualizer-1,20,"{'data_quality': 40, 'model_size': 1, 'parallelism': 1}",1.0,-1,48,-1
2025-07-03 07:28:14.105016,elastic-workbench-qr-detector,elastic-workbench-qr-detector-1,27,"{'data_quality': 687, 'parallelism': 1}",1.47,-1,35,-1
2025-07-03 07:28:14.115308,elastic-workbench-cv-analyzer,elastic-workbench-cv-analyzer-1,264,"{'data_quality': 254, 'model_size': 2, 'parallelism': 1}",5.53,-1,3,-1
2025-07-03 07:28:14.120353,elastic-workbench-pc-visualizer,elastic-workbench-pc-visualizer-1,20,"{'data_quality': 40, 'model_size': 1, 'parallelism': 1}",1.0,-1,48,-1
2025-07-03 07:28:24.105213,elastic-workbench-qr-detector,elastic-workbench-qr-detector-1,55,"{'data_quality': 687, 'parallelism': 1}",1.51,-1,35,-1
2025-07-03 07:28:24.111435,elastic-workbench-cv-analyzer,elastic-workbench-cv-analyzer-1,220,"{'data_quality': 254, 'model_size': 2, 'parallelism': 1}",5.49,-1,3,-1
2025-07-03 07:28:24.116908,elastic-workbench-pc-visualizer,elastic-workbench-pc-visualizer-1,19,"{'data_quality': 40, 'model_size': 1, 'parallelism': 1}",1.0,-1,48,-1
2025-07-03 07:28:34.106096,elastic-workbench-qr-detector,elastic-workbench-qr-detector-1,51,"{'data_quality': 687, 'parallelism': 1}",1.54,-1,37,-1
2025-07-03 07:28:34.112745,elastic-workbench-cv-analyzer,elastic-workbench-cv-analyzer-1,210,"{'data_quality': 254, 'model_size': 2, 'parallelism': 1}",5.46,-1,3,-1
2025-07-03 07:28:34.117621,elastic-workbench-pc-visualizer,elastic-workbench-pc-visualizer-1,19,"{'data_quality': 40, 'model_size': 1, 'parallelism': 1}",1.0,-1,49,-1
2025-07-03 07:28:44.110359,elastic-workbench-qr-detector,elastic-workbench-qr-detector-1,48,"{'data_quality': 687, 'parallelism': 1}",1.54,-1,37,-1
2025-07-03 07:28:44.116623,elastic-workbench-cv-analyzer,elastic-workbench-cv-analyzer-1,229,"{'data_quality': 254, 'model_size': 2, 'parallelism': 1}",5.46,-1,3,-1
2025-07-03 07:28:44.119726,elastic-workbench-pc-visualizer,elastic-workbench-pc-visualizer-1,19,"{'data_quality': 40, 'model_size': 1, 'parallelism': 1}",1.0,-1,49,-1
2025-07-03 07:28:54.110302,elastic-workbench-qr-detector,elastic-workbench-qr-detector-1,48,"{'data_quality': 687, 'parallelism': 1}",1.54,-1,35,-1
2025-07-03 07:28:54.116016,elastic-workbench-cv-analyzer,elastic-workbench-cv-analyzer-1,178,"{'data_quality': 254, 'model_size': 2, 'parallelism': 1}",5.46,-1,4,-1
2025-07-03 07:28:54.120339,elastic-workbench-pc-visualizer,elastic-workbench-pc-visualizer-1,20,"{'data_quality': 40, 'model_size': 1, 'parallelism': 1}",1.0,-1,47,-1
2025-07-03 07:29:04.111288,elastic-workbench-qr-detector,elastic-workbench-qr-detector-1,28,"{'data_quality': 687, 'parallelism': 1}",1.47,-1,34,-1
2025-07-03 07:29:04.123291,elastic-workbench-cv-analyzer,elastic-workbench-cv-analyzer-1,315,"{'data_quality': 254, 'model_size': 2, 'parallelism': 1}",5.53,-1,2,-1
2025-07-03 07:29:04.125714,elastic-workbench-pc-visualizer,elastic-workbench-pc-visualizer-1,20,"{'data_quality': 40, 'model_size': 1, 'parallelism': 1}",1.0,-1,47,-1
2025-07-03 07:29:14.118258,elastic-workbench-qr-detector,elastic-workbench-qr-detector-1,55,"{'data_quality': 687, 'parallelism': 1}",1.51,-1,35,-1
2025-07-03 07:29:14.121568,elastic-workbench-cv-analyzer,elastic-workbench-cv-analyzer-1,172,"{'data_quality': 254, 'model_size': 2, 'parallelism': 1}",5.49,-1,4,-1
2025-07-03 07:29:14.124292,elastic-workbench-pc-visualizer,elastic-workbench-pc-visualizer-1,19,"{'data_quality': 40, 'model_size': 1, 'parallelism': 1}",1.0,-1,49,-1
2025-07-03 07:29:24.112148,elastic-workbench-qr-detector,elastic-workbench-qr-detector-1,53,"{'data_quality': 687, 'parallelism': 1}",1.61,-1,36,-1
2025-07-03 07:29:24.116412,elastic-workbench-cv-analyzer,elastic-workbench-cv-analyzer-1,175,"{'data_quality': 254, 'model_size': 2, 'parallelism': 1}",5.39,-1,4,-1
2025-07-03 07:29:24.123421,elastic-workbench-pc-visualizer,elastic-workbench-pc-visualizer-1,19,"{'data_quality': 40, 'model_size': 1, 'parallelism': 1}",1.0,-1,48,-1
2025-07-03 07:29:34.111744,elastic-workbench-qr-detector,elastic-workbench-qr-detector-1,53,"{'data_quality': 687, 'parallelism': 1}",1.65,-1,36,-1
2025-07-03 07:29:34.116645,elastic-workbench-cv-analyzer,elastic-workbench-cv-analyzer-1,215,"{'data_quality': 254, 'model_size': 2, 'parallelism': 1}",5.35,-1,3,-1
2025-07-03 07:29:34.119601,elastic-workbench-pc-visualizer,elastic-workbench-pc-visualizer-1,20,"{'data_quality': 40, 'model_size': 1, 'parallelism': 1}",1.0,-1,46,-1
2025-07-03 07:29:44.117303,elastic-workbench-qr-detector,elastic-workbench-qr-detector-1,47,"{'data_quality': 687, 'parallelism': 1}",1.65,-1,38,-1
2025-07-03 07:29:44.122668,elastic-workbench-cv-analyzer,elastic-workbench-cv-analyzer-1,185,"{'data_quality': 254, 'model_size': 2, 'parallelism': 1}",5.35,-1,4,-1
2025-07-03 07:29:44.125469,elastic-workbench-pc-visualizer,elastic-workbench-pc-visualizer-1,19,"{'data_quality': 40, 'model_size': 1, 'parallelism': 1}",1.0,-1,49,-1
2025-07-03 07:29:54.114622,elastic-workbench-qr-detector,elastic-workbench-qr-detector-1,50,"{'data_quality': 687, 'parallelism': 1}",1.61,-1,38,-1
2025-07-03 07:29:54.117093,elastic-workbench-cv-analyzer,elastic-workbench-cv-analyzer-1,173,"{'data_quality': 254, 'model_size': 2, 'parallelism': 1}",5.39,-1,4,-1
2025-07-03 07:29:54.123507,elastic-workbench-pc-visualizer,elastic-workbench-pc-visualizer-1,19,"{'data_quality': 40, 'model_size': 1, 'parallelism': 1}",1.0,-1,49,-1
2025-07-03 07:30:04.114581,elastic-workbench-qr-detector,elastic-workbench-qr-detector-1,46,"{'data_quality': 687, 'parallelism': 1}",1.65,-1,38,-1
2025-07-03 07:30:04.121493,elastic-workbench-cv-analyzer,elastic-workbench-cv-analyzer-1,209,"{'data_quality': 254, 'model_size': 2, 'parallelism': 1}",5.35,-1,3,-1
2025-07-03 07:30:04.123985,elastic-workbench-pc-visualizer,elastic-workbench-pc-visualizer-1,20,"{'data_quality': 40, 'model_size': 1, 'parallelism': 1}",1.0,-1,48,-1
2025-07-03 07:30:14.114899,elastic-workbench-qr-detector,elastic-workbench-qr-detector-1,49,"{'data_quality': 687, 'parallelism': 1}",1.58,-1,36,-1
2025-07-03 07:30:14.117636,elastic-workbench-cv-analyzer,elastic-workbench-cv-analyzer-1,169,"{'data_quality': 254, 'model_size': 2, 'parallelism': 1}",5.42,-1,4,-1
2025-07-03 07:30:14.120943,elastic-workbench-pc-visualizer,elastic-workbench-pc-visualizer-1,19,"{'data_quality': 40, 'model_size': 1, 'parallelism': 1}",1.0,-1,48,-1
2025-07-03 07:30:24.125906,elastic-workbench-qr-detector,elastic-workbench-qr-detector-1,50,"{'data_quality': 687, 'parallelism': 1}",1.51,-1,35,-1
2025-07-03 07:30:24.128676,elastic-workbench-cv-analyzer,elastic-workbench-cv-analyzer-1,206,"{'data_quality': 254, 'model_size': 2, 'parallelism': 1}",5.49,-1,3,-1
2025-07-03 07:30:24.131379,elastic-workbench-pc-visualizer,elastic-workbench-pc-visualizer-1,18,"{'data_quality': 40, 'model_size': 1, 'parallelism': 1}",1.0,-1,50,-1
2025-07-03 07:30:34.116771,elastic-workbench-qr-detector,elastic-workbench-qr-detector-1,26,"{'data_quality': 687, 'parallelism': 1}",1.47,-1,34,-1
2025-07-03 07:30:34.119488,elastic-workbench-cv-analyzer,elastic-workbench-cv-analyzer-1,205,"{'data_quality': 254, 'model_size': 2, 'parallelism': 1}",5.53,-1,3,-1
2025-07-03 07:30:34.122138,elastic-workbench-pc-visualizer,elastic-workbench-pc-visualizer-1,18,"{'data_quality': 40, 'model_size': 1, 'parallelism': 1}",1.0,-1,50,-1
2025-07-03 07:30:44.122376,elastic-workbench-qr-detector,elastic-workbench-qr-detector-1,29,"{'data_quality': 687, 'parallelism': 1}",1.44,-1,33,-1
2025-07-03 07:30:44.126448,elastic-workbench-cv-analyzer,elastic-workbench-cv-analyzer-1,605,"{'data_quality': 254, 'model_size': 3, 'parallelism': 1}",5.56,-1,1,-1
2025-07-03 07:30:44.128998,elastic-workbench-pc-visualizer,elastic-workbench-pc-visualizer-1,20,"{'data_quality': 40, 'model_size': 1, 'parallelism': 1}",1.0,-1,47,-1
2025-07-03 07:30:54.122305,elastic-workbench-qr-detector,elastic-workbench-qr-detector-1,27,"{'data_quality': 687, 'parallelism': 1}",1.47,-1,34,-1
2025-07-03 07:30:54.125263,elastic-workbench-cv-analyzer,elastic-workbench-cv-analyzer-1,323,"{'data_quality': 254, 'model_size': 3, 'parallelism': 1}",5.53,-1,1,-1
2025-07-03 07:30:54.131457,elastic-workbench-pc-visualizer,elastic-workbench-pc-visualizer-1,20,"{'data_quality': 40, 'model_size': 1, 'parallelism': 1}",1.0,-1,46,-1
2025-07-03 07:31:04.126953,elastic-workbench-qr-detector,elastic-workbench-qr-detector-1,26,"{'data_quality': 687, 'parallelism': 1}",1.44,-1,33,-1
2025-07-03 07:31:04.129711,elastic-workbench-cv-analyzer,elastic-workbench-cv-analyzer-1,483,"{'data_quality': 254, 'model_size': 3, 'parallelism': 1}",5.56,-1,1,-1
2025-07-03 07:31:04.132581,elastic-workbench-pc-visualizer,elastic-workbench-pc-visualizer-1,19,"{'data_quality': 40, 'model_size': 1, 'parallelism': 1}",1.0,-1,48,-1
2025-07-03 07:31:14.120758,elastic-workbench-qr-detector,elastic-workbench-qr-detector-1,29,"{'data_quality': 687, 'parallelism': 1}",1.4,-1,32,-1
2025-07-03 07:31:14.123920,elastic-workbench-cv-analyzer,elastic-workbench-cv-analyzer-1,469,"{'data_quality': 254, 'model_size': 3, 'parallelism': 1}",5.6,-1,1,-1
2025-07-03 07:31:14.131554,elastic-workbench-pc-visualizer,elastic-workbench-pc-visualizer-1,20,"{'data_quality': 40, 'model_size': 1, 'parallelism': 1}",1.0,-1,46,-1
2025-07-03 07:31:24.127622,elastic-workbench-qr-detector,elastic-workbench-qr-detector-1,31,"{'data_quality': 687, 'parallelism': 1}",1.4,-1,31,-1
2025-07-03 07:31:24.130174,elastic-workbench-cv-analyzer,elastic-workbench-cv-analyzer-1,540,"{'data_quality': 254, 'model_size': 3, 'parallelism': 1}",5.6,-1,1,-1
2025-07-03 07:31:24.133157,elastic-workbench-pc-visualizer,elastic-workbench-pc-visualizer-1,21,"{'data_quality': 40, 'model_size': 1, 'parallelism': 1}",1.0,-1,46,-1
2025-07-03 07:31:34.128083,elastic-workbench-qr-detector,elastic-workbench-qr-detector-1,29,"{'data_quality': 687, 'parallelism': 1}",1.4,-1,32,-1
2025-07-03 07:31:34.133790,elastic-workbench-cv-analyzer,elastic-workbench-cv-analyzer-1,587,"{'data_quality': 254, 'model_size': 3, 'parallelism': 1}",5.6,-1,1,-1
2025-07-03 07:31:34.136928,elastic-workbench-pc-visualizer,elastic-workbench-pc-visualizer-1,20,"{'data_quality': 40, 'model_size': 1, 'parallelism': 1}",1.0,-1,46,-1
2025-07-03 07:31:44.123290,elastic-workbench-qr-detector,elastic-workbench-qr-detector-1,29,"{'data_quality': 687, 'parallelism': 1}",1.37,-1,31,-1
2025-07-03 07:31:44.125751,elastic-workbench-cv-analyzer,elastic-workbench-cv-analyzer-1,459,"{'data_quality': 254, 'model_size': 3, 'parallelism': 1}",5.63,-1,1,-1
2025-07-03 07:31:44.128438,elastic-workbench-pc-visualizer,elastic-workbench-pc-visualizer-1,20,"{'data_quality': 40, 'model_size': 1, 'parallelism': 1}",1.0,-1,46,-1
2025-07-03 07:31:54.129421,elastic-workbench-qr-detector,elastic-workbench-qr-detector-1,28,"{'data_quality': 687, 'parallelism': 1}",1.37,-1,31,-1
2025-07-03 07:31:54.136155,elastic-workbench-cv-analyzer,elastic-workbench-cv-analyzer-1,451,"{'data_quality': 254, 'model_size': 3, 'parallelism': 1}",5.63,-1,1,-1
2025-07-03 07:31:54.138745,elastic-workbench-pc-visualizer,elastic-workbench-pc-visualizer-1,19,"{'data_quality': 40, 'model_size': 1, 'parallelism': 1}",1.0,-1,49,-1
2025-07-03 07:32:04.128209,elastic-workbench-qr-detector,elastic-workbench-qr-detector-1,30,"{'data_quality': 687, 'parallelism': 1}",1.33,-1,30,-1
2025-07-03 07:32:04.130614,elastic-workbench-cv-analyzer,elastic-workbench-cv-analyzer-1,557,"{'data_quality': 254, 'model_size': 3, 'parallelism': 1}",5.67,-1,1,-1
2025-07-03 07:32:04.133435,elastic-workbench-pc-visualizer,elastic-workbench-pc-visualizer-1,19,"{'data_quality': 40, 'model_size': 1, 'parallelism': 1}",1.0,-1,48,-1
2025-07-03 07:32:14.131118,elastic-workbench-qr-detector,elastic-workbench-qr-detector-1,31,"{'data_quality': 687, 'parallelism': 1}",1.3,-1,30,-1
2025-07-03 07:32:14.135308,elastic-workbench-cv-analyzer,elastic-workbench-cv-analyzer-1,580,"{'data_quality': 254, 'model_size': 3, 'parallelism': 1}",5.7,-1,1,-1
2025-07-03 07:32:14.137840,elastic-workbench-pc-visualizer,elastic-workbench-pc-visualizer-1,21,"{'data_quality': 40, 'model_size': 1, 'parallelism': 1}",1.0,-1,45,-1
2025-07-03 07:32:24.138008,elastic-workbench-qr-detector,elastic-workbench-qr-detector-1,31,"{'data_quality': 687, 'parallelism': 1}",1.33,-1,31,-1
2025-07-03 07:32:24.143447,elastic-workbench-cv-analyzer,elastic-workbench-cv-analyzer-1,559,"{'data_quality': 254, 'model_size': 3, 'parallelism': 1}",5.67,-1,1,-1
2025-07-03 07:32:24.146161,elastic-workbench-pc-visualizer,elastic-workbench-pc-visualizer-1,20,"{'data_quality': 40, 'model_size': 1, 'parallelism': 1}",1.0,-1,46,-1
2025-07-03 07:32:34.131314,elastic-workbench-qr-detector,elastic-workbench-qr-detector-1,29,"{'data_quality': 687, 'parallelism': 1}",1.36,-1,31,-1
2025-07-03 07:32:34.134176,elastic-workbench-cv-analyzer,elastic-workbench-cv-analyzer-1,448,"{'data_quality': 254, 'model_size': 3, 'parallelism': 1}",5.64,-1,1,-1
2025-07-03 07:32:34.138493,elastic-workbench-pc-visualizer,elastic-workbench-pc-visualizer-1,21,"{'data_quality': 40, 'model_size': 1, 'parallelism': 1}",1.0,-1,45,-1
2025-07-03 07:32:44.136027,elastic-workbench-qr-detector,elastic-workbench-qr-detector-1,29,"{'data_quality': 687, 'parallelism': 1}",1.36,-1,31,-1
2025-07-03 07:32:44.138554,elastic-workbench-cv-analyzer,elastic-workbench-cv-analyzer-1,479,"{'data_quality': 254, 'model_size': 3, 'parallelism': 1}",5.64,-1,1,-1
2025-07-03 07:32:44.141201,elastic-workbench-pc-visualizer,elastic-workbench-pc-visualizer-1,20,"{'data_quality': 40, 'model_size': 1, 'parallelism': 1}",1.0,-1,46,-1
2025-07-03 07:32:54.140929,elastic-workbench-qr-detector,elastic-workbench-qr-detector-1,29,"{'data_quality': 687, 'parallelism': 1}",1.33,-1,32,-1
2025-07-03 07:32:54.143752,elastic-workbench-cv-analyzer,elastic-workbench-cv-analyzer-1,562,"{'data_quality': 254, 'model_size': 3, 'parallelism': 1}",5.67,-1,1,-1
2025-07-03 07:32:54.146646,elastic-workbench-pc-visualizer,elastic-workbench-pc-visualizer-1,20,"{'data_quality': 40, 'model_size': 1, 'parallelism': 1}",1.0,-1,46,-1
2025-07-03 07:33:04.136202,elastic-workbench-qr-detector,elastic-workbench-qr-detector-1,28,"{'data_quality': 687, 'parallelism': 1}",1.36,-1,32,-1
2025-07-03 07:33:04.139370,elastic-workbench-cv-analyzer,elastic-workbench-cv-analyzer-1,672,"{'data_quality': 254, 'model_size': 3, 'parallelism': 1}",5.64,-1,1,-1
2025-07-03 07:33:04.148595,elastic-workbench-pc-visualizer,elastic-workbench-pc-visualizer-1,20,"{'data_quality': 40, 'model_size': 1, 'parallelism': 1}",1.0,-1,46,-1
2025-07-03 07:33:14.142571,elastic-workbench-qr-detector,elastic-workbench-qr-detector-1,29,"{'data_quality': 687, 'parallelism': 1}",1.33,-1,31,-1
2025-07-03 07:33:14.145573,elastic-workbench-cv-analyzer,elastic-workbench-cv-analyzer-1,449,"{'data_quality': 254, 'model_size': 3, 'parallelism': 1}",5.67,-1,1,-1
2025-07-03 07:33:14.150058,elastic-workbench-pc-visualizer,elastic-workbench-pc-visualizer-1,20,"{'data_quality': 40, 'model_size': 1, 'parallelism': 1}",1.0,-1,47,-1
2025-07-03 07:33:24.138369,elastic-workbench-qr-detector,elastic-workbench-qr-detector-1,29,"{'data_quality': 687, 'parallelism': 1}",1.3,-1,30,-1
2025-07-03 07:33:24.144235,elastic-workbench-cv-analyzer,elastic-workbench-cv-analyzer-1,453,"{'data_quality': 254, 'model_size': 3, 'parallelism': 1}",5.7,-1,1,-1
2025-07-03 07:33:24.146701,elastic-workbench-pc-visualizer,elastic-workbench-pc-visualizer-1,20,"{'data_quality': 40, 'model_size': 1, 'parallelism': 1}",1.0,-1,47,-1
2025-07-03 07:33:34.135885,elastic-workbench-qr-detector,elastic-workbench-qr-detector-1,30,"{'data_quality': 687, 'parallelism': 1}",1.26,-1,30,-1
2025-07-03 07:33:34.138778,elastic-workbench-cv-analyzer,elastic-workbench-cv-analyzer-1,483,"{'data_quality': 254, 'model_size': 3, 'parallelism': 1}",5.74,-1,1,-1
2025-07-03 07:33:34.141337,elastic-workbench-pc-visualizer,elastic-workbench-pc-visualizer-1,20,"{'data_quality': 40, 'model_size': 1, 'parallelism': 1}",1.0,-1,47,-1
2025-07-03 07:33:44.143694,elastic-workbench-qr-detector,elastic-workbench-qr-detector-1,30,"{'data_quality': 687, 'parallelism': 1}",1.26,-1,29,-1
2025-07-03 07:33:44.146629,elastic-workbench-cv-analyzer,elastic-workbench-cv-analyzer-1,516,"{'data_quality': 254, 'model_size': 3, 'parallelism': 1}",5.74,-1,1,-1
2025-07-03 07:33:44.149189,elastic-workbench-pc-visualizer,elastic-workbench-pc-visualizer-1,20,"{'data_quality': 40, 'model_size': 1, 'parallelism': 1}",1.0,-1,47,-1
2025-07-03 07:33:54.139551,elastic-workbench-qr-detector,elastic-workbench-qr-detector-1,32,"{'data_quality': 687, 'parallelism': 1}",1.26,-1,30,-1
2025-07-03 07:33:54.142448,elastic-workbench-cv-analyzer,elastic-workbench-cv-analyzer-1,578,"{'data_quality': 254, 'model_size': 3, 'parallelism': 1}",5.74,-1,1,-1
2025-07-03 07:33:54.149539,elastic-workbench-pc-visualizer,elastic-workbench-pc-visualizer-1,20,"{'data_quality': 40, 'model_size': 1, 'parallelism': 1}",1.0,-1,46,-1
2025-07-03 07:34:04.137770,elastic-workbench-qr-detector,elastic-workbench-qr-detector-1,31,"{'data_quality': 687, 'parallelism': 1}",1.29,-1,31,-1
2025-07-03 07:34:04.141720,elastic-workbench-cv-analyzer,elastic-workbench-cv-analyzer-1,584,"{'data_quality': 254, 'model_size': 3, 'parallelism': 1}",5.71,-1,1,-1
2025-07-03 07:34:04.144329,elastic-workbench-pc-visualizer,elastic-workbench-pc-visualizer-1,20,"{'data_quality': 40, 'model_size': 1, 'parallelism': 1}",1.0,-1,46,-1
2025-07-03 07:34:14.147026,elastic-workbench-qr-detector,elastic-workbench-qr-detector-1,28,"{'data_quality': 687, 'parallelism': 1}",1.4,-1,34,-1
2025-07-03 07:34:14.150083,elastic-workbench-cv-analyzer,elastic-workbench-cv-analyzer-1,577,"{'data_quality': 254, 'model_size': 3, 'parallelism': 1}",5.6,-1,1,-1
2025-07-03 07:34:14.152686,elastic-workbench-pc-visualizer,elastic-workbench-pc-visualizer-1,20,"{'data_quality': 40, 'model_size': 1, 'parallelism': 1}",1.0,-1,47,-1
2025-07-03 07:34:24.146704,elastic-workbench-qr-detector,elastic-workbench-qr-detector-1,27,"{'data_quality': 687, 'parallelism': 1}",1.47,-1,35,-1
2025-07-03 07:34:24.150116,elastic-workbench-cv-analyzer,elastic-workbench-cv-analyzer-1,209,"{'data_quality': 254, 'model_size': 2, 'parallelism': 1}",5.53,-1,4,-1
2025-07-03 07:34:24.153230,elastic-workbench-pc-visualizer,elastic-workbench-pc-visualizer-1,19,"{'data_quality': 40, 'model_size': 1, 'parallelism': 1}",1.0,-1,48,-1
2025-07-03 07:34:34.145495,elastic-workbench-qr-detector,elastic-workbench-qr-detector-1,27,"{'data_quality': 687, 'parallelism': 1}",1.46,-1,34,-1
2025-07-03 07:34:34.148382,elastic-workbench-cv-analyzer,elastic-workbench-cv-analyzer-1,190,"{'data_quality': 254, 'model_size': 2, 'parallelism': 1}",5.54,-1,4,-1
2025-07-03 07:34:34.151750,elastic-workbench-pc-visualizer,elastic-workbench-pc-visualizer-1,20,"{'data_quality': 40, 'model_size': 1, 'parallelism': 1}",1.0,-1,47,-1
2025-07-03 07:34:44.143328,elastic-workbench-qr-detector,elastic-workbench-qr-detector-1,27,"{'data_quality': 687, 'parallelism': 1}",1.43,-1,33,-1
2025-07-03 07:34:44.146334,elastic-workbench-cv-analyzer,elastic-workbench-cv-analyzer-1,214,"{'data_quality': 254, 'model_size': 2, 'parallelism': 1}",5.57,-1,3,-1
2025-07-03 07:34:44.149234,elastic-workbench-pc-visualizer,elastic-workbench-pc-visualizer-1,19,"{'data_quality': 40, 'model_size': 1, 'parallelism': 1}",1.0,-1,50,-1
2025-07-03 07:34:54.143051,elastic-workbench-qr-detector,elastic-workbench-qr-detector-1,29,"{'data_quality': 687, 'parallelism': 1}",1.36,-1,32,-1
2025-07-03 07:34:54.149370,elastic-workbench-cv-analyzer,elastic-workbench-cv-analyzer-1,489,"{'data_quality': 254, 'model_size': 3, 'parallelism': 1}",5.64,-1,1,-1
2025-07-03 07:34:54.152239,elastic-workbench-pc-visualizer,elastic-workbench-pc-visualizer-1,20,"{'data_quality': 40, 'model_size': 1, 'parallelism': 1}",1.0,-1,47,-1
2025-07-03 07:35:04.140668,elastic-workbench-qr-detector,elastic-workbench-qr-detector-1,28,"{'data_quality': 687, 'parallelism': 1}",1.46,-1,33,-1
2025-07-03 07:35:04.143591,elastic-workbench-cv-analyzer,elastic-workbench-cv-analyzer-1,204,"{'data_quality': 254, 'model_size': 2, 'parallelism': 1}",5.54,-1,3,-1
2025-07-03 07:35:04.146537,elastic-workbench-pc-visualizer,elastic-workbench-pc-visualizer-1,19,"{'data_quality': 40, 'model_size': 1, 'parallelism': 1}",1.0,-1,48,-1
2025-07-03 07:35:14.140734,elastic-workbench-qr-detector,elastic-workbench-qr-detector-1,50,"{'data_quality': 687, 'parallelism': 1}",1.54,-1,37,-1
2025-07-03 07:35:14.143633,elastic-workbench-cv-analyzer,elastic-workbench-cv-analyzer-1,253,"{'data_quality': 254, 'model_size': 2, 'parallelism': 1}",5.46,-1,3,-1
2025-07-03 07:35:14.146452,elastic-workbench-pc-visualizer,elastic-workbench-pc-visualizer-1,20,"{'data_quality': 40, 'model_size': 1, 'parallelism': 1}",1.0,-1,46,-1
2025-07-03 07:35:24.141720,elastic-workbench-qr-detector,elastic-workbench-qr-detector-1,53,"{'data_quality': 687, 'parallelism': 1}",1.54,-1,36,-1
2025-07-03 07:35:24.144479,elastic-workbench-cv-analyzer,elastic-workbench-cv-analyzer-1,177,"{'data_quality': 254, 'model_size': 2, 'parallelism': 1}",5.46,-1,4,-1
2025-07-03 07:35:24.147051,elastic-workbench-pc-visualizer,elastic-workbench-pc-visualizer-1,19,"{'data_quality': 40, 'model_size': 1, 'parallelism': 1}",1.0,-1,48,-1
2025-07-03 07:35:34.142048,elastic-workbench-qr-detector,elastic-workbench-qr-detector-1,53,"{'data_quality': 687, 'parallelism': 1}",1.57,-1,35,-1
2025-07-03 07:35:34.144623,elastic-workbench-cv-analyzer,elastic-workbench-cv-analyzer-1,158,"{'data_quality': 254, 'model_size': 2, 'parallelism': 1}",5.43,-1,4,-1
2025-07-03 07:35:34.147187,elastic-workbench-pc-visualizer,elastic-workbench-pc-visualizer-1,20,"{'data_quality': 40, 'model_size': 1, 'parallelism': 1}",1.0,-1,48,-1
2025-07-03 07:35:44.142977,elastic-workbench-qr-detector,elastic-workbench-qr-detector-1,53,"{'data_quality': 687, 'parallelism': 1}",1.61,-1,36,-1
2025-07-03 07:35:44.145506,elastic-workbench-cv-analyzer,elastic-workbench-cv-analyzer-1,199,"{'data_quality': 254, 'model_size': 2, 'parallelism': 1}",5.39,-1,3,-1
2025-07-03 07:35:44.148004,elastic-workbench-pc-visualizer,elastic-workbench-pc-visualizer-1,21,"{'data_quality': 40, 'model_size': 1, 'parallelism': 1}",1.0,-1,45,-1
2025-07-03 07:35:54.145840,elastic-workbench-qr-detector,elastic-workbench-qr-detector-1,52,"{'data_quality': 687, 'parallelism': 1}",1.57,-1,36,-1
2025-07-03 07:35:54.148717,elastic-workbench-cv-analyzer,elastic-workbench-cv-analyzer-1,189,"{'data_quality': 254, 'model_size': 2, 'parallelism': 1}",5.43,-1,4,-1
2025-07-03 07:35:54.151476,elastic-workbench-pc-visualizer,elastic-workbench-pc-visualizer-1,19,"{'data_quality': 40, 'model_size': 1, 'parallelism': 1}",1.0,-1,48,-1
2025-07-03 07:36:04.147335,elastic-workbench-qr-detector,elastic-workbench-qr-detector-1,50,"{'data_quality': 687, 'parallelism': 1}",1.61,-1,38,-1
2025-07-03 07:36:04.150490,elastic-workbench-cv-analyzer,elastic-workbench-cv-analyzer-1,174,"{'data_quality': 254, 'model_size': 2, 'parallelism': 1}",5.39,-1,4,-1
2025-07-03 07:36:04.155523,elastic-workbench-pc-visualizer,elastic-workbench-pc-visualizer-1,19,"{'data_quality': 40, 'model_size': 1, 'parallelism': 1}",1.0,-1,49,-1
2025-07-03 07:36:14.150747,elastic-workbench-qr-detector,elastic-workbench-qr-detector-1,54,"{'data_quality': 687, 'parallelism': 1}",1.57,-1,34,-1
2025-07-03 07:36:14.153417,elastic-workbench-cv-analyzer,elastic-workbench-cv-analyzer-1,186,"{'data_quality': 254, 'model_size': 2, 'parallelism': 1}",5.43,-1,3,-1
2025-07-03 07:36:14.156120,elastic-workbench-pc-visualizer,elastic-workbench-pc-visualizer-1,20,"{'data_quality': 40, 'model_size': 1, 'parallelism': 1}",1.0,-1,47,-1
2025-07-03 07:36:24.147301,elastic-workbench-qr-detector,elastic-workbench-qr-detector-1,57,"{'data_quality': 687, 'parallelism': 1}",1.54,-1,34,-1
2025-07-03 07:36:24.150366,elastic-workbench-cv-analyzer,elastic-workbench-cv-analyzer-1,198,"{'data_quality': 254, 'model_size': 2, 'parallelism': 1}",5.46,-1,3,-1
2025-07-03 07:36:24.153199,elastic-workbench-pc-visualizer,elastic-workbench-pc-visualizer-1,20,"{'data_quality': 40, 'model_size': 1, 'parallelism': 1}",1.0,-1,46,-1
2025-07-03 07:36:34.149479,elastic-workbench-qr-detector,elastic-workbench-qr-detector-1,53,"{'data_quality': 687, 'parallelism': 1}",1.61,-1,36,-1
2025-07-03 07:36:34.152048,elastic-workbench-cv-analyzer,elastic-workbench-cv-analyzer-1,185,"{'data_quality': 254, 'model_size': 2, 'parallelism': 1}",5.39,-1,3,-1
2025-07-03 07:36:34.154770,elastic-workbench-pc-visualizer,elastic-workbench-pc-visualizer-1,20,"{'data_quality': 40, 'model_size': 1, 'parallelism': 1}",1.0,-1,48,-1
2025-07-03 07:36:44.150601,elastic-workbench-qr-detector,elastic-workbench-qr-detector-1,51,"{'data_quality': 687, 'parallelism': 1}",1.58,-1,35,-1
2025-07-03 07:36:44.153145,elastic-workbench-cv-analyzer,elastic-workbench-cv-analyzer-1,175,"{'data_quality': 254, 'model_size': 2, 'parallelism': 1}",5.42,-1,4,-1
2025-07-03 07:36:44.155600,elastic-workbench-pc-visualizer,elastic-workbench-pc-visualizer-1,20,"{'data_quality': 40, 'model_size': 1, 'parallelism': 1}",1.0,-1,47,-1
2025-07-03 07:36:54.150656,elastic-workbench-qr-detector,elastic-workbench-qr-detector-1,52,"{'data_quality': 687, 'parallelism': 1}",1.57,-1,36,-1
2025-07-03 07:36:54.153330,elastic-workbench-cv-analyzer,elastic-workbench-cv-analyzer-1,163,"{'data_quality': 254, 'model_size': 2, 'parallelism': 1}",5.43,-1,4,-1
2025-07-03 07:36:54.156178,elastic-workbench-pc-visualizer,elastic-workbench-pc-visualizer-1,19,"{'data_quality': 40, 'model_size': 1, 'parallelism': 1}",1.0,-1,49,-1
2025-07-03 07:37:04.149537,elastic-workbench-qr-detector,elastic-workbench-qr-detector-1,50,"{'data_quality': 687, 'parallelism': 1}",1.61,-1,38,-1
2025-07-03 07:37:04.152559,elastic-workbench-cv-analyzer,elastic-workbench-cv-analyzer-1,194,"{'data_quality': 254, 'model_size': 2, 'parallelism': 1}",5.39,-1,4,-1
2025-07-03 07:37:04.155069,elastic-workbench-pc-visualizer,elastic-workbench-pc-visualizer-1,20,"{'data_quality': 40, 'model_size': 1, 'parallelism': 1}",1.0,-1,46,-1
2025-07-03 07:37:10.992236,elastic-workbench-qr-detector,elastic-workbench-qr-detector-1,27,"{'data_quality': 550, 'parallelism': 1}",2.67,-1,41,-1
2025-07-03 07:37:10.995263,elastic-workbench-cv-analyzer,elastic-workbench-cv-analyzer-1,321,"{'data_quality': 224, 'model_size': 3, 'parallelism': 1}",2.67,-1,1,-1
2025-07-03 07:37:10.997837,elastic-workbench-pc-visualizer,elastic-workbench-pc-visualizer-1,20,"{'data_quality': 30, 'model_size': 1, 'parallelism': 1}",2.67,-1,47,-1
2025-07-03 07:37:20.980323,elastic-workbench-qr-detector,elastic-workbench-qr-detector-1,27,"{'data_quality': 551, 'parallelism': 1}",1.72,-1,42,-1
2025-07-03 07:37:20.985636,elastic-workbench-cv-analyzer,elastic-workbench-cv-analyzer-1,172,"{'data_quality': 224, 'model_size': 2, 'parallelism': 1}",5.28,-1,4,-1
2025-07-03 07:37:20.988791,elastic-workbench-pc-visualizer,elastic-workbench-pc-visualizer-1,19,"{'data_quality': 40, 'model_size': 1, 'parallelism': 1}",1.0,-1,48,-1
2025-07-03 07:37:30.981081,elastic-workbench-qr-detector,elastic-workbench-qr-detector-1,29,"{'data_quality': 551, 'parallelism': 1}",1.75,-1,41,-1
2025-07-03 07:37:30.983792,elastic-workbench-cv-analyzer,elastic-workbench-cv-analyzer-1,167,"{'data_quality': 224, 'model_size': 2, 'parallelism': 1}",5.25,-1,4,-1
2025-07-03 07:37:30.987596,elastic-workbench-pc-visualizer,elastic-workbench-pc-visualizer-1,20,"{'data_quality': 40, 'model_size': 1, 'parallelism': 1}",1.0,-1,47,-1
2025-07-03 07:37:40.981507,elastic-workbench-qr-detector,elastic-workbench-qr-detector-1,28,"{'data_quality': 551, 'parallelism': 1}",1.71,-1,40,-1
2025-07-03 07:37:40.984237,elastic-workbench-cv-analyzer,elastic-workbench-cv-analyzer-1,170,"{'data_quality': 224, 'model_size': 2, 'parallelism': 1}",5.29,-1,4,-1
2025-07-03 07:37:40.986817,elastic-workbench-pc-visualizer,elastic-workbench-pc-visualizer-1,20,"{'data_quality': 40, 'model_size': 1, 'parallelism': 1}",1.0,-1,48,-1
2025-07-03 07:37:50.982263,elastic-workbench-qr-detector,elastic-workbench-qr-detector-1,28,"{'data_quality': 551, 'parallelism': 1}",1.72,-1,41,-1
2025-07-03 07:37:50.984859,elastic-workbench-cv-analyzer,elastic-workbench-cv-analyzer-1,156,"{'data_quality': 224, 'model_size': 2, 'parallelism': 1}",5.28,-1,4,-1
2025-07-03 07:37:50.987353,elastic-workbench-pc-visualizer,elastic-workbench-pc-visualizer-1,19,"{'data_quality': 40, 'model_size': 1, 'parallelism': 1}",1.0,-1,48,-1
2025-07-03 07:38:00.983057,elastic-workbench-qr-detector,elastic-workbench-qr-detector-1,28,"{'data_quality': 551, 'parallelism': 1}",1.66,-1,39,-1
2025-07-03 07:38:00.985733,elastic-workbench-cv-analyzer,elastic-workbench-cv-analyzer-1,114,"{'data_quality': 224, 'model_size': 2, 'parallelism': 1}",5.34,-1,4,-1
2025-07-03 07:38:00.988655,elastic-workbench-pc-visualizer,elastic-workbench-pc-visualizer-1,19,"{'data_quality': 40, 'model_size': 1, 'parallelism': 1}",1.0,-1,48,-1
2025-07-03 07:38:10.983598,elastic-workbench-qr-detector,elastic-workbench-qr-detector-1,27,"{'data_quality': 551, 'parallelism': 1}",1.66,-1,39,-1
2025-07-03 07:38:10.986413,elastic-workbench-cv-analyzer,elastic-workbench-cv-analyzer-1,142,"{'data_quality': 224, 'model_size': 2, 'parallelism': 1}",5.34,-1,4,-1
2025-07-03 07:38:10.988973,elastic-workbench-pc-visualizer,elastic-workbench-pc-visualizer-1,19,"{'data_quality': 40, 'model_size': 1, 'parallelism': 1}",1.0,-1,49,-1
2025-07-03 07:38:20.984256,elastic-workbench-qr-detector,elastic-workbench-qr-detector-1,28,"{'data_quality': 551, 'parallelism': 1}",1.68,-1,37,-1
2025-07-03 07:38:20.986991,elastic-workbench-cv-analyzer,elastic-workbench-cv-analyzer-1,146,"{'data_quality': 224, 'model_size': 2, 'parallelism': 1}",5.32,-1,4,-1
2025-07-03 07:38:20.989661,elastic-workbench-pc-visualizer,elastic-workbench-pc-visualizer-1,19,"{'data_quality': 40, 'model_size': 1, 'parallelism': 1}",1.0,-1,48,-1
2025-07-03 07:38:30.984406,elastic-workbench-qr-detector,elastic-workbench-qr-detector-1,28,"{'data_quality': 551, 'parallelism': 1}",1.66,-1,36,-1
2025-07-03 07:38:30.987339,elastic-workbench-cv-analyzer,elastic-workbench-cv-analyzer-1,194,"{'data_quality': 224, 'model_size': 2, 'parallelism': 1}",5.34,-1,3,-1
2025-07-03 07:38:30.990210,elastic-workbench-pc-visualizer,elastic-workbench-pc-visualizer-1,19,"{'data_quality': 40, 'model_size': 1, 'parallelism': 1}",1.0,-1,49,-1
2025-07-03 07:38:40.985424,elastic-workbench-qr-detector,elastic-workbench-qr-detector-1,29,"{'data_quality': 551, 'parallelism': 1}",1.61,-1,36,-1
2025-07-03 07:38:40.988197,elastic-workbench-cv-analyzer,elastic-workbench-cv-analyzer-1,136,"{'data_quality': 224, 'model_size': 2, 'parallelism': 1}",5.39,-1,4,-1
2025-07-03 07:38:40.990751,elastic-workbench-pc-visualizer,elastic-workbench-pc-visualizer-1,19,"{'data_quality': 40, 'model_size': 1, 'parallelism': 1}",1.0,-1,49,-1
2025-07-03 07:38:50.987233,elastic-workbench-qr-detector,elastic-workbench-qr-detector-1,28,"{'data_quality': 551, 'parallelism': 1}",1.6,-1,37,-1
2025-07-03 07:38:50.989999,elastic-workbench-cv-analyzer,elastic-workbench-cv-analyzer-1,141,"{'data_quality': 224, 'model_size': 2, 'parallelism': 1}",5.4,-1,4,-1
2025-07-03 07:38:50.992452,elastic-workbench-pc-visualizer,elastic-workbench-pc-visualizer-1,19,"{'data_quality': 40, 'model_size': 1, 'parallelism': 1}",1.0,-1,50,-1
2025-07-03 07:39:00.988311,elastic-workbench-qr-detector,elastic-workbench-qr-detector-1,28,"{'data_quality': 551, 'parallelism': 1}",1.6,-1,36,-1
2025-07-03 07:39:00.992834,elastic-workbench-cv-analyzer,elastic-workbench-cv-analyzer-1,150,"{'data_quality': 224, 'model_size': 2, 'parallelism': 1}",5.4,-1,4,-1
2025-07-03 07:39:00.995365,elastic-workbench-pc-visualizer,elastic-workbench-pc-visualizer-1,19,"{'data_quality': 40, 'model_size': 1, 'parallelism': 1}",1.0,-1,50,-1
2025-07-03 07:39:10.995633,elastic-workbench-qr-detector,elastic-workbench-qr-detector-1,29,"{'data_quality': 551, 'parallelism': 1}",1.56,-1,35,-1
2025-07-03 07:39:10.998442,elastic-workbench-cv-analyzer,elastic-workbench-cv-analyzer-1,145,"{'data_quality': 224, 'model_size': 2, 'parallelism': 1}",5.44,-1,4,-1
2025-07-03 07:39:11.002252,elastic-workbench-pc-visualizer,elastic-workbench-pc-visualizer-1,19,"{'data_quality': 40, 'model_size': 1, 'parallelism': 1}",1.0,-1,49,-1
2025-07-03 07:39:20.993729,elastic-workbench-qr-detector,elastic-workbench-qr-detector-1,29,"{'data_quality': 551, 'parallelism': 1}",1.59,-1,33,-1
2025-07-03 07:39:20.998800,elastic-workbench-cv-analyzer,elastic-workbench-cv-analyzer-1,128,"{'data_quality': 224, 'model_size': 2, 'parallelism': 1}",5.41,-1,3,-1
2025-07-03 07:39:21.001220,elastic-workbench-pc-visualizer,elastic-workbench-pc-visualizer-1,19,"{'data_quality': 40, 'model_size': 1, 'parallelism': 1}",1.0,-1,48,-1
2025-07-03 07:39:30.992914,elastic-workbench-qr-detector,elastic-workbench-qr-detector-1,29,"{'data_quality': 551, 'parallelism': 1}",1.56,-1,33,-1
2025-07-03 07:39:30.995787,elastic-workbench-cv-analyzer,elastic-workbench-cv-analyzer-1,259,"{'data_quality': 224, 'model_size': 3, 'parallelism': 1}",5.44,-1,3,-1
2025-07-03 07:39:30.998360,elastic-workbench-pc-visualizer,elastic-workbench-pc-visualizer-1,20,"{'data_quality': 40, 'model_size': 1, 'parallelism': 1}",1.0,-1,47,-1
2025-07-03 07:39:40.990850,elastic-workbench-qr-detector,elastic-workbench-qr-detector-1,28,"{'data_quality': 551, 'parallelism': 1}",1.56,-1,31,-1
2025-07-03 07:39:40.997781,elastic-workbench-cv-analyzer,elastic-workbench-cv-analyzer-1,308,"{'data_quality': 224, 'model_size': 3, 'parallelism': 1}",5.44,-1,2,-1
2025-07-03 07:39:41.000819,elastic-workbench-pc-visualizer,elastic-workbench-pc-visualizer-1,19,"{'data_quality': 40, 'model_size': 1, 'parallelism': 1}",1.0,-1,49,-1
2025-07-03 07:39:50.990641,elastic-workbench-qr-detector,elastic-workbench-qr-detector-1,28,"{'data_quality': 551, 'parallelism': 1}",1.53,-1,29,-1
2025-07-03 07:39:50.996164,elastic-workbench-cv-analyzer,elastic-workbench-cv-analyzer-1,416,"{'data_quality': 224, 'model_size': 3, 'parallelism': 1}",5.47,-1,2,-1
2025-07-03 07:39:50.999456,elastic-workbench-pc-visualizer,elastic-workbench-pc-visualizer-1,20,"{'data_quality': 40, 'model_size': 1, 'parallelism': 1}",1.0,-1,47,-1
2025-07-03 07:40:00.990927,elastic-workbench-qr-detector,elastic-workbench-qr-detector-1,28,"{'data_quality': 551, 'parallelism': 1}",1.51,-1,29,-1
2025-07-03 07:40:00.994008,elastic-workbench-cv-analyzer,elastic-workbench-cv-analyzer-1,294,"{'data_quality': 224, 'model_size': 3, 'parallelism': 1}",5.49,-1,2,-1
2025-07-03 07:40:01.000059,elastic-workbench-pc-visualizer,elastic-workbench-pc-visualizer-1,21,"{'data_quality': 40, 'model_size': 1, 'parallelism': 1}",1.0,-1,46,-1
2025-07-03 07:40:10.991240,elastic-workbench-qr-detector,elastic-workbench-qr-detector-1,29,"{'data_quality': 551, 'parallelism': 1}",1.51,-1,28,-1
2025-07-03 07:40:10.994041,elastic-workbench-cv-analyzer,elastic-workbench-cv-analyzer-1,336,"{'data_quality': 224, 'model_size': 3, 'parallelism': 1}",5.49,-1,2,-1
2025-07-03 07:40:10.999485,elastic-workbench-pc-visualizer,elastic-workbench-pc-visualizer-1,20,"{'data_quality': 40, 'model_size': 1, 'parallelism': 1}",1.0,-1,47,-1
2025-07-03 07:40:20.992463,elastic-workbench-qr-detector,elastic-workbench-qr-detector-1,17,"{'data_quality': 551, 'parallelism': 1}",1.49,-1,28,-1
2025-07-03 07:40:20.995298,elastic-workbench-cv-analyzer,elastic-workbench-cv-analyzer-1,300,"{'data_quality': 224, 'model_size': 3, 'parallelism': 1}",5.51,-1,2,-1
2025-07-03 07:40:20.997829,elastic-workbench-pc-visualizer,elastic-workbench-pc-visualizer-1,19,"{'data_quality': 40, 'model_size': 1, 'parallelism': 1}",1.0,-1,49,-1
2025-07-03 07:40:30.993475,elastic-workbench-qr-detector,elastic-workbench-qr-detector-1,16,"{'data_quality': 551, 'parallelism': 1}",1.49,-1,28,-1
2025-07-03 07:40:30.996277,elastic-workbench-cv-analyzer,elastic-workbench-cv-analyzer-1,353,"{'data_quality': 224, 'model_size': 3, 'parallelism': 1}",5.51,-1,2,-1
2025-07-03 07:40:30.999113,elastic-workbench-pc-visualizer,elastic-workbench-pc-visualizer-1,20,"{'data_quality': 40, 'model_size': 1, 'parallelism': 1}",1.0,-1,47,-1
2025-07-03 07:40:40.994581,elastic-workbench-qr-detector,elastic-workbench-qr-detector-1,16,"{'data_quality': 551, 'parallelism': 1}",1.49,-1,27,-1
2025-07-03 07:40:40.997418,elastic-workbench-cv-analyzer,elastic-workbench-cv-analyzer-1,343,"{'data_quality': 224, 'model_size': 3, 'parallelism': 1}",5.51,-1,2,-1
2025-07-03 07:40:41.000008,elastic-workbench-pc-visualizer,elastic-workbench-pc-visualizer-1,20,"{'data_quality': 40, 'model_size': 1, 'parallelism': 1}",1.0,-1,48,-1
2025-07-03 07:40:50.995444,elastic-workbench-qr-detector,elastic-workbench-qr-detector-1,17,"{'data_quality': 551, 'parallelism': 1}",1.49,-1,27,-1
2025-07-03 07:40:50.998286,elastic-workbench-cv-analyzer,elastic-workbench-cv-analyzer-1,345,"{'data_quality': 224, 'model_size': 3, 'parallelism': 1}",5.51,-1,2,-1
2025-07-03 07:40:51.000856,elastic-workbench-pc-visualizer,elastic-workbench-pc-visualizer-1,20,"{'data_quality': 40, 'model_size': 1, 'parallelism': 1}",1.0,-1,47,-1
2025-07-03 07:41:00.996395,elastic-workbench-qr-detector,elastic-workbench-qr-detector-1,17,"{'data_quality': 551, 'parallelism': 1}",1.49,-1,27,-1
2025-07-03 07:41:00.999216,elastic-workbench-cv-analyzer,elastic-workbench-cv-analyzer-1,299,"{'data_quality': 224, 'model_size': 3, 'parallelism': 1}",5.51,-1,2,-1
2025-07-03 07:41:01.001812,elastic-workbench-pc-visualizer,elastic-workbench-pc-visualizer-1,19,"{'data_quality': 40, 'model_size': 1, 'parallelism': 1}",1.0,-1,49,-1
2025-07-03 07:41:10.996632,elastic-workbench-qr-detector,elastic-workbench-qr-detector-1,17,"{'data_quality': 551, 'parallelism': 1}",1.49,-1,26,-1
2025-07-03 07:41:10.999376,elastic-workbench-cv-analyzer,elastic-workbench-cv-analyzer-1,320,"{'data_quality': 224, 'model_size': 3, 'parallelism': 1}",5.51,-1,2,-1
2025-07-03 07:41:11.002113,elastic-workbench-pc-visualizer,elastic-workbench-pc-visualizer-1,20,"{'data_quality': 40, 'model_size': 1, 'parallelism': 1}",1.0,-1,47,-1
2025-07-03 07:41:20.997122,elastic-workbench-qr-detector,elastic-workbench-qr-detector-1,17,"{'data_quality': 551, 'parallelism': 1}",1.49,-1,25,-1
2025-07-03 07:41:20.999921,elastic-workbench-cv-analyzer,elastic-workbench-cv-analyzer-1,346,"{'data_quality': 224, 'model_size': 3, 'parallelism': 1}",5.51,-1,2,-1
2025-07-03 07:41:21.002628,elastic-workbench-pc-visualizer,elastic-workbench-pc-visualizer-1,20,"{'data_quality': 40, 'model_size': 1, 'parallelism': 1}",1.0,-1,47,-1
2025-07-03 07:41:30.997652,elastic-workbench-qr-detector,elastic-workbench-qr-detector-1,16,"{'data_quality': 551, 'parallelism': 1}",1.49,-1,26,-1
2025-07-03 07:41:31.000299,elastic-workbench-cv-analyzer,elastic-workbench-cv-analyzer-1,245,"{'data_quality': 224, 'model_size': 3, 'parallelism': 1}",5.51,-1,2,-1
2025-07-03 07:41:31.002823,elastic-workbench-pc-visualizer,elastic-workbench-pc-visualizer-1,20,"{'data_quality': 40, 'model_size': 1, 'parallelism': 1}",1.0,-1,47,-1
2025-07-03 07:41:40.998873,elastic-workbench-qr-detector,elastic-workbench-qr-detector-1,17,"{'data_quality': 551, 'parallelism': 1}",1.48,-1,25,-1
2025-07-03 07:41:41.001697,elastic-workbench-cv-analyzer,elastic-workbench-cv-analyzer-1,241,"{'data_quality': 224, 'model_size': 3, 'parallelism': 1}",5.52,-1,2,-1
2025-07-03 07:41:41.004229,elastic-workbench-pc-visualizer,elastic-workbench-pc-visualizer-1,19,"{'data_quality': 40, 'model_size': 1, 'parallelism': 1}",1.0,-1,48,-1
2025-07-03 07:41:50.999147,elastic-workbench-qr-detector,elastic-workbench-qr-detector-1,32,"{'data_quality': 651, 'parallelism': 1}",1.87,-1,25,-1
2025-07-03 07:41:51.001879,elastic-workbench-cv-analyzer,elastic-workbench-cv-analyzer-1,656,"{'data_quality': 320, 'model_size': 3, 'parallelism': 1}",5.13,-1,1,-1
2025-07-03 07:41:51.004514,elastic-workbench-pc-visualizer,elastic-workbench-pc-visualizer-1,20,"{'data_quality': 40, 'model_size': 1, 'parallelism': 1}",1.0,-1,46,-1
2025-07-03 07:42:00.999687,elastic-workbench-qr-detector,elastic-workbench-qr-detector-1,32,"{'data_quality': 651, 'parallelism': 1}",1.85,-1,24,-1
2025-07-03 07:42:01.002516,elastic-workbench-cv-analyzer,elastic-workbench-cv-analyzer-1,236,"{'data_quality': 320, 'model_size': 2, 'parallelism': 1}",5.15,-1,2,-1
2025-07-03 07:42:01.005002,elastic-workbench-pc-visualizer,elastic-workbench-pc-visualizer-1,20,"{'data_quality': 40, 'model_size': 1, 'parallelism': 1}",1.0,-1,48,-1
2025-07-03 07:42:11.000343,elastic-workbench-qr-detector,elastic-workbench-qr-detector-1,35,"{'data_quality': 651, 'parallelism': 1}",1.79,-1,23,-1
2025-07-03 07:42:11.002920,elastic-workbench-cv-analyzer,elastic-workbench-cv-analyzer-1,611,"{'data_quality': 320, 'model_size': 3, 'parallelism': 1}",5.21,-1,1,-1
2025-07-03 07:42:11.005662,elastic-workbench-pc-visualizer,elastic-workbench-pc-visualizer-1,20,"{'data_quality': 40, 'model_size': 1, 'parallelism': 1}",1.0,-1,46,-1
2025-07-03 07:42:21.000850,elastic-workbench-qr-detector,elastic-workbench-qr-detector-1,35,"{'data_quality': 651, 'parallelism': 1}",1.77,-1,22,-1
2025-07-03 07:42:21.003645,elastic-workbench-cv-analyzer,elastic-workbench-cv-analyzer-1,499,"{'data_quality': 320, 'model_size': 3, 'parallelism': 1}",5.23,-1,1,-1
2025-07-03 07:42:21.006264,elastic-workbench-pc-visualizer,elastic-workbench-pc-visualizer-1,20,"{'data_quality': 40, 'model_size': 1, 'parallelism': 1}",1.0,-1,46,-1
2025-07-03 07:42:31.001066,elastic-workbench-qr-detector,elastic-workbench-qr-detector-1,36,"{'data_quality': 651, 'parallelism': 1}",1.75,-1,22,-1
2025-07-03 07:42:31.003999,elastic-workbench-cv-analyzer,elastic-workbench-cv-analyzer-1,521,"{'data_quality': 320, 'model_size': 3, 'parallelism': 1}",5.25,-1,1,-1
2025-07-03 07:42:31.010291,elastic-workbench-pc-visualizer,elastic-workbench-pc-visualizer-1,20,"{'data_quality': 40, 'model_size': 1, 'parallelism': 1}",1.0,-1,46,-1
2025-07-03 07:42:41.001208,elastic-workbench-qr-detector,elastic-workbench-qr-detector-1,34,"{'data_quality': 652, 'parallelism': 1}",1.78,-1,22,-1
2025-07-03 07:42:41.003836,elastic-workbench-cv-analyzer,elastic-workbench-cv-analyzer-1,619,"{'data_quality': 320, 'model_size': 3, 'parallelism': 1}",5.22,-1,1,-1
2025-07-03 07:42:41.006387,elastic-workbench-pc-visualizer,elastic-workbench-pc-visualizer-1,20,"{'data_quality': 40, 'model_size': 1, 'parallelism': 1}",1.0,-1,46,-1
2025-07-03 07:42:51.002147,elastic-workbench-qr-detector,elastic-workbench-qr-detector-1,38,"{'data_quality': 652, 'parallelism': 1}",1.75,-1,22,-1
2025-07-03 07:42:51.005009,elastic-workbench-cv-analyzer,elastic-workbench-cv-analyzer-1,499,"{'data_quality': 320, 'model_size': 3, 'parallelism': 1}",5.25,-1,1,-1
2025-07-03 07:42:51.014311,elastic-workbench-pc-visualizer,elastic-workbench-pc-visualizer-1,19,"{'data_quality': 40, 'model_size': 1, 'parallelism': 1}",1.0,-1,48,-1
2025-07-03 07:43:01.004801,elastic-workbench-qr-detector,elastic-workbench-qr-detector-1,36,"{'data_quality': 652, 'parallelism': 1}",1.76,-1,21,-1
2025-07-03 07:43:01.014434,elastic-workbench-cv-analyzer,elastic-workbench-cv-analyzer-1,594,"{'data_quality': 320, 'model_size': 3, 'parallelism': 1}",5.24,-1,1,-1
2025-07-03 07:43:01.018493,elastic-workbench-pc-visualizer,elastic-workbench-pc-visualizer-1,19,"{'data_quality': 40, 'model_size': 1, 'parallelism': 1}",1.0,-1,48,-1
2025-07-03 07:43:11.003600,elastic-workbench-qr-detector,elastic-workbench-qr-detector-1,38,"{'data_quality': 652, 'parallelism': 1}",1.72,-1,22,-1
2025-07-03 07:43:11.010445,elastic-workbench-cv-analyzer,elastic-workbench-cv-analyzer-1,517,"{'data_quality': 320, 'model_size': 3, 'parallelism': 1}",5.28,-1,1,-1
2025-07-03 07:43:11.014194,elastic-workbench-pc-visualizer,elastic-workbench-pc-visualizer-1,19,"{'data_quality': 40, 'model_size': 1, 'parallelism': 1}",1.0,-1,49,-1
2025-07-03 07:43:21.004266,elastic-workbench-qr-detector,elastic-workbench-qr-detector-1,39,"{'data_quality': 652, 'parallelism': 1}",1.71,-1,21,-1
2025-07-03 07:43:21.014232,elastic-workbench-cv-analyzer,elastic-workbench-cv-analyzer-1,444,"{'data_quality': 320, 'model_size': 3, 'parallelism': 1}",5.29,-1,1,-1
2025-07-03 07:43:21.016706,elastic-workbench-pc-visualizer,elastic-workbench-pc-visualizer-1,19,"{'data_quality': 40, 'model_size': 1, 'parallelism': 1}",1.0,-1,47,-1
2025-07-03 07:43:31.005499,elastic-workbench-qr-detector,elastic-workbench-qr-detector-1,39,"{'data_quality': 652, 'parallelism': 1}",1.68,-1,22,-1
2025-07-03 07:43:31.017637,elastic-workbench-cv-analyzer,elastic-workbench-cv-analyzer-1,558,"{'data_quality': 320, 'model_size': 3, 'parallelism': 1}",5.32,-1,1,-1
2025-07-03 07:43:31.022370,elastic-workbench-pc-visualizer,elastic-workbench-pc-visualizer-1,20,"{'data_quality': 40, 'model_size': 1, 'parallelism': 1}",1.0,-1,47,-1
2025-07-03 07:43:41.005320,elastic-workbench-qr-detector,elastic-workbench-qr-detector-1,38,"{'data_quality': 652, 'parallelism': 1}",1.72,-1,23,-1
2025-07-03 07:43:41.012232,elastic-workbench-cv-analyzer,elastic-workbench-cv-analyzer-1,688,"{'data_quality': 320, 'model_size': 3, 'parallelism': 1}",5.28,-1,1,-1
2025-07-03 07:43:41.016271,elastic-workbench-pc-visualizer,elastic-workbench-pc-visualizer-1,20,"{'data_quality': 40, 'model_size': 1, 'parallelism': 1}",1.0,-1,47,-1
2025-07-03 07:43:51.018550,elastic-workbench-qr-detector,elastic-workbench-qr-detector-1,41,"{'data_quality': 652, 'parallelism': 1}",1.69,-1,22,-1
2025-07-03 07:43:51.021583,elastic-workbench-cv-analyzer,elastic-workbench-cv-analyzer-1,496,"{'data_quality': 320, 'model_size': 3, 'parallelism': 1}",5.31,-1,1,-1
2025-07-03 07:43:51.024315,elastic-workbench-pc-visualizer,elastic-workbench-pc-visualizer-1,20,"{'data_quality': 40, 'model_size': 1, 'parallelism': 1}",1.0,-1,48,-1
2025-07-03 07:44:01.008572,elastic-workbench-qr-detector,elastic-workbench-qr-detector-1,38,"{'data_quality': 652, 'parallelism': 1}",1.72,-1,24,-1
2025-07-03 07:44:01.018524,elastic-workbench-cv-analyzer,elastic-workbench-cv-analyzer-1,543,"{'data_quality': 320, 'model_size': 3, 'parallelism': 1}",5.28,-1,1,-1
2025-07-03 07:44:01.023260,elastic-workbench-pc-visualizer,elastic-workbench-pc-visualizer-1,20,"{'data_quality': 40, 'model_size': 1, 'parallelism': 1}",1.0,-1,47,-1
2025-07-03 07:44:11.010339,elastic-workbench-qr-detector,elastic-workbench-qr-detector-1,36,"{'data_quality': 652, 'parallelism': 1}",1.75,-1,25,-1
2025-07-03 07:44:11.023083,elastic-workbench-cv-analyzer,elastic-workbench-cv-analyzer-1,520,"{'data_quality': 320, 'model_size': 3, 'parallelism': 1}",5.25,-1,0,-1
2025-07-03 07:44:11.025980,elastic-workbench-pc-visualizer,elastic-workbench-pc-visualizer-1,20,"{'data_quality': 40, 'model_size': 1, 'parallelism': 1}",1.0,-1,48,-1
2025-07-03 07:44:21.013363,elastic-workbench-qr-detector,elastic-workbench-qr-detector-1,38,"{'data_quality': 652, 'parallelism': 1}",1.74,-1,23,-1
2025-07-03 07:44:21.022371,elastic-workbench-cv-analyzer,elastic-workbench-cv-analyzer-1,577,"{'data_quality': 320, 'model_size': 3, 'parallelism': 1}",5.26,-1,1,-1
2025-07-03 07:44:21.027651,elastic-workbench-pc-visualizer,elastic-workbench-pc-visualizer-1,20,"{'data_quality': 40, 'model_size': 1, 'parallelism': 1}",1.0,-1,47,-1
2025-07-03 07:44:31.014301,elastic-workbench-qr-detector,elastic-workbench-qr-detector-1,38,"{'data_quality': 652, 'parallelism': 1}",1.71,-1,23,-1
2025-07-03 07:44:31.017554,elastic-workbench-cv-analyzer,elastic-workbench-cv-analyzer-1,601,"{'data_quality': 320, 'model_size': 3, 'parallelism': 1}",5.29,-1,1,-1
2025-07-03 07:44:31.023212,elastic-workbench-pc-visualizer,elastic-workbench-pc-visualizer-1,20,"{'data_quality': 40, 'model_size': 1, 'parallelism': 1}",1.0,-1,47,-1
2025-07-03 07:44:41.014726,elastic-workbench-qr-detector,elastic-workbench-qr-detector-1,41,"{'data_quality': 652, 'parallelism': 1}",1.64,-1,23,-1
2025-07-03 07:44:41.017596,elastic-workbench-cv-analyzer,elastic-workbench-cv-analyzer-1,485,"{'data_quality': 320, 'model_size': 3, 'parallelism': 1}",5.36,-1,1,-1
2025-07-03 07:44:41.021043,elastic-workbench-pc-visualizer,elastic-workbench-pc-visualizer-1,20,"{'data_quality': 40, 'model_size': 1, 'parallelism': 1}",1.0,-1,46,-1
2025-07-03 07:44:51.017294,elastic-workbench-qr-detector,elastic-workbench-qr-detector-1,39,"{'data_quality': 652, 'parallelism': 1}",1.64,-1,22,-1
2025-07-03 07:44:51.023606,elastic-workbench-cv-analyzer,elastic-workbench-cv-analyzer-1,502,"{'data_quality': 320, 'model_size': 3, 'parallelism': 1}",5.36,-1,1,-1
2025-07-03 07:44:51.029801,elastic-workbench-pc-visualizer,elastic-workbench-pc-visualizer-1,19,"{'data_quality': 40, 'model_size': 1, 'parallelism': 1}",1.0,-1,48,-1
2025-07-03 07:45:01.015778,elastic-workbench-qr-detector,elastic-workbench-qr-detector-1,43,"{'data_quality': 652, 'parallelism': 1}",1.65,-1,23,-1
2025-07-03 07:45:01.018360,elastic-workbench-cv-analyzer,elastic-workbench-cv-analyzer-1,696,"{'data_quality': 320, 'model_size': 3, 'parallelism': 1}",5.35,-1,1,-1
2025-07-03 07:45:01.021516,elastic-workbench-pc-visualizer,elastic-workbench-pc-visualizer-1,19,"{'data_quality': 40, 'model_size': 1, 'parallelism': 1}",1.0,-1,48,-1
2025-07-03 07:45:11.018313,elastic-workbench-qr-detector,elastic-workbench-qr-detector-1,40,"{'data_quality': 652, 'parallelism': 1}",1.64,-1,25,-1
2025-07-03 07:45:11.021891,elastic-workbench-cv-analyzer,elastic-workbench-cv-analyzer-1,644,"{'data_quality': 320, 'model_size': 3, 'parallelism': 1}",5.36,-1,1,-1
2025-07-03 07:45:11.028181,elastic-workbench-pc-visualizer,elastic-workbench-pc-visualizer-1,20,"{'data_quality': 40, 'model_size': 1, 'parallelism': 1}",1.0,-1,46,-1
2025-07-03 07:45:21.020304,elastic-workbench-qr-detector,elastic-workbench-qr-detector-1,42,"{'data_quality': 652, 'parallelism': 1}",1.63,-1,24,-1
2025-07-03 07:45:21.023088,elastic-workbench-cv-analyzer,elastic-workbench-cv-analyzer-1,664,"{'data_quality': 320, 'model_size': 3, 'parallelism': 1}",5.37,-1,1,-1
2025-07-03 07:45:21.029730,elastic-workbench-pc-visualizer,elastic-workbench-pc-visualizer-1,20,"{'data_quality': 40, 'model_size': 1, 'parallelism': 1}",1.0,-1,47,-1
2025-07-03 07:45:31.018854,elastic-workbench-qr-detector,elastic-workbench-qr-detector-1,38,"{'data_quality': 652, 'parallelism': 1}",1.66,-1,24,-1
2025-07-03 07:45:31.024547,elastic-workbench-cv-analyzer,elastic-workbench-cv-analyzer-1,533,"{'data_quality': 320, 'model_size': 3, 'parallelism': 1}",5.34,-1,1,-1
2025-07-03 07:45:31.027381,elastic-workbench-pc-visualizer,elastic-workbench-pc-visualizer-1,19,"{'data_quality': 40, 'model_size': 1, 'parallelism': 1}",1.0,-1,49,-1
2025-07-03 07:45:41.023166,elastic-workbench-qr-detector,elastic-workbench-qr-detector-1,40,"{'data_quality': 652, 'parallelism': 1}",1.62,-1,24,-1
2025-07-03 07:45:41.025752,elastic-workbench-cv-analyzer,elastic-workbench-cv-analyzer-1,634,"{'data_quality': 320, 'model_size': 3, 'parallelism': 1}",5.38,-1,1,-1
2025-07-03 07:45:41.028387,elastic-workbench-pc-visualizer,elastic-workbench-pc-visualizer-1,19,"{'data_quality': 40, 'model_size': 1, 'parallelism': 1}",1.0,-1,48,-1
2025-07-03 07:45:51.020043,elastic-workbench-qr-detector,elastic-workbench-qr-detector-1,41,"{'data_quality': 652, 'parallelism': 1}",1.59,-1,24,-1
2025-07-03 07:45:51.022576,elastic-workbench-cv-analyzer,elastic-workbench-cv-analyzer-1,613,"{'data_quality': 320, 'model_size': 3, 'parallelism': 1}",5.41,-1,0,-1
2025-07-03 07:45:51.025513,elastic-workbench-pc-visualizer,elastic-workbench-pc-visualizer-1,21,"{'data_quality': 40, 'model_size': 1, 'parallelism': 1}",1.0,-1,46,-1
2025-07-03 07:46:01.021031,elastic-workbench-qr-detector,elastic-workbench-qr-detector-1,39,"{'data_quality': 652, 'parallelism': 1}",1.61,-1,23,-1
2025-07-03 07:46:01.024472,elastic-workbench-cv-analyzer,elastic-workbench-cv-analyzer-1,599,"{'data_quality': 320, 'model_size': 3, 'parallelism': 1}",5.39,-1,1,-1
2025-07-03 07:46:01.026929,elastic-workbench-pc-visualizer,elastic-workbench-pc-visualizer-1,20,"{'data_quality': 40, 'model_size': 1, 'parallelism': 1}",1.0,-1,47,-1
2025-07-03 07:46:11.021213,elastic-workbench-qr-detector,elastic-workbench-qr-detector-1,40,"{'data_quality': 652, 'parallelism': 1}",1.6,-1,22,-1
2025-07-03 07:46:11.024415,elastic-workbench-cv-analyzer,elastic-workbench-cv-analyzer-1,670,"{'data_quality': 320, 'model_size': 3, 'parallelism': 1}",5.4,-1,1,-1
2025-07-03 07:46:11.026979,elastic-workbench-pc-visualizer,elastic-workbench-pc-visualizer-1,20,"{'data_quality': 40, 'model_size': 1, 'parallelism': 1}",1.0,-1,46,-1
2025-07-03 07:46:21.024708,elastic-workbench-qr-detector,elastic-workbench-qr-detector-1,40,"{'data_quality': 652, 'parallelism': 1}",1.57,-1,22,-1
2025-07-03 07:46:21.034455,elastic-workbench-cv-analyzer,elastic-workbench-cv-analyzer-1,546,"{'data_quality': 320, 'model_size': 3, 'parallelism': 1}",5.43,-1,1,-1
2025-07-03 07:46:21.036934,elastic-workbench-pc-visualizer,elastic-workbench-pc-visualizer-1,20,"{'data_quality': 40, 'model_size': 1, 'parallelism': 1}",1.0,-1,46,-1
2025-07-03 07:46:31.024275,elastic-workbench-qr-detector,elastic-workbench-qr-detector-1,39,"{'data_quality': 652, 'parallelism': 1}",1.56,-1,23,-1
2025-07-03 07:46:31.026757,elastic-workbench-cv-analyzer,elastic-workbench-cv-analyzer-1,515,"{'data_quality': 320, 'model_size': 3, 'parallelism': 1}",5.44,-1,1,-1
2025-07-03 07:46:31.029487,elastic-workbench-pc-visualizer,elastic-workbench-pc-visualizer-1,19,"{'data_quality': 40, 'model_size': 1, 'parallelism': 1}",1.0,-1,48,-1
2025-07-03 07:46:41.023974,elastic-workbench-qr-detector,elastic-workbench-qr-detector-1,41,"{'data_quality': 652, 'parallelism': 1}",1.56,-1,25,-1
2025-07-03 07:46:41.028670,elastic-workbench-cv-analyzer,elastic-workbench-cv-analyzer-1,444,"{'data_quality': 320, 'model_size': 3, 'parallelism': 1}",5.44,-1,1,-1
2025-07-03 07:46:41.031137,elastic-workbench-pc-visualizer,elastic-workbench-pc-visualizer-1,19,"{'data_quality': 40, 'model_size': 1, 'parallelism': 1}",1.0,-1,49,-1
2025-07-03 07:46:51.023057,elastic-workbench-qr-detector,elastic-workbench-qr-detector-1,41,"{'data_quality': 652, 'parallelism': 1}",1.6,-1,25,-1
2025-07-03 07:46:51.025624,elastic-workbench-cv-analyzer,elastic-workbench-cv-analyzer-1,584,"{'data_quality': 320, 'model_size': 3, 'parallelism': 1}",5.4,-1,1,-1
2025-07-03 07:46:51.029264,elastic-workbench-pc-visualizer,elastic-workbench-pc-visualizer-1,20,"{'data_quality': 40, 'model_size': 1, 'parallelism': 1}",1.0,-1,47,-1
2025-07-03 07:47:01.026870,elastic-workbench-qr-detector,elastic-workbench-qr-detector-1,41,"{'data_quality': 652, 'parallelism': 1}",1.6,-1,27,-1
2025-07-03 07:47:01.037307,elastic-workbench-cv-analyzer,elastic-workbench-cv-analyzer-1,248,"{'data_quality': 320, 'model_size': 2, 'parallelism': 1}",5.4,-1,2,-1
2025-07-03 07:47:01.039899,elastic-workbench-pc-visualizer,elastic-workbench-pc-visualizer-1,20,"{'data_quality': 40, 'model_size': 1, 'parallelism': 1}",1.0,-1,47,-1
2025-07-03 07:47:11.024608,elastic-workbench-qr-detector,elastic-workbench-qr-detector-1,40,"{'data_quality': 652, 'parallelism': 1}",1.63,-1,27,-1
2025-07-03 07:47:11.032159,elastic-workbench-cv-analyzer,elastic-workbench-cv-analyzer-1,244,"{'data_quality': 320, 'model_size': 2, 'parallelism': 1}",5.37,-1,3,-1
2025-07-03 07:47:11.034780,elastic-workbench-pc-visualizer,elastic-workbench-pc-visualizer-1,20,"{'data_quality': 40, 'model_size': 1, 'parallelism': 1}",1.0,-1,46,-1
2025-07-03 07:47:21.026846,elastic-workbench-qr-detector,elastic-workbench-qr-detector-1,41,"{'data_quality': 652, 'parallelism': 1}",1.63,-1,25,-1
2025-07-03 07:47:21.029808,elastic-workbench-cv-analyzer,elastic-workbench-cv-analyzer-1,248,"{'data_quality': 320, 'model_size': 2, 'parallelism': 1}",5.37,-1,3,-1
2025-07-03 07:47:21.036820,elastic-workbench-pc-visualizer,elastic-workbench-pc-visualizer-1,20,"{'data_quality': 40, 'model_size': 1, 'parallelism': 1}",1.0,-1,48,-1
2025-07-03 07:47:31.026567,elastic-workbench-qr-detector,elastic-workbench-qr-detector-1,42,"{'data_quality': 652, 'parallelism': 1}",1.56,-1,24,-1
2025-07-03 07:47:31.029240,elastic-workbench-cv-analyzer,elastic-workbench-cv-analyzer-1,215,"{'data_quality': 320, 'model_size': 2, 'parallelism': 1}",5.44,-1,2,-1
2025-07-03 07:47:31.032057,elastic-workbench-pc-visualizer,elastic-workbench-pc-visualizer-1,19,"{'data_quality': 40, 'model_size': 1, 'parallelism': 1}",1.0,-1,49,-1
2025-07-03 07:47:41.029250,elastic-workbench-qr-detector,elastic-workbench-qr-detector-1,43,"{'data_quality': 652, 'parallelism': 1}",1.53,-1,25,-1
2025-07-03 07:47:41.031808,elastic-workbench-cv-analyzer,elastic-workbench-cv-analyzer-1,562,"{'data_quality': 320, 'model_size': 3, 'parallelism': 1}",5.47,-1,1,-1
2025-07-03 07:47:41.034425,elastic-workbench-pc-visualizer,elastic-workbench-pc-visualizer-1,20,"{'data_quality': 40, 'model_size': 1, 'parallelism': 1}",1.0,-1,47,-1
2025-07-03 07:47:51.028558,elastic-workbench-qr-detector,elastic-workbench-qr-detector-1,45,"{'data_quality': 652, 'parallelism': 1}",1.55,-1,26,-1
2025-07-03 07:47:51.031089,elastic-workbench-cv-analyzer,elastic-workbench-cv-analyzer-1,579,"{'data_quality': 320, 'model_size': 3, 'parallelism': 1}",5.45,-1,1,-1
2025-07-03 07:47:51.033875,elastic-workbench-pc-visualizer,elastic-workbench-pc-visualizer-1,21,"{'data_quality': 40, 'model_size': 1, 'parallelism': 1}",1.0,-1,45,-1
2025-07-03 07:48:01.028318,elastic-workbench-qr-detector,elastic-workbench-qr-detector-1,40,"{'data_quality': 652, 'parallelism': 1}",1.59,-1,26,-1
2025-07-03 07:48:01.031137,elastic-workbench-cv-analyzer,elastic-workbench-cv-analyzer-1,316,"{'data_quality': 320, 'model_size': 2, 'parallelism': 1}",5.41,-1,2,-1
2025-07-03 07:48:01.034277,elastic-workbench-pc-visualizer,elastic-workbench-pc-visualizer-1,20,"{'data_quality': 40, 'model_size': 1, 'parallelism': 1}",1.0,-1,47,-1
2025-07-03 07:48:11.031132,elastic-workbench-qr-detector,elastic-workbench-qr-detector-1,43,"{'data_quality': 652, 'parallelism': 1}",1.59,-1,28,-1
2025-07-03 07:48:11.034582,elastic-workbench-cv-analyzer,elastic-workbench-cv-analyzer-1,316,"{'data_quality': 320, 'model_size': 2, 'parallelism': 1}",5.41,-1,2,-1
2025-07-03 07:48:11.037198,elastic-workbench-pc-visualizer,elastic-workbench-pc-visualizer-1,20,"{'data_quality': 40, 'model_size': 1, 'parallelism': 1}",1.0,-1,47,-1
2025-07-03 07:48:21.031352,elastic-workbench-qr-detector,elastic-workbench-qr-detector-1,43,"{'data_quality': 652, 'parallelism': 1}",1.58,-1,28,-1
2025-07-03 07:48:21.034464,elastic-workbench-cv-analyzer,elastic-workbench-cv-analyzer-1,237,"{'data_quality': 320, 'model_size': 2, 'parallelism': 1}",5.42,-1,3,-1
2025-07-03 07:48:21.037007,elastic-workbench-pc-visualizer,elastic-workbench-pc-visualizer-1,19,"{'data_quality': 40, 'model_size': 1, 'parallelism': 1}",1.0,-1,48,-1
2025-07-03 07:48:31.029671,elastic-workbench-qr-detector,elastic-workbench-qr-detector-1,41,"{'data_quality': 652, 'parallelism': 1}",1.61,-1,28,-1
2025-07-03 07:48:31.032165,elastic-workbench-cv-analyzer,elastic-workbench-cv-analyzer-1,370,"{'data_quality': 320, 'model_size': 2, 'parallelism': 1}",5.39,-1,2,-1
2025-07-03 07:48:31.034543,elastic-workbench-pc-visualizer,elastic-workbench-pc-visualizer-1,20,"{'data_quality': 40, 'model_size': 1, 'parallelism': 1}",1.0,-1,46,-1
2025-07-03 07:48:41.034269,elastic-workbench-qr-detector,elastic-workbench-qr-detector-1,44,"{'data_quality': 652, 'parallelism': 1}",1.63,-1,28,-1
2025-07-03 07:48:41.037045,elastic-workbench-cv-analyzer,elastic-workbench-cv-analyzer-1,223,"{'data_quality': 320, 'model_size': 2, 'parallelism': 1}",5.37,-1,2,-1
2025-07-03 07:48:41.039535,elastic-workbench-pc-visualizer,elastic-workbench-pc-visualizer-1,19,"{'data_quality': 40, 'model_size': 1, 'parallelism': 1}",1.0,-1,48,-1
2025-07-03 07:48:51.030744,elastic-workbench-qr-detector,elastic-workbench-qr-detector-1,44,"{'data_quality': 652, 'parallelism': 1}",1.6,-1,29,-1
2025-07-03 07:48:51.033313,elastic-workbench-cv-analyzer,elastic-workbench-cv-analyzer-1,265,"{'data_quality': 320, 'model_size': 2, 'parallelism': 1}",5.4,-1,2,-1
2025-07-03 07:48:51.035833,elastic-workbench-pc-visualizer,elastic-workbench-pc-visualizer-1,20,"{'data_quality': 40, 'model_size': 1, 'parallelism': 1}",1.0,-1,47,-1
2025-07-03 07:49:01.031504,elastic-workbench-qr-detector,elastic-workbench-qr-detector-1,43,"{'data_quality': 652, 'parallelism': 1}",1.58,-1,29,-1
2025-07-03 07:49:01.034386,elastic-workbench-cv-analyzer,elastic-workbench-cv-analyzer-1,218,"{'data_quality': 320, 'model_size': 2, 'parallelism': 1}",5.42,-1,3,-1
2025-07-03 07:49:01.037025,elastic-workbench-pc-visualizer,elastic-workbench-pc-visualizer-1,19,"{'data_quality': 40, 'model_size': 1, 'parallelism': 1}",1.0,-1,49,-1
2025-07-03 07:49:11.042251,elastic-workbench-qr-detector,elastic-workbench-qr-detector-1,47,"{'data_quality': 652, 'parallelism': 1}",1.57,-1,29,-1
2025-07-03 07:49:11.044926,elastic-workbench-cv-analyzer,elastic-workbench-cv-analyzer-1,248,"{'data_quality': 320, 'model_size': 2, 'parallelism': 1}",5.43,-1,3,-1
2025-07-03 07:49:11.048632,elastic-workbench-pc-visualizer,elastic-workbench-pc-visualizer-1,20,"{'data_quality': 40, 'model_size': 1, 'parallelism': 1}",1.0,-1,47,-1
2025-07-03 07:49:21.032695,elastic-workbench-qr-detector,elastic-workbench-qr-detector-1,43,"{'data_quality': 652, 'parallelism': 1}",1.61,-1,30,-1
2025-07-03 07:49:21.037637,elastic-workbench-cv-analyzer,elastic-workbench-cv-analyzer-1,242,"{'data_quality': 320, 'model_size': 2, 'parallelism': 1}",5.39,-1,3,-1
2025-07-03 07:49:21.040395,elastic-workbench-pc-visualizer,elastic-workbench-pc-visualizer-1,19,"{'data_quality': 40, 'model_size': 1, 'parallelism': 1}",1.0,-1,49,-1
2025-07-03 07:49:31.033317,elastic-workbench-qr-detector,elastic-workbench-qr-detector-1,43,"{'data_quality': 652, 'parallelism': 1}",1.58,-1,31,-1
2025-07-03 07:49:31.040756,elastic-workbench-cv-analyzer,elastic-workbench-cv-analyzer-1,245,"{'data_quality': 320, 'model_size': 2, 'parallelism': 1}",5.42,-1,3,-1
2025-07-03 07:49:31.045324,elastic-workbench-pc-visualizer,elastic-workbench-pc-visualizer-1,20,"{'data_quality': 40, 'model_size': 1, 'parallelism': 1}",1.0,-1,46,-1
2025-07-03 07:49:41.034863,elastic-workbench-qr-detector,elastic-workbench-qr-detector-1,41,"{'data_quality': 652, 'parallelism': 1}",1.59,-1,33,-1
2025-07-03 07:49:41.039354,elastic-workbench-cv-analyzer,elastic-workbench-cv-analyzer-1,236,"{'data_quality': 320, 'model_size': 2, 'parallelism': 1}",5.41,-1,3,-1
2025-07-03 07:49:41.045988,elastic-workbench-pc-visualizer,elastic-workbench-pc-visualizer-1,20,"{'data_quality': 40, 'model_size': 1, 'parallelism': 1}",1.0,-1,46,-1
2025-07-03 07:49:51.036429,elastic-workbench-qr-detector,elastic-workbench-qr-detector-1,41,"{'data_quality': 652, 'parallelism': 1}",1.65,-1,33,-1
2025-07-03 07:49:51.039068,elastic-workbench-cv-analyzer,elastic-workbench-cv-analyzer-1,231,"{'data_quality': 320, 'model_size': 2, 'parallelism': 1}",5.35,-1,3,-1
2025-07-03 07:49:51.041722,elastic-workbench-pc-visualizer,elastic-workbench-pc-visualizer-1,20,"{'data_quality': 40, 'model_size': 1, 'parallelism': 1}",1.0,-1,47,-1
2025-07-03 07:50:01.040238,elastic-workbench-qr-detector,elastic-workbench-qr-detector-1,41,"{'data_quality': 652, 'parallelism': 1}",1.61,-1,33,-1
2025-07-03 07:50:01.045191,elastic-workbench-cv-analyzer,elastic-workbench-cv-analyzer-1,240,"{'data_quality': 320, 'model_size': 2, 'parallelism': 1}",5.39,-1,3,-1
2025-07-03 07:50:01.048093,elastic-workbench-pc-visualizer,elastic-workbench-pc-visualizer-1,20,"{'data_quality': 40, 'model_size': 1, 'parallelism': 1}",1.0,-1,48,-1
2025-07-03 07:50:11.039198,elastic-workbench-qr-detector,elastic-workbench-qr-detector-1,41,"{'data_quality': 652, 'parallelism': 1}",1.6,-1,32,-1
2025-07-03 07:50:11.044747,elastic-workbench-cv-analyzer,elastic-workbench-cv-analyzer-1,365,"{'data_quality': 320, 'model_size': 2, 'parallelism': 1}",5.4,-1,2,-1
2025-07-03 07:50:11.047675,elastic-workbench-pc-visualizer,elastic-workbench-pc-visualizer-1,20,"{'data_quality': 40, 'model_size': 1, 'parallelism': 1}",1.0,-1,46,-1
2025-07-03 07:50:21.039490,elastic-workbench-qr-detector,elastic-workbench-qr-detector-1,44,"{'data_quality': 652, 'parallelism': 1}",1.59,-1,31,-1
2025-07-03 07:50:21.042415,elastic-workbench-cv-analyzer,elastic-workbench-cv-analyzer-1,213,"{'data_quality': 320, 'model_size': 2, 'parallelism': 1}",5.41,-1,3,-1
2025-07-03 07:50:21.047902,elastic-workbench-pc-visualizer,elastic-workbench-pc-visualizer-1,19,"{'data_quality': 40, 'model_size': 1, 'parallelism': 1}",1.0,-1,47,-1
2025-07-03 07:50:31.038262,elastic-workbench-qr-detector,elastic-workbench-qr-detector-1,42,"{'data_quality': 652, 'parallelism': 1}",1.6,-1,32,-1
2025-07-03 07:50:31.041038,elastic-workbench-cv-analyzer,elastic-workbench-cv-analyzer-1,230,"{'data_quality': 320, 'model_size': 2, 'parallelism': 1}",5.4,-1,3,-1
2025-07-03 07:50:31.046524,elastic-workbench-pc-visualizer,elastic-workbench-pc-visualizer-1,19,"{'data_quality': 40, 'model_size': 1, 'parallelism': 1}",1.0,-1,49,-1
2025-07-03 07:50:41.046148,elastic-workbench-qr-detector,elastic-workbench-qr-detector-1,42,"{'data_quality': 652, 'parallelism': 1}",1.59,-1,32,-1
2025-07-03 07:50:41.048690,elastic-workbench-cv-analyzer,elastic-workbench-cv-analyzer-1,332,"{'data_quality': 320, 'model_size': 2, 'parallelism': 1}",5.41,-1,2,-1
2025-07-03 07:50:41.051683,elastic-workbench-pc-visualizer,elastic-workbench-pc-visualizer-1,19,"{'data_quality': 40, 'model_size': 1, 'parallelism': 1}",1.0,-1,48,-1
2025-07-03 07:50:51.043707,elastic-workbench-qr-detector,elastic-workbench-qr-detector-1,43,"{'data_quality': 652, 'parallelism': 1}",1.62,-1,33,-1
2025-07-03 07:50:51.046594,elastic-workbench-cv-analyzer,elastic-workbench-cv-analyzer-1,241,"{'data_quality': 320, 'model_size': 2, 'parallelism': 1}",5.38,-1,3,-1
2025-07-03 07:50:51.049208,elastic-workbench-pc-visualizer,elastic-workbench-pc-visualizer-1,20,"{'data_quality': 40, 'model_size': 1, 'parallelism': 1}",1.0,-1,47,-1
2025-07-03 07:51:01.041777,elastic-workbench-qr-detector,elastic-workbench-qr-detector-1,43,"{'data_quality': 652, 'parallelism': 1}",1.6,-1,32,-1
2025-07-03 07:51:01.044368,elastic-workbench-cv-analyzer,elastic-workbench-cv-analyzer-1,265,"{'data_quality': 320, 'model_size': 2, 'parallelism': 1}",5.4,-1,2,-1
2025-07-03 07:51:01.047158,elastic-workbench-pc-visualizer,elastic-workbench-pc-visualizer-1,19,"{'data_quality': 40, 'model_size': 1, 'parallelism': 1}",1.0,-1,48,-1
2025-07-03 07:51:11.044892,elastic-workbench-qr-detector,elastic-workbench-qr-detector-1,43,"{'data_quality': 652, 'parallelism': 1}",1.58,-1,31,-1
2025-07-03 07:51:11.047840,elastic-workbench-cv-analyzer,elastic-workbench-cv-analyzer-1,234,"{'data_quality': 320, 'model_size': 2, 'parallelism': 1}",5.42,-1,3,-1
2025-07-03 07:51:11.050918,elastic-workbench-pc-visualizer,elastic-workbench-pc-visualizer-1,20,"{'data_quality': 40, 'model_size': 1, 'parallelism': 1}",1.0,-1,47,-1
2025-07-03 07:51:21.044631,elastic-workbench-qr-detector,elastic-workbench-qr-detector-1,45,"{'data_quality': 652, 'parallelism': 1}",1.56,-1,34,-1
2025-07-03 07:51:21.047793,elastic-workbench-cv-analyzer,elastic-workbench-cv-analyzer-1,235,"{'data_quality': 320, 'model_size': 2, 'parallelism': 1}",5.44,-1,2,-1
2025-07-03 07:51:21.050376,elastic-workbench-pc-visualizer,elastic-workbench-pc-visualizer-1,20,"{'data_quality': 40, 'model_size': 1, 'parallelism': 1}",1.0,-1,47,-1
2025-07-03 07:51:31.046383,elastic-workbench-qr-detector,elastic-workbench-qr-detector-1,42,"{'data_quality': 652, 'parallelism': 1}",1.63,-1,37,-1
2025-07-03 07:51:31.049222,elastic-workbench-cv-analyzer,elastic-workbench-cv-analyzer-1,256,"{'data_quality': 320, 'model_size': 2, 'parallelism': 1}",5.37,-1,3,-1
2025-07-03 07:51:31.051757,elastic-workbench-pc-visualizer,elastic-workbench-pc-visualizer-1,20,"{'data_quality': 40, 'model_size': 1, 'parallelism': 1}",1.0,-1,48,-1
2025-07-03 07:51:41.046447,elastic-workbench-qr-detector,elastic-workbench-qr-detector-1,43,"{'data_quality': 652, 'parallelism': 1}",1.65,-1,39,-1
2025-07-03 07:51:41.049226,elastic-workbench-cv-analyzer,elastic-workbench-cv-analyzer-1,330,"{'data_quality': 320, 'model_size': 2, 'parallelism': 1}",5.35,-1,2,-1
2025-07-03 07:51:41.051859,elastic-workbench-pc-visualizer,elastic-workbench-pc-visualizer-1,20,"{'data_quality': 40, 'model_size': 1, 'parallelism': 1}",1.0,-1,46,-1
2025-07-03 07:51:51.049148,elastic-workbench-qr-detector,elastic-workbench-qr-detector-1,43,"{'data_quality': 652, 'parallelism': 1}",1.71,-1,40,-1
2025-07-03 07:51:51.051803,elastic-workbench-cv-analyzer,elastic-workbench-cv-analyzer-1,301,"{'data_quality': 320, 'model_size': 2, 'parallelism': 1}",5.29,-1,2,-1
2025-07-03 07:51:51.054370,elastic-workbench-pc-visualizer,elastic-workbench-pc-visualizer-1,21,"{'data_quality': 40, 'model_size': 1, 'parallelism': 1}",1.0,-1,46,-1
2025-07-03 07:52:01.051261,elastic-workbench-qr-detector,elastic-workbench-qr-detector-1,40,"{'data_quality': 652, 'parallelism': 1}",1.73,-1,42,-1
2025-07-03 07:52:01.054381,elastic-workbench-cv-analyzer,elastic-workbench-cv-analyzer-1,238,"{'data_quality': 320, 'model_size': 2, 'parallelism': 1}",5.27,-1,3,-1
2025-07-03 07:52:01.057005,elastic-workbench-pc-visualizer,elastic-workbench-pc-visualizer-1,20,"{'data_quality': 40, 'model_size': 1, 'parallelism': 1}",1.0,-1,46,-1
2025-07-03 07:52:11.050719,elastic-workbench-qr-detector,elastic-workbench-qr-detector-1,41,"{'data_quality': 652, 'parallelism': 1}",1.72,-1,41,-1
2025-07-03 07:52:11.055261,elastic-workbench-cv-analyzer,elastic-workbench-cv-analyzer-1,301,"{'data_quality': 320, 'model_size': 2, 'parallelism': 1}",5.28,-1,2,-1
2025-07-03 07:52:11.057880,elastic-workbench-pc-visualizer,elastic-workbench-pc-visualizer-1,20,"{'data_quality': 40, 'model_size': 1, 'parallelism': 1}",1.0,-1,47,-1
2025-07-03 07:52:21.047822,elastic-workbench-qr-detector,elastic-workbench-qr-detector-1,39,"{'data_quality': 652, 'parallelism': 1}",1.74,-1,41,-1
2025-07-03 07:52:21.053556,elastic-workbench-cv-analyzer,elastic-workbench-cv-analyzer-1,242,"{'data_quality': 320, 'model_size': 2, 'parallelism': 1}",5.26,-1,3,-1
2025-07-03 07:52:21.056652,elastic-workbench-pc-visualizer,elastic-workbench-pc-visualizer-1,20,"{'data_quality': 40, 'model_size': 1, 'parallelism': 1}",1.0,-1,46,-1
2025-07-03 07:52:31.047727,elastic-workbench-qr-detector,elastic-workbench-qr-detector-1,37,"{'data_quality': 652, 'parallelism': 1}",1.73,-1,40,-1
2025-07-03 07:52:31.050620,elastic-workbench-cv-analyzer,elastic-workbench-cv-analyzer-1,269,"{'data_quality': 320, 'model_size': 2, 'parallelism': 1}",5.27,-1,3,-1
2025-07-03 07:52:31.056285,elastic-workbench-pc-visualizer,elastic-workbench-pc-visualizer-1,19,"{'data_quality': 40, 'model_size': 1, 'parallelism': 1}",1.0,-1,50,-1
2025-07-03 07:52:41.048684,elastic-workbench-qr-detector,elastic-workbench-qr-detector-1,41,"{'data_quality': 652, 'parallelism': 1}",1.72,-1,39,-1
2025-07-03 07:52:41.051774,elastic-workbench-cv-analyzer,elastic-workbench-cv-analyzer-1,299,"{'data_quality': 320, 'model_size': 2, 'parallelism': 1}",5.28,-1,2,-1
2025-07-03 07:52:41.054300,elastic-workbench-pc-visualizer,elastic-workbench-pc-visualizer-1,20,"{'data_quality': 40, 'model_size': 1, 'parallelism': 1}",1.0,-1,46,-1
2025-07-03 07:52:51.050609,elastic-workbench-qr-detector,elastic-workbench-qr-detector-1,40,"{'data_quality': 652, 'parallelism': 1}",1.7,-1,38,-1
2025-07-03 07:52:51.053525,elastic-workbench-cv-analyzer,elastic-workbench-cv-analyzer-1,275,"{'data_quality': 320, 'model_size': 2, 'parallelism': 1}",5.3,-1,2,-1
2025-07-03 07:52:51.056924,elastic-workbench-pc-visualizer,elastic-workbench-pc-visualizer-1,20,"{'data_quality': 40, 'model_size': 1, 'parallelism': 1}",1.0,-1,46,-1
2025-07-03 07:53:01.051329,elastic-workbench-qr-detector,elastic-workbench-qr-detector-1,41,"{'data_quality': 652, 'parallelism': 1}",1.68,-1,36,-1
2025-07-03 07:53:01.056801,elastic-workbench-cv-analyzer,elastic-workbench-cv-analyzer-1,247,"{'data_quality': 320, 'model_size': 2, 'parallelism': 1}",5.32,-1,3,-1
2025-07-03 07:53:01.059629,elastic-workbench-pc-visualizer,elastic-workbench-pc-visualizer-1,19,"{'data_quality': 40, 'model_size': 1, 'parallelism': 1}",1.0,-1,49,-1
2025-07-03 07:53:11.052302,elastic-workbench-qr-detector,elastic-workbench-qr-detector-1,43,"{'data_quality': 652, 'parallelism': 1}",1.67,-1,35,-1
2025-07-03 07:53:11.054938,elastic-workbench-cv-analyzer,elastic-workbench-cv-analyzer-1,262,"{'data_quality': 320, 'model_size': 2, 'parallelism': 1}",5.33,-1,3,-1
2025-07-03 07:53:11.057662,elastic-workbench-pc-visualizer,elastic-workbench-pc-visualizer-1,20,"{'data_quality': 40, 'model_size': 1, 'parallelism': 1}",1.0,-1,47,-1
2025-07-03 07:53:21.053101,elastic-workbench-qr-detector,elastic-workbench-qr-detector-1,41,"{'data_quality': 652, 'parallelism': 1}",1.65,-1,34,-1
2025-07-03 07:53:21.056133,elastic-workbench-cv-analyzer,elastic-workbench-cv-analyzer-1,254,"{'data_quality': 320, 'model_size': 2, 'parallelism': 1}",5.35,-1,3,-1
2025-07-03 07:53:21.058654,elastic-workbench-pc-visualizer,elastic-workbench-pc-visualizer-1,19,"{'data_quality': 40, 'model_size': 1, 'parallelism': 1}",1.0,-1,49,-1
2025-07-03 07:53:31.053735,elastic-workbench-qr-detector,elastic-workbench-qr-detector-1,40,"{'data_quality': 652, 'parallelism': 1}",1.64,-1,34,-1
2025-07-03 07:53:31.056541,elastic-workbench-cv-analyzer,elastic-workbench-cv-analyzer-1,257,"{'data_quality': 320, 'model_size': 2, 'parallelism': 1}",5.36,-1,3,-1
2025-07-03 07:53:31.059109,elastic-workbench-pc-visualizer,elastic-workbench-pc-visualizer-1,19,"{'data_quality': 40, 'model_size': 1, 'parallelism': 1}",1.0,-1,48,-1
2025-07-03 07:53:41.054255,elastic-workbench-qr-detector,elastic-workbench-qr-detector-1,39,"{'data_quality': 652, 'parallelism': 1}",1.63,-1,33,-1
2025-07-03 07:53:41.057023,elastic-workbench-cv-analyzer,elastic-workbench-cv-analyzer-1,238,"{'data_quality': 320, 'model_size': 2, 'parallelism': 1}",5.37,-1,3,-1
2025-07-03 07:53:41.059584,elastic-workbench-pc-visualizer,elastic-workbench-pc-visualizer-1,20,"{'data_quality': 40, 'model_size': 1, 'parallelism': 1}",1.0,-1,47,-1
2025-07-03 07:53:51.055031,elastic-workbench-qr-detector,elastic-workbench-qr-detector-1,40,"{'data_quality': 652, 'parallelism': 1}",1.62,-1,32,-1
2025-07-03 07:53:51.057676,elastic-workbench-cv-analyzer,elastic-workbench-cv-analyzer-1,253,"{'data_quality': 320, 'model_size': 2, 'parallelism': 1}",5.38,-1,2,-1
2025-07-03 07:53:51.060377,elastic-workbench-pc-visualizer,elastic-workbench-pc-visualizer-1,20,"{'data_quality': 40, 'model_size': 1, 'parallelism': 1}",1.0,-1,47,-1
2025-07-03 07:54:01.059050,elastic-workbench-qr-detector,elastic-workbench-qr-detector-1,41,"{'data_quality': 652, 'parallelism': 1}",1.6,-1,30,-1
2025-07-03 07:54:01.061821,elastic-workbench-cv-analyzer,elastic-workbench-cv-analyzer-1,237,"{'data_quality': 320, 'model_size': 2, 'parallelism': 1}",5.4,-1,3,-1
2025-07-03 07:54:01.064441,elastic-workbench-pc-visualizer,elastic-workbench-pc-visualizer-1,20,"{'data_quality': 40, 'model_size': 1, 'parallelism': 1}",1.0,-1,46,-1
2025-07-03 07:54:11.056869,elastic-workbench-qr-detector,elastic-workbench-qr-detector-1,40,"{'data_quality': 652, 'parallelism': 1}",1.55,-1,28,-1
2025-07-03 07:54:11.063275,elastic-workbench-cv-analyzer,elastic-workbench-cv-analyzer-1,308,"{'data_quality': 320, 'model_size': 2, 'parallelism': 1}",5.45,-1,2,-1
2025-07-03 07:54:11.066351,elastic-workbench-pc-visualizer,elastic-workbench-pc-visualizer-1,19,"{'data_quality': 40, 'model_size': 1, 'parallelism': 1}",1.0,-1,49,-1
2025-07-03 07:54:21.056585,elastic-workbench-qr-detector,elastic-workbench-qr-detector-1,41,"{'data_quality': 652, 'parallelism': 1}",1.52,-1,27,-1
2025-07-03 07:54:21.059357,elastic-workbench-cv-analyzer,elastic-workbench-cv-analyzer-1,202,"{'data_quality': 320, 'model_size': 2, 'parallelism': 1}",5.48,-1,3,-1
2025-07-03 07:54:21.062290,elastic-workbench-pc-visualizer,elastic-workbench-pc-visualizer-1,19,"{'data_quality': 40, 'model_size': 1, 'parallelism': 1}",1.0,-1,49,-1
2025-07-03 07:54:31.056609,elastic-workbench-qr-detector,elastic-workbench-qr-detector-1,45,"{'data_quality': 652, 'parallelism': 1}",1.51,-1,28,-1
2025-07-03 07:54:31.059250,elastic-workbench-cv-analyzer,elastic-workbench-cv-analyzer-1,313,"{'data_quality': 320, 'model_size': 2, 'parallelism': 1}",5.49,-1,2,-1
2025-07-03 07:54:31.061980,elastic-workbench-pc-visualizer,elastic-workbench-pc-visualizer-1,19,"{'data_quality': 40, 'model_size': 1, 'parallelism': 1}",1.0,-1,48,-1
2025-07-03 07:54:41.057141,elastic-workbench-qr-detector,elastic-workbench-qr-detector-1,46,"{'data_quality': 652, 'parallelism': 1}",1.51,-1,28,-1
2025-07-03 07:54:41.059992,elastic-workbench-cv-analyzer,elastic-workbench-cv-analyzer-1,218,"{'data_quality': 320, 'model_size': 2, 'parallelism': 1}",5.49,-1,3,-1
2025-07-03 07:54:41.062932,elastic-workbench-pc-visualizer,elastic-workbench-pc-visualizer-1,19,"{'data_quality': 40, 'model_size': 1, 'parallelism': 1}",1.0,-1,49,-1
2025-07-03 07:54:51.057868,elastic-workbench-qr-detector,elastic-workbench-qr-detector-1,44,"{'data_quality': 652, 'parallelism': 1}",1.51,-1,28,-1
2025-07-03 07:54:51.060422,elastic-workbench-cv-analyzer,elastic-workbench-cv-analyzer-1,232,"{'data_quality': 320, 'model_size': 2, 'parallelism': 1}",5.49,-1,3,-1
2025-07-03 07:54:51.063163,elastic-workbench-pc-visualizer,elastic-workbench-pc-visualizer-1,20,"{'data_quality': 40, 'model_size': 1, 'parallelism': 1}",1.0,-1,47,-1
2025-07-03 07:55:01.058134,elastic-workbench-qr-detector,elastic-workbench-qr-detector-1,43,"{'data_quality': 652, 'parallelism': 1}",1.51,-1,28,-1
2025-07-03 07:55:01.061045,elastic-workbench-cv-analyzer,elastic-workbench-cv-analyzer-1,248,"{'data_quality': 320, 'model_size': 2, 'parallelism': 1}",5.49,-1,2,-1
2025-07-03 07:55:01.063625,elastic-workbench-pc-visualizer,elastic-workbench-pc-visualizer-1,18,"{'data_quality': 40, 'model_size': 1, 'parallelism': 1}",1.0,-1,50,-1
2025-07-03 07:55:11.058899,elastic-workbench-qr-detector,elastic-workbench-qr-detector-1,45,"{'data_quality': 652, 'parallelism': 1}",1.51,-1,28,-1
2025-07-03 07:55:11.062114,elastic-workbench-cv-analyzer,elastic-workbench-cv-analyzer-1,228,"{'data_quality': 320, 'model_size': 2, 'parallelism': 1}",5.49,-1,3,-1
2025-07-03 07:55:11.064691,elastic-workbench-pc-visualizer,elastic-workbench-pc-visualizer-1,19,"{'data_quality': 40, 'model_size': 1, 'parallelism': 1}",1.0,-1,49,-1
2025-07-03 07:55:21.061414,elastic-workbench-qr-detector,elastic-workbench-qr-detector-1,46,"{'data_quality': 652, 'parallelism': 1}",1.51,-1,28,-1
2025-07-03 07:55:21.063994,elastic-workbench-cv-analyzer,elastic-workbench-cv-analyzer-1,234,"{'data_quality': 320, 'model_size': 2, 'parallelism': 1}",5.49,-1,2,-1
2025-07-03 07:55:21.066740,elastic-workbench-pc-visualizer,elastic-workbench-pc-visualizer-1,19,"{'data_quality': 40, 'model_size': 1, 'parallelism': 1}",1.0,-1,48,-1
2025-07-03 07:55:31.060027,elastic-workbench-qr-detector,elastic-workbench-qr-detector-1,43,"{'data_quality': 652, 'parallelism': 1}",1.5,-1,28,-1
2025-07-03 07:55:31.063275,elastic-workbench-cv-analyzer,elastic-workbench-cv-analyzer-1,233,"{'data_quality': 320, 'model_size': 2, 'parallelism': 1}",5.5,-1,3,-1
2025-07-03 07:55:31.065955,elastic-workbench-pc-visualizer,elastic-workbench-pc-visualizer-1,20,"{'data_quality': 40, 'model_size': 1, 'parallelism': 1}",1.0,-1,47,-1
2025-07-03 07:55:41.065689,elastic-workbench-qr-detector,elastic-workbench-qr-detector-1,43,"{'data_quality': 652, 'parallelism': 1}",1.5,-1,27,-1
2025-07-03 07:55:41.068654,elastic-workbench-cv-analyzer,elastic-workbench-cv-analyzer-1,233,"{'data_quality': 320, 'model_size': 2, 'parallelism': 1}",5.5,-1,3,-1
2025-07-03 07:55:41.071150,elastic-workbench-pc-visualizer,elastic-workbench-pc-visualizer-1,20,"{'data_quality': 40, 'model_size': 1, 'parallelism': 1}",1.0,-1,47,-1
2025-07-03 07:55:51.064375,elastic-workbench-qr-detector,elastic-workbench-qr-detector-1,23,"{'data_quality': 652, 'parallelism': 1}",1.48,-1,27,-1
2025-07-03 07:55:51.067038,elastic-workbench-cv-analyzer,elastic-workbench-cv-analyzer-1,443,"{'data_quality': 320, 'model_size': 2, 'parallelism': 1}",5.52,-1,2,-1
2025-07-03 07:55:51.069782,elastic-workbench-pc-visualizer,elastic-workbench-pc-visualizer-1,19,"{'data_quality': 40, 'model_size': 1, 'parallelism': 1}",1.0,-1,48,-1
2025-07-03 07:56:01.062026,elastic-workbench-qr-detector,elastic-workbench-qr-detector-1,23,"{'data_quality': 652, 'parallelism': 1}",1.48,-1,27,-1
2025-07-03 07:56:01.067421,elastic-workbench-cv-analyzer,elastic-workbench-cv-analyzer-1,269,"{'data_quality': 320, 'model_size': 2, 'parallelism': 1}",5.52,-1,2,-1
2025-07-03 07:56:01.070674,elastic-workbench-pc-visualizer,elastic-workbench-pc-visualizer-1,20,"{'data_quality': 40, 'model_size': 1, 'parallelism': 1}",1.0,-1,48,-1
2025-07-03 07:56:11.062817,elastic-workbench-qr-detector,elastic-workbench-qr-detector-1,23,"{'data_quality': 652, 'parallelism': 1}",1.47,-1,27,-1
2025-07-03 07:56:11.065663,elastic-workbench-cv-analyzer,elastic-workbench-cv-analyzer-1,278,"{'data_quality': 320, 'model_size': 2, 'parallelism': 1}",5.53,-1,2,-1
2025-07-03 07:56:11.072082,elastic-workbench-pc-visualizer,elastic-workbench-pc-visualizer-1,19,"{'data_quality': 40, 'model_size': 1, 'parallelism': 1}",1.0,-1,48,-1
2025-07-03 07:56:21.063378,elastic-workbench-qr-detector,elastic-workbench-qr-detector-1,23,"{'data_quality': 652, 'parallelism': 1}",1.46,-1,28,-1
2025-07-03 07:56:21.066204,elastic-workbench-cv-analyzer,elastic-workbench-cv-analyzer-1,297,"{'data_quality': 320, 'model_size': 2, 'parallelism': 1}",5.54,-1,2,-1
2025-07-03 07:56:21.072178,elastic-workbench-pc-visualizer,elastic-workbench-pc-visualizer-1,20,"{'data_quality': 40, 'model_size': 1, 'parallelism': 1}",1.0,-1,47,-1
2025-07-03 07:56:31.064516,elastic-workbench-qr-detector,elastic-workbench-qr-detector-1,23,"{'data_quality': 652, 'parallelism': 1}",1.48,-1,28,-1
2025-07-03 07:56:31.067367,elastic-workbench-cv-analyzer,elastic-workbench-cv-analyzer-1,315,"{'data_quality': 320, 'model_size': 2, 'parallelism': 1}",5.52,-1,2,-1
2025-07-03 07:56:31.070080,elastic-workbench-pc-visualizer,elastic-workbench-pc-visualizer-1,20,"{'data_quality': 40, 'model_size': 1, 'parallelism': 1}",1.0,-1,46,-1
2025-07-03 07:56:41.064603,elastic-workbench-qr-detector,elastic-workbench-qr-detector-1,24,"{'data_quality': 652, 'parallelism': 1}",1.46,-1,27,-1
2025-07-03 07:56:41.067749,elastic-workbench-cv-analyzer,elastic-workbench-cv-analyzer-1,288,"{'data_quality': 320, 'model_size': 2, 'parallelism': 1}",5.54,-1,3,-1
2025-07-03 07:56:41.070862,elastic-workbench-pc-visualizer,elastic-workbench-pc-visualizer-1,19,"{'data_quality': 40, 'model_size': 1, 'parallelism': 1}",1.0,-1,49,-1
2025-07-03 07:56:51.064683,elastic-workbench-qr-detector,elastic-workbench-qr-detector-1,25,"{'data_quality': 652, 'parallelism': 1}",1.44,-1,27,-1
2025-07-03 07:56:51.067917,elastic-workbench-cv-analyzer,elastic-workbench-cv-analyzer-1,276,"{'data_quality': 320, 'model_size': 2, 'parallelism': 1}",5.56,-1,3,-1
2025-07-03 07:56:51.071611,elastic-workbench-pc-visualizer,elastic-workbench-pc-visualizer-1,20,"{'data_quality': 40, 'model_size': 1, 'parallelism': 1}",1.0,-1,48,-1
2025-07-03 07:57:01.066156,elastic-workbench-qr-detector,elastic-workbench-qr-detector-1,24,"{'data_quality': 652, 'parallelism': 1}",1.44,-1,27,-1
2025-07-03 07:57:01.068981,elastic-workbench-cv-analyzer,elastic-workbench-cv-analyzer-1,409,"{'data_quality': 320, 'model_size': 2, 'parallelism': 1}",5.56,-1,2,-1
2025-07-03 07:57:01.073119,elastic-workbench-pc-visualizer,elastic-workbench-pc-visualizer-1,20,"{'data_quality': 40, 'model_size': 1, 'parallelism': 1}",1.0,-1,47,-1
2025-07-03 07:57:11.066411,elastic-workbench-qr-detector,elastic-workbench-qr-detector-1,23,"{'data_quality': 652, 'parallelism': 1}",1.44,-1,27,-1
2025-07-03 07:57:11.069427,elastic-workbench-cv-analyzer,elastic-workbench-cv-analyzer-1,255,"{'data_quality': 320, 'model_size': 2, 'parallelism': 1}",5.56,-1,3,-1
2025-07-03 07:57:11.072841,elastic-workbench-pc-visualizer,elastic-workbench-pc-visualizer-1,20,"{'data_quality': 40, 'model_size': 1, 'parallelism': 1}",1.0,-1,47,-1
2025-07-03 07:57:21.068191,elastic-workbench-qr-detector,elastic-workbench-qr-detector-1,25,"{'data_quality': 652, 'parallelism': 1}",1.4,-1,26,-1
2025-07-03 07:57:21.070949,elastic-workbench-cv-analyzer,elastic-workbench-cv-analyzer-1,274,"{'data_quality': 320, 'model_size': 2, 'parallelism': 1}",5.6,-1,2,-1
2025-07-03 07:57:21.073555,elastic-workbench-pc-visualizer,elastic-workbench-pc-visualizer-1,20,"{'data_quality': 40, 'model_size': 1, 'parallelism': 1}",1.0,-1,47,-1
2025-07-03 07:57:31.068655,elastic-workbench-qr-detector,elastic-workbench-qr-detector-1,26,"{'data_quality': 652, 'parallelism': 1}",1.38,-1,26,-1
2025-07-03 07:57:31.071721,elastic-workbench-cv-analyzer,elastic-workbench-cv-analyzer-1,228,"{'data_quality': 320, 'model_size': 2, 'parallelism': 1}",5.62,-1,3,-1
2025-07-03 07:57:31.074662,elastic-workbench-pc-visualizer,elastic-workbench-pc-visualizer-1,19,"{'data_quality': 40, 'model_size': 1, 'parallelism': 1}",1.0,-1,50,-1
2025-07-03 07:57:41.068020,elastic-workbench-qr-detector,elastic-workbench-qr-detector-1,25,"{'data_quality': 652, 'parallelism': 1}",1.41,-1,27,-1
2025-07-03 07:57:41.070905,elastic-workbench-cv-analyzer,elastic-workbench-cv-analyzer-1,240,"{'data_quality': 320, 'model_size': 2, 'parallelism': 1}",5.59,-1,2,-1
2025-07-03 07:57:41.073628,elastic-workbench-pc-visualizer,elastic-workbench-pc-visualizer-1,19,"{'data_quality': 40, 'model_size': 1, 'parallelism': 1}",1.0,-1,48,-1
2025-07-03 07:57:51.068547,elastic-workbench-qr-detector,elastic-workbench-qr-detector-1,24,"{'data_quality': 652, 'parallelism': 1}",1.45,-1,29,-1
2025-07-03 07:57:51.071474,elastic-workbench-cv-analyzer,elastic-workbench-cv-analyzer-1,286,"{'data_quality': 320, 'model_size': 2, 'parallelism': 1}",5.55,-1,3,-1
2025-07-03 07:57:51.074087,elastic-workbench-pc-visualizer,elastic-workbench-pc-visualizer-1,20,"{'data_quality': 40, 'model_size': 1, 'parallelism': 1}",1.0,-1,47,-1
2025-07-03 07:58:01.072724,elastic-workbench-qr-detector,elastic-workbench-qr-detector-1,24,"{'data_quality': 652, 'parallelism': 1}",1.48,-1,30,-1
2025-07-03 07:58:01.075834,elastic-workbench-cv-analyzer,elastic-workbench-cv-analyzer-1,290,"{'data_quality': 320, 'model_size': 2, 'parallelism': 1}",5.52,-1,3,-1
2025-07-03 07:58:01.078725,elastic-workbench-pc-visualizer,elastic-workbench-pc-visualizer-1,19,"{'data_quality': 40, 'model_size': 1, 'parallelism': 1}",1.0,-1,49,-1
2025-07-03 07:58:11.068842,elastic-workbench-qr-detector,elastic-workbench-qr-detector-1,23,"{'data_quality': 652, 'parallelism': 1}",1.49,-1,31,-1
2025-07-03 07:58:11.074598,elastic-workbench-cv-analyzer,elastic-workbench-cv-analyzer-1,321,"{'data_quality': 320, 'model_size': 2, 'parallelism': 1}",5.51,-1,2,-1
2025-07-03 07:58:11.077458,elastic-workbench-pc-visualizer,elastic-workbench-pc-visualizer-1,20,"{'data_quality': 40, 'model_size': 1, 'parallelism': 1}",1.0,-1,46,-1
2025-07-03 07:58:21.072870,elastic-workbench-qr-detector,elastic-workbench-qr-detector-1,44,"{'data_quality': 652, 'parallelism': 1}",1.52,-1,31,-1
2025-07-03 07:58:21.075797,elastic-workbench-cv-analyzer,elastic-workbench-cv-analyzer-1,245,"{'data_quality': 320, 'model_size': 2, 'parallelism': 1}",5.48,-1,3,-1
2025-07-03 07:58:21.082489,elastic-workbench-pc-visualizer,elastic-workbench-pc-visualizer-1,20,"{'data_quality': 40, 'model_size': 1, 'parallelism': 1}",1.0,-1,47,-1
2025-07-03 07:58:31.069270,elastic-workbench-qr-detector,elastic-workbench-qr-detector-1,42,"{'data_quality': 652, 'parallelism': 1}",1.51,-1,31,-1
2025-07-03 07:58:31.072148,elastic-workbench-cv-analyzer,elastic-workbench-cv-analyzer-1,240,"{'data_quality': 320, 'model_size': 2, 'parallelism': 1}",5.49,-1,3,-1
2025-07-03 07:58:31.074934,elastic-workbench-pc-visualizer,elastic-workbench-pc-visualizer-1,19,"{'data_quality': 40, 'model_size': 1, 'parallelism': 1}",1.0,-1,49,-1
2025-07-03 07:58:41.070014,elastic-workbench-qr-detector,elastic-workbench-qr-detector-1,45,"{'data_quality': 652, 'parallelism': 1}",1.52,-1,33,-1
2025-07-03 07:58:41.072467,elastic-workbench-cv-analyzer,elastic-workbench-cv-analyzer-1,263,"{'data_quality': 320, 'model_size': 2, 'parallelism': 1}",5.48,-1,2,-1
2025-07-03 07:58:41.074924,elastic-workbench-pc-visualizer,elastic-workbench-pc-visualizer-1,20,"{'data_quality': 40, 'model_size': 1, 'parallelism': 1}",1.0,-1,47,-1
2025-07-03 07:58:51.070478,elastic-workbench-qr-detector,elastic-workbench-qr-detector-1,41,"{'data_quality': 652, 'parallelism': 1}",1.55,-1,33,-1
2025-07-03 07:58:51.073271,elastic-workbench-cv-analyzer,elastic-workbench-cv-analyzer-1,329,"{'data_quality': 320, 'model_size': 2, 'parallelism': 1}",5.45,-1,2,-1
2025-07-03 07:58:51.075857,elastic-workbench-pc-visualizer,elastic-workbench-pc-visualizer-1,19,"{'data_quality': 40, 'model_size': 1, 'parallelism': 1}",1.0,-1,49,-1
2025-07-03 07:59:01.070492,elastic-workbench-qr-detector,elastic-workbench-qr-detector-1,44,"{'data_quality': 652, 'parallelism': 1}",1.55,-1,34,-1
2025-07-03 07:59:01.073926,elastic-workbench-cv-analyzer,elastic-workbench-cv-analyzer-1,272,"{'data_quality': 320, 'model_size': 2, 'parallelism': 1}",5.45,-1,2,-1
2025-07-03 07:59:01.081017,elastic-workbench-pc-visualizer,elastic-workbench-pc-visualizer-1,20,"{'data_quality': 40, 'model_size': 1, 'parallelism': 1}",1.0,-1,46,-1
2025-07-03 07:59:11.071094,elastic-workbench-qr-detector,elastic-workbench-qr-detector-1,47,"{'data_quality': 652, 'parallelism': 1}",1.56,-1,36,-1
2025-07-03 07:59:11.073786,elastic-workbench-cv-analyzer,elastic-workbench-cv-analyzer-1,272,"{'data_quality': 320, 'model_size': 2, 'parallelism': 1}",5.44,-1,3,-1
2025-07-03 07:59:11.077357,elastic-workbench-pc-visualizer,elastic-workbench-pc-visualizer-1,20,"{'data_quality': 40, 'model_size': 1, 'parallelism': 1}",1.0,-1,47,-1
2025-07-03 07:59:21.071863,elastic-workbench-qr-detector,elastic-workbench-qr-detector-1,45,"{'data_quality': 652, 'parallelism': 1}",1.59,-1,37,-1
2025-07-03 07:59:21.074721,elastic-workbench-cv-analyzer,elastic-workbench-cv-analyzer-1,286,"{'data_quality': 320, 'model_size': 2, 'parallelism': 1}",5.41,-1,3,-1
2025-07-03 07:59:21.077380,elastic-workbench-pc-visualizer,elastic-workbench-pc-visualizer-1,20,"{'data_quality': 40, 'model_size': 1, 'parallelism': 1}",1.0,-1,47,-1
2025-07-03 07:59:31.074988,elastic-workbench-qr-detector,elastic-workbench-qr-detector-1,43,"{'data_quality': 652, 'parallelism': 1}",1.61,-1,38,-1
2025-07-03 07:59:31.077990,elastic-workbench-cv-analyzer,elastic-workbench-cv-analyzer-1,234,"{'data_quality': 320, 'model_size': 2, 'parallelism': 1}",5.39,-1,3,-1
2025-07-03 07:59:31.080644,elastic-workbench-pc-visualizer,elastic-workbench-pc-visualizer-1,21,"{'data_quality': 40, 'model_size': 1, 'parallelism': 1}",1.0,-1,45,-1
2025-07-03 07:59:41.072737,elastic-workbench-qr-detector,elastic-workbench-qr-detector-1,45,"{'data_quality': 652, 'parallelism': 1}",1.62,-1,38,-1
2025-07-03 07:59:41.079539,elastic-workbench-cv-analyzer,elastic-workbench-cv-analyzer-1,272,"{'data_quality': 320, 'model_size': 2, 'parallelism': 1}",5.38,-1,3,-1
2025-07-03 07:59:41.082665,elastic-workbench-pc-visualizer,elastic-workbench-pc-visualizer-1,21,"{'data_quality': 40, 'model_size': 1, 'parallelism': 1}",1.0,-1,45,-1
2025-07-03 07:59:51.073321,elastic-workbench-qr-detector,elastic-workbench-qr-detector-1,41,"{'data_quality': 652, 'parallelism': 1}",1.62,-1,37,-1
2025-07-03 07:59:51.076053,elastic-workbench-cv-analyzer,elastic-workbench-cv-analyzer-1,230,"{'data_quality': 320, 'model_size': 2, 'parallelism': 1}",5.38,-1,3,-1
2025-07-03 07:59:51.082173,elastic-workbench-pc-visualizer,elastic-workbench-pc-visualizer-1,19,"{'data_quality': 40, 'model_size': 1, 'parallelism': 1}",1.0,-1,49,-1
2025-07-03 08:00:01.074036,elastic-workbench-qr-detector,elastic-workbench-qr-detector-1,41,"{'data_quality': 652, 'parallelism': 1}",1.61,-1,37,-1
2025-07-03 08:00:01.076700,elastic-workbench-cv-analyzer,elastic-workbench-cv-analyzer-1,240,"{'data_quality': 320, 'model_size': 2, 'parallelism': 1}",5.39,-1,3,-1
2025-07-03 08:00:01.079497,elastic-workbench-pc-visualizer,elastic-workbench-pc-visualizer-1,20,"{'data_quality': 40, 'model_size': 1, 'parallelism': 1}",1.0,-1,47,-1
2025-07-03 08:00:11.074514,elastic-workbench-qr-detector,elastic-workbench-qr-detector-1,43,"{'data_quality': 652, 'parallelism': 1}",1.6,-1,37,-1
2025-07-03 08:00:11.078129,elastic-workbench-cv-analyzer,elastic-workbench-cv-analyzer-1,249,"{'data_quality': 320, 'model_size': 2, 'parallelism': 1}",5.4,-1,3,-1
2025-07-03 08:00:11.081094,elastic-workbench-pc-visualizer,elastic-workbench-pc-visualizer-1,20,"{'data_quality': 40, 'model_size': 1, 'parallelism': 1}",1.0,-1,46,-1
2025-07-03 08:00:21.075621,elastic-workbench-qr-detector,elastic-workbench-qr-detector-1,42,"{'data_quality': 652, 'parallelism': 1}",1.6,-1,36,-1
2025-07-03 08:00:21.078474,elastic-workbench-cv-analyzer,elastic-workbench-cv-analyzer-1,315,"{'data_quality': 320, 'model_size': 2, 'parallelism': 1}",5.4,-1,2,-1
2025-07-03 08:00:21.080953,elastic-workbench-pc-visualizer,elastic-workbench-pc-visualizer-1,20,"{'data_quality': 40, 'model_size': 1, 'parallelism': 1}",1.0,-1,47,-1
2025-07-03 08:00:31.077577,elastic-workbench-qr-detector,elastic-workbench-qr-detector-1,42,"{'data_quality': 652, 'parallelism': 1}",1.58,-1,36,-1
2025-07-03 08:00:31.080471,elastic-workbench-cv-analyzer,elastic-workbench-cv-analyzer-1,295,"{'data_quality': 320, 'model_size': 2, 'parallelism': 1}",5.42,-1,3,-1
2025-07-03 08:00:31.083187,elastic-workbench-pc-visualizer,elastic-workbench-pc-visualizer-1,20,"{'data_quality': 40, 'model_size': 1, 'parallelism': 1}",1.0,-1,46,-1
2025-07-03 08:00:41.077004,elastic-workbench-qr-detector,elastic-workbench-qr-detector-1,43,"{'data_quality': 652, 'parallelism': 1}",1.58,-1,36,-1
2025-07-03 08:00:41.079829,elastic-workbench-cv-analyzer,elastic-workbench-cv-analyzer-1,223,"{'data_quality': 320, 'model_size': 2, 'parallelism': 1}",5.42,-1,3,-1
2025-07-03 08:00:41.082644,elastic-workbench-pc-visualizer,elastic-workbench-pc-visualizer-1,20,"{'data_quality': 40, 'model_size': 1, 'parallelism': 1}",1.0,-1,47,-1
2025-07-03 08:00:51.080618,elastic-workbench-qr-detector,elastic-workbench-qr-detector-1,42,"{'data_quality': 652, 'parallelism': 1}",1.58,-1,39,-1
2025-07-03 08:00:51.083859,elastic-workbench-cv-analyzer,elastic-workbench-cv-analyzer-1,280,"{'data_quality': 320, 'model_size': 2, 'parallelism': 1}",5.42,-1,3,-1
2025-07-03 08:00:51.086887,elastic-workbench-pc-visualizer,elastic-workbench-pc-visualizer-1,20,"{'data_quality': 40, 'model_size': 1, 'parallelism': 1}",1.0,-1,47,-1
2025-07-03 08:01:01.078563,elastic-workbench-qr-detector,elastic-workbench-qr-detector-1,41,"{'data_quality': 652, 'parallelism': 1}",1.63,-1,39,-1
2025-07-03 08:01:01.084711,elastic-workbench-cv-analyzer,elastic-workbench-cv-analyzer-1,254,"{'data_quality': 320, 'model_size': 2, 'parallelism': 1}",5.37,-1,3,-1
2025-07-03 08:01:01.087622,elastic-workbench-pc-visualizer,elastic-workbench-pc-visualizer-1,19,"{'data_quality': 40, 'model_size': 1, 'parallelism': 1}",1.0,-1,49,-1
2025-07-03 08:01:11.078384,elastic-workbench-qr-detector,elastic-workbench-qr-detector-1,42,"{'data_quality': 652, 'parallelism': 1}",1.64,-1,40,-1
2025-07-03 08:01:11.084283,elastic-workbench-cv-analyzer,elastic-workbench-cv-analyzer-1,256,"{'data_quality': 320, 'model_size': 2, 'parallelism': 1}",5.36,-1,3,-1
2025-07-03 08:01:11.087658,elastic-workbench-pc-visualizer,elastic-workbench-pc-visualizer-1,21,"{'data_quality': 40, 'model_size': 1, 'parallelism': 1}",1.0,-1,45,-1
2025-07-03 08:01:21.078918,elastic-workbench-qr-detector,elastic-workbench-qr-detector-1,41,"{'data_quality': 652, 'parallelism': 1}",1.65,-1,40,-1
2025-07-03 08:01:21.081777,elastic-workbench-cv-analyzer,elastic-workbench-cv-analyzer-1,295,"{'data_quality': 320, 'model_size': 2, 'parallelism': 1}",5.35,-1,3,-1
2025-07-03 08:01:21.084778,elastic-workbench-pc-visualizer,elastic-workbench-pc-visualizer-1,20,"{'data_quality': 40, 'model_size': 1, 'parallelism': 1}",1.0,-1,46,-1
2025-07-03 08:01:31.079608,elastic-workbench-qr-detector,elastic-workbench-qr-detector-1,42,"{'data_quality': 652, 'parallelism': 1}",1.65,-1,41,-1
2025-07-03 08:01:31.082451,elastic-workbench-cv-analyzer,elastic-workbench-cv-analyzer-1,286,"{'data_quality': 320, 'model_size': 2, 'parallelism': 1}",5.35,-1,2,-1
2025-07-03 08:01:31.085077,elastic-workbench-pc-visualizer,elastic-workbench-pc-visualizer-1,20,"{'data_quality': 40, 'model_size': 1, 'parallelism': 1}",1.0,-1,46,-1
2025-07-03 08:01:41.079872,elastic-workbench-qr-detector,elastic-workbench-qr-detector-1,43,"{'data_quality': 652, 'parallelism': 1}",1.67,-1,41,-1
2025-07-03 08:01:41.082825,elastic-workbench-cv-analyzer,elastic-workbench-cv-analyzer-1,246,"{'data_quality': 320, 'model_size': 2, 'parallelism': 1}",5.33,-1,3,-1
2025-07-03 08:01:41.085768,elastic-workbench-pc-visualizer,elastic-workbench-pc-visualizer-1,20,"{'data_quality': 40, 'model_size': 1, 'parallelism': 1}",1.0,-1,46,-1
2025-07-03 08:01:51.080858,elastic-workbench-qr-detector,elastic-workbench-qr-detector-1,40,"{'data_quality': 652, 'parallelism': 1}",1.67,-1,42,-1
2025-07-03 08:01:51.083607,elastic-workbench-cv-analyzer,elastic-workbench-cv-analyzer-1,276,"{'data_quality': 320, 'model_size': 2, 'parallelism': 1}",5.33,-1,3,-1
2025-07-03 08:01:51.086177,elastic-workbench-pc-visualizer,elastic-workbench-pc-visualizer-1,19,"{'data_quality': 40, 'model_size': 1, 'parallelism': 1}",1.0,-1,49,-1
2025-07-03 08:02:01.081306,elastic-workbench-qr-detector,elastic-workbench-qr-detector-1,40,"{'data_quality': 652, 'parallelism': 1}",1.68,-1,43,-1
2025-07-03 08:02:01.084083,elastic-workbench-cv-analyzer,elastic-workbench-cv-analyzer-1,248,"{'data_quality': 320, 'model_size': 2, 'parallelism': 1}",5.32,-1,3,-1
2025-07-03 08:02:01.086603,elastic-workbench-pc-visualizer,elastic-workbench-pc-visualizer-1,21,"{'data_quality': 40, 'model_size': 1, 'parallelism': 1}",1.0,-1,46,-1
2025-07-03 08:02:11.081916,elastic-workbench-qr-detector,elastic-workbench-qr-detector-1,40,"{'data_quality': 652, 'parallelism': 1}",1.7,-1,43,-1
2025-07-03 08:02:11.084903,elastic-workbench-cv-analyzer,elastic-workbench-cv-analyzer-1,270,"{'data_quality': 320, 'model_size': 2, 'parallelism': 1}",5.3,-1,3,-1
2025-07-03 08:02:11.087470,elastic-workbench-pc-visualizer,elastic-workbench-pc-visualizer-1,21,"{'data_quality': 40, 'model_size': 1, 'parallelism': 1}",1.0,-1,45,-1
2025-07-03 08:02:21.081978,elastic-workbench-qr-detector,elastic-workbench-qr-detector-1,38,"{'data_quality': 652, 'parallelism': 1}",1.7,-1,46,-1
2025-07-03 08:02:21.084849,elastic-workbench-cv-analyzer,elastic-workbench-cv-analyzer-1,305,"{'data_quality': 320, 'model_size': 2, 'parallelism': 1}",5.3,-1,3,-1
2025-07-03 08:02:21.087433,elastic-workbench-pc-visualizer,elastic-workbench-pc-visualizer-1,20,"{'data_quality': 40, 'model_size': 1, 'parallelism': 1}",1.0,-1,47,-1
2025-07-03 08:02:31.082615,elastic-workbench-qr-detector,elastic-workbench-qr-detector-1,43,"{'data_quality': 652, 'parallelism': 1}",1.75,-1,45,-1
2025-07-03 08:02:31.085399,elastic-workbench-cv-analyzer,elastic-workbench-cv-analyzer-1,301,"{'data_quality': 320, 'model_size': 2, 'parallelism': 1}",5.25,-1,2,-1
2025-07-03 08:02:31.088003,elastic-workbench-pc-visualizer,elastic-workbench-pc-visualizer-1,20,"{'data_quality': 40, 'model_size': 1, 'parallelism': 1}",1.0,-1,46,-1
2025-07-03 08:02:41.084304,elastic-workbench-qr-detector,elastic-workbench-qr-detector-1,41,"{'data_quality': 652, 'parallelism': 1}",1.78,-1,47,-1
2025-07-03 08:02:41.087103,elastic-workbench-cv-analyzer,elastic-workbench-cv-analyzer-1,308,"{'data_quality': 320, 'model_size': 2, 'parallelism': 1}",5.22,-1,3,-1
2025-07-03 08:02:41.090400,elastic-workbench-pc-visualizer,elastic-workbench-pc-visualizer-1,21,"{'data_quality': 40, 'model_size': 1, 'parallelism': 1}",1.0,-1,45,-1
2025-07-03 08:02:51.088106,elastic-workbench-qr-detector,elastic-workbench-qr-detector-1,42,"{'data_quality': 652, 'parallelism': 1}",1.84,-1,46,-1
2025-07-03 08:02:51.091014,elastic-workbench-cv-analyzer,elastic-workbench-cv-analyzer-1,278,"{'data_quality': 320, 'model_size': 2, 'parallelism': 1}",5.16,-1,3,-1
2025-07-03 08:02:51.093735,elastic-workbench-pc-visualizer,elastic-workbench-pc-visualizer-1,20,"{'data_quality': 40, 'model_size': 1, 'parallelism': 1}",1.0,-1,46,-1
2025-07-03 08:03:01.088075,elastic-workbench-qr-detector,elastic-workbench-qr-detector-1,40,"{'data_quality': 652, 'parallelism': 1}",1.87,-1,48,-1
2025-07-03 08:03:01.091149,elastic-workbench-cv-analyzer,elastic-workbench-cv-analyzer-1,309,"{'data_quality': 320, 'model_size': 2, 'parallelism': 1}",5.13,-1,2,-1
2025-07-03 08:03:01.093750,elastic-workbench-pc-visualizer,elastic-workbench-pc-visualizer-1,20,"{'data_quality': 40, 'model_size': 1, 'parallelism': 1}",1.0,-1,48,-1
2025-07-03 08:03:11.085749,elastic-workbench-qr-detector,elastic-workbench-qr-detector-1,40,"{'data_quality': 652, 'parallelism': 1}",1.87,-1,48,-1
2025-07-03 08:03:11.092154,elastic-workbench-cv-analyzer,elastic-workbench-cv-analyzer-1,269,"{'data_quality': 320, 'model_size': 2, 'parallelism': 1}",5.13,-1,3,-1
2025-07-03 08:03:11.095458,elastic-workbench-pc-visualizer,elastic-workbench-pc-visualizer-1,20,"{'data_quality': 40, 'model_size': 1, 'parallelism': 1}",1.0,-1,46,-1
2025-07-03 08:03:21.087845,elastic-workbench-qr-detector,elastic-workbench-qr-detector-1,37,"{'data_quality': 652, 'parallelism': 1}",1.91,-1,52,-1
2025-07-03 08:03:21.090630,elastic-workbench-cv-analyzer,elastic-workbench-cv-analyzer-1,174,"{'data_quality': 320, 'model_size': 1, 'parallelism': 1}",5.09,-1,5,-1
2025-07-03 08:03:21.096685,elastic-workbench-pc-visualizer,elastic-workbench-pc-visualizer-1,19,"{'data_quality': 40, 'model_size': 1, 'parallelism': 1}",1.0,-1,48,-1
2025-07-03 08:03:31.088777,elastic-workbench-qr-detector,elastic-workbench-qr-detector-1,38,"{'data_quality': 652, 'parallelism': 1}",1.92,-1,49,-1
2025-07-03 08:03:31.091793,elastic-workbench-cv-analyzer,elastic-workbench-cv-analyzer-1,174,"{'data_quality': 320, 'model_size': 1, 'parallelism': 1}",5.08,-1,5,-1
2025-07-03 08:03:31.094556,elastic-workbench-pc-visualizer,elastic-workbench-pc-visualizer-1,20,"{'data_quality': 40, 'model_size': 1, 'parallelism': 1}",1.0,-1,46,-1
2025-07-03 08:03:41.089233,elastic-workbench-qr-detector,elastic-workbench-qr-detector-1,38,"{'data_quality': 652, 'parallelism': 1}",1.94,-1,51,-1
2025-07-03 08:03:41.093244,elastic-workbench-cv-analyzer,elastic-workbench-cv-analyzer-1,170,"{'data_quality': 320, 'model_size': 1, 'parallelism': 1}",5.06,-1,5,-1
2025-07-03 08:03:41.095948,elastic-workbench-pc-visualizer,elastic-workbench-pc-visualizer-1,20,"{'data_quality': 40, 'model_size': 1, 'parallelism': 1}",1.0,-1,47,-1
2025-07-03 08:03:51.090314,elastic-workbench-qr-detector,elastic-workbench-qr-detector-1,38,"{'data_quality': 652, 'parallelism': 1}",1.96,-1,50,-1
2025-07-03 08:03:51.093220,elastic-workbench-cv-analyzer,elastic-workbench-cv-analyzer-1,179,"{'data_quality': 320, 'model_size': 1, 'parallelism': 1}",5.04,-1,4,-1
2025-07-03 08:03:51.096016,elastic-workbench-pc-visualizer,elastic-workbench-pc-visualizer-1,20,"{'data_quality': 40, 'model_size': 1, 'parallelism': 1}",1.0,-1,47,-1
2025-07-03 08:04:01.090553,elastic-workbench-qr-detector,elastic-workbench-qr-detector-1,36,"{'data_quality': 652, 'parallelism': 1}",1.99,-1,52,-1
2025-07-03 08:04:01.093344,elastic-workbench-cv-analyzer,elastic-workbench-cv-analyzer-1,215,"{'data_quality': 320, 'model_size': 1, 'parallelism': 1}",5.01,-1,4,-1
2025-07-03 08:04:01.095892,elastic-workbench-pc-visualizer,elastic-workbench-pc-visualizer-1,20,"{'data_quality': 40, 'model_size': 1, 'parallelism': 1}",1.0,-1,47,-1
2025-07-03 08:04:11.093239,elastic-workbench-qr-detector,elastic-workbench-qr-detector-1,36,"{'data_quality': 652, 'parallelism': 1}",2.03,-1,54,-1
2025-07-03 08:04:11.096302,elastic-workbench-cv-analyzer,elastic-workbench-cv-analyzer-1,209,"{'data_quality': 320, 'model_size': 1, 'parallelism': 1}",4.97,-1,4,-1
2025-07-03 08:04:11.098813,elastic-workbench-pc-visualizer,elastic-workbench-pc-visualizer-1,20,"{'data_quality': 40, 'model_size': 1, 'parallelism': 1}",1.0,-1,46,-1
2025-07-03 08:04:21.098355,elastic-workbench-qr-detector,elastic-workbench-qr-detector-1,34,"{'data_quality': 652, 'parallelism': 1}",2.07,-1,55,-1
2025-07-03 08:04:21.101478,elastic-workbench-cv-analyzer,elastic-workbench-cv-analyzer-1,220,"{'data_quality': 320, 'model_size': 1, 'parallelism': 1}",4.93,-1,4,-1
2025-07-03 08:04:21.104081,elastic-workbench-pc-visualizer,elastic-workbench-pc-visualizer-1,20,"{'data_quality': 40, 'model_size': 1, 'parallelism': 1}",1.0,-1,46,-1
2025-07-03 08:04:31.093229,elastic-workbench-qr-detector,elastic-workbench-qr-detector-1,34,"{'data_quality': 638, 'parallelism': 1}",2.06,-1,57,-1
2025-07-03 08:04:31.099913,elastic-workbench-cv-analyzer,elastic-workbench-cv-analyzer-1,193,"{'data_quality': 210, 'model_size': 2, 'parallelism': 1}",4.94,-1,4,-1
2025-07-03 08:04:31.102695,elastic-workbench-pc-visualizer,elastic-workbench-pc-visualizer-1,20,"{'data_quality': 40, 'model_size': 1, 'parallelism': 1}",1.0,-1,47,-1
2025-07-03 08:04:41.093167,elastic-workbench-qr-detector,elastic-workbench-qr-detector-1,33,"{'data_quality': 638, 'parallelism': 1}",2.09,-1,57,-1
2025-07-03 08:04:41.097176,elastic-workbench-cv-analyzer,elastic-workbench-cv-analyzer-1,184,"{'data_quality': 210, 'model_size': 2, 'parallelism': 1}",4.91,-1,4,-1
2025-07-03 08:04:41.102242,elastic-workbench-pc-visualizer,elastic-workbench-pc-visualizer-1,20,"{'data_quality': 40, 'model_size': 1, 'parallelism': 1}",1.0,-1,47,-1
2025-07-03 08:04:51.094037,elastic-workbench-qr-detector,elastic-workbench-qr-detector-1,31,"{'data_quality': 638, 'parallelism': 1}",2.13,-1,59,-1
2025-07-03 08:04:51.096894,elastic-workbench-cv-analyzer,elastic-workbench-cv-analyzer-1,197,"{'data_quality': 210, 'model_size': 2, 'parallelism': 1}",4.87,-1,4,-1
2025-07-03 08:04:51.099618,elastic-workbench-pc-visualizer,elastic-workbench-pc-visualizer-1,20,"{'data_quality': 40, 'model_size': 1, 'parallelism': 1}",1.0,-1,47,-1
2025-07-03 08:05:01.094450,elastic-workbench-qr-detector,elastic-workbench-qr-detector-1,32,"{'data_quality': 638, 'parallelism': 1}",2.16,-1,60,-1
2025-07-03 08:05:01.097893,elastic-workbench-cv-analyzer,elastic-workbench-cv-analyzer-1,252,"{'data_quality': 210, 'model_size': 2, 'parallelism': 1}",4.84,-1,3,-1
2025-07-03 08:05:01.101342,elastic-workbench-pc-visualizer,elastic-workbench-pc-visualizer-1,20,"{'data_quality': 40, 'model_size': 1, 'parallelism': 1}",1.0,-1,47,-1
2025-07-03 08:05:11.094346,elastic-workbench-qr-detector,elastic-workbench-qr-detector-1,31,"{'data_quality': 638, 'parallelism': 1}",2.17,-1,61,-1
2025-07-03 08:05:11.097070,elastic-workbench-cv-analyzer,elastic-workbench-cv-analyzer-1,205,"{'data_quality': 210, 'model_size': 2, 'parallelism': 1}",4.83,-1,4,-1
2025-07-03 08:05:11.100026,elastic-workbench-pc-visualizer,elastic-workbench-pc-visualizer-1,19,"{'data_quality': 40, 'model_size': 1, 'parallelism': 1}",1.0,-1,48,-1
2025-07-03 08:05:21.094941,elastic-workbench-qr-detector,elastic-workbench-qr-detector-1,30,"{'data_quality': 638, 'parallelism': 1}",2.2,-1,63,-1
2025-07-03 08:05:21.098245,elastic-workbench-cv-analyzer,elastic-workbench-cv-analyzer-1,215,"{'data_quality': 210, 'model_size': 2, 'parallelism': 1}",4.8,-1,4,-1
2025-07-03 08:05:21.100890,elastic-workbench-pc-visualizer,elastic-workbench-pc-visualizer-1,20,"{'data_quality': 40, 'model_size': 1, 'parallelism': 1}",1.0,-1,47,-1
2025-07-03 08:05:31.095200,elastic-workbench-qr-detector,elastic-workbench-qr-detector-1,31,"{'data_quality': 638, 'parallelism': 1}",2.21,-1,62,-1
2025-07-03 08:05:31.097867,elastic-workbench-cv-analyzer,elastic-workbench-cv-analyzer-1,105,"{'data_quality': 210, 'model_size': 1, 'parallelism': 1}",4.79,-1,7,-1
2025-07-03 08:05:31.100598,elastic-workbench-pc-visualizer,elastic-workbench-pc-visualizer-1,19,"{'data_quality': 40, 'model_size': 1, 'parallelism': 1}",1.0,-1,48,-1
2025-07-03 08:05:41.096246,elastic-workbench-qr-detector,elastic-workbench-qr-detector-1,30,"{'data_quality': 638, 'parallelism': 1}",2.25,-1,63,-1
2025-07-03 08:05:41.099271,elastic-workbench-cv-analyzer,elastic-workbench-cv-analyzer-1,118,"{'data_quality': 210, 'model_size': 1, 'parallelism': 1}",4.75,-1,7,-1
2025-07-03 08:05:41.101879,elastic-workbench-pc-visualizer,elastic-workbench-pc-visualizer-1,20,"{'data_quality': 40, 'model_size': 1, 'parallelism': 1}",1.0,-1,48,-1
2025-07-03 08:05:51.097473,elastic-workbench-qr-detector,elastic-workbench-qr-detector-1,29,"{'data_quality': 638, 'parallelism': 1}",2.29,-1,65,-1
2025-07-03 08:05:51.100280,elastic-workbench-cv-analyzer,elastic-workbench-cv-analyzer-1,112,"{'data_quality': 210, 'model_size': 1, 'parallelism': 1}",4.71,-1,7,-1
2025-07-03 08:05:51.102902,elastic-workbench-pc-visualizer,elastic-workbench-pc-visualizer-1,20,"{'data_quality': 40, 'model_size': 1, 'parallelism': 1}",1.0,-1,46,-1
2025-07-03 08:06:01.097555,elastic-workbench-qr-detector,elastic-workbench-qr-detector-1,29,"{'data_quality': 638, 'parallelism': 1}",2.33,-1,65,-1
2025-07-03 08:06:01.100446,elastic-workbench-cv-analyzer,elastic-workbench-cv-analyzer-1,105,"{'data_quality': 210, 'model_size': 1, 'parallelism': 1}",4.67,-1,7,-1
2025-07-03 08:06:01.103276,elastic-workbench-pc-visualizer,elastic-workbench-pc-visualizer-1,20,"{'data_quality': 40, 'model_size': 1, 'parallelism': 1}",1.0,-1,47,-1
2025-07-03 08:06:11.103327,elastic-workbench-qr-detector,elastic-workbench-qr-detector-1,29,"{'data_quality': 638, 'parallelism': 1}",2.34,-1,66,-1
2025-07-03 08:06:11.106128,elastic-workbench-cv-analyzer,elastic-workbench-cv-analyzer-1,117,"{'data_quality': 210, 'model_size': 1, 'parallelism': 1}",4.66,-1,8,-1
2025-07-03 08:06:11.114741,elastic-workbench-pc-visualizer,elastic-workbench-pc-visualizer-1,20,"{'data_quality': 40, 'model_size': 1, 'parallelism': 1}",1.0,-1,46,-1
2025-07-03 08:06:21.100218,elastic-workbench-qr-detector,elastic-workbench-qr-detector-1,28,"{'data_quality': 638, 'parallelism': 1}",2.35,-1,66,-1
2025-07-03 08:06:21.108257,elastic-workbench-cv-analyzer,elastic-workbench-cv-analyzer-1,121,"{'data_quality': 210, 'model_size': 1, 'parallelism': 1}",4.65,-1,7,-1
2025-07-03 08:06:21.111496,elastic-workbench-pc-visualizer,elastic-workbench-pc-visualizer-1,20,"{'data_quality': 40, 'model_size': 1, 'parallelism': 1}",1.0,-1,46,-1
2025-07-03 08:06:31.100683,elastic-workbench-qr-detector,elastic-workbench-qr-detector-1,28,"{'data_quality': 638, 'parallelism': 1}",2.37,-1,68,-1
2025-07-03 08:06:31.103420,elastic-workbench-cv-analyzer,elastic-workbench-cv-analyzer-1,136,"{'data_quality': 210, 'model_size': 1, 'parallelism': 1}",4.63,-1,6,-1
2025-07-03 08:06:31.116060,elastic-workbench-pc-visualizer,elastic-workbench-pc-visualizer-1,20,"{'data_quality': 40, 'model_size': 1, 'parallelism': 1}",1.0,-1,46,-1
2025-07-03 08:06:41.100935,elastic-workbench-qr-detector,elastic-workbench-qr-detector-1,28,"{'data_quality': 638, 'parallelism': 1}",2.39,-1,68,-1
2025-07-03 08:06:41.104061,elastic-workbench-cv-analyzer,elastic-workbench-cv-analyzer-1,104,"{'data_quality': 210, 'model_size': 1, 'parallelism': 1}",4.61,-1,7,-1
2025-07-03 08:06:41.110329,elastic-workbench-pc-visualizer,elastic-workbench-pc-visualizer-1,20,"{'data_quality': 40, 'model_size': 1, 'parallelism': 1}",1.0,-1,46,-1
2025-07-03 08:06:51.101832,elastic-workbench-qr-detector,elastic-workbench-qr-detector-1,28,"{'data_quality': 638, 'parallelism': 1}",2.43,-1,69,-1
2025-07-03 08:06:51.104725,elastic-workbench-cv-analyzer,elastic-workbench-cv-analyzer-1,133,"{'data_quality': 210, 'model_size': 1, 'parallelism': 1}",4.57,-1,7,-1
2025-07-03 08:06:51.113253,elastic-workbench-pc-visualizer,elastic-workbench-pc-visualizer-1,20,"{'data_quality': 40, 'model_size': 1, 'parallelism': 1}",1.0,-1,46,-1
2025-07-03 08:07:01.101920,elastic-workbench-qr-detector,elastic-workbench-qr-detector-1,28,"{'data_quality': 638, 'parallelism': 1}",2.42,-1,68,-1
2025-07-03 08:07:01.104756,elastic-workbench-cv-analyzer,elastic-workbench-cv-analyzer-1,134,"{'data_quality': 210, 'model_size': 1, 'parallelism': 1}",4.58,-1,6,-1
2025-07-03 08:07:01.113363,elastic-workbench-pc-visualizer,elastic-workbench-pc-visualizer-1,20,"{'data_quality': 40, 'model_size': 1, 'parallelism': 1}",1.0,-1,46,-1
2025-07-03 08:07:11.102143,elastic-workbench-qr-detector,elastic-workbench-qr-detector-1,28,"{'data_quality': 638, 'parallelism': 1}",2.45,-1,69,-1
2025-07-03 08:07:11.104788,elastic-workbench-cv-analyzer,elastic-workbench-cv-analyzer-1,103,"{'data_quality': 210, 'model_size': 1, 'parallelism': 1}",4.55,-1,8,-1
2025-07-03 08:07:11.111199,elastic-workbench-pc-visualizer,elastic-workbench-pc-visualizer-1,20,"{'data_quality': 40, 'model_size': 1, 'parallelism': 1}",1.0,-1,47,-1
2025-07-03 08:07:21.102439,elastic-workbench-qr-detector,elastic-workbench-qr-detector-1,27,"{'data_quality': 638, 'parallelism': 1}",2.5,-1,70,-1
2025-07-03 08:07:21.105290,elastic-workbench-cv-analyzer,elastic-workbench-cv-analyzer-1,139,"{'data_quality': 210, 'model_size': 1, 'parallelism': 1}",4.5,-1,6,-1
2025-07-03 08:07:21.114246,elastic-workbench-pc-visualizer,elastic-workbench-pc-visualizer-1,19,"{'data_quality': 40, 'model_size': 1, 'parallelism': 1}",1.0,-1,48,-1
2025-07-03 08:07:31.110295,elastic-workbench-qr-detector,elastic-workbench-qr-detector-1,40,"{'data_quality': 638, 'parallelism': 1}",2.55,-1,72,-1
2025-07-03 08:07:31.118675,elastic-workbench-cv-analyzer,elastic-workbench-cv-analyzer-1,100,"{'data_quality': 210, 'model_size': 1, 'parallelism': 1}",4.45,-1,8,-1
2025-07-03 08:07:31.121399,elastic-workbench-pc-visualizer,elastic-workbench-pc-visualizer-1,20,"{'data_quality': 40, 'model_size': 1, 'parallelism': 1}",1.0,-1,46,-1
2025-07-03 08:07:41.104490,elastic-workbench-qr-detector,elastic-workbench-qr-detector-1,39,"{'data_quality': 638, 'parallelism': 1}",2.59,-1,73,-1
2025-07-03 08:07:41.116928,elastic-workbench-cv-analyzer,elastic-workbench-cv-analyzer-1,145,"{'data_quality': 210, 'model_size': 1, 'parallelism': 1}",4.41,-1,6,-1
2025-07-03 08:07:41.119856,elastic-workbench-pc-visualizer,elastic-workbench-pc-visualizer-1,20,"{'data_quality': 40, 'model_size': 1, 'parallelism': 1}",1.0,-1,46,-1
2025-07-03 08:07:51.105251,elastic-workbench-qr-detector,elastic-workbench-qr-detector-1,39,"{'data_quality': 623, 'parallelism': 1}",2.54,-1,75,-1
2025-07-03 08:07:51.117259,elastic-workbench-cv-analyzer,elastic-workbench-cv-analyzer-1,93,"{'data_quality': 178, 'model_size': 1, 'parallelism': 1}",4.46,-1,10,-1
2025-07-03 08:07:51.121468,elastic-workbench-pc-visualizer,elastic-workbench-pc-visualizer-1,20,"{'data_quality': 40, 'model_size': 1, 'parallelism': 1}",1.0,-1,47,-1
2025-07-03 08:08:01.105927,elastic-workbench-qr-detector,elastic-workbench-qr-detector-1,39,"{'data_quality': 623, 'parallelism': 1}",2.56,-1,74,-1
2025-07-03 08:08:01.117718,elastic-workbench-cv-analyzer,elastic-workbench-cv-analyzer-1,85,"{'data_quality': 178, 'model_size': 1, 'parallelism': 1}",4.44,-1,9,-1
2025-07-03 08:08:01.131847,elastic-workbench-pc-visualizer,elastic-workbench-pc-visualizer-1,20,"{'data_quality': 40, 'model_size': 1, 'parallelism': 1}",1.0,-1,47,-1
2025-07-03 08:08:11.105490,elastic-workbench-qr-detector,elastic-workbench-qr-detector-1,37,"{'data_quality': 623, 'parallelism': 1}",2.58,-1,76,-1
2025-07-03 08:08:11.117418,elastic-workbench-cv-analyzer,elastic-workbench-cv-analyzer-1,92,"{'data_quality': 178, 'model_size': 1, 'parallelism': 1}",4.42,-1,9,-1
2025-07-03 08:08:11.130269,elastic-workbench-pc-visualizer,elastic-workbench-pc-visualizer-1,20,"{'data_quality': 40, 'model_size': 1, 'parallelism': 1}",1.0,-1,48,-1
2025-07-03 08:08:21.105485,elastic-workbench-qr-detector,elastic-workbench-qr-detector-1,38,"{'data_quality': 623, 'parallelism': 1}",2.59,-1,76,-1
2025-07-03 08:08:21.112326,elastic-workbench-cv-analyzer,elastic-workbench-cv-analyzer-1,79,"{'data_quality': 178, 'model_size': 1, 'parallelism': 1}",4.41,-1,10,-1
2025-07-03 08:08:21.122854,elastic-workbench-pc-visualizer,elastic-workbench-pc-visualizer-1,21,"{'data_quality': 40, 'model_size': 1, 'parallelism': 1}",1.0,-1,46,-1
2025-07-03 08:08:31.106214,elastic-workbench-qr-detector,elastic-workbench-qr-detector-1,37,"{'data_quality': 623, 'parallelism': 1}",2.58,-1,77,-1
2025-07-03 08:08:31.118320,elastic-workbench-cv-analyzer,elastic-workbench-cv-analyzer-1,86,"{'data_quality': 178, 'model_size': 1, 'parallelism': 1}",4.42,-1,9,-1
2025-07-03 08:08:31.120837,elastic-workbench-pc-visualizer,elastic-workbench-pc-visualizer-1,20,"{'data_quality': 40, 'model_size': 1, 'parallelism': 1}",1.0,-1,47,-1
2025-07-03 08:08:41.107385,elastic-workbench-qr-detector,elastic-workbench-qr-detector-1,37,"{'data_quality': 623, 'parallelism': 1}",2.61,-1,78,-1
2025-07-03 08:08:41.110086,elastic-workbench-cv-analyzer,elastic-workbench-cv-analyzer-1,83,"{'data_quality': 178, 'model_size': 1, 'parallelism': 1}",4.39,-1,10,-1
2025-07-03 08:08:41.112943,elastic-workbench-pc-visualizer,elastic-workbench-pc-visualizer-1,20,"{'data_quality': 40, 'model_size': 1, 'parallelism': 1}",1.0,-1,47,-1
2025-07-03 08:08:51.112561,elastic-workbench-qr-detector,elastic-workbench-qr-detector-1,37,"{'data_quality': 623, 'parallelism': 1}",2.65,-1,77,-1
2025-07-03 08:08:51.118665,elastic-workbench-cv-analyzer,elastic-workbench-cv-analyzer-1,76,"{'data_quality': 178, 'model_size': 1, 'parallelism': 1}",4.35,-1,9,-1
2025-07-03 08:08:51.124553,elastic-workbench-pc-visualizer,elastic-workbench-pc-visualizer-1,21,"{'data_quality': 40, 'model_size': 1, 'parallelism': 1}",1.0,-1,46,-1
2025-07-03 08:09:01.115148,elastic-workbench-qr-detector,elastic-workbench-qr-detector-1,35,"{'data_quality': 623, 'parallelism': 1}",2.64,-1,79,-1
2025-07-03 08:09:01.121675,elastic-workbench-cv-analyzer,elastic-workbench-cv-analyzer-1,115,"{'data_quality': 178, 'model_size': 1, 'parallelism': 1}",4.36,-1,8,-1
2025-07-03 08:09:01.124211,elastic-workbench-pc-visualizer,elastic-workbench-pc-visualizer-1,20,"{'data_quality': 40, 'model_size': 1, 'parallelism': 1}",1.0,-1,47,-1
2025-07-03 08:09:11.122762,elastic-workbench-qr-detector,elastic-workbench-qr-detector-1,36,"{'data_quality': 623, 'parallelism': 1}",2.64,-1,78,-1
2025-07-03 08:09:11.129528,elastic-workbench-cv-analyzer,elastic-workbench-cv-analyzer-1,104,"{'data_quality': 178, 'model_size': 1, 'parallelism': 1}",4.36,-1,8,-1
2025-07-03 08:09:11.132279,elastic-workbench-pc-visualizer,elastic-workbench-pc-visualizer-1,19,"{'data_quality': 40, 'model_size': 1, 'parallelism': 1}",1.0,-1,48,-1
2025-07-03 08:09:21.120254,elastic-workbench-qr-detector,elastic-workbench-qr-detector-1,37,"{'data_quality': 623, 'parallelism': 1}",2.6,-1,78,-1
2025-07-03 08:09:21.127851,elastic-workbench-cv-analyzer,elastic-workbench-cv-analyzer-1,115,"{'data_quality': 178, 'model_size': 1, 'parallelism': 1}",4.4,-1,8,-1
2025-07-03 08:09:21.131537,elastic-workbench-pc-visualizer,elastic-workbench-pc-visualizer-1,20,"{'data_quality': 40, 'model_size': 1, 'parallelism': 1}",1.0,-1,48,-1
2025-07-03 08:09:31.121945,elastic-workbench-qr-detector,elastic-workbench-qr-detector-1,36,"{'data_quality': 623, 'parallelism': 1}",2.61,-1,79,-1
2025-07-03 08:09:31.125276,elastic-workbench-cv-analyzer,elastic-workbench-cv-analyzer-1,85,"{'data_quality': 178, 'model_size': 1, 'parallelism': 1}",4.39,-1,9,-1
2025-07-03 08:09:31.132772,elastic-workbench-pc-visualizer,elastic-workbench-pc-visualizer-1,20,"{'data_quality': 40, 'model_size': 1, 'parallelism': 1}",1.0,-1,47,-1
2025-07-03 08:09:41.119168,elastic-workbench-qr-detector,elastic-workbench-qr-detector-1,36,"{'data_quality': 623, 'parallelism': 1}",2.63,-1,79,-1
2025-07-03 08:09:41.124873,elastic-workbench-cv-analyzer,elastic-workbench-cv-analyzer-1,82,"{'data_quality': 178, 'model_size': 1, 'parallelism': 1}",4.37,-1,9,-1
2025-07-03 08:09:41.128322,elastic-workbench-pc-visualizer,elastic-workbench-pc-visualizer-1,19,"{'data_quality': 40, 'model_size': 1, 'parallelism': 1}",1.0,-1,48,-1
2025-07-03 08:09:51.119787,elastic-workbench-qr-detector,elastic-workbench-qr-detector-1,37,"{'data_quality': 623, 'parallelism': 1}",2.62,-1,77,-1
2025-07-03 08:09:51.123512,elastic-workbench-cv-analyzer,elastic-workbench-cv-analyzer-1,99,"{'data_quality': 178, 'model_size': 1, 'parallelism': 1}",4.38,-1,8,-1
2025-07-03 08:09:51.128408,elastic-workbench-pc-visualizer,elastic-workbench-pc-visualizer-1,20,"{'data_quality': 40, 'model_size': 1, 'parallelism': 1}",1.0,-1,47,-1
2025-07-03 08:10:01.124428,elastic-workbench-qr-detector,elastic-workbench-qr-detector-1,37,"{'data_quality': 623, 'parallelism': 1}",2.58,-1,76,-1
2025-07-03 08:10:01.129422,elastic-workbench-cv-analyzer,elastic-workbench-cv-analyzer-1,90,"{'data_quality': 178, 'model_size': 1, 'parallelism': 1}",4.42,-1,8,-1
2025-07-03 08:10:01.131983,elastic-workbench-pc-visualizer,elastic-workbench-pc-visualizer-1,20,"{'data_quality': 40, 'model_size': 1, 'parallelism': 1}",1.0,-1,47,-1
2025-07-03 08:10:11.120788,elastic-workbench-qr-detector,elastic-workbench-qr-detector-1,39,"{'data_quality': 623, 'parallelism': 1}",2.55,-1,74,-1
2025-07-03 08:10:11.127079,elastic-workbench-cv-analyzer,elastic-workbench-cv-analyzer-1,76,"{'data_quality': 178, 'model_size': 1, 'parallelism': 1}",4.45,-1,9,-1
2025-07-03 08:10:11.129718,elastic-workbench-pc-visualizer,elastic-workbench-pc-visualizer-1,20,"{'data_quality': 40, 'model_size': 1, 'parallelism': 1}",1.0,-1,47,-1
2025-07-03 08:10:21.131337,elastic-workbench-qr-detector,elastic-workbench-qr-detector-1,38,"{'data_quality': 623, 'parallelism': 1}",2.56,-1,74,-1
2025-07-03 08:10:21.135026,elastic-workbench-cv-analyzer,elastic-workbench-cv-analyzer-1,79,"{'data_quality': 178, 'model_size': 1, 'parallelism': 1}",4.44,-1,9,-1
2025-07-03 08:10:21.137724,elastic-workbench-pc-visualizer,elastic-workbench-pc-visualizer-1,20,"{'data_quality': 40, 'model_size': 1, 'parallelism': 1}",1.0,-1,46,-1
2025-07-03 08:10:31.118899,elastic-workbench-qr-detector,elastic-workbench-qr-detector-1,37,"{'data_quality': 623, 'parallelism': 1}",2.62,-1,78,-1
2025-07-03 08:10:31.125637,elastic-workbench-cv-analyzer,elastic-workbench-cv-analyzer-1,105,"{'data_quality': 178, 'model_size': 1, 'parallelism': 1}",4.38,-1,8,-1
2025-07-03 08:10:31.135744,elastic-workbench-pc-visualizer,elastic-workbench-pc-visualizer-1,19,"{'data_quality': 40, 'model_size': 1, 'parallelism': 1}",1.0,-1,49,-1
2025-07-03 08:10:41.126727,elastic-workbench-qr-detector,elastic-workbench-qr-detector-1,35,"{'data_quality': 623, 'parallelism': 1}",2.65,-1,79,-1
2025-07-03 08:10:41.133847,elastic-workbench-cv-analyzer,elastic-workbench-cv-analyzer-1,99,"{'data_quality': 178, 'model_size': 1, 'parallelism': 1}",4.35,-1,8,-1
2025-07-03 08:10:41.136420,elastic-workbench-pc-visualizer,elastic-workbench-pc-visualizer-1,19,"{'data_quality': 40, 'model_size': 1, 'parallelism': 1}",1.0,-1,48,-1
2025-07-03 08:10:51.126006,elastic-workbench-qr-detector,elastic-workbench-qr-detector-1,37,"{'data_quality': 623, 'parallelism': 1}",2.6,-1,76,-1
2025-07-03 08:10:51.128880,elastic-workbench-cv-analyzer,elastic-workbench-cv-analyzer-1,107,"{'data_quality': 178, 'model_size': 1, 'parallelism': 1}",4.4,-1,8,-1
2025-07-03 08:10:51.132106,elastic-workbench-pc-visualizer,elastic-workbench-pc-visualizer-1,19,"{'data_quality': 40, 'model_size': 1, 'parallelism': 1}",1.0,-1,47,-1
2025-07-03 08:11:01.137662,elastic-workbench-qr-detector,elastic-workbench-qr-detector-1,38,"{'data_quality': 623, 'parallelism': 1}",2.56,-1,75,-1
2025-07-03 08:11:01.141113,elastic-workbench-cv-analyzer,elastic-workbench-cv-analyzer-1,97,"{'data_quality': 178, 'model_size': 1, 'parallelism': 1}",4.44,-1,8,-1
2025-07-03 08:11:01.143688,elastic-workbench-pc-visualizer,elastic-workbench-pc-visualizer-1,19,"{'data_quality': 40, 'model_size': 1, 'parallelism': 1}",1.0,-1,47,-1
2025-07-03 08:11:11.126926,elastic-workbench-qr-detector,elastic-workbench-qr-detector-1,38,"{'data_quality': 623, 'parallelism': 1}",2.53,-1,75,-1
2025-07-03 08:11:11.129671,elastic-workbench-cv-analyzer,elastic-workbench-cv-analyzer-1,97,"{'data_quality': 178, 'model_size': 1, 'parallelism': 1}",4.47,-1,8,-1
2025-07-03 08:11:11.132227,elastic-workbench-pc-visualizer,elastic-workbench-pc-visualizer-1,20,"{'data_quality': 40, 'model_size': 1, 'parallelism': 1}",1.0,-1,46,-1
2025-07-03 08:11:21.142453,elastic-workbench-qr-detector,elastic-workbench-qr-detector-1,39,"{'data_quality': 623, 'parallelism': 1}",2.51,-1,74,-1
2025-07-03 08:11:21.145880,elastic-workbench-cv-analyzer,elastic-workbench-cv-analyzer-1,84,"{'data_quality': 178, 'model_size': 1, 'parallelism': 1}",4.49,-1,8,-1
2025-07-03 08:11:21.148485,elastic-workbench-pc-visualizer,elastic-workbench-pc-visualizer-1,19,"{'data_quality': 40, 'model_size': 1, 'parallelism': 1}",1.0,-1,48,-1
2025-07-03 08:11:31.137470,elastic-workbench-qr-detector,elastic-workbench-qr-detector-1,26,"{'data_quality': 623, 'parallelism': 1}",2.5,-1,73,-1
2025-07-03 08:11:31.145242,elastic-workbench-cv-analyzer,elastic-workbench-cv-analyzer-1,79,"{'data_quality': 178, 'model_size': 1, 'parallelism': 1}",4.5,-1,9,-1
2025-07-03 08:11:31.148150,elastic-workbench-pc-visualizer,elastic-workbench-pc-visualizer-1,20,"{'data_quality': 40, 'model_size': 1, 'parallelism': 1}",1.0,-1,48,-1
2025-07-03 08:11:41.130583,elastic-workbench-qr-detector,elastic-workbench-qr-detector-1,27,"{'data_quality': 623, 'parallelism': 1}",2.48,-1,72,-1
2025-07-03 08:11:41.133679,elastic-workbench-cv-analyzer,elastic-workbench-cv-analyzer-1,91,"{'data_quality': 178, 'model_size': 1, 'parallelism': 1}",4.52,-1,9,-1
2025-07-03 08:11:41.136429,elastic-workbench-pc-visualizer,elastic-workbench-pc-visualizer-1,20,"{'data_quality': 40, 'model_size': 1, 'parallelism': 1}",1.0,-1,48,-1
2025-07-03 08:11:51.135707,elastic-workbench-qr-detector,elastic-workbench-qr-detector-1,27,"{'data_quality': 623, 'parallelism': 1}",2.44,-1,71,-1
2025-07-03 08:11:51.141806,elastic-workbench-cv-analyzer,elastic-workbench-cv-analyzer-1,81,"{'data_quality': 178, 'model_size': 1, 'parallelism': 1}",4.56,-1,8,-1
2025-07-03 08:11:51.144695,elastic-workbench-pc-visualizer,elastic-workbench-pc-visualizer-1,19,"{'data_quality': 40, 'model_size': 1, 'parallelism': 1}",1.0,-1,49,-1
2025-07-03 08:12:01.133745,elastic-workbench-qr-detector,elastic-workbench-qr-detector-1,27,"{'data_quality': 623, 'parallelism': 1}",2.45,-1,71,-1
2025-07-03 08:12:01.140311,elastic-workbench-cv-analyzer,elastic-workbench-cv-analyzer-1,164,"{'data_quality': 178, 'model_size': 2, 'parallelism': 1}",4.55,-1,5,-1
2025-07-03 08:12:01.143535,elastic-workbench-pc-visualizer,elastic-workbench-pc-visualizer-1,20,"{'data_quality': 40, 'model_size': 1, 'parallelism': 1}",1.0,-1,46,-1
2025-07-03 08:12:11.134259,elastic-workbench-qr-detector,elastic-workbench-qr-detector-1,27,"{'data_quality': 623, 'parallelism': 1}",2.38,-1,70,-1
2025-07-03 08:12:11.142802,elastic-workbench-cv-analyzer,elastic-workbench-cv-analyzer-1,223,"{'data_quality': 178, 'model_size': 2, 'parallelism': 1}",4.62,-1,4,-1
2025-07-03 08:12:11.145591,elastic-workbench-pc-visualizer,elastic-workbench-pc-visualizer-1,20,"{'data_quality': 40, 'model_size': 1, 'parallelism': 1}",1.0,-1,47,-1
2025-07-03 08:12:21.137287,elastic-workbench-qr-detector,elastic-workbench-qr-detector-1,28,"{'data_quality': 623, 'parallelism': 1}",2.37,-1,67,-1
2025-07-03 08:12:21.140160,elastic-workbench-cv-analyzer,elastic-workbench-cv-analyzer-1,206,"{'data_quality': 178, 'model_size': 2, 'parallelism': 1}",4.63,-1,4,-1
2025-07-03 08:12:21.143538,elastic-workbench-pc-visualizer,elastic-workbench-pc-visualizer-1,21,"{'data_quality': 40, 'model_size': 1, 'parallelism': 1}",1.0,-1,46,-1
2025-07-03 08:12:31.147005,elastic-workbench-qr-detector,elastic-workbench-qr-detector-1,27,"{'data_quality': 623, 'parallelism': 1}",2.38,-1,70,-1
2025-07-03 08:12:31.151056,elastic-workbench-cv-analyzer,elastic-workbench-cv-analyzer-1,174,"{'data_quality': 178, 'model_size': 2, 'parallelism': 1}",4.62,-1,5,-1
2025-07-03 08:12:31.153701,elastic-workbench-pc-visualizer,elastic-workbench-pc-visualizer-1,20,"{'data_quality': 40, 'model_size': 1, 'parallelism': 1}",1.0,-1,47,-1
2025-07-03 08:12:41.140368,elastic-workbench-qr-detector,elastic-workbench-qr-detector-1,28,"{'data_quality': 623, 'parallelism': 1}",2.31,-1,68,-1
2025-07-03 08:12:41.152987,elastic-workbench-cv-analyzer,elastic-workbench-cv-analyzer-1,177,"{'data_quality': 178, 'model_size': 2, 'parallelism': 1}",4.69,-1,5,-1
2025-07-03 08:12:41.156116,elastic-workbench-pc-visualizer,elastic-workbench-pc-visualizer-1,20,"{'data_quality': 40, 'model_size': 1, 'parallelism': 1}",1.0,-1,48,-1
2025-07-03 08:12:51.138936,elastic-workbench-qr-detector,elastic-workbench-qr-detector-1,28,"{'data_quality': 623, 'parallelism': 1}",2.28,-1,67,-1
2025-07-03 08:12:51.146261,elastic-workbench-cv-analyzer,elastic-workbench-cv-analyzer-1,190,"{'data_quality': 178, 'model_size': 2, 'parallelism': 1}",4.72,-1,4,-1
2025-07-03 08:12:51.152664,elastic-workbench-pc-visualizer,elastic-workbench-pc-visualizer-1,20,"{'data_quality': 40, 'model_size': 1, 'parallelism': 1}",1.0,-1,47,-1
2025-07-03 08:13:01.139436,elastic-workbench-qr-detector,elastic-workbench-qr-detector-1,29,"{'data_quality': 623, 'parallelism': 1}",2.24,-1,65,-1
2025-07-03 08:13:01.141924,elastic-workbench-cv-analyzer,elastic-workbench-cv-analyzer-1,174,"{'data_quality': 178, 'model_size': 2, 'parallelism': 1}",4.76,-1,5,-1
2025-07-03 08:13:01.144514,elastic-workbench-pc-visualizer,elastic-workbench-pc-visualizer-1,21,"{'data_quality': 40, 'model_size': 1, 'parallelism': 1}",1.0,-1,46,-1
2025-07-03 08:13:11.144018,elastic-workbench-qr-detector,elastic-workbench-qr-detector-1,32,"{'data_quality': 623, 'parallelism': 1}",2.2,-1,59,-1
2025-07-03 08:13:11.146881,elastic-workbench-cv-analyzer,elastic-workbench-cv-analyzer-1,162,"{'data_quality': 178, 'model_size': 2, 'parallelism': 1}",4.8,-1,5,-1
2025-07-03 08:13:11.149503,elastic-workbench-pc-visualizer,elastic-workbench-pc-visualizer-1,20,"{'data_quality': 40, 'model_size': 1, 'parallelism': 1}",1.0,-1,46,-1
2025-07-03 08:13:21.146264,elastic-workbench-qr-detector,elastic-workbench-qr-detector-1,31,"{'data_quality': 623, 'parallelism': 1}",2.17,-1,62,-1
2025-07-03 08:13:21.148712,elastic-workbench-cv-analyzer,elastic-workbench-cv-analyzer-1,147,"{'data_quality': 178, 'model_size': 2, 'parallelism': 1}",4.83,-1,6,-1
2025-07-03 08:13:21.151623,elastic-workbench-pc-visualizer,elastic-workbench-pc-visualizer-1,20,"{'data_quality': 40, 'model_size': 1, 'parallelism': 1}",1.0,-1,46,-1
2025-07-03 08:13:31.143690,elastic-workbench-qr-detector,elastic-workbench-qr-detector-1,29,"{'data_quality': 623, 'parallelism': 1}",2.15,-1,63,-1
2025-07-03 08:13:31.146403,elastic-workbench-cv-analyzer,elastic-workbench-cv-analyzer-1,151,"{'data_quality': 178, 'model_size': 2, 'parallelism': 1}",4.85,-1,5,-1
2025-07-03 08:13:31.149206,elastic-workbench-pc-visualizer,elastic-workbench-pc-visualizer-1,20,"{'data_quality': 40, 'model_size': 1, 'parallelism': 1}",1.0,-1,46,-1
2025-07-03 08:13:41.148332,elastic-workbench-qr-detector,elastic-workbench-qr-detector-1,32,"{'data_quality': 623, 'parallelism': 1}",2.11,-1,60,-1
2025-07-03 08:13:41.154047,elastic-workbench-cv-analyzer,elastic-workbench-cv-analyzer-1,183,"{'data_quality': 178, 'model_size': 2, 'parallelism': 1}",4.89,-1,5,-1
2025-07-03 08:13:41.158710,elastic-workbench-pc-visualizer,elastic-workbench-pc-visualizer-1,21,"{'data_quality': 40, 'model_size': 1, 'parallelism': 1}",1.0,-1,46,-1
2025-07-03 08:13:51.147704,elastic-workbench-qr-detector,elastic-workbench-qr-detector-1,31,"{'data_quality': 623, 'parallelism': 1}",2.07,-1,60,-1
2025-07-03 08:13:51.150704,elastic-workbench-cv-analyzer,elastic-workbench-cv-analyzer-1,169,"{'data_quality': 178, 'model_size': 2, 'parallelism': 1}",4.93,-1,5,-1
2025-07-03 08:13:51.158339,elastic-workbench-pc-visualizer,elastic-workbench-pc-visualizer-1,21,"{'data_quality': 40, 'model_size': 1, 'parallelism': 1}",1.0,-1,45,-1
2025-07-03 08:14:01.145934,elastic-workbench-qr-detector,elastic-workbench-qr-detector-1,30,"{'data_quality': 623, 'parallelism': 1}",2.05,-1,61,-1
2025-07-03 08:14:01.148764,elastic-workbench-cv-analyzer,elastic-workbench-cv-analyzer-1,188,"{'data_quality': 178, 'model_size': 2, 'parallelism': 1}",4.95,-1,5,-1
2025-07-03 08:14:01.151705,elastic-workbench-pc-visualizer,elastic-workbench-pc-visualizer-1,19,"{'data_quality': 40, 'model_size': 1, 'parallelism': 1}",1.0,-1,49,-1
2025-07-03 08:14:11.145457,elastic-workbench-qr-detector,elastic-workbench-qr-detector-1,30,"{'data_quality': 623, 'parallelism': 1}",2.01,-1,59,-1
2025-07-03 08:14:11.148484,elastic-workbench-cv-analyzer,elastic-workbench-cv-analyzer-1,162,"{'data_quality': 178, 'model_size': 2, 'parallelism': 1}",4.99,-1,5,-1
2025-07-03 08:14:11.151398,elastic-workbench-pc-visualizer,elastic-workbench-pc-visualizer-1,19,"{'data_quality': 40, 'model_size': 1, 'parallelism': 1}",1.0,-1,48,-1
2025-07-03 08:14:21.145574,elastic-workbench-qr-detector,elastic-workbench-qr-detector-1,34,"{'data_quality': 623, 'parallelism': 1}",1.96,-1,55,-1
2025-07-03 08:14:21.149531,elastic-workbench-cv-analyzer,elastic-workbench-cv-analyzer-1,135,"{'data_quality': 178, 'model_size': 2, 'parallelism': 1}",5.04,-1,5,-1
2025-07-03 08:14:21.152212,elastic-workbench-pc-visualizer,elastic-workbench-pc-visualizer-1,19,"{'data_quality': 40, 'model_size': 1, 'parallelism': 1}",1.0,-1,49,-1
2025-07-03 08:14:31.147938,elastic-workbench-qr-detector,elastic-workbench-qr-detector-1,32,"{'data_quality': 623, 'parallelism': 1}",1.92,-1,54,-1
2025-07-03 08:14:31.150732,elastic-workbench-cv-analyzer,elastic-workbench-cv-analyzer-1,138,"{'data_quality': 178, 'model_size': 2, 'parallelism': 1}",5.08,-1,5,-1
2025-07-03 08:14:31.153316,elastic-workbench-pc-visualizer,elastic-workbench-pc-visualizer-1,20,"{'data_quality': 40, 'model_size': 1, 'parallelism': 1}",1.0,-1,47,-1
2025-07-03 08:14:41.147231,elastic-workbench-qr-detector,elastic-workbench-qr-detector-1,35,"{'data_quality': 623, 'parallelism': 1}",1.86,-1,52,-1
2025-07-03 08:14:41.150193,elastic-workbench-cv-analyzer,elastic-workbench-cv-analyzer-1,280,"{'data_quality': 178, 'model_size': 3, 'parallelism': 1}",5.14,-1,3,-1
2025-07-03 08:14:41.152771,elastic-workbench-pc-visualizer,elastic-workbench-pc-visualizer-1,21,"{'data_quality': 40, 'model_size': 1, 'parallelism': 1}",1.0,-1,46,-1
2025-07-03 08:14:51.149362,elastic-workbench-qr-detector,elastic-workbench-qr-detector-1,36,"{'data_quality': 623, 'parallelism': 1}",1.83,-1,50,-1
2025-07-03 08:14:51.152242,elastic-workbench-cv-analyzer,elastic-workbench-cv-analyzer-1,234,"{'data_quality': 178, 'model_size': 3, 'parallelism': 1}",5.17,-1,4,-1
2025-07-03 08:14:51.154845,elastic-workbench-pc-visualizer,elastic-workbench-pc-visualizer-1,21,"{'data_quality': 40, 'model_size': 1, 'parallelism': 1}",1.0,-1,46,-1
2025-07-03 08:15:01.151643,elastic-workbench-qr-detector,elastic-workbench-qr-detector-1,37,"{'data_quality': 623, 'parallelism': 1}",1.79,-1,49,-1
2025-07-03 08:15:01.154814,elastic-workbench-cv-analyzer,elastic-workbench-cv-analyzer-1,209,"{'data_quality': 178, 'model_size': 3, 'parallelism': 1}",5.21,-1,4,-1
2025-07-03 08:15:01.157661,elastic-workbench-pc-visualizer,elastic-workbench-pc-visualizer-1,20,"{'data_quality': 40, 'model_size': 1, 'parallelism': 1}",1.0,-1,46,-1
2025-07-03 08:15:11.149649,elastic-workbench-qr-detector,elastic-workbench-qr-detector-1,38,"{'data_quality': 623, 'parallelism': 1}",1.77,-1,48,-1
2025-07-03 08:15:11.155785,elastic-workbench-cv-analyzer,elastic-workbench-cv-analyzer-1,258,"{'data_quality': 178, 'model_size': 3, 'parallelism': 1}",5.23,-1,3,-1
2025-07-03 08:15:11.159210,elastic-workbench-pc-visualizer,elastic-workbench-pc-visualizer-1,20,"{'data_quality': 40, 'model_size': 1, 'parallelism': 1}",1.0,-1,47,-1
2025-07-03 08:15:21.151469,elastic-workbench-qr-detector,elastic-workbench-qr-detector-1,38,"{'data_quality': 623, 'parallelism': 1}",1.75,-1,47,-1
2025-07-03 08:15:21.155196,elastic-workbench-cv-analyzer,elastic-workbench-cv-analyzer-1,247,"{'data_quality': 178, 'model_size': 3, 'parallelism': 1}",5.25,-1,3,-1
2025-07-03 08:15:21.157794,elastic-workbench-pc-visualizer,elastic-workbench-pc-visualizer-1,20,"{'data_quality': 40, 'model_size': 1, 'parallelism': 1}",1.0,-1,46,-1
2025-07-03 08:15:31.151154,elastic-workbench-qr-detector,elastic-workbench-qr-detector-1,38,"{'data_quality': 623, 'parallelism': 1}",1.73,-1,45,-1
2025-07-03 08:15:31.154206,elastic-workbench-cv-analyzer,elastic-workbench-cv-analyzer-1,232,"{'data_quality': 178, 'model_size': 3, 'parallelism': 1}",5.27,-1,3,-1
2025-07-03 08:15:31.157032,elastic-workbench-pc-visualizer,elastic-workbench-pc-visualizer-1,20,"{'data_quality': 40, 'model_size': 1, 'parallelism': 1}",1.0,-1,47,-1
2025-07-03 08:15:41.151338,elastic-workbench-qr-detector,elastic-workbench-qr-detector-1,38,"{'data_quality': 623, 'parallelism': 1}",1.69,-1,43,-1
2025-07-03 08:15:41.154253,elastic-workbench-cv-analyzer,elastic-workbench-cv-analyzer-1,262,"{'data_quality': 178, 'model_size': 3, 'parallelism': 1}",5.31,-1,3,-1
2025-07-03 08:15:41.156837,elastic-workbench-pc-visualizer,elastic-workbench-pc-visualizer-1,20,"{'data_quality': 40, 'model_size': 1, 'parallelism': 1}",1.0,-1,47,-1
2025-07-03 08:15:51.151630,elastic-workbench-qr-detector,elastic-workbench-qr-detector-1,38,"{'data_quality': 623, 'parallelism': 1}",1.68,-1,42,-1
2025-07-03 08:15:51.154523,elastic-workbench-cv-analyzer,elastic-workbench-cv-analyzer-1,215,"{'data_quality': 178, 'model_size': 3, 'parallelism': 1}",5.32,-1,3,-1
2025-07-03 08:15:51.157285,elastic-workbench-pc-visualizer,elastic-workbench-pc-visualizer-1,20,"{'data_quality': 40, 'model_size': 1, 'parallelism': 1}",1.0,-1,46,-1
2025-07-03 08:16:01.156683,elastic-workbench-qr-detector,elastic-workbench-qr-detector-1,36,"{'data_quality': 623, 'parallelism': 1}",1.68,-1,41,-1
2025-07-03 08:16:01.159985,elastic-workbench-cv-analyzer,elastic-workbench-cv-analyzer-1,351,"{'data_quality': 178, 'model_size': 3, 'parallelism': 1}",5.32,-1,2,-1
2025-07-03 08:16:01.162671,elastic-workbench-pc-visualizer,elastic-workbench-pc-visualizer-1,20,"{'data_quality': 40, 'model_size': 1, 'parallelism': 1}",1.0,-1,47,-1
2025-07-03 08:16:11.153649,elastic-workbench-qr-detector,elastic-workbench-qr-detector-1,42,"{'data_quality': 678, 'parallelism': 1}",1.74,-1,39,-1
2025-07-03 08:16:11.159221,elastic-workbench-cv-analyzer,elastic-workbench-cv-analyzer-1,242,"{'data_quality': 266, 'model_size': 2, 'parallelism': 1}",5.26,-1,3,-1
2025-07-03 08:16:11.162102,elastic-workbench-pc-visualizer,elastic-workbench-pc-visualizer-1,20,"{'data_quality': 40, 'model_size': 1, 'parallelism': 1}",1.0,-1,46,-1
2025-07-03 08:16:21.153777,elastic-workbench-qr-detector,elastic-workbench-qr-detector-1,42,"{'data_quality': 678, 'parallelism': 1}",1.68,-1,38,-1
2025-07-03 08:16:21.156628,elastic-workbench-cv-analyzer,elastic-workbench-cv-analyzer-1,228,"{'data_quality': 266, 'model_size': 2, 'parallelism': 1}",5.32,-1,3,-1
2025-07-03 08:16:21.161822,elastic-workbench-pc-visualizer,elastic-workbench-pc-visualizer-1,20,"{'data_quality': 40, 'model_size': 1, 'parallelism': 1}",1.0,-1,46,-1
2025-07-03 08:16:31.154883,elastic-workbench-qr-detector,elastic-workbench-qr-detector-1,42,"{'data_quality': 678, 'parallelism': 1}",1.65,-1,37,-1
2025-07-03 08:16:31.157756,elastic-workbench-cv-analyzer,elastic-workbench-cv-analyzer-1,189,"{'data_quality': 266, 'model_size': 2, 'parallelism': 1}",5.35,-1,3,-1
2025-07-03 08:16:31.160347,elastic-workbench-pc-visualizer,elastic-workbench-pc-visualizer-1,19,"{'data_quality': 40, 'model_size': 1, 'parallelism': 1}",1.0,-1,47,-1
2025-07-03 08:16:41.155744,elastic-workbench-qr-detector,elastic-workbench-qr-detector-1,43,"{'data_quality': 678, 'parallelism': 1}",1.62,-1,36,-1
2025-07-03 08:16:41.158877,elastic-workbench-cv-analyzer,elastic-workbench-cv-analyzer-1,198,"{'data_quality': 266, 'model_size': 2, 'parallelism': 1}",5.38,-1,4,-1
2025-07-03 08:16:41.161859,elastic-workbench-pc-visualizer,elastic-workbench-pc-visualizer-1,21,"{'data_quality': 40, 'model_size': 1, 'parallelism': 1}",1.0,-1,46,-1
2025-07-03 08:16:51.155900,elastic-workbench-qr-detector,elastic-workbench-qr-detector-1,43,"{'data_quality': 678, 'parallelism': 1}",1.59,-1,35,-1
2025-07-03 08:16:51.158744,elastic-workbench-cv-analyzer,elastic-workbench-cv-analyzer-1,182,"{'data_quality': 266, 'model_size': 2, 'parallelism': 1}",5.41,-1,3,-1
2025-07-03 08:16:51.161262,elastic-workbench-pc-visualizer,elastic-workbench-pc-visualizer-1,20,"{'data_quality': 40, 'model_size': 1, 'parallelism': 1}",1.0,-1,46,-1
2025-07-03 08:17:01.157747,elastic-workbench-qr-detector,elastic-workbench-qr-detector-1,47,"{'data_quality': 678, 'parallelism': 1}",1.56,-1,34,-1
2025-07-03 08:17:01.160644,elastic-workbench-cv-analyzer,elastic-workbench-cv-analyzer-1,192,"{'data_quality': 266, 'model_size': 2, 'parallelism': 1}",5.44,-1,3,-1
2025-07-03 08:17:01.163210,elastic-workbench-pc-visualizer,elastic-workbench-pc-visualizer-1,20,"{'data_quality': 40, 'model_size': 1, 'parallelism': 1}",1.0,-1,47,-1
2025-07-03 08:17:11.160865,elastic-workbench-qr-detector,elastic-workbench-qr-detector-1,47,"{'data_quality': 678, 'parallelism': 1}",1.53,-1,32,-1
2025-07-03 08:17:11.164029,elastic-workbench-cv-analyzer,elastic-workbench-cv-analyzer-1,431,"{'data_quality': 266, 'model_size': 3, 'parallelism': 1}",5.47,-1,1,-1
2025-07-03 08:17:11.166873,elastic-workbench-pc-visualizer,elastic-workbench-pc-visualizer-1,20,"{'data_quality': 40, 'model_size': 1, 'parallelism': 1}",1.0,-1,46,-1
2025-07-03 08:17:21.158742,elastic-workbench-qr-detector,elastic-workbench-qr-detector-1,26,"{'data_quality': 678, 'parallelism': 1}",1.47,-1,32,-1
2025-07-03 08:17:21.166852,elastic-workbench-cv-analyzer,elastic-workbench-cv-analyzer-1,498,"{'data_quality': 266, 'model_size': 3, 'parallelism': 1}",5.53,-1,1,-1
2025-07-03 08:17:21.171097,elastic-workbench-pc-visualizer,elastic-workbench-pc-visualizer-1,20,"{'data_quality': 40, 'model_size': 1, 'parallelism': 1}",1.0,-1,47,-1
2025-07-03 08:17:31.159245,elastic-workbench-qr-detector,elastic-workbench-qr-detector-1,26,"{'data_quality': 678, 'parallelism': 1}",1.47,-1,30,-1
2025-07-03 08:17:31.161757,elastic-workbench-cv-analyzer,elastic-workbench-cv-analyzer-1,509,"{'data_quality': 266, 'model_size': 3, 'parallelism': 1}",5.53,-1,1,-1
2025-07-03 08:17:31.169142,elastic-workbench-pc-visualizer,elastic-workbench-pc-visualizer-1,20,"{'data_quality': 40, 'model_size': 1, 'parallelism': 1}",1.0,-1,46,-1
2025-07-03 08:17:41.159888,elastic-workbench-qr-detector,elastic-workbench-qr-detector-1,26,"{'data_quality': 678, 'parallelism': 1}",1.41,-1,30,-1
2025-07-03 08:17:41.162772,elastic-workbench-cv-analyzer,elastic-workbench-cv-analyzer-1,507,"{'data_quality': 266, 'model_size': 3, 'parallelism': 1}",5.59,-1,1,-1
2025-07-03 08:17:41.165366,elastic-workbench-pc-visualizer,elastic-workbench-pc-visualizer-1,20,"{'data_quality': 40, 'model_size': 1, 'parallelism': 1}",1.0,-1,46,-1
2025-07-03 08:17:51.160429,elastic-workbench-qr-detector,elastic-workbench-qr-detector-1,25,"{'data_quality': 678, 'parallelism': 1}",1.41,-1,30,-1
2025-07-03 08:17:51.163260,elastic-workbench-cv-analyzer,elastic-workbench-cv-analyzer-1,468,"{'data_quality': 266, 'model_size': 3, 'parallelism': 1}",5.59,-1,1,-1
2025-07-03 08:17:51.165827,elastic-workbench-pc-visualizer,elastic-workbench-pc-visualizer-1,20,"{'data_quality': 40, 'model_size': 1, 'parallelism': 1}",1.0,-1,46,-1
2025-07-03 08:18:01.160833,elastic-workbench-qr-detector,elastic-workbench-qr-detector-1,26,"{'data_quality': 678, 'parallelism': 1}",1.41,-1,29,-1
2025-07-03 08:18:01.163735,elastic-workbench-cv-analyzer,elastic-workbench-cv-analyzer-1,792,"{'data_quality': 266, 'model_size': 3, 'parallelism': 1}",5.59,-1,1,-1
2025-07-03 08:18:01.166562,elastic-workbench-pc-visualizer,elastic-workbench-pc-visualizer-1,20,"{'data_quality': 40, 'model_size': 1, 'parallelism': 1}",1.0,-1,47,-1
2025-07-03 08:18:11.161269,elastic-workbench-qr-detector,elastic-workbench-qr-detector-1,27,"{'data_quality': 678, 'parallelism': 1}",1.38,-1,29,-1
2025-07-03 08:18:11.164145,elastic-workbench-cv-analyzer,elastic-workbench-cv-analyzer-1,488,"{'data_quality': 266, 'model_size': 3, 'parallelism': 1}",5.62,-1,1,-1
2025-07-03 08:18:11.166754,elastic-workbench-pc-visualizer,elastic-workbench-pc-visualizer-1,20,"{'data_quality': 40, 'model_size': 1, 'parallelism': 1}",1.0,-1,47,-1
2025-07-03 08:18:21.165578,elastic-workbench-qr-detector,elastic-workbench-qr-detector-1,25,"{'data_quality': 678, 'parallelism': 1}",1.39,-1,28,-1
2025-07-03 08:18:21.168547,elastic-workbench-cv-analyzer,elastic-workbench-cv-analyzer-1,518,"{'data_quality': 266, 'model_size': 3, 'parallelism': 1}",5.61,-1,1,-1
2025-07-03 08:18:21.171378,elastic-workbench-pc-visualizer,elastic-workbench-pc-visualizer-1,20,"{'data_quality': 40, 'model_size': 1, 'parallelism': 1}",1.0,-1,46,-1
2025-07-03 08:18:31.162829,elastic-workbench-qr-detector,elastic-workbench-qr-detector-1,27,"{'data_quality': 678, 'parallelism': 1}",1.35,-1,28,-1
2025-07-03 08:18:31.166925,elastic-workbench-cv-analyzer,elastic-workbench-cv-analyzer-1,430,"{'data_quality': 266, 'model_size': 3, 'parallelism': 1}",5.65,-1,2,-1
2025-07-03 08:18:31.172523,elastic-workbench-pc-visualizer,elastic-workbench-pc-visualizer-1,20,"{'data_quality': 40, 'model_size': 1, 'parallelism': 1}",1.0,-1,46,-1
2025-07-03 08:18:41.163727,elastic-workbench-qr-detector,elastic-workbench-qr-detector-1,27,"{'data_quality': 678, 'parallelism': 1}",1.35,-1,27,-1
2025-07-03 08:18:41.166424,elastic-workbench-cv-analyzer,elastic-workbench-cv-analyzer-1,369,"{'data_quality': 266, 'model_size': 3, 'parallelism': 1}",5.65,-1,0,-1
2025-07-03 08:18:41.169649,elastic-workbench-pc-visualizer,elastic-workbench-pc-visualizer-1,19,"{'data_quality': 40, 'model_size': 1, 'parallelism': 1}",1.0,-1,48,-1
2025-07-03 08:18:51.163952,elastic-workbench-qr-detector,elastic-workbench-qr-detector-1,27,"{'data_quality': 678, 'parallelism': 1}",1.32,-1,25,-1
2025-07-03 08:18:51.166576,elastic-workbench-cv-analyzer,elastic-workbench-cv-analyzer-1,409,"{'data_quality': 266, 'model_size': 3, 'parallelism': 1}",5.68,-1,1,-1
2025-07-03 08:18:51.169497,elastic-workbench-pc-visualizer,elastic-workbench-pc-visualizer-1,20,"{'data_quality': 40, 'model_size': 1, 'parallelism': 1}",1.0,-1,47,-1
2025-07-03 08:19:01.164827,elastic-workbench-qr-detector,elastic-workbench-qr-detector-1,28,"{'data_quality': 678, 'parallelism': 1}",1.27,-1,26,-1
2025-07-03 08:19:01.168066,elastic-workbench-cv-analyzer,elastic-workbench-cv-analyzer-1,529,"{'data_quality': 266, 'model_size': 3, 'parallelism': 1}",5.73,-1,1,-1
2025-07-03 08:19:01.171057,elastic-workbench-pc-visualizer,elastic-workbench-pc-visualizer-1,20,"{'data_quality': 40, 'model_size': 1, 'parallelism': 1}",1.0,-1,47,-1
2025-07-03 08:19:11.165696,elastic-workbench-qr-detector,elastic-workbench-qr-detector-1,27,"{'data_quality': 678, 'parallelism': 1}",1.3,-1,25,-1
2025-07-03 08:19:11.168664,elastic-workbench-cv-analyzer,elastic-workbench-cv-analyzer-1,414,"{'data_quality': 266, 'model_size': 3, 'parallelism': 1}",5.7,-1,2,-1
2025-07-03 08:19:11.171364,elastic-workbench-pc-visualizer,elastic-workbench-pc-visualizer-1,20,"{'data_quality': 40, 'model_size': 1, 'parallelism': 1}",1.0,-1,47,-1
2025-07-03 08:19:21.166151,elastic-workbench-qr-detector,elastic-workbench-qr-detector-1,28,"{'data_quality': 678, 'parallelism': 1}",1.26,-1,24,-1
2025-07-03 08:19:21.169010,elastic-workbench-cv-analyzer,elastic-workbench-cv-analyzer-1,423,"{'data_quality': 266, 'model_size': 3, 'parallelism': 1}",5.74,-1,1,-1
2025-07-03 08:19:21.171562,elastic-workbench-pc-visualizer,elastic-workbench-pc-visualizer-1,19,"{'data_quality': 40, 'model_size': 1, 'parallelism': 1}",1.0,-1,48,-1
2025-07-03 08:19:31.168403,elastic-workbench-qr-detector,elastic-workbench-qr-detector-1,28,"{'data_quality': 678, 'parallelism': 1}",1.26,-1,25,-1
2025-07-03 08:19:31.173755,elastic-workbench-cv-analyzer,elastic-workbench-cv-analyzer-1,359,"{'data_quality': 266, 'model_size': 3, 'parallelism': 1}",5.74,-1,1,-1
2025-07-03 08:19:31.176833,elastic-workbench-pc-visualizer,elastic-workbench-pc-visualizer-1,20,"{'data_quality': 40, 'model_size': 1, 'parallelism': 1}",1.0,-1,47,-1
2025-07-03 08:19:41.166805,elastic-workbench-qr-detector,elastic-workbench-qr-detector-1,28,"{'data_quality': 678, 'parallelism': 1}",1.25,-1,27,-1
2025-07-03 08:19:41.169692,elastic-workbench-cv-analyzer,elastic-workbench-cv-analyzer-1,584,"{'data_quality': 266, 'model_size': 3, 'parallelism': 1}",5.75,-1,1,-1
2025-07-03 08:19:41.179801,elastic-workbench-pc-visualizer,elastic-workbench-pc-visualizer-1,20,"{'data_quality': 40, 'model_size': 1, 'parallelism': 1}",1.0,-1,46,-1
2025-07-03 08:19:51.168421,elastic-workbench-qr-detector,elastic-workbench-qr-detector-1,28,"{'data_quality': 678, 'parallelism': 1}",1.29,-1,26,-1
2025-07-03 08:19:51.171434,elastic-workbench-cv-analyzer,elastic-workbench-cv-analyzer-1,468,"{'data_quality': 266, 'model_size': 3, 'parallelism': 1}",5.71,-1,2,-1
2025-07-03 08:19:51.174075,elastic-workbench-pc-visualizer,elastic-workbench-pc-visualizer-1,20,"{'data_quality': 40, 'model_size': 1, 'parallelism': 1}",1.0,-1,46,-1
2025-07-03 08:20:01.168123,elastic-workbench-qr-detector,elastic-workbench-qr-detector-1,28,"{'data_quality': 678, 'parallelism': 1}",1.26,-1,26,-1
2025-07-03 08:20:01.170891,elastic-workbench-cv-analyzer,elastic-workbench-cv-analyzer-1,610,"{'data_quality': 266, 'model_size': 3, 'parallelism': 1}",5.74,-1,1,-1
2025-07-03 08:20:01.173902,elastic-workbench-pc-visualizer,elastic-workbench-pc-visualizer-1,21,"{'data_quality': 40, 'model_size': 1, 'parallelism': 1}",1.0,-1,45,-1
2025-07-03 08:20:11.169028,elastic-workbench-qr-detector,elastic-workbench-qr-detector-1,28,"{'data_quality': 678, 'parallelism': 1}",1.26,-1,28,-1
2025-07-03 08:20:11.172464,elastic-workbench-cv-analyzer,elastic-workbench-cv-analyzer-1,473,"{'data_quality': 266, 'model_size': 3, 'parallelism': 1}",5.74,-1,1,-1
2025-07-03 08:20:11.175784,elastic-workbench-pc-visualizer,elastic-workbench-pc-visualizer-1,20,"{'data_quality': 40, 'model_size': 1, 'parallelism': 1}",1.0,-1,46,-1
2025-07-03 08:20:21.170190,elastic-workbench-qr-detector,elastic-workbench-qr-detector-1,27,"{'data_quality': 678, 'parallelism': 1}",1.32,-1,28,-1
2025-07-03 08:20:21.173227,elastic-workbench-cv-analyzer,elastic-workbench-cv-analyzer-1,500,"{'data_quality': 266, 'model_size': 3, 'parallelism': 1}",5.68,-1,1,-1
2025-07-03 08:20:21.175836,elastic-workbench-pc-visualizer,elastic-workbench-pc-visualizer-1,20,"{'data_quality': 40, 'model_size': 1, 'parallelism': 1}",1.0,-1,45,-1
2025-07-03 08:20:31.170284,elastic-workbench-qr-detector,elastic-workbench-qr-detector-1,28,"{'data_quality': 678, 'parallelism': 1}",1.31,-1,26,-1
2025-07-03 08:20:31.175363,elastic-workbench-cv-analyzer,elastic-workbench-cv-analyzer-1,501,"{'data_quality': 266, 'model_size': 3, 'parallelism': 1}",5.69,-1,1,-1
2025-07-03 08:20:31.178498,elastic-workbench-pc-visualizer,elastic-workbench-pc-visualizer-1,20,"{'data_quality': 40, 'model_size': 1, 'parallelism': 1}",1.0,-1,46,-1
2025-07-03 08:20:41.171334,elastic-workbench-qr-detector,elastic-workbench-qr-detector-1,30,"{'data_quality': 678, 'parallelism': 1}",1.25,-1,26,-1
2025-07-03 08:20:41.174562,elastic-workbench-cv-analyzer,elastic-workbench-cv-analyzer-1,470,"{'data_quality': 266, 'model_size': 3, 'parallelism': 1}",5.75,-1,1,-1
2025-07-03 08:20:41.180647,elastic-workbench-pc-visualizer,elastic-workbench-pc-visualizer-1,20,"{'data_quality': 40, 'model_size': 1, 'parallelism': 1}",1.0,-1,46,-1
2025-07-03 08:20:51.171395,elastic-workbench-qr-detector,elastic-workbench-qr-detector-1,29,"{'data_quality': 678, 'parallelism': 1}",1.25,-1,26,-1
2025-07-03 08:20:51.174257,elastic-workbench-cv-analyzer,elastic-workbench-cv-analyzer-1,452,"{'data_quality': 266, 'model_size': 3, 'parallelism': 1}",5.75,-1,1,-1
2025-07-03 08:20:51.177071,elastic-workbench-pc-visualizer,elastic-workbench-pc-visualizer-1,20,"{'data_quality': 40, 'model_size': 1, 'parallelism': 1}",1.0,-1,47,-1
2025-07-03 08:21:01.172067,elastic-workbench-qr-detector,elastic-workbench-qr-detector-1,29,"{'data_quality': 678, 'parallelism': 1}",1.25,-1,25,-1
2025-07-03 08:21:01.174920,elastic-workbench-cv-analyzer,elastic-workbench-cv-analyzer-1,340,"{'data_quality': 266, 'model_size': 3, 'parallelism': 1}",5.75,-1,1,-1
2025-07-03 08:21:01.177618,elastic-workbench-pc-visualizer,elastic-workbench-pc-visualizer-1,19,"{'data_quality': 40, 'model_size': 1, 'parallelism': 1}",1.0,-1,49,-1
2025-07-03 08:21:11.172767,elastic-workbench-qr-detector,elastic-workbench-qr-detector-1,28,"{'data_quality': 678, 'parallelism': 1}",1.25,-1,25,-1
2025-07-03 08:21:11.175843,elastic-workbench-cv-analyzer,elastic-workbench-cv-analyzer-1,410,"{'data_quality': 266, 'model_size': 3, 'parallelism': 1}",5.75,-1,1,-1
2025-07-03 08:21:11.178476,elastic-workbench-pc-visualizer,elastic-workbench-pc-visualizer-1,19,"{'data_quality': 40, 'model_size': 1, 'parallelism': 1}",1.0,-1,49,-1
2025-07-03 08:21:21.177233,elastic-workbench-qr-detector,elastic-workbench-qr-detector-1,29,"{'data_quality': 678, 'parallelism': 1}",1.25,-1,25,-1
2025-07-03 08:21:21.180362,elastic-workbench-cv-analyzer,elastic-workbench-cv-analyzer-1,338,"{'data_quality': 266, 'model_size': 3, 'parallelism': 1}",5.75,-1,2,-1
2025-07-03 08:21:21.182989,elastic-workbench-pc-visualizer,elastic-workbench-pc-visualizer-1,19,"{'data_quality': 40, 'model_size': 1, 'parallelism': 1}",1.0,-1,48,-1
2025-07-03 08:21:31.174439,elastic-workbench-qr-detector,elastic-workbench-qr-detector-1,29,"{'data_quality': 678, 'parallelism': 1}",1.2,-1,24,-1
2025-07-03 08:21:31.179730,elastic-workbench-cv-analyzer,elastic-workbench-cv-analyzer-1,479,"{'data_quality': 266, 'model_size': 3, 'parallelism': 1}",5.8,-1,1,-1
2025-07-03 08:21:31.183809,elastic-workbench-pc-visualizer,elastic-workbench-pc-visualizer-1,19,"{'data_quality': 40, 'model_size': 1, 'parallelism': 1}",1.0,-1,47,-1
2025-07-03 08:21:41.175230,elastic-workbench-qr-detector,elastic-workbench-qr-detector-1,30,"{'data_quality': 678, 'parallelism': 1}",1.2,-1,22,-1
2025-07-03 08:21:41.178381,elastic-workbench-cv-analyzer,elastic-workbench-cv-analyzer-1,495,"{'data_quality': 266, 'model_size': 3, 'parallelism': 1}",5.8,-1,1,-1
2025-07-03 08:21:41.181270,elastic-workbench-pc-visualizer,elastic-workbench-pc-visualizer-1,20,"{'data_quality': 40, 'model_size': 1, 'parallelism': 1}",1.0,-1,47,-1
2025-07-03 08:21:51.177864,elastic-workbench-qr-detector,elastic-workbench-qr-detector-1,31,"{'data_quality': 678, 'parallelism': 1}",1.2,-1,22,-1
2025-07-03 08:21:51.180923,elastic-workbench-cv-analyzer,elastic-workbench-cv-analyzer-1,450,"{'data_quality': 266, 'model_size': 3, 'parallelism': 1}",5.8,-1,1,-1
2025-07-03 08:21:51.183479,elastic-workbench-pc-visualizer,elastic-workbench-pc-visualizer-1,20,"{'data_quality': 40, 'model_size': 1, 'parallelism': 1}",1.0,-1,47,-1
2025-07-03 08:22:01.176414,elastic-workbench-qr-detector,elastic-workbench-qr-detector-1,31,"{'data_quality': 678, 'parallelism': 1}",1.2,-1,22,-1
2025-07-03 08:22:01.179332,elastic-workbench-cv-analyzer,elastic-workbench-cv-analyzer-1,523,"{'data_quality': 266, 'model_size': 3, 'parallelism': 1}",5.8,-1,1,-1
2025-07-03 08:22:01.181900,elastic-workbench-pc-visualizer,elastic-workbench-pc-visualizer-1,21,"{'data_quality': 40, 'model_size': 1, 'parallelism': 1}",1.0,-1,46,-1
2025-07-03 08:22:11.177277,elastic-workbench-qr-detector,elastic-workbench-qr-detector-1,30,"{'data_quality': 678, 'parallelism': 1}",1.2,-1,22,-1
2025-07-03 08:22:11.180114,elastic-workbench-cv-analyzer,elastic-workbench-cv-analyzer-1,398,"{'data_quality': 266, 'model_size': 3, 'parallelism': 1}",5.8,-1,1,-1
2025-07-03 08:22:11.182668,elastic-workbench-pc-visualizer,elastic-workbench-pc-visualizer-1,20,"{'data_quality': 40, 'model_size': 1, 'parallelism': 1}",1.0,-1,46,-1
2025-07-03 08:22:21.182013,elastic-workbench-qr-detector,elastic-workbench-qr-detector-1,31,"{'data_quality': 678, 'parallelism': 1}",1.2,-1,21,-1
2025-07-03 08:22:21.186862,elastic-workbench-cv-analyzer,elastic-workbench-cv-analyzer-1,595,"{'data_quality': 266, 'model_size': 3, 'parallelism': 1}",5.8,-1,1,-1
2025-07-03 08:22:21.189743,elastic-workbench-pc-visualizer,elastic-workbench-pc-visualizer-1,20,"{'data_quality': 40, 'model_size': 1, 'parallelism': 1}",1.0,-1,47,-1
2025-07-03 08:22:31.178264,elastic-workbench-qr-detector,elastic-workbench-qr-detector-1,29,"{'data_quality': 678, 'parallelism': 1}",1.2,-1,21,-1
2025-07-03 08:22:31.181306,elastic-workbench-cv-analyzer,elastic-workbench-cv-analyzer-1,478,"{'data_quality': 266, 'model_size': 3, 'parallelism': 1}",5.8,-1,1,-1
2025-07-03 08:22:31.189112,elastic-workbench-pc-visualizer,elastic-workbench-pc-visualizer-1,19,"{'data_quality': 40, 'model_size': 1, 'parallelism': 1}",1.0,-1,48,-1
2025-07-03 08:22:41.179052,elastic-workbench-qr-detector,elastic-workbench-qr-detector-1,28,"{'data_quality': 678, 'parallelism': 1}",1.2,-1,22,-1
2025-07-03 08:22:41.181909,elastic-workbench-cv-analyzer,elastic-workbench-cv-analyzer-1,414,"{'data_quality': 266, 'model_size': 3, 'parallelism': 1}",5.8,-1,2,-1
2025-07-03 08:22:41.184783,elastic-workbench-pc-visualizer,elastic-workbench-pc-visualizer-1,19,"{'data_quality': 40, 'model_size': 1, 'parallelism': 1}",1.0,-1,49,-1
2025-07-03 08:22:51.179514,elastic-workbench-qr-detector,elastic-workbench-qr-detector-1,30,"{'data_quality': 678, 'parallelism': 1}",1.2,-1,24,-1
2025-07-03 08:22:51.182416,elastic-workbench-cv-analyzer,elastic-workbench-cv-analyzer-1,609,"{'data_quality': 266, 'model_size': 3, 'parallelism': 1}",5.8,-1,1,-1
2025-07-03 08:22:51.185455,elastic-workbench-pc-visualizer,elastic-workbench-pc-visualizer-1,20,"{'data_quality': 40, 'model_size': 1, 'parallelism': 1}",1.0,-1,48,-1
2025-07-03 08:23:01.180540,elastic-workbench-qr-detector,elastic-workbench-qr-detector-1,30,"{'data_quality': 678, 'parallelism': 1}",1.2,-1,25,-1
2025-07-03 08:23:01.183487,elastic-workbench-cv-analyzer,elastic-workbench-cv-analyzer-1,492,"{'data_quality': 266, 'model_size': 3, 'parallelism': 1}",5.8,-1,1,-1
2025-07-03 08:23:01.186108,elastic-workbench-pc-visualizer,elastic-workbench-pc-visualizer-1,20,"{'data_quality': 40, 'model_size': 1, 'parallelism': 1}",1.0,-1,47,-1
2025-07-03 08:23:11.183009,elastic-workbench-qr-detector,elastic-workbench-qr-detector-1,32,"{'data_quality': 678, 'parallelism': 1}",1.16,-1,26,-1
2025-07-03 08:23:11.186261,elastic-workbench-cv-analyzer,elastic-workbench-cv-analyzer-1,444,"{'data_quality': 266, 'model_size': 3, 'parallelism': 1}",5.84,-1,2,-1
2025-07-03 08:23:11.189638,elastic-workbench-pc-visualizer,elastic-workbench-pc-visualizer-1,20,"{'data_quality': 40, 'model_size': 1, 'parallelism': 1}",1.0,-1,47,-1
2025-07-03 08:23:21.181482,elastic-workbench-qr-detector,elastic-workbench-qr-detector-1,31,"{'data_quality': 678, 'parallelism': 1}",1.19,-1,26,-1
2025-07-03 08:23:21.184957,elastic-workbench-cv-analyzer,elastic-workbench-cv-analyzer-1,459,"{'data_quality': 266, 'model_size': 3, 'parallelism': 1}",5.81,-1,1,-1
2025-07-03 08:23:21.190234,elastic-workbench-pc-visualizer,elastic-workbench-pc-visualizer-1,20,"{'data_quality': 40, 'model_size': 1, 'parallelism': 1}",1.0,-1,47,-1
2025-07-03 08:23:31.181901,elastic-workbench-qr-detector,elastic-workbench-qr-detector-1,31,"{'data_quality': 678, 'parallelism': 1}",1.18,-1,24,-1
2025-07-03 08:23:31.184730,elastic-workbench-cv-analyzer,elastic-workbench-cv-analyzer-1,415,"{'data_quality': 266, 'model_size': 3, 'parallelism': 1}",5.82,-1,1,-1
2025-07-03 08:23:31.193427,elastic-workbench-pc-visualizer,elastic-workbench-pc-visualizer-1,20,"{'data_quality': 40, 'model_size': 1, 'parallelism': 1}",1.0,-1,47,-1
2025-07-03 08:23:41.182250,elastic-workbench-qr-detector,elastic-workbench-qr-detector-1,30,"{'data_quality': 678, 'parallelism': 1}",1.18,-1,25,-1
2025-07-03 08:23:41.185288,elastic-workbench-cv-analyzer,elastic-workbench-cv-analyzer-1,441,"{'data_quality': 266, 'model_size': 3, 'parallelism': 1}",5.82,-1,1,-1
2025-07-03 08:23:41.187840,elastic-workbench-pc-visualizer,elastic-workbench-pc-visualizer-1,20,"{'data_quality': 40, 'model_size': 1, 'parallelism': 1}",1.0,-1,47,-1
2025-07-03 08:23:51.183025,elastic-workbench-qr-detector,elastic-workbench-qr-detector-1,32,"{'data_quality': 678, 'parallelism': 1}",1.15,-1,25,-1
2025-07-03 08:23:51.185937,elastic-workbench-cv-analyzer,elastic-workbench-cv-analyzer-1,699,"{'data_quality': 266, 'model_size': 3, 'parallelism': 1}",5.85,-1,1,-1
2025-07-03 08:23:51.188712,elastic-workbench-pc-visualizer,elastic-workbench-pc-visualizer-1,20,"{'data_quality': 40, 'model_size': 1, 'parallelism': 1}",1.0,-1,45,-1
2025-07-03 08:24:01.183456,elastic-workbench-qr-detector,elastic-workbench-qr-detector-1,32,"{'data_quality': 678, 'parallelism': 1}",1.15,-1,26,-1
2025-07-03 08:24:01.186235,elastic-workbench-cv-analyzer,elastic-workbench-cv-analyzer-1,546,"{'data_quality': 266, 'model_size': 3, 'parallelism': 1}",5.85,-1,1,-1
2025-07-03 08:24:01.188737,elastic-workbench-pc-visualizer,elastic-workbench-pc-visualizer-1,21,"{'data_quality': 40, 'model_size': 1, 'parallelism': 1}",1.0,-1,46,-1
2025-07-03 08:24:11.183915,elastic-workbench-qr-detector,elastic-workbench-qr-detector-1,31,"{'data_quality': 678, 'parallelism': 1}",1.18,-1,26,-1
2025-07-03 08:24:11.186566,elastic-workbench-cv-analyzer,elastic-workbench-cv-analyzer-1,457,"{'data_quality': 266, 'model_size': 3, 'parallelism': 1}",5.82,-1,1,-1
2025-07-03 08:24:11.189561,elastic-workbench-pc-visualizer,elastic-workbench-pc-visualizer-1,19,"{'data_quality': 40, 'model_size': 1, 'parallelism': 1}",1.0,-1,48,-1
2025-07-03 08:24:21.188838,elastic-workbench-qr-detector,elastic-workbench-qr-detector-1,31,"{'data_quality': 678, 'parallelism': 1}",1.18,-1,26,-1
2025-07-03 08:24:21.192280,elastic-workbench-cv-analyzer,elastic-workbench-cv-analyzer-1,482,"{'data_quality': 266, 'model_size': 3, 'parallelism': 1}",5.82,-1,1,-1
2025-07-03 08:24:21.194879,elastic-workbench-pc-visualizer,elastic-workbench-pc-visualizer-1,20,"{'data_quality': 40, 'model_size': 1, 'parallelism': 1}",1.0,-1,46,-1
2025-07-03 08:24:31.185826,elastic-workbench-qr-detector,elastic-workbench-qr-detector-1,30,"{'data_quality': 678, 'parallelism': 1}",1.18,-1,26,-1
2025-07-03 08:24:31.189727,elastic-workbench-cv-analyzer,elastic-workbench-cv-analyzer-1,535,"{'data_quality': 266, 'model_size': 3, 'parallelism': 1}",5.82,-1,1,-1
2025-07-03 08:24:31.196429,elastic-workbench-pc-visualizer,elastic-workbench-pc-visualizer-1,20,"{'data_quality': 40, 'model_size': 1, 'parallelism': 1}",1.0,-1,46,-1
2025-07-03 08:24:41.186315,elastic-workbench-qr-detector,elastic-workbench-qr-detector-1,30,"{'data_quality': 678, 'parallelism': 1}",1.18,-1,28,-1
2025-07-03 08:24:41.189239,elastic-workbench-cv-analyzer,elastic-workbench-cv-analyzer-1,544,"{'data_quality': 266, 'model_size': 3, 'parallelism': 1}",5.82,-1,1,-1
2025-07-03 08:24:41.191802,elastic-workbench-pc-visualizer,elastic-workbench-pc-visualizer-1,20,"{'data_quality': 40, 'model_size': 1, 'parallelism': 1}",1.0,-1,46,-1
2025-07-03 08:24:51.187418,elastic-workbench-qr-detector,elastic-workbench-qr-detector-1,30,"{'data_quality': 678, 'parallelism': 1}",1.24,-1,28,-1
2025-07-03 08:24:51.190343,elastic-workbench-cv-analyzer,elastic-workbench-cv-analyzer-1,473,"{'data_quality': 266, 'model_size': 3, 'parallelism': 1}",5.76,-1,1,-1
2025-07-03 08:24:51.193095,elastic-workbench-pc-visualizer,elastic-workbench-pc-visualizer-1,20,"{'data_quality': 40, 'model_size': 1, 'parallelism': 1}",1.0,-1,46,-1
2025-07-03 08:25:01.188118,elastic-workbench-qr-detector,elastic-workbench-qr-detector-1,30,"{'data_quality': 678, 'parallelism': 1}",1.23,-1,29,-1
2025-07-03 08:25:01.191210,elastic-workbench-cv-analyzer,elastic-workbench-cv-analyzer-1,565,"{'data_quality': 266, 'model_size': 3, 'parallelism': 1}",5.77,-1,1,-1
2025-07-03 08:25:01.193803,elastic-workbench-pc-visualizer,elastic-workbench-pc-visualizer-1,20,"{'data_quality': 40, 'model_size': 1, 'parallelism': 1}",1.0,-1,46,-1
2025-07-03 08:25:11.189136,elastic-workbench-qr-detector,elastic-workbench-qr-detector-1,28,"{'data_quality': 678, 'parallelism': 1}",1.27,-1,28,-1
2025-07-03 08:25:11.192079,elastic-workbench-cv-analyzer,elastic-workbench-cv-analyzer-1,303,"{'data_quality': 266, 'model_size': 3, 'parallelism': 1}",5.73,-1,1,-1
2025-07-03 08:25:11.194611,elastic-workbench-pc-visualizer,elastic-workbench-pc-visualizer-1,20,"{'data_quality': 40, 'model_size': 1, 'parallelism': 1}",1.0,-1,47,-1
2025-07-03 08:25:21.190742,elastic-workbench-qr-detector,elastic-workbench-qr-detector-1,29,"{'data_quality': 678, 'parallelism': 1}",1.24,-1,30,-1
2025-07-03 08:25:21.195929,elastic-workbench-cv-analyzer,elastic-workbench-cv-analyzer-1,491,"{'data_quality': 266, 'model_size': 3, 'parallelism': 1}",5.76,-1,1,-1
2025-07-03 08:25:21.198776,elastic-workbench-pc-visualizer,elastic-workbench-pc-visualizer-1,20,"{'data_quality': 40, 'model_size': 1, 'parallelism': 1}",1.0,-1,46,-1
2025-07-03 08:25:31.189690,elastic-workbench-qr-detector,elastic-workbench-qr-detector-1,29,"{'data_quality': 678, 'parallelism': 1}",1.3,-1,30,-1
2025-07-03 08:25:31.196161,elastic-workbench-cv-analyzer,elastic-workbench-cv-analyzer-1,612,"{'data_quality': 266, 'model_size': 3, 'parallelism': 1}",5.7,-1,1,-1
2025-07-03 08:25:31.199015,elastic-workbench-pc-visualizer,elastic-workbench-pc-visualizer-1,21,"{'data_quality': 40, 'model_size': 1, 'parallelism': 1}",1.0,-1,45,-1
2025-07-03 08:25:41.190781,elastic-workbench-qr-detector,elastic-workbench-qr-detector-1,28,"{'data_quality': 678, 'parallelism': 1}",1.3,-1,30,-1
2025-07-03 08:25:41.193660,elastic-workbench-cv-analyzer,elastic-workbench-cv-analyzer-1,678,"{'data_quality': 266, 'model_size': 3, 'parallelism': 1}",5.7,-1,1,-1
2025-07-03 08:25:41.196593,elastic-workbench-pc-visualizer,elastic-workbench-pc-visualizer-1,20,"{'data_quality': 40, 'model_size': 1, 'parallelism': 1}",1.0,-1,46,-1
2025-07-03 08:25:51.191424,elastic-workbench-qr-detector,elastic-workbench-qr-detector-1,28,"{'data_quality': 678, 'parallelism': 1}",1.3,-1,31,-1
2025-07-03 08:25:51.194300,elastic-workbench-cv-analyzer,elastic-workbench-cv-analyzer-1,643,"{'data_quality': 266, 'model_size': 3, 'parallelism': 1}",5.7,-1,1,-1
2025-07-03 08:25:51.196917,elastic-workbench-pc-visualizer,elastic-workbench-pc-visualizer-1,20,"{'data_quality': 40, 'model_size': 1, 'parallelism': 1}",1.0,-1,46,-1
2025-07-03 08:26:01.191903,elastic-workbench-qr-detector,elastic-workbench-qr-detector-1,27,"{'data_quality': 678, 'parallelism': 1}",1.33,-1,32,-1
2025-07-03 08:26:01.194789,elastic-workbench-cv-analyzer,elastic-workbench-cv-analyzer-1,628,"{'data_quality': 266, 'model_size': 3, 'parallelism': 1}",5.67,-1,1,-1
2025-07-03 08:26:01.197398,elastic-workbench-pc-visualizer,elastic-workbench-pc-visualizer-1,21,"{'data_quality': 40, 'model_size': 1, 'parallelism': 1}",1.0,-1,45,-1
2025-07-03 08:26:11.195692,elastic-workbench-qr-detector,elastic-workbench-qr-detector-1,29,"{'data_quality': 678, 'parallelism': 1}",1.36,-1,31,-1
2025-07-03 08:26:11.198805,elastic-workbench-cv-analyzer,elastic-workbench-cv-analyzer-1,599,"{'data_quality': 266, 'model_size': 3, 'parallelism': 1}",5.64,-1,0,-1
2025-07-03 08:26:11.201572,elastic-workbench-pc-visualizer,elastic-workbench-pc-visualizer-1,20,"{'data_quality': 40, 'model_size': 1, 'parallelism': 1}",1.0,-1,47,-1
2025-07-03 08:26:21.193332,elastic-workbench-qr-detector,elastic-workbench-qr-detector-1,28,"{'data_quality': 678, 'parallelism': 1}",1.32,-1,31,-1
2025-07-03 08:26:21.197210,elastic-workbench-cv-analyzer,elastic-workbench-cv-analyzer-1,724,"{'data_quality': 266, 'model_size': 3, 'parallelism': 1}",5.68,-1,1,-1
2025-07-03 08:26:21.204743,elastic-workbench-pc-visualizer,elastic-workbench-pc-visualizer-1,20,"{'data_quality': 40, 'model_size': 1, 'parallelism': 1}",1.0,-1,46,-1
2025-07-03 08:26:31.193884,elastic-workbench-qr-detector,elastic-workbench-qr-detector-1,28,"{'data_quality': 678, 'parallelism': 1}",1.32,-1,31,-1
2025-07-03 08:26:31.196736,elastic-workbench-cv-analyzer,elastic-workbench-cv-analyzer-1,696,"{'data_quality': 266, 'model_size': 3, 'parallelism': 1}",5.68,-1,1,-1
2025-07-03 08:26:31.199374,elastic-workbench-pc-visualizer,elastic-workbench-pc-visualizer-1,20,"{'data_quality': 40, 'model_size': 1, 'parallelism': 1}",1.0,-1,46,-1
2025-07-03 08:26:41.194292,elastic-workbench-qr-detector,elastic-workbench-qr-detector-1,28,"{'data_quality': 678, 'parallelism': 1}",1.32,-1,31,-1
2025-07-03 08:26:41.197127,elastic-workbench-cv-analyzer,elastic-workbench-cv-analyzer-1,588,"{'data_quality': 266, 'model_size': 3, 'parallelism': 1}",5.68,-1,1,-1
2025-07-03 08:26:41.199807,elastic-workbench-pc-visualizer,elastic-workbench-pc-visualizer-1,20,"{'data_quality': 40, 'model_size': 1, 'parallelism': 1}",1.0,-1,45,-1
2025-07-03 08:26:51.194280,elastic-workbench-qr-detector,elastic-workbench-qr-detector-1,27,"{'data_quality': 678, 'parallelism': 1}",1.32,-1,30,-1
2025-07-03 08:26:51.197038,elastic-workbench-cv-analyzer,elastic-workbench-cv-analyzer-1,587,"{'data_quality': 266, 'model_size': 3, 'parallelism': 1}",5.68,-1,1,-1
2025-07-03 08:26:51.199553,elastic-workbench-pc-visualizer,elastic-workbench-pc-visualizer-1,20,"{'data_quality': 40, 'model_size': 1, 'parallelism': 1}",1.0,-1,47,-1
2025-07-03 08:27:01.201984,elastic-workbench-qr-detector,elastic-workbench-qr-detector-1,28,"{'data_quality': 678, 'parallelism': 1}",1.29,-1,30,-1
2025-07-03 08:27:01.204988,elastic-workbench-cv-analyzer,elastic-workbench-cv-analyzer-1,616,"{'data_quality': 266, 'model_size': 3, 'parallelism': 1}",5.71,-1,1,-1
2025-07-03 08:27:01.210284,elastic-workbench-pc-visualizer,elastic-workbench-pc-visualizer-1,21,"{'data_quality': 40, 'model_size': 1, 'parallelism': 1}",1.0,-1,45,-1
2025-07-03 08:27:11.196292,elastic-workbench-qr-detector,elastic-workbench-qr-detector-1,28,"{'data_quality': 678, 'parallelism': 1}",1.29,-1,30,-1
2025-07-03 08:27:11.199759,elastic-workbench-cv-analyzer,elastic-workbench-cv-analyzer-1,679,"{'data_quality': 266, 'model_size': 3, 'parallelism': 1}",5.71,-1,1,-1
2025-07-03 08:27:11.206283,elastic-workbench-pc-visualizer,elastic-workbench-pc-visualizer-1,21,"{'data_quality': 40, 'model_size': 1, 'parallelism': 1}",1.0,-1,46,-1
2025-07-03 08:27:21.197594,elastic-workbench-qr-detector,elastic-workbench-qr-detector-1,29,"{'data_quality': 678, 'parallelism': 1}",1.29,-1,32,-1
2025-07-03 08:27:21.200436,elastic-workbench-cv-analyzer,elastic-workbench-cv-analyzer-1,531,"{'data_quality': 266, 'model_size': 3, 'parallelism': 1}",5.71,-1,1,-1
2025-07-03 08:27:21.203148,elastic-workbench-pc-visualizer,elastic-workbench-pc-visualizer-1,20,"{'data_quality': 40, 'model_size': 1, 'parallelism': 1}",1.0,-1,46,-1
2025-07-03 08:27:31.197803,elastic-workbench-qr-detector,elastic-workbench-qr-detector-1,28,"{'data_quality': 678, 'parallelism': 1}",1.35,-1,33,-1
2025-07-03 08:27:31.200691,elastic-workbench-cv-analyzer,elastic-workbench-cv-analyzer-1,712,"{'data_quality': 266, 'model_size': 3, 'parallelism': 1}",5.65,-1,1,-1
2025-07-03 08:27:31.203530,elastic-workbench-pc-visualizer,elastic-workbench-pc-visualizer-1,20,"{'data_quality': 40, 'model_size': 1, 'parallelism': 1}",1.0,-1,47,-1
2025-07-03 08:27:41.198858,elastic-workbench-qr-detector,elastic-workbench-qr-detector-1,27,"{'data_quality': 678, 'parallelism': 1}",1.38,-1,34,-1
2025-07-03 08:27:41.201736,elastic-workbench-cv-analyzer,elastic-workbench-cv-analyzer-1,526,"{'data_quality': 266, 'model_size': 3, 'parallelism': 1}",5.62,-1,1,-1
2025-07-03 08:27:41.204596,elastic-workbench-pc-visualizer,elastic-workbench-pc-visualizer-1,20,"{'data_quality': 40, 'model_size': 1, 'parallelism': 1}",1.0,-1,47,-1
2025-07-03 08:27:51.200459,elastic-workbench-qr-detector,elastic-workbench-qr-detector-1,26,"{'data_quality': 678, 'parallelism': 1}",1.41,-1,36,-1
2025-07-03 08:27:51.203344,elastic-workbench-cv-analyzer,elastic-workbench-cv-analyzer-1,518,"{'data_quality': 266, 'model_size': 3, 'parallelism': 1}",5.59,-1,1,-1
2025-07-03 08:27:51.205932,elastic-workbench-pc-visualizer,elastic-workbench-pc-visualizer-1,20,"{'data_quality': 40, 'model_size': 1, 'parallelism': 1}",1.0,-1,46,-1
2025-07-03 08:28:01.200722,elastic-workbench-qr-detector,elastic-workbench-qr-detector-1,25,"{'data_quality': 678, 'parallelism': 1}",1.47,-1,36,-1
2025-07-03 08:28:01.205427,elastic-workbench-cv-analyzer,elastic-workbench-cv-analyzer-1,351,"{'data_quality': 266, 'model_size': 2, 'parallelism': 1}",5.53,-1,2,-1
2025-07-03 08:28:01.214249,elastic-workbench-pc-visualizer,elastic-workbench-pc-visualizer-1,20,"{'data_quality': 40, 'model_size': 1, 'parallelism': 1}",1.0,-1,46,-1
2025-07-03 08:28:11.200210,elastic-workbench-qr-detector,elastic-workbench-qr-detector-1,24,"{'data_quality': 678, 'parallelism': 1}",1.49,-1,35,-1
2025-07-03 08:28:11.203596,elastic-workbench-cv-analyzer,elastic-workbench-cv-analyzer-1,205,"{'data_quality': 266, 'model_size': 2, 'parallelism': 1}",5.51,-1,3,-1
2025-07-03 08:28:11.217938,elastic-workbench-pc-visualizer,elastic-workbench-pc-visualizer-1,20,"{'data_quality': 40, 'model_size': 1, 'parallelism': 1}",1.0,-1,47,-1
2025-07-03 08:28:21.200944,elastic-workbench-qr-detector,elastic-workbench-qr-detector-1,26,"{'data_quality': 678, 'parallelism': 1}",1.46,-1,35,-1
2025-07-03 08:28:21.203759,elastic-workbench-cv-analyzer,elastic-workbench-cv-analyzer-1,244,"{'data_quality': 266, 'model_size': 2, 'parallelism': 1}",5.54,-1,3,-1
2025-07-03 08:28:21.206469,elastic-workbench-pc-visualizer,elastic-workbench-pc-visualizer-1,20,"{'data_quality': 40, 'model_size': 1, 'parallelism': 1}",1.0,-1,46,-1
2025-07-03 08:28:31.201883,elastic-workbench-qr-detector,elastic-workbench-qr-detector-1,25,"{'data_quality': 678, 'parallelism': 1}",1.49,-1,36,-1
2025-07-03 08:28:31.204674,elastic-workbench-cv-analyzer,elastic-workbench-cv-analyzer-1,310,"{'data_quality': 266, 'model_size': 2, 'parallelism': 1}",5.51,-1,2,-1
2025-07-03 08:28:31.211046,elastic-workbench-pc-visualizer,elastic-workbench-pc-visualizer-1,20,"{'data_quality': 40, 'model_size': 1, 'parallelism': 1}",1.0,-1,46,-1
2025-07-03 08:28:41.201917,elastic-workbench-qr-detector,elastic-workbench-qr-detector-1,48,"{'data_quality': 678, 'parallelism': 1}",1.52,-1,37,-1
2025-07-03 08:28:41.204749,elastic-workbench-cv-analyzer,elastic-workbench-cv-analyzer-1,191,"{'data_quality': 266, 'model_size': 2, 'parallelism': 1}",5.48,-1,4,-1
2025-07-03 08:28:41.213493,elastic-workbench-pc-visualizer,elastic-workbench-pc-visualizer-1,19,"{'data_quality': 40, 'model_size': 1, 'parallelism': 1}",1.0,-1,48,-1
2025-07-03 08:28:51.203412,elastic-workbench-qr-detector,elastic-workbench-qr-detector-1,46,"{'data_quality': 678, 'parallelism': 1}",1.52,-1,37,-1
2025-07-03 08:28:51.220271,elastic-workbench-cv-analyzer,elastic-workbench-cv-analyzer-1,194,"{'data_quality': 266, 'model_size': 2, 'parallelism': 1}",5.48,-1,4,-1
2025-07-03 08:28:51.224014,elastic-workbench-pc-visualizer,elastic-workbench-pc-visualizer-1,19,"{'data_quality': 40, 'model_size': 1, 'parallelism': 1}",1.0,-1,48,-1
2025-07-03 08:29:01.203377,elastic-workbench-qr-detector,elastic-workbench-qr-detector-1,47,"{'data_quality': 678, 'parallelism': 1}",1.52,-1,35,-1
2025-07-03 08:29:01.206028,elastic-workbench-cv-analyzer,elastic-workbench-cv-analyzer-1,194,"{'data_quality': 266, 'model_size': 2, 'parallelism': 1}",5.48,-1,4,-1
2025-07-03 08:29:01.222795,elastic-workbench-pc-visualizer,elastic-workbench-pc-visualizer-1,20,"{'data_quality': 40, 'model_size': 1, 'parallelism': 1}",1.0,-1,47,-1
2025-07-03 08:29:11.203859,elastic-workbench-qr-detector,elastic-workbench-qr-detector-1,26,"{'data_quality': 678, 'parallelism': 1}",1.45,-1,36,-1
2025-07-03 08:29:11.210335,elastic-workbench-cv-analyzer,elastic-workbench-cv-analyzer-1,325,"{'data_quality': 266, 'model_size': 2, 'parallelism': 1}",5.55,-1,2,-1
2025-07-03 08:29:11.218492,elastic-workbench-pc-visualizer,elastic-workbench-pc-visualizer-1,20,"{'data_quality': 40, 'model_size': 1, 'parallelism': 1}",1.0,-1,46,-1
2025-07-03 08:29:21.204360,elastic-workbench-qr-detector,elastic-workbench-qr-detector-1,26,"{'data_quality': 678, 'parallelism': 1}",1.48,-1,37,-1
2025-07-03 08:29:21.218267,elastic-workbench-cv-analyzer,elastic-workbench-cv-analyzer-1,256,"{'data_quality': 266, 'model_size': 2, 'parallelism': 1}",5.52,-1,3,-1
2025-07-03 08:29:21.220867,elastic-workbench-pc-visualizer,elastic-workbench-pc-visualizer-1,20,"{'data_quality': 40, 'model_size': 1, 'parallelism': 1}",1.0,-1,47,-1
2025-07-03 08:29:31.216017,elastic-workbench-qr-detector,elastic-workbench-qr-detector-1,44,"{'data_quality': 678, 'parallelism': 1}",1.58,-1,40,-1
2025-07-03 08:29:31.219102,elastic-workbench-cv-analyzer,elastic-workbench-cv-analyzer-1,190,"{'data_quality': 266, 'model_size': 2, 'parallelism': 1}",5.42,-1,4,-1
2025-07-03 08:29:31.221593,elastic-workbench-pc-visualizer,elastic-workbench-pc-visualizer-1,19,"{'data_quality': 40, 'model_size': 1, 'parallelism': 1}",1.0,-1,48,-1
2025-07-03 08:29:41.206295,elastic-workbench-qr-detector,elastic-workbench-qr-detector-1,45,"{'data_quality': 678, 'parallelism': 1}",1.61,-1,40,-1
2025-07-03 08:29:41.221003,elastic-workbench-cv-analyzer,elastic-workbench-cv-analyzer-1,224,"{'data_quality': 266, 'model_size': 2, 'parallelism': 1}",5.39,-1,4,-1
2025-07-03 08:29:41.230561,elastic-workbench-pc-visualizer,elastic-workbench-pc-visualizer-1,20,"{'data_quality': 40, 'model_size': 1, 'parallelism': 1}",1.0,-1,47,-1
2025-07-03 08:29:51.206211,elastic-workbench-qr-detector,elastic-workbench-qr-detector-1,43,"{'data_quality': 678, 'parallelism': 1}",1.61,-1,39,-1
2025-07-03 08:29:51.215732,elastic-workbench-cv-analyzer,elastic-workbench-cv-analyzer-1,215,"{'data_quality': 266, 'model_size': 2, 'parallelism': 1}",5.39,-1,4,-1
2025-07-03 08:29:51.218822,elastic-workbench-pc-visualizer,elastic-workbench-pc-visualizer-1,20,"{'data_quality': 40, 'model_size': 1, 'parallelism': 1}",1.0,-1,47,-1
2025-07-03 08:30:01.206720,elastic-workbench-qr-detector,elastic-workbench-qr-detector-1,47,"{'data_quality': 678, 'parallelism': 1}",1.58,-1,39,-1
2025-07-03 08:30:01.210057,elastic-workbench-cv-analyzer,elastic-workbench-cv-analyzer-1,201,"{'data_quality': 266, 'model_size': 2, 'parallelism': 1}",5.42,-1,4,-1
2025-07-03 08:30:01.212704,elastic-workbench-pc-visualizer,elastic-workbench-pc-visualizer-1,19,"{'data_quality': 40, 'model_size': 1, 'parallelism': 1}",1.0,-1,49,-1
2025-07-03 08:30:11.212363,elastic-workbench-qr-detector,elastic-workbench-qr-detector-1,47,"{'data_quality': 678, 'parallelism': 1}",1.61,-1,38,-1
2025-07-03 08:30:11.221260,elastic-workbench-cv-analyzer,elastic-workbench-cv-analyzer-1,245,"{'data_quality': 266, 'model_size': 2, 'parallelism': 1}",5.39,-1,3,-1
2025-07-03 08:30:11.223838,elastic-workbench-pc-visualizer,elastic-workbench-pc-visualizer-1,19,"{'data_quality': 40, 'model_size': 1, 'parallelism': 1}",1.0,-1,48,-1
2025-07-03 08:30:21.218465,elastic-workbench-qr-detector,elastic-workbench-qr-detector-1,46,"{'data_quality': 678, 'parallelism': 1}",1.55,-1,36,-1
2025-07-03 08:30:21.227656,elastic-workbench-cv-analyzer,elastic-workbench-cv-analyzer-1,207,"{'data_quality': 266, 'model_size': 2, 'parallelism': 1}",5.45,-1,4,-1
2025-07-03 08:30:21.230207,elastic-workbench-pc-visualizer,elastic-workbench-pc-visualizer-1,20,"{'data_quality': 40, 'model_size': 1, 'parallelism': 1}",1.0,-1,48,-1
2025-07-03 08:30:31.215040,elastic-workbench-qr-detector,elastic-workbench-qr-detector-1,25,"{'data_quality': 678, 'parallelism': 1}",1.48,-1,35,-1
2025-07-03 08:30:31.222294,elastic-workbench-cv-analyzer,elastic-workbench-cv-analyzer-1,243,"{'data_quality': 266, 'model_size': 2, 'parallelism': 1}",5.52,-1,3,-1
2025-07-03 08:30:31.229345,elastic-workbench-pc-visualizer,elastic-workbench-pc-visualizer-1,20,"{'data_quality': 40, 'model_size': 1, 'parallelism': 1}",1.0,-1,47,-1
2025-07-03 08:30:41.214292,elastic-workbench-qr-detector,elastic-workbench-qr-detector-1,26,"{'data_quality': 678, 'parallelism': 1}",1.45,-1,34,-1
2025-07-03 08:30:41.220474,elastic-workbench-cv-analyzer,elastic-workbench-cv-analyzer-1,206,"{'data_quality': 266, 'model_size': 2, 'parallelism': 1}",5.55,-1,3,-1
2025-07-03 08:30:41.223838,elastic-workbench-pc-visualizer,elastic-workbench-pc-visualizer-1,19,"{'data_quality': 40, 'model_size': 1, 'parallelism': 1}",1.0,-1,48,-1
2025-07-03 08:30:51.218708,elastic-workbench-qr-detector,elastic-workbench-qr-detector-1,26,"{'data_quality': 678, 'parallelism': 1}",1.42,-1,35,-1
2025-07-03 08:30:51.224703,elastic-workbench-cv-analyzer,elastic-workbench-cv-analyzer-1,574,"{'data_quality': 266, 'model_size': 3, 'parallelism': 1}",5.58,-1,1,-1
2025-07-03 08:30:51.228149,elastic-workbench-pc-visualizer,elastic-workbench-pc-visualizer-1,19,"{'data_quality': 40, 'model_size': 1, 'parallelism': 1}",1.0,-1,49,-1
2025-07-03 08:31:01.216413,elastic-workbench-qr-detector,elastic-workbench-qr-detector-1,26,"{'data_quality': 678, 'parallelism': 1}",1.45,-1,34,-1
2025-07-03 08:31:01.219363,elastic-workbench-cv-analyzer,elastic-workbench-cv-analyzer-1,618,"{'data_quality': 266, 'model_size': 3, 'parallelism': 1}",5.55,-1,1,-1
2025-07-03 08:31:01.221901,elastic-workbench-pc-visualizer,elastic-workbench-pc-visualizer-1,21,"{'data_quality': 40, 'model_size': 1, 'parallelism': 1}",1.0,-1,46,-1
2025-07-03 08:31:11.219146,elastic-workbench-qr-detector,elastic-workbench-qr-detector-1,26,"{'data_quality': 678, 'parallelism': 1}",1.42,-1,33,-1
2025-07-03 08:31:11.222493,elastic-workbench-cv-analyzer,elastic-workbench-cv-analyzer-1,664,"{'data_quality': 266, 'model_size': 3, 'parallelism': 1}",5.58,-1,1,-1
2025-07-03 08:31:11.228245,elastic-workbench-pc-visualizer,elastic-workbench-pc-visualizer-1,20,"{'data_quality': 40, 'model_size': 1, 'parallelism': 1}",1.0,-1,47,-1
2025-07-03 08:31:21.218899,elastic-workbench-qr-detector,elastic-workbench-qr-detector-1,26,"{'data_quality': 678, 'parallelism': 1}",1.39,-1,33,-1
2025-07-03 08:31:21.222861,elastic-workbench-cv-analyzer,elastic-workbench-cv-analyzer-1,548,"{'data_quality': 266, 'model_size': 3, 'parallelism': 1}",5.61,-1,1,-1
2025-07-03 08:31:21.233065,elastic-workbench-pc-visualizer,elastic-workbench-pc-visualizer-1,20,"{'data_quality': 40, 'model_size': 1, 'parallelism': 1}",1.0,-1,46,-1
2025-07-03 08:31:31.219235,elastic-workbench-qr-detector,elastic-workbench-qr-detector-1,26,"{'data_quality': 678, 'parallelism': 1}",1.38,-1,33,-1
2025-07-03 08:31:31.221729,elastic-workbench-cv-analyzer,elastic-workbench-cv-analyzer-1,574,"{'data_quality': 266, 'model_size': 3, 'parallelism': 1}",5.62,-1,1,-1
2025-07-03 08:31:31.224453,elastic-workbench-pc-visualizer,elastic-workbench-pc-visualizer-1,20,"{'data_quality': 40, 'model_size': 1, 'parallelism': 1}",1.0,-1,46,-1
2025-07-03 08:31:41.214765,elastic-workbench-qr-detector,elastic-workbench-qr-detector-1,27,"{'data_quality': 678, 'parallelism': 1}",1.38,-1,32,-1
2025-07-03 08:31:41.217260,elastic-workbench-cv-analyzer,elastic-workbench-cv-analyzer-1,677,"{'data_quality': 266, 'model_size': 3, 'parallelism': 1}",5.62,-1,1,-1
2025-07-03 08:31:41.219946,elastic-workbench-pc-visualizer,elastic-workbench-pc-visualizer-1,20,"{'data_quality': 40, 'model_size': 1, 'parallelism': 1}",1.0,-1,46,-1
2025-07-03 08:31:51.222640,elastic-workbench-qr-detector,elastic-workbench-qr-detector-1,27,"{'data_quality': 678, 'parallelism': 1}",1.35,-1,32,-1
2025-07-03 08:31:51.225207,elastic-workbench-cv-analyzer,elastic-workbench-cv-analyzer-1,438,"{'data_quality': 266, 'model_size': 3, 'parallelism': 1}",5.65,-1,0,-1
2025-07-03 08:31:51.228006,elastic-workbench-pc-visualizer,elastic-workbench-pc-visualizer-1,20,"{'data_quality': 40, 'model_size': 1, 'parallelism': 1}",1.0,-1,47,-1
2025-07-03 08:32:01.229457,elastic-workbench-qr-detector,elastic-workbench-qr-detector-1,27,"{'data_quality': 678, 'parallelism': 1}",1.35,-1,31,-1
2025-07-03 08:32:01.232356,elastic-workbench-cv-analyzer,elastic-workbench-cv-analyzer-1,543,"{'data_quality': 266, 'model_size': 3, 'parallelism': 1}",5.65,-1,1,-1
2025-07-03 08:32:01.235175,elastic-workbench-pc-visualizer,elastic-workbench-pc-visualizer-1,21,"{'data_quality': 40, 'model_size': 1, 'parallelism': 1}",1.0,-1,45,-1
2025-07-03 08:32:11.220496,elastic-workbench-qr-detector,elastic-workbench-qr-detector-1,27,"{'data_quality': 678, 'parallelism': 1}",1.32,-1,30,-1
2025-07-03 08:32:11.224713,elastic-workbench-cv-analyzer,elastic-workbench-cv-analyzer-1,517,"{'data_quality': 266, 'model_size': 3, 'parallelism': 1}",5.68,-1,1,-1
2025-07-03 08:32:11.232569,elastic-workbench-pc-visualizer,elastic-workbench-pc-visualizer-1,19,"{'data_quality': 40, 'model_size': 1, 'parallelism': 1}",1.0,-1,48,-1
2025-07-03 08:32:21.219619,elastic-workbench-qr-detector,elastic-workbench-qr-detector-1,29,"{'data_quality': 678, 'parallelism': 1}",1.28,-1,31,-1
2025-07-03 08:32:21.222207,elastic-workbench-cv-analyzer,elastic-workbench-cv-analyzer-1,572,"{'data_quality': 266, 'model_size': 3, 'parallelism': 1}",5.72,-1,1,-1
2025-07-03 08:32:21.224696,elastic-workbench-pc-visualizer,elastic-workbench-pc-visualizer-1,21,"{'data_quality': 40, 'model_size': 1, 'parallelism': 1}",1.0,-1,46,-1
2025-07-03 08:32:31.226307,elastic-workbench-qr-detector,elastic-workbench-qr-detector-1,28,"{'data_quality': 678, 'parallelism': 1}",1.31,-1,32,-1
2025-07-03 08:32:31.230742,elastic-workbench-cv-analyzer,elastic-workbench-cv-analyzer-1,632,"{'data_quality': 266, 'model_size': 3, 'parallelism': 1}",5.69,-1,1,-1
2025-07-03 08:32:31.233302,elastic-workbench-pc-visualizer,elastic-workbench-pc-visualizer-1,20,"{'data_quality': 40, 'model_size': 1, 'parallelism': 1}",1.0,-1,46,-1
2025-07-03 08:32:41.223055,elastic-workbench-qr-detector,elastic-workbench-qr-detector-1,26,"{'data_quality': 678, 'parallelism': 1}",1.35,-1,32,-1
2025-07-03 08:32:41.227265,elastic-workbench-cv-analyzer,elastic-workbench-cv-analyzer-1,575,"{'data_quality': 266, 'model_size': 3, 'parallelism': 1}",5.65,-1,1,-1
2025-07-03 08:32:41.230108,elastic-workbench-pc-visualizer,elastic-workbench-pc-visualizer-1,20,"{'data_quality': 40, 'model_size': 1, 'parallelism': 1}",1.0,-1,46,-1
2025-07-03 08:32:51.223808,elastic-workbench-qr-detector,elastic-workbench-qr-detector-1,27,"{'data_quality': 678, 'parallelism': 1}",1.34,-1,31,-1
2025-07-03 08:32:51.229050,elastic-workbench-cv-analyzer,elastic-workbench-cv-analyzer-1,543,"{'data_quality': 266, 'model_size': 3, 'parallelism': 1}",5.66,-1,0,-1
2025-07-03 08:32:51.231668,elastic-workbench-pc-visualizer,elastic-workbench-pc-visualizer-1,21,"{'data_quality': 40, 'model_size': 1, 'parallelism': 1}",1.0,-1,45,-1
2025-07-03 08:33:01.227641,elastic-workbench-qr-detector,elastic-workbench-qr-detector-1,27,"{'data_quality': 678, 'parallelism': 1}",1.31,-1,32,-1
2025-07-03 08:33:01.232703,elastic-workbench-cv-analyzer,elastic-workbench-cv-analyzer-1,518,"{'data_quality': 266, 'model_size': 3, 'parallelism': 1}",5.69,-1,1,-1
2025-07-03 08:33:01.235422,elastic-workbench-pc-visualizer,elastic-workbench-pc-visualizer-1,20,"{'data_quality': 40, 'model_size': 1, 'parallelism': 1}",1.0,-1,47,-1
2025-07-03 08:33:11.221729,elastic-workbench-qr-detector,elastic-workbench-qr-detector-1,27,"{'data_quality': 678, 'parallelism': 1}",1.34,-1,32,-1
2025-07-03 08:33:11.226752,elastic-workbench-cv-analyzer,elastic-workbench-cv-analyzer-1,507,"{'data_quality': 266, 'model_size': 3, 'parallelism': 1}",5.66,-1,1,-1
2025-07-03 08:33:11.235255,elastic-workbench-pc-visualizer,elastic-workbench-pc-visualizer-1,20,"{'data_quality': 40, 'model_size': 1, 'parallelism': 1}",1.0,-1,47,-1
2025-07-03 08:33:21.222954,elastic-workbench-qr-detector,elastic-workbench-qr-detector-1,26,"{'data_quality': 678, 'parallelism': 1}",1.34,-1,31,-1
2025-07-03 08:33:21.225435,elastic-workbench-cv-analyzer,elastic-workbench-cv-analyzer-1,422,"{'data_quality': 266, 'model_size': 3, 'parallelism': 1}",5.66,-1,1,-1
2025-07-03 08:33:21.227840,elastic-workbench-pc-visualizer,elastic-workbench-pc-visualizer-1,20,"{'data_quality': 40, 'model_size': 1, 'parallelism': 1}",1.0,-1,46,-1
2025-07-03 08:33:31.225725,elastic-workbench-qr-detector,elastic-workbench-qr-detector-1,28,"{'data_quality': 678, 'parallelism': 1}",1.29,-1,30,-1
2025-07-03 08:33:31.230794,elastic-workbench-cv-analyzer,elastic-workbench-cv-analyzer-1,471,"{'data_quality': 266, 'model_size': 3, 'parallelism': 1}",5.71,-1,1,-1
2025-07-03 08:33:31.233686,elastic-workbench-pc-visualizer,elastic-workbench-pc-visualizer-1,20,"{'data_quality': 40, 'model_size': 1, 'parallelism': 1}",1.0,-1,46,-1
2025-07-03 08:33:41.224354,elastic-workbench-qr-detector,elastic-workbench-qr-detector-1,28,"{'data_quality': 678, 'parallelism': 1}",1.25,-1,30,-1
2025-07-03 08:33:41.226989,elastic-workbench-cv-analyzer,elastic-workbench-cv-analyzer-1,567,"{'data_quality': 266, 'model_size': 3, 'parallelism': 1}",5.75,-1,1,-1
2025-07-03 08:33:41.229737,elastic-workbench-pc-visualizer,elastic-workbench-pc-visualizer-1,20,"{'data_quality': 40, 'model_size': 1, 'parallelism': 1}",1.0,-1,46,-1
2025-07-03 08:33:51.233956,elastic-workbench-qr-detector,elastic-workbench-qr-detector-1,28,"{'data_quality': 678, 'parallelism': 1}",1.25,-1,30,-1
2025-07-03 08:33:51.238580,elastic-workbench-cv-analyzer,elastic-workbench-cv-analyzer-1,469,"{'data_quality': 266, 'model_size': 3, 'parallelism': 1}",5.75,-1,1,-1
2025-07-03 08:33:51.241472,elastic-workbench-pc-visualizer,elastic-workbench-pc-visualizer-1,19,"{'data_quality': 40, 'model_size': 1, 'parallelism': 1}",1.0,-1,48,-1
2025-07-03 08:34:01.226770,elastic-workbench-qr-detector,elastic-workbench-qr-detector-1,29,"{'data_quality': 678, 'parallelism': 1}",1.25,-1,31,-1
2025-07-03 08:34:01.229662,elastic-workbench-cv-analyzer,elastic-workbench-cv-analyzer-1,459,"{'data_quality': 266, 'model_size': 3, 'parallelism': 1}",5.75,-1,1,-1
2025-07-03 08:34:01.234010,elastic-workbench-pc-visualizer,elastic-workbench-pc-visualizer-1,21,"{'data_quality': 40, 'model_size': 1, 'parallelism': 1}",1.0,-1,46,-1
2025-07-03 08:34:11.226702,elastic-workbench-qr-detector,elastic-workbench-qr-detector-1,29,"{'data_quality': 678, 'parallelism': 1}",1.28,-1,32,-1
2025-07-03 08:34:11.229596,elastic-workbench-cv-analyzer,elastic-workbench-cv-analyzer-1,422,"{'data_quality': 266, 'model_size': 3, 'parallelism': 1}",5.72,-1,1,-1
2025-07-03 08:34:11.232841,elastic-workbench-pc-visualizer,elastic-workbench-pc-visualizer-1,20,"{'data_quality': 40, 'model_size': 1, 'parallelism': 1}",1.0,-1,47,-1
2025-07-03 08:34:21.235605,elastic-workbench-qr-detector,elastic-workbench-qr-detector-1,27,"{'data_quality': 678, 'parallelism': 1}",1.38,-1,35,-1
2025-07-03 08:34:21.238231,elastic-workbench-cv-analyzer,elastic-workbench-cv-analyzer-1,540,"{'data_quality': 266, 'model_size': 3, 'parallelism': 1}",5.62,-1,1,-1
2025-07-03 08:34:21.244449,elastic-workbench-pc-visualizer,elastic-workbench-pc-visualizer-1,20,"{'data_quality': 40, 'model_size': 1, 'parallelism': 1}",1.0,-1,46,-1
2025-07-03 08:34:31.234999,elastic-workbench-qr-detector,elastic-workbench-qr-detector-1,26,"{'data_quality': 678, 'parallelism': 1}",1.44,-1,36,-1
2025-07-03 08:34:31.237815,elastic-workbench-cv-analyzer,elastic-workbench-cv-analyzer-1,312,"{'data_quality': 266, 'model_size': 2, 'parallelism': 1}",5.56,-1,2,-1
2025-07-03 08:34:31.240440,elastic-workbench-pc-visualizer,elastic-workbench-pc-visualizer-1,20,"{'data_quality': 40, 'model_size': 1, 'parallelism': 1}",1.0,-1,46,-1
2025-07-03 08:34:41.236631,elastic-workbench-qr-detector,elastic-workbench-qr-detector-1,25,"{'data_quality': 678, 'parallelism': 1}",1.44,-1,35,-1
2025-07-03 08:34:41.247492,elastic-workbench-cv-analyzer,elastic-workbench-cv-analyzer-1,240,"{'data_quality': 266, 'model_size': 2, 'parallelism': 1}",5.56,-1,3,-1
2025-07-03 08:34:41.250052,elastic-workbench-pc-visualizer,elastic-workbench-pc-visualizer-1,20,"{'data_quality': 40, 'model_size': 1, 'parallelism': 1}",1.0,-1,46,-1
2025-07-03 08:34:51.237185,elastic-workbench-qr-detector,elastic-workbench-qr-detector-1,26,"{'data_quality': 678, 'parallelism': 1}",1.41,-1,33,-1
2025-07-03 08:34:51.241257,elastic-workbench-cv-analyzer,elastic-workbench-cv-analyzer-1,189,"{'data_quality': 266, 'model_size': 2, 'parallelism': 1}",5.59,-1,3,-1
2025-07-03 08:34:51.243793,elastic-workbench-pc-visualizer,elastic-workbench-pc-visualizer-1,19,"{'data_quality': 40, 'model_size': 1, 'parallelism': 1}",1.0,-1,48,-1
2025-07-03 08:35:01.240810,elastic-workbench-qr-detector,elastic-workbench-qr-detector-1,29,"{'data_quality': 678, 'parallelism': 1}",1.34,-1,33,-1
2025-07-03 08:35:01.245972,elastic-workbench-cv-analyzer,elastic-workbench-cv-analyzer-1,625,"{'data_quality': 266, 'model_size': 3, 'parallelism': 1}",5.66,-1,1,-1
2025-07-03 08:35:01.248502,elastic-workbench-pc-visualizer,elastic-workbench-pc-visualizer-1,20,"{'data_quality': 40, 'model_size': 1, 'parallelism': 1}",1.0,-1,47,-1
2025-07-03 08:35:11.242581,elastic-workbench-qr-detector,elastic-workbench-qr-detector-1,26,"{'data_quality': 678, 'parallelism': 1}",1.44,-1,36,-1
2025-07-03 08:35:11.245233,elastic-workbench-cv-analyzer,elastic-workbench-cv-analyzer-1,235,"{'data_quality': 266, 'model_size': 2, 'parallelism': 1}",5.56,-1,3,-1
2025-07-03 08:35:11.248321,elastic-workbench-pc-visualizer,elastic-workbench-pc-visualizer-1,20,"{'data_quality': 40, 'model_size': 1, 'parallelism': 1}",1.0,-1,47,-1
2025-07-03 08:35:21.234017,elastic-workbench-qr-detector,elastic-workbench-qr-detector-1,48,"{'data_quality': 678, 'parallelism': 1}",1.5,-1,37,-1
2025-07-03 08:35:21.237122,elastic-workbench-cv-analyzer,elastic-workbench-cv-analyzer-1,188,"{'data_quality': 266, 'model_size': 2, 'parallelism': 1}",5.5,-1,4,-1
2025-07-03 08:35:21.244799,elastic-workbench-pc-visualizer,elastic-workbench-pc-visualizer-1,20,"{'data_quality': 40, 'model_size': 1, 'parallelism': 1}",1.0,-1,47,-1
2025-07-03 08:35:31.239477,elastic-workbench-qr-detector,elastic-workbench-qr-detector-1,51,"{'data_quality': 678, 'parallelism': 1}",1.5,-1,37,-1
2025-07-03 08:35:31.250186,elastic-workbench-cv-analyzer,elastic-workbench-cv-analyzer-1,175,"{'data_quality': 266, 'model_size': 2, 'parallelism': 1}",5.5,-1,4,-1
2025-07-03 08:35:31.256626,elastic-workbench-pc-visualizer,elastic-workbench-pc-visualizer-1,19,"{'data_quality': 40, 'model_size': 1, 'parallelism': 1}",1.0,-1,48,-1
2025-07-03 08:35:41.242551,elastic-workbench-qr-detector,elastic-workbench-qr-detector-1,53,"{'data_quality': 678, 'parallelism': 1}",1.54,-1,36,-1
2025-07-03 08:35:41.249991,elastic-workbench-cv-analyzer,elastic-workbench-cv-analyzer-1,207,"{'data_quality': 266, 'model_size': 2, 'parallelism': 1}",5.46,-1,3,-1
2025-07-03 08:35:41.253132,elastic-workbench-pc-visualizer,elastic-workbench-pc-visualizer-1,20,"{'data_quality': 40, 'model_size': 1, 'parallelism': 1}",1.0,-1,47,-1
2025-07-03 08:35:51.239226,elastic-workbench-qr-detector,elastic-workbench-qr-detector-1,47,"{'data_quality': 678, 'parallelism': 1}",1.57,-1,38,-1
2025-07-03 08:35:51.241971,elastic-workbench-cv-analyzer,elastic-workbench-cv-analyzer-1,219,"{'data_quality': 266, 'model_size': 2, 'parallelism': 1}",5.43,-1,3,-1
2025-07-03 08:35:51.244593,elastic-workbench-pc-visualizer,elastic-workbench-pc-visualizer-1,20,"{'data_quality': 40, 'model_size': 1, 'parallelism': 1}",1.0,-1,47,-1
2025-07-03 08:36:01.239792,elastic-workbench-qr-detector,elastic-workbench-qr-detector-1,51,"{'data_quality': 678, 'parallelism': 1}",1.54,-1,36,-1
2025-07-03 08:36:01.242573,elastic-workbench-cv-analyzer,elastic-workbench-cv-analyzer-1,231,"{'data_quality': 266, 'model_size': 2, 'parallelism': 1}",5.46,-1,3,-1
2025-07-03 08:36:01.245088,elastic-workbench-pc-visualizer,elastic-workbench-pc-visualizer-1,20,"{'data_quality': 40, 'model_size': 1, 'parallelism': 1}",1.0,-1,47,-1
2025-07-03 08:36:11.237837,elastic-workbench-qr-detector,elastic-workbench-qr-detector-1,48,"{'data_quality': 678, 'parallelism': 1}",1.57,-1,38,-1
2025-07-03 08:36:11.240635,elastic-workbench-cv-analyzer,elastic-workbench-cv-analyzer-1,207,"{'data_quality': 266, 'model_size': 2, 'parallelism': 1}",5.43,-1,4,-1
2025-07-03 08:36:11.243798,elastic-workbench-pc-visualizer,elastic-workbench-pc-visualizer-1,19,"{'data_quality': 40, 'model_size': 1, 'parallelism': 1}",1.0,-1,49,-1
2025-07-03 08:36:21.241704,elastic-workbench-qr-detector,elastic-workbench-qr-detector-1,48,"{'data_quality': 678, 'parallelism': 1}",1.54,-1,37,-1
2025-07-03 08:36:21.245487,elastic-workbench-cv-analyzer,elastic-workbench-cv-analyzer-1,211,"{'data_quality': 266, 'model_size': 2, 'parallelism': 1}",5.46,-1,3,-1
2025-07-03 08:36:21.249374,elastic-workbench-pc-visualizer,elastic-workbench-pc-visualizer-1,20,"{'data_quality': 40, 'model_size': 1, 'parallelism': 1}",1.0,-1,47,-1
2025-07-03 08:36:31.241399,elastic-workbench-qr-detector,elastic-workbench-qr-detector-1,53,"{'data_quality': 678, 'parallelism': 1}",1.5,-1,35,-1
2025-07-03 08:36:31.244246,elastic-workbench-cv-analyzer,elastic-workbench-cv-analyzer-1,177,"{'data_quality': 266, 'model_size': 2, 'parallelism': 1}",5.5,-1,4,-1
2025-07-03 08:36:31.247657,elastic-workbench-pc-visualizer,elastic-workbench-pc-visualizer-1,20,"{'data_quality': 40, 'model_size': 1, 'parallelism': 1}",1.0,-1,48,-1
2025-07-03 08:36:41.244262,elastic-workbench-qr-detector,elastic-workbench-qr-detector-1,47,"{'data_quality': 678, 'parallelism': 1}",1.57,-1,39,-1
2025-07-03 08:36:41.247298,elastic-workbench-cv-analyzer,elastic-workbench-cv-analyzer-1,174,"{'data_quality': 266, 'model_size': 2, 'parallelism': 1}",5.43,-1,4,-1
2025-07-03 08:36:41.253594,elastic-workbench-pc-visualizer,elastic-workbench-pc-visualizer-1,19,"{'data_quality': 40, 'model_size': 1, 'parallelism': 1}",1.0,-1,48,-1
2025-07-03 08:36:51.244556,elastic-workbench-qr-detector,elastic-workbench-qr-detector-1,49,"{'data_quality': 678, 'parallelism': 1}",1.54,-1,39,-1
2025-07-03 08:36:51.247506,elastic-workbench-cv-analyzer,elastic-workbench-cv-analyzer-1,212,"{'data_quality': 266, 'model_size': 2, 'parallelism': 1}",5.46,-1,3,-1
2025-07-03 08:36:51.253005,elastic-workbench-pc-visualizer,elastic-workbench-pc-visualizer-1,19,"{'data_quality': 40, 'model_size': 1, 'parallelism': 1}",1.0,-1,48,-1
2025-07-03 08:37:01.246725,elastic-workbench-qr-detector,elastic-workbench-qr-detector-1,52,"{'data_quality': 678, 'parallelism': 1}",1.54,-1,37,-1
2025-07-03 08:37:01.249561,elastic-workbench-cv-analyzer,elastic-workbench-cv-analyzer-1,208,"{'data_quality': 266, 'model_size': 2, 'parallelism': 1}",5.46,-1,3,-1
2025-07-03 08:37:01.254739,elastic-workbench-pc-visualizer,elastic-workbench-pc-visualizer-1,19,"{'data_quality': 40, 'model_size': 1, 'parallelism': 1}",1.0,-1,48,-1
2025-07-03 08:37:11.247547,elastic-workbench-qr-detector,elastic-workbench-qr-detector-1,50,"{'data_quality': 678, 'parallelism': 1}",1.57,-1,38,-1
2025-07-03 08:37:11.255672,elastic-workbench-cv-analyzer,elastic-workbench-cv-analyzer-1,207,"{'data_quality': 266, 'model_size': 2, 'parallelism': 1}",5.43,-1,4,-1
2025-07-03 08:37:11.258627,elastic-workbench-pc-visualizer,elastic-workbench-pc-visualizer-1,20,"{'data_quality': 40, 'model_size': 1, 'parallelism': 1}",1.0,-1,46,-1
2025-07-03 16:19:01.641622,elastic-workbench-qr-detector,elastic-workbench-qr-detector-1,26,"{'data_quality': 550, 'parallelism': 1}",2.67,-1,72,-1
2025-07-03 16:19:01.646253,elastic-workbench-cv-analyzer,elastic-workbench-cv-analyzer-1,788,"{'data_quality': 224, 'model_size': 3, 'parallelism': 1}",2.67,-1,1,-1
2025-07-03 16:19:01.650281,elastic-workbench-pc-visualizer,elastic-workbench-pc-visualizer-1,21,"{'data_quality': 30, 'model_size': 1, 'parallelism': 1}",2.67,-1,46,-1
2025-07-03 16:19:11.621111,elastic-workbench-qr-detector,elastic-workbench-qr-detector-1,28,"{'data_quality': 551, 'parallelism': 1}",1.77,-1,42,-1
2025-07-03 16:19:11.624103,elastic-workbench-cv-analyzer,elastic-workbench-cv-analyzer-1,204,"{'data_quality': 224, 'model_size': 2, 'parallelism': 1}",5.23,-1,3,-1
2025-07-03 16:19:11.629119,elastic-workbench-pc-visualizer,elastic-workbench-pc-visualizer-1,20,"{'data_quality': 40, 'model_size': 1, 'parallelism': 1}",1.0,-1,48,-1
2025-07-03 16:19:21.621416,elastic-workbench-qr-detector,elastic-workbench-qr-detector-1,27,"{'data_quality': 551, 'parallelism': 1}",1.76,-1,41,-1
2025-07-03 16:19:21.625374,elastic-workbench-cv-analyzer,elastic-workbench-cv-analyzer-1,158,"{'data_quality': 224, 'model_size': 2, 'parallelism': 1}",5.24,-1,4,-1
2025-07-03 16:19:21.628062,elastic-workbench-pc-visualizer,elastic-workbench-pc-visualizer-1,19,"{'data_quality': 40, 'model_size': 1, 'parallelism': 1}",1.0,-1,49,-1
2025-07-03 16:19:31.625358,elastic-workbench-qr-detector,elastic-workbench-qr-detector-1,27,"{'data_quality': 551, 'parallelism': 1}",1.74,-1,40,-1
2025-07-03 16:19:31.630906,elastic-workbench-cv-analyzer,elastic-workbench-cv-analyzer-1,153,"{'data_quality': 224, 'model_size': 2, 'parallelism': 1}",5.26,-1,4,-1
2025-07-03 16:19:31.635236,elastic-workbench-pc-visualizer,elastic-workbench-pc-visualizer-1,20,"{'data_quality': 40, 'model_size': 1, 'parallelism': 1}",1.0,-1,49,-1
2025-07-03 16:19:41.627201,elastic-workbench-qr-detector,elastic-workbench-qr-detector-1,28,"{'data_quality': 551, 'parallelism': 1}",1.72,-1,41,-1
2025-07-03 16:19:41.639977,elastic-workbench-cv-analyzer,elastic-workbench-cv-analyzer-1,158,"{'data_quality': 224, 'model_size': 2, 'parallelism': 1}",5.28,-1,4,-1
2025-07-03 16:19:41.643207,elastic-workbench-pc-visualizer,elastic-workbench-pc-visualizer-1,20,"{'data_quality': 40, 'model_size': 1, 'parallelism': 1}",1.0,-1,48,-1
2025-07-03 16:19:51.625760,elastic-workbench-qr-detector,elastic-workbench-qr-detector-1,28,"{'data_quality': 551, 'parallelism': 1}",1.72,-1,39,-1
2025-07-03 16:19:51.629994,elastic-workbench-cv-analyzer,elastic-workbench-cv-analyzer-1,201,"{'data_quality': 224, 'model_size': 2, 'parallelism': 1}",5.28,-1,3,-1
2025-07-03 16:19:51.633599,elastic-workbench-pc-visualizer,elastic-workbench-pc-visualizer-1,20,"{'data_quality': 40, 'model_size': 1, 'parallelism': 1}",1.0,-1,48,-1
2025-07-03 16:20:01.625653,elastic-workbench-qr-detector,elastic-workbench-qr-detector-1,29,"{'data_quality': 551, 'parallelism': 1}",1.7,-1,39,-1
2025-07-03 16:20:01.628435,elastic-workbench-cv-analyzer,elastic-workbench-cv-analyzer-1,144,"{'data_quality': 224, 'model_size': 2, 'parallelism': 1}",5.3,-1,4,-1
2025-07-03 16:20:01.630901,elastic-workbench-pc-visualizer,elastic-workbench-pc-visualizer-1,20,"{'data_quality': 40, 'model_size': 1, 'parallelism': 1}",1.0,-1,47,-1
2025-07-03 16:20:11.629437,elastic-workbench-qr-detector,elastic-workbench-qr-detector-1,28,"{'data_quality': 551, 'parallelism': 1}",1.69,-1,37,-1
2025-07-03 16:20:11.632641,elastic-workbench-cv-analyzer,elastic-workbench-cv-analyzer-1,166,"{'data_quality': 224, 'model_size': 2, 'parallelism': 1}",5.31,-1,4,-1
2025-07-03 16:20:11.643698,elastic-workbench-pc-visualizer,elastic-workbench-pc-visualizer-1,21,"{'data_quality': 40, 'model_size': 1, 'parallelism': 1}",1.0,-1,46,-1
2025-07-03 16:20:21.628468,elastic-workbench-qr-detector,elastic-workbench-qr-detector-1,32,"{'data_quality': 551, 'parallelism': 1}",1.66,-1,36,-1
2025-07-03 16:20:21.631060,elastic-workbench-cv-analyzer,elastic-workbench-cv-analyzer-1,188,"{'data_quality': 224, 'model_size': 2, 'parallelism': 1}",5.34,-1,3,-1
2025-07-03 16:20:21.635257,elastic-workbench-pc-visualizer,elastic-workbench-pc-visualizer-1,20,"{'data_quality': 40, 'model_size': 1, 'parallelism': 1}",1.0,-1,47,-1
2025-07-03 16:20:31.632023,elastic-workbench-qr-detector,elastic-workbench-qr-detector-1,29,"{'data_quality': 551, 'parallelism': 1}",1.65,-1,36,-1
2025-07-03 16:20:31.637256,elastic-workbench-cv-analyzer,elastic-workbench-cv-analyzer-1,211,"{'data_quality': 224, 'model_size': 2, 'parallelism': 1}",5.35,-1,3,-1
2025-07-03 16:20:31.639799,elastic-workbench-pc-visualizer,elastic-workbench-pc-visualizer-1,20,"{'data_quality': 40, 'model_size': 1, 'parallelism': 1}",1.0,-1,48,-1
2025-07-03 16:20:41.630302,elastic-workbench-qr-detector,elastic-workbench-qr-detector-1,29,"{'data_quality': 551, 'parallelism': 1}",1.64,-1,37,-1
2025-07-03 16:20:41.633122,elastic-workbench-cv-analyzer,elastic-workbench-cv-analyzer-1,178,"{'data_quality': 224, 'model_size': 2, 'parallelism': 1}",5.36,-1,3,-1
2025-07-03 16:20:41.635950,elastic-workbench-pc-visualizer,elastic-workbench-pc-visualizer-1,20,"{'data_quality': 40, 'model_size': 1, 'parallelism': 1}",1.0,-1,48,-1
2025-07-03 16:20:51.634601,elastic-workbench-qr-detector,elastic-workbench-qr-detector-1,29,"{'data_quality': 551, 'parallelism': 1}",1.64,-1,36,-1
2025-07-03 16:20:51.639108,elastic-workbench-cv-analyzer,elastic-workbench-cv-analyzer-1,145,"{'data_quality': 224, 'model_size': 2, 'parallelism': 1}",5.36,-1,4,-1
2025-07-03 16:20:51.641951,elastic-workbench-pc-visualizer,elastic-workbench-pc-visualizer-1,20,"{'data_quality': 40, 'model_size': 1, 'parallelism': 1}",1.0,-1,47,-1
2025-07-03 16:21:01.637362,elastic-workbench-qr-detector,elastic-workbench-qr-detector-1,29,"{'data_quality': 551, 'parallelism': 1}",1.62,-1,35,-1
2025-07-03 16:21:01.640231,elastic-workbench-cv-analyzer,elastic-workbench-cv-analyzer-1,162,"{'data_quality': 224, 'model_size': 2, 'parallelism': 1}",5.38,-1,4,-1
2025-07-03 16:21:01.642740,elastic-workbench-pc-visualizer,elastic-workbench-pc-visualizer-1,20,"{'data_quality': 40, 'model_size': 1, 'parallelism': 1}",1.0,-1,48,-1
2025-07-03 16:21:11.631748,elastic-workbench-qr-detector,elastic-workbench-qr-detector-1,30,"{'data_quality': 551, 'parallelism': 1}",1.61,-1,33,-1
2025-07-03 16:21:11.634697,elastic-workbench-cv-analyzer,elastic-workbench-cv-analyzer-1,159,"{'data_quality': 224, 'model_size': 2, 'parallelism': 1}",5.39,-1,3,-1
2025-07-03 16:21:11.637428,elastic-workbench-pc-visualizer,elastic-workbench-pc-visualizer-1,19,"{'data_quality': 40, 'model_size': 1, 'parallelism': 1}",1.0,-1,49,-1
2025-07-03 16:21:21.643823,elastic-workbench-qr-detector,elastic-workbench-qr-detector-1,28,"{'data_quality': 551, 'parallelism': 1}",1.58,-1,33,-1
2025-07-03 16:21:21.647585,elastic-workbench-cv-analyzer,elastic-workbench-cv-analyzer-1,440,"{'data_quality': 224, 'model_size': 3, 'parallelism': 1}",5.42,-1,2,-1
2025-07-03 16:21:21.650404,elastic-workbench-pc-visualizer,elastic-workbench-pc-visualizer-1,20,"{'data_quality': 40, 'model_size': 1, 'parallelism': 1}",1.0,-1,48,-1
2025-07-03 16:21:31.634334,elastic-workbench-qr-detector,elastic-workbench-qr-detector-1,29,"{'data_quality': 551, 'parallelism': 1}",1.57,-1,31,-1
2025-07-03 16:21:31.636838,elastic-workbench-cv-analyzer,elastic-workbench-cv-analyzer-1,359,"{'data_quality': 224, 'model_size': 3, 'parallelism': 1}",5.43,-1,2,-1
2025-07-03 16:21:31.639542,elastic-workbench-pc-visualizer,elastic-workbench-pc-visualizer-1,20,"{'data_quality': 40, 'model_size': 1, 'parallelism': 1}",1.0,-1,48,-1
2025-07-03 16:21:41.636354,elastic-workbench-qr-detector,elastic-workbench-qr-detector-1,30,"{'data_quality': 551, 'parallelism': 1}",1.55,-1,29,-1
2025-07-03 16:21:41.639245,elastic-workbench-cv-analyzer,elastic-workbench-cv-analyzer-1,416,"{'data_quality': 224, 'model_size': 3, 'parallelism': 1}",5.45,-1,2,-1
2025-07-03 16:21:41.642124,elastic-workbench-pc-visualizer,elastic-workbench-pc-visualizer-1,21,"{'data_quality': 40, 'model_size': 1, 'parallelism': 1}",1.0,-1,46,-1
2025-07-03 16:21:51.636374,elastic-workbench-qr-detector,elastic-workbench-qr-detector-1,30,"{'data_quality': 551, 'parallelism': 1}",1.52,-1,29,-1
2025-07-03 16:21:51.638987,elastic-workbench-cv-analyzer,elastic-workbench-cv-analyzer-1,430,"{'data_quality': 224, 'model_size': 3, 'parallelism': 1}",5.48,-1,2,-1
2025-07-03 16:21:51.641800,elastic-workbench-pc-visualizer,elastic-workbench-pc-visualizer-1,21,"{'data_quality': 40, 'model_size': 1, 'parallelism': 1}",1.0,-1,47,-1
2025-07-03 16:22:01.634137,elastic-workbench-qr-detector,elastic-workbench-qr-detector-1,31,"{'data_quality': 551, 'parallelism': 1}",1.52,-1,28,-1
2025-07-03 16:22:01.643409,elastic-workbench-cv-analyzer,elastic-workbench-cv-analyzer-1,374,"{'data_quality': 224, 'model_size': 3, 'parallelism': 1}",5.48,-1,2,-1
2025-07-03 16:22:01.646255,elastic-workbench-pc-visualizer,elastic-workbench-pc-visualizer-1,20,"{'data_quality': 40, 'model_size': 1, 'parallelism': 1}",1.0,-1,48,-1
2025-07-03 16:22:11.638250,elastic-workbench-qr-detector,elastic-workbench-qr-detector-1,33,"{'data_quality': 551, 'parallelism': 1}",1.5,-1,28,-1
2025-07-03 16:22:11.643103,elastic-workbench-cv-analyzer,elastic-workbench-cv-analyzer-1,346,"{'data_quality': 224, 'model_size': 3, 'parallelism': 1}",5.5,-1,2,-1
2025-07-03 16:22:11.646206,elastic-workbench-pc-visualizer,elastic-workbench-pc-visualizer-1,21,"{'data_quality': 40, 'model_size': 1, 'parallelism': 1}",1.0,-1,45,-1
2025-07-03 16:22:21.638412,elastic-workbench-qr-detector,elastic-workbench-qr-detector-1,18,"{'data_quality': 551, 'parallelism': 1}",1.49,-1,28,-1
2025-07-03 16:22:21.642075,elastic-workbench-cv-analyzer,elastic-workbench-cv-analyzer-1,482,"{'data_quality': 224, 'model_size': 3, 'parallelism': 1}",5.51,-1,2,-1
2025-07-03 16:22:21.644897,elastic-workbench-pc-visualizer,elastic-workbench-pc-visualizer-1,20,"{'data_quality': 40, 'model_size': 1, 'parallelism': 1}",1.0,-1,48,-1
2025-07-03 16:22:31.637691,elastic-workbench-qr-detector,elastic-workbench-qr-detector-1,17,"{'data_quality': 551, 'parallelism': 1}",1.49,-1,27,-1
2025-07-03 16:22:31.642351,elastic-workbench-cv-analyzer,elastic-workbench-cv-analyzer-1,291,"{'data_quality': 224, 'model_size': 3, 'parallelism': 1}",5.51,-1,2,-1
2025-07-03 16:22:31.644949,elastic-workbench-pc-visualizer,elastic-workbench-pc-visualizer-1,21,"{'data_quality': 40, 'model_size': 1, 'parallelism': 1}",1.0,-1,46,-1
2025-07-03 16:22:41.647059,elastic-workbench-qr-detector,elastic-workbench-qr-detector-1,17,"{'data_quality': 551, 'parallelism': 1}",1.47,-1,27,-1
2025-07-03 16:22:41.653689,elastic-workbench-cv-analyzer,elastic-workbench-cv-analyzer-1,312,"{'data_quality': 224, 'model_size': 3, 'parallelism': 1}",5.53,-1,2,-1
2025-07-03 16:22:41.656203,elastic-workbench-pc-visualizer,elastic-workbench-pc-visualizer-1,21,"{'data_quality': 40, 'model_size': 1, 'parallelism': 1}",1.0,-1,46,-1
2025-07-03 16:22:51.643827,elastic-workbench-qr-detector,elastic-workbench-qr-detector-1,17,"{'data_quality': 551, 'parallelism': 1}",1.47,-1,27,-1
2025-07-03 16:22:51.647426,elastic-workbench-cv-analyzer,elastic-workbench-cv-analyzer-1,399,"{'data_quality': 224, 'model_size': 3, 'parallelism': 1}",5.53,-1,2,-1
2025-07-03 16:22:51.650195,elastic-workbench-pc-visualizer,elastic-workbench-pc-visualizer-1,21,"{'data_quality': 40, 'model_size': 1, 'parallelism': 1}",1.0,-1,46,-1
2025-07-03 16:23:01.643447,elastic-workbench-qr-detector,elastic-workbench-qr-detector-1,17,"{'data_quality': 551, 'parallelism': 1}",1.46,-1,26,-1
2025-07-03 16:23:01.649434,elastic-workbench-cv-analyzer,elastic-workbench-cv-analyzer-1,367,"{'data_quality': 224, 'model_size': 3, 'parallelism': 1}",5.54,-1,2,-1
2025-07-03 16:23:01.652148,elastic-workbench-pc-visualizer,elastic-workbench-pc-visualizer-1,21,"{'data_quality': 40, 'model_size': 1, 'parallelism': 1}",1.0,-1,47,-1
2025-07-03 16:23:11.648326,elastic-workbench-qr-detector,elastic-workbench-qr-detector-1,17,"{'data_quality': 551, 'parallelism': 1}",1.45,-1,25,-1
2025-07-03 16:23:11.652827,elastic-workbench-cv-analyzer,elastic-workbench-cv-analyzer-1,300,"{'data_quality': 224, 'model_size': 3, 'parallelism': 1}",5.55,-1,3,-1
2025-07-03 16:23:11.655351,elastic-workbench-pc-visualizer,elastic-workbench-pc-visualizer-1,19,"{'data_quality': 40, 'model_size': 1, 'parallelism': 1}",1.0,-1,48,-1
2025-07-03 16:23:21.646388,elastic-workbench-qr-detector,elastic-workbench-qr-detector-1,17,"{'data_quality': 551, 'parallelism': 1}",1.43,-1,26,-1
2025-07-03 16:23:21.651548,elastic-workbench-cv-analyzer,elastic-workbench-cv-analyzer-1,359,"{'data_quality': 224, 'model_size': 3, 'parallelism': 1}",5.57,-1,2,-1
2025-07-03 16:23:21.654210,elastic-workbench-pc-visualizer,elastic-workbench-pc-visualizer-1,20,"{'data_quality': 40, 'model_size': 1, 'parallelism': 1}",1.0,-1,48,-1
2025-07-03 16:23:31.647364,elastic-workbench-qr-detector,elastic-workbench-qr-detector-1,17,"{'data_quality': 551, 'parallelism': 1}",1.44,-1,25,-1
2025-07-03 16:23:31.650091,elastic-workbench-cv-analyzer,elastic-workbench-cv-analyzer-1,295,"{'data_quality': 224, 'model_size': 3, 'parallelism': 1}",5.56,-1,2,-1
2025-07-03 16:23:31.653412,elastic-workbench-pc-visualizer,elastic-workbench-pc-visualizer-1,20,"{'data_quality': 40, 'model_size': 1, 'parallelism': 1}",1.0,-1,48,-1
2025-07-03 16:23:41.654655,elastic-workbench-qr-detector,elastic-workbench-qr-detector-1,18,"{'data_quality': 551, 'parallelism': 1}",1.42,-1,25,-1
2025-07-03 16:23:41.659511,elastic-workbench-cv-analyzer,elastic-workbench-cv-analyzer-1,342,"{'data_quality': 224, 'model_size': 3, 'parallelism': 1}",5.55,-1,2,-1
2025-07-03 16:23:41.662260,elastic-workbench-pc-visualizer,elastic-workbench-pc-visualizer-1,19,"{'data_quality': 40, 'model_size': 1, 'parallelism': 1}",1.04,-1,49,-1
2025-07-03 16:23:51.645557,elastic-workbench-qr-detector,elastic-workbench-qr-detector-1,35,"{'data_quality': 621, 'parallelism': 1}",1.78,-1,24,-1
2025-07-03 16:23:51.648201,elastic-workbench-cv-analyzer,elastic-workbench-cv-analyzer-1,342,"{'data_quality': 286, 'model_size': 2, 'parallelism': 1}",5.22,-1,1,-1
2025-07-03 16:23:51.650690,elastic-workbench-pc-visualizer,elastic-workbench-pc-visualizer-1,19,"{'data_quality': 48, 'model_size': 1, 'parallelism': 1}",1.0,-1,49,-1
2025-07-03 16:24:01.649347,elastic-workbench-qr-detector,elastic-workbench-qr-detector-1,34,"{'data_quality': 621, 'parallelism': 1}",1.76,-1,23,-1
2025-07-03 16:24:01.653064,elastic-workbench-cv-analyzer,elastic-workbench-cv-analyzer-1,561,"{'data_quality': 286, 'model_size': 3, 'parallelism': 1}",5.24,-1,1,-1
2025-07-03 16:24:01.656640,elastic-workbench-pc-visualizer,elastic-workbench-pc-visualizer-1,20,"{'data_quality': 48, 'model_size': 1, 'parallelism': 1}",1.0,-1,47,-1
2025-07-03 16:24:11.648452,elastic-workbench-qr-detector,elastic-workbench-qr-detector-1,32,"{'data_quality': 621, 'parallelism': 1}",1.74,-1,22,-1
2025-07-03 16:24:11.651293,elastic-workbench-cv-analyzer,elastic-workbench-cv-analyzer-1,468,"{'data_quality': 286, 'model_size': 3, 'parallelism': 1}",5.26,-1,1,-1
2025-07-03 16:24:11.654104,elastic-workbench-pc-visualizer,elastic-workbench-pc-visualizer-1,20,"{'data_quality': 48, 'model_size': 1, 'parallelism': 1}",1.0,-1,47,-1
2025-07-03 16:24:21.652442,elastic-workbench-qr-detector,elastic-workbench-qr-detector-1,36,"{'data_quality': 621, 'parallelism': 1}",1.72,-1,22,-1
2025-07-03 16:24:21.655169,elastic-workbench-cv-analyzer,elastic-workbench-cv-analyzer-1,496,"{'data_quality': 286, 'model_size': 3, 'parallelism': 1}",5.28,-1,1,-1
2025-07-03 16:24:21.664380,elastic-workbench-pc-visualizer,elastic-workbench-pc-visualizer-1,21,"{'data_quality': 48, 'model_size': 1, 'parallelism': 1}",1.0,-1,45,-1
2025-07-03 16:24:31.650096,elastic-workbench-qr-detector,elastic-workbench-qr-detector-1,34,"{'data_quality': 621, 'parallelism': 1}",1.71,-1,22,-1
2025-07-03 16:24:31.653442,elastic-workbench-cv-analyzer,elastic-workbench-cv-analyzer-1,470,"{'data_quality': 286, 'model_size': 3, 'parallelism': 1}",5.29,-1,0,-1
2025-07-03 16:24:31.656013,elastic-workbench-pc-visualizer,elastic-workbench-pc-visualizer-1,21,"{'data_quality': 48, 'model_size': 1, 'parallelism': 1}",1.0,-1,45,-1
2025-07-03 16:24:41.651513,elastic-workbench-qr-detector,elastic-workbench-qr-detector-1,35,"{'data_quality': 621, 'parallelism': 1}",1.7,-1,22,-1
2025-07-03 16:24:41.655444,elastic-workbench-cv-analyzer,elastic-workbench-cv-analyzer-1,508,"{'data_quality': 286, 'model_size': 3, 'parallelism': 1}",5.3,-1,1,-1
2025-07-03 16:24:41.664432,elastic-workbench-pc-visualizer,elastic-workbench-pc-visualizer-1,21,"{'data_quality': 48, 'model_size': 1, 'parallelism': 1}",1.0,-1,46,-1
2025-07-03 16:24:51.650514,elastic-workbench-qr-detector,elastic-workbench-qr-detector-1,33,"{'data_quality': 621, 'parallelism': 1}",1.69,-1,21,-1
2025-07-03 16:24:51.653387,elastic-workbench-cv-analyzer,elastic-workbench-cv-analyzer-1,682,"{'data_quality': 286, 'model_size': 3, 'parallelism': 1}",5.31,-1,1,-1
2025-07-03 16:24:51.656364,elastic-workbench-pc-visualizer,elastic-workbench-pc-visualizer-1,21,"{'data_quality': 48, 'model_size': 1, 'parallelism': 1}",1.0,-1,46,-1
2025-07-03 16:25:01.652591,elastic-workbench-qr-detector,elastic-workbench-qr-detector-1,34,"{'data_quality': 621, 'parallelism': 1}",1.67,-1,22,-1
2025-07-03 16:25:01.655320,elastic-workbench-cv-analyzer,elastic-workbench-cv-analyzer-1,759,"{'data_quality': 286, 'model_size': 3, 'parallelism': 1}",5.33,-1,1,-1
2025-07-03 16:25:01.658208,elastic-workbench-pc-visualizer,elastic-workbench-pc-visualizer-1,21,"{'data_quality': 48, 'model_size': 1, 'parallelism': 1}",1.0,-1,45,-1
2025-07-03 16:25:11.659179,elastic-workbench-qr-detector,elastic-workbench-qr-detector-1,32,"{'data_quality': 621, 'parallelism': 1}",1.67,-1,21,-1
2025-07-03 16:25:11.664546,elastic-workbench-cv-analyzer,elastic-workbench-cv-analyzer-1,477,"{'data_quality': 286, 'model_size': 3, 'parallelism': 1}",5.33,-1,1,-1
2025-07-03 16:25:11.667614,elastic-workbench-pc-visualizer,elastic-workbench-pc-visualizer-1,21,"{'data_quality': 48, 'model_size': 1, 'parallelism': 1}",1.0,-1,45,-1
2025-07-03 16:25:21.654472,elastic-workbench-qr-detector,elastic-workbench-qr-detector-1,33,"{'data_quality': 621, 'parallelism': 1}",1.65,-1,22,-1
2025-07-03 16:25:21.657368,elastic-workbench-cv-analyzer,elastic-workbench-cv-analyzer-1,606,"{'data_quality': 286, 'model_size': 3, 'parallelism': 1}",5.35,-1,1,-1
2025-07-03 16:25:21.663406,elastic-workbench-pc-visualizer,elastic-workbench-pc-visualizer-1,21,"{'data_quality': 48, 'model_size': 1, 'parallelism': 1}",1.0,-1,46,-1
2025-07-03 16:25:31.654888,elastic-workbench-qr-detector,elastic-workbench-qr-detector-1,35,"{'data_quality': 621, 'parallelism': 1}",1.65,-1,23,-1
2025-07-03 16:25:31.657531,elastic-workbench-cv-analyzer,elastic-workbench-cv-analyzer-1,542,"{'data_quality': 286, 'model_size': 3, 'parallelism': 1}",5.35,-1,1,-1
2025-07-03 16:25:31.660291,elastic-workbench-pc-visualizer,elastic-workbench-pc-visualizer-1,21,"{'data_quality': 48, 'model_size': 1, 'parallelism': 1}",1.0,-1,46,-1
2025-07-03 16:25:41.655617,elastic-workbench-qr-detector,elastic-workbench-qr-detector-1,34,"{'data_quality': 621, 'parallelism': 1}",1.65,-1,22,-1
2025-07-03 16:25:41.658582,elastic-workbench-cv-analyzer,elastic-workbench-cv-analyzer-1,485,"{'data_quality': 286, 'model_size': 3, 'parallelism': 1}",5.35,-1,1,-1
2025-07-03 16:25:41.661243,elastic-workbench-pc-visualizer,elastic-workbench-pc-visualizer-1,21,"{'data_quality': 48, 'model_size': 1, 'parallelism': 1}",1.0,-1,45,-1
2025-07-03 16:25:51.656453,elastic-workbench-qr-detector,elastic-workbench-qr-detector-1,37,"{'data_quality': 621, 'parallelism': 1}",1.63,-1,24,-1
2025-07-03 16:25:51.659331,elastic-workbench-cv-analyzer,elastic-workbench-cv-analyzer-1,403,"{'data_quality': 286, 'model_size': 3, 'parallelism': 1}",5.37,-1,1,-1
2025-07-03 16:25:51.662108,elastic-workbench-pc-visualizer,elastic-workbench-pc-visualizer-1,20,"{'data_quality': 48, 'model_size': 1, 'parallelism': 1}",1.0,-1,48,-1
2025-07-03 16:26:01.661686,elastic-workbench-qr-detector,elastic-workbench-qr-detector-1,35,"{'data_quality': 621, 'parallelism': 1}",1.65,-1,25,-1
2025-07-03 16:26:01.664613,elastic-workbench-cv-analyzer,elastic-workbench-cv-analyzer-1,652,"{'data_quality': 286, 'model_size': 3, 'parallelism': 1}",5.35,-1,1,-1
2025-07-03 16:26:01.667706,elastic-workbench-pc-visualizer,elastic-workbench-pc-visualizer-1,21,"{'data_quality': 48, 'model_size': 1, 'parallelism': 1}",1.0,-1,46,-1
2025-07-03 16:26:11.657330,elastic-workbench-qr-detector,elastic-workbench-qr-detector-1,37,"{'data_quality': 621, 'parallelism': 1}",1.66,-1,23,-1
2025-07-03 16:26:11.660277,elastic-workbench-cv-analyzer,elastic-workbench-cv-analyzer-1,513,"{'data_quality': 286, 'model_size': 3, 'parallelism': 1}",5.34,-1,1,-1
2025-07-03 16:26:11.662869,elastic-workbench-pc-visualizer,elastic-workbench-pc-visualizer-1,21,"{'data_quality': 48, 'model_size': 1, 'parallelism': 1}",1.0,-1,46,-1
2025-07-03 16:26:21.657989,elastic-workbench-qr-detector,elastic-workbench-qr-detector-1,36,"{'data_quality': 621, 'parallelism': 1}",1.63,-1,23,-1
2025-07-03 16:26:21.666433,elastic-workbench-cv-analyzer,elastic-workbench-cv-analyzer-1,680,"{'data_quality': 286, 'model_size': 3, 'parallelism': 1}",5.37,-1,1,-1
2025-07-03 16:26:21.669222,elastic-workbench-pc-visualizer,elastic-workbench-pc-visualizer-1,21,"{'data_quality': 48, 'model_size': 1, 'parallelism': 1}",1.0,-1,45,-1
2025-07-03 16:26:31.658939,elastic-workbench-qr-detector,elastic-workbench-qr-detector-1,36,"{'data_quality': 621, 'parallelism': 1}",1.62,-1,23,-1
2025-07-03 16:26:31.662276,elastic-workbench-cv-analyzer,elastic-workbench-cv-analyzer-1,507,"{'data_quality': 286, 'model_size': 3, 'parallelism': 1}",5.38,-1,1,-1
2025-07-03 16:26:31.665002,elastic-workbench-pc-visualizer,elastic-workbench-pc-visualizer-1,20,"{'data_quality': 48, 'model_size': 1, 'parallelism': 1}",1.0,-1,47,-1
2025-07-03 16:26:41.659206,elastic-workbench-qr-detector,elastic-workbench-qr-detector-1,35,"{'data_quality': 621, 'parallelism': 1}",1.61,-1,22,-1
2025-07-03 16:26:41.662075,elastic-workbench-cv-analyzer,elastic-workbench-cv-analyzer-1,465,"{'data_quality': 286, 'model_size': 3, 'parallelism': 1}",5.39,-1,1,-1
2025-07-03 16:26:41.668589,elastic-workbench-pc-visualizer,elastic-workbench-pc-visualizer-1,19,"{'data_quality': 48, 'model_size': 1, 'parallelism': 1}",1.0,-1,48,-1
2025-07-03 16:26:51.659607,elastic-workbench-qr-detector,elastic-workbench-qr-detector-1,36,"{'data_quality': 621, 'parallelism': 1}",1.59,-1,23,-1
2025-07-03 16:26:51.662476,elastic-workbench-cv-analyzer,elastic-workbench-cv-analyzer-1,640,"{'data_quality': 286, 'model_size': 3, 'parallelism': 1}",5.41,-1,1,-1
2025-07-03 16:26:51.665327,elastic-workbench-pc-visualizer,elastic-workbench-pc-visualizer-1,20,"{'data_quality': 48, 'model_size': 1, 'parallelism': 1}",1.0,-1,47,-1
2025-07-03 16:27:01.659410,elastic-workbench-qr-detector,elastic-workbench-qr-detector-1,34,"{'data_quality': 621, 'parallelism': 1}",1.6,-1,25,-1
2025-07-03 16:27:01.661939,elastic-workbench-cv-analyzer,elastic-workbench-cv-analyzer-1,430,"{'data_quality': 286, 'model_size': 3, 'parallelism': 1}",5.4,-1,1,-1
2025-07-03 16:27:01.664424,elastic-workbench-pc-visualizer,elastic-workbench-pc-visualizer-1,21,"{'data_quality': 48, 'model_size': 1, 'parallelism': 1}",1.0,-1,46,-1
2025-07-03 16:27:11.660460,elastic-workbench-qr-detector,elastic-workbench-qr-detector-1,33,"{'data_quality': 621, 'parallelism': 1}",1.63,-1,24,-1
2025-07-03 16:27:11.663499,elastic-workbench-cv-analyzer,elastic-workbench-cv-analyzer-1,481,"{'data_quality': 286, 'model_size': 3, 'parallelism': 1}",5.37,-1,1,-1
2025-07-03 16:27:11.667475,elastic-workbench-pc-visualizer,elastic-workbench-pc-visualizer-1,21,"{'data_quality': 48, 'model_size': 1, 'parallelism': 1}",1.0,-1,45,-1
2025-07-03 16:27:21.660766,elastic-workbench-qr-detector,elastic-workbench-qr-detector-1,37,"{'data_quality': 621, 'parallelism': 1}",1.59,-1,24,-1
2025-07-03 16:27:21.663675,elastic-workbench-cv-analyzer,elastic-workbench-cv-analyzer-1,709,"{'data_quality': 286, 'model_size': 3, 'parallelism': 1}",5.41,-1,1,-1
2025-07-03 16:27:21.666219,elastic-workbench-pc-visualizer,elastic-workbench-pc-visualizer-1,20,"{'data_quality': 48, 'model_size': 1, 'parallelism': 1}",1.0,-1,47,-1
2025-07-03 16:27:31.661511,elastic-workbench-qr-detector,elastic-workbench-qr-detector-1,35,"{'data_quality': 621, 'parallelism': 1}",1.59,-1,24,-1
2025-07-03 16:27:31.664430,elastic-workbench-cv-analyzer,elastic-workbench-cv-analyzer-1,577,"{'data_quality': 286, 'model_size': 3, 'parallelism': 1}",5.41,-1,1,-1
2025-07-03 16:27:31.667244,elastic-workbench-pc-visualizer,elastic-workbench-pc-visualizer-1,20,"{'data_quality': 48, 'model_size': 1, 'parallelism': 1}",1.0,-1,47,-1
2025-07-03 16:27:41.663058,elastic-workbench-qr-detector,elastic-workbench-qr-detector-1,37,"{'data_quality': 621, 'parallelism': 1}",1.58,-1,24,-1
2025-07-03 16:27:41.667101,elastic-workbench-cv-analyzer,elastic-workbench-cv-analyzer-1,444,"{'data_quality': 286, 'model_size': 3, 'parallelism': 1}",5.42,-1,1,-1
2025-07-03 16:27:41.677299,elastic-workbench-pc-visualizer,elastic-workbench-pc-visualizer-1,21,"{'data_quality': 48, 'model_size': 1, 'parallelism': 1}",1.0,-1,46,-1
2025-07-03 16:27:51.662998,elastic-workbench-qr-detector,elastic-workbench-qr-detector-1,38,"{'data_quality': 621, 'parallelism': 1}",1.57,-1,23,-1
2025-07-03 16:27:51.665606,elastic-workbench-cv-analyzer,elastic-workbench-cv-analyzer-1,693,"{'data_quality': 286, 'model_size': 3, 'parallelism': 1}",5.42,-1,1,-1
2025-07-03 16:27:51.668443,elastic-workbench-pc-visualizer,elastic-workbench-pc-visualizer-1,21,"{'data_quality': 48, 'model_size': 1, 'parallelism': 1}",1.0,-1,46,-1
2025-07-03 16:28:01.663896,elastic-workbench-qr-detector,elastic-workbench-qr-detector-1,38,"{'data_quality': 621, 'parallelism': 1}",1.56,-1,22,-1
2025-07-03 16:28:01.666808,elastic-workbench-cv-analyzer,elastic-workbench-cv-analyzer-1,438,"{'data_quality': 286, 'model_size': 3, 'parallelism': 1}",5.44,-1,1,-1
2025-07-03 16:28:01.669388,elastic-workbench-pc-visualizer,elastic-workbench-pc-visualizer-1,21,"{'data_quality': 48, 'model_size': 1, 'parallelism': 1}",1.01,-1,46,-1
2025-07-03 16:28:11.668339,elastic-workbench-qr-detector,elastic-workbench-qr-detector-1,40,"{'data_quality': 621, 'parallelism': 1}",1.54,-1,22,-1
2025-07-03 16:28:11.672602,elastic-workbench-cv-analyzer,elastic-workbench-cv-analyzer-1,748,"{'data_quality': 286, 'model_size': 3, 'parallelism': 1}",5.45,-1,1,-1
2025-07-03 16:28:11.675533,elastic-workbench-pc-visualizer,elastic-workbench-pc-visualizer-1,21,"{'data_quality': 48, 'model_size': 1, 'parallelism': 1}",1.01,-1,46,-1
2025-07-03 16:28:21.665096,elastic-workbench-qr-detector,elastic-workbench-qr-detector-1,42,"{'data_quality': 621, 'parallelism': 1}",1.53,-1,23,-1
2025-07-03 16:28:21.668225,elastic-workbench-cv-analyzer,elastic-workbench-cv-analyzer-1,656,"{'data_quality': 286, 'model_size': 3, 'parallelism': 1}",5.45,-1,1,-1
2025-07-03 16:28:21.670948,elastic-workbench-pc-visualizer,elastic-workbench-pc-visualizer-1,21,"{'data_quality': 48, 'model_size': 1, 'parallelism': 1}",1.01,-1,46,-1
2025-07-03 16:28:31.665549,elastic-workbench-qr-detector,elastic-workbench-qr-detector-1,38,"{'data_quality': 621, 'parallelism': 1}",1.54,-1,25,-1
2025-07-03 16:28:31.668846,elastic-workbench-cv-analyzer,elastic-workbench-cv-analyzer-1,643,"{'data_quality': 286, 'model_size': 3, 'parallelism': 1}",5.46,-1,1,-1
2025-07-03 16:28:31.672441,elastic-workbench-pc-visualizer,elastic-workbench-pc-visualizer-1,20,"{'data_quality': 48, 'model_size': 1, 'parallelism': 1}",1.0,-1,47,-1
2025-07-03 16:28:41.672212,elastic-workbench-qr-detector,elastic-workbench-qr-detector-1,38,"{'data_quality': 621, 'parallelism': 1}",1.59,-1,25,-1
2025-07-03 16:28:41.676578,elastic-workbench-cv-analyzer,elastic-workbench-cv-analyzer-1,547,"{'data_quality': 286, 'model_size': 3, 'parallelism': 1}",5.41,-1,1,-1
2025-07-03 16:28:41.679126,elastic-workbench-pc-visualizer,elastic-workbench-pc-visualizer-1,20,"{'data_quality': 48, 'model_size': 1, 'parallelism': 1}",1.0,-1,47,-1
2025-07-03 16:28:51.666614,elastic-workbench-qr-detector,elastic-workbench-qr-detector-1,37,"{'data_quality': 621, 'parallelism': 1}",1.55,-1,27,-1
2025-07-03 16:28:51.669546,elastic-workbench-cv-analyzer,elastic-workbench-cv-analyzer-1,335,"{'data_quality': 286, 'model_size': 2, 'parallelism': 1}",5.45,-1,2,-1
2025-07-03 16:28:51.672410,elastic-workbench-pc-visualizer,elastic-workbench-pc-visualizer-1,20,"{'data_quality': 48, 'model_size': 1, 'parallelism': 1}",1.0,-1,48,-1
2025-07-03 16:29:01.667219,elastic-workbench-qr-detector,elastic-workbench-qr-detector-1,37,"{'data_quality': 621, 'parallelism': 1}",1.57,-1,27,-1
2025-07-03 16:29:01.670074,elastic-workbench-cv-analyzer,elastic-workbench-cv-analyzer-1,258,"{'data_quality': 286, 'model_size': 2, 'parallelism': 1}",5.43,-1,2,-1
2025-07-03 16:29:01.672569,elastic-workbench-pc-visualizer,elastic-workbench-pc-visualizer-1,20,"{'data_quality': 48, 'model_size': 1, 'parallelism': 1}",1.0,-1,48,-1
2025-07-03 16:29:11.668389,elastic-workbench-qr-detector,elastic-workbench-qr-detector-1,34,"{'data_quality': 621, 'parallelism': 1}",1.57,-1,25,-1
2025-07-03 16:29:11.670928,elastic-workbench-cv-analyzer,elastic-workbench-cv-analyzer-1,201,"{'data_quality': 286, 'model_size': 2, 'parallelism': 1}",5.43,-1,3,-1
2025-07-03 16:29:11.673663,elastic-workbench-pc-visualizer,elastic-workbench-pc-visualizer-1,20,"{'data_quality': 48, 'model_size': 1, 'parallelism': 1}",1.0,-1,47,-1
2025-07-03 16:29:21.669323,elastic-workbench-qr-detector,elastic-workbench-qr-detector-1,38,"{'data_quality': 621, 'parallelism': 1}",1.54,-1,24,-1
2025-07-03 16:29:21.672166,elastic-workbench-cv-analyzer,elastic-workbench-cv-analyzer-1,149,"{'data_quality': 286, 'model_size': 2, 'parallelism': 1}",5.46,-1,2,-1
2025-07-03 16:29:21.675184,elastic-workbench-pc-visualizer,elastic-workbench-pc-visualizer-1,20,"{'data_quality': 48, 'model_size': 1, 'parallelism': 1}",1.0,-1,48,-1
2025-07-03 16:29:31.669705,elastic-workbench-qr-detector,elastic-workbench-qr-detector-1,37,"{'data_quality': 621, 'parallelism': 1}",1.52,-1,25,-1
2025-07-03 16:29:31.672649,elastic-workbench-cv-analyzer,elastic-workbench-cv-analyzer-1,599,"{'data_quality': 286, 'model_size': 3, 'parallelism': 1}",5.46,-1,1,-1
2025-07-03 16:29:31.675222,elastic-workbench-pc-visualizer,elastic-workbench-pc-visualizer-1,20,"{'data_quality': 48, 'model_size': 1, 'parallelism': 1}",1.02,-1,47,-1
2025-07-03 16:29:41.670674,elastic-workbench-qr-detector,elastic-workbench-qr-detector-1,35,"{'data_quality': 621, 'parallelism': 1}",1.54,-1,26,-1
2025-07-03 16:29:41.673659,elastic-workbench-cv-analyzer,elastic-workbench-cv-analyzer-1,589,"{'data_quality': 286, 'model_size': 3, 'parallelism': 1}",5.44,-1,1,-1
2025-07-03 16:29:41.676234,elastic-workbench-pc-visualizer,elastic-workbench-pc-visualizer-1,20,"{'data_quality': 48, 'model_size': 1, 'parallelism': 1}",1.02,-1,48,-1
2025-07-03 16:29:51.671456,elastic-workbench-qr-detector,elastic-workbench-qr-detector-1,41,"{'data_quality': 621, 'parallelism': 1}",1.53,-1,26,-1
2025-07-03 16:29:51.674363,elastic-workbench-cv-analyzer,elastic-workbench-cv-analyzer-1,723,"{'data_quality': 286, 'model_size': 3, 'parallelism': 1}",5.47,-1,1,-1
2025-07-03 16:29:51.680289,elastic-workbench-pc-visualizer,elastic-workbench-pc-visualizer-1,21,"{'data_quality': 48, 'model_size': 1, 'parallelism': 1}",1.0,-1,45,-1
2025-07-03 16:30:01.671858,elastic-workbench-qr-detector,elastic-workbench-qr-detector-1,40,"{'data_quality': 621, 'parallelism': 1}",1.53,-1,28,-1
2025-07-03 16:30:01.674764,elastic-workbench-cv-analyzer,elastic-workbench-cv-analyzer-1,234,"{'data_quality': 286, 'model_size': 2, 'parallelism': 1}",5.47,-1,3,-1
2025-07-03 16:30:01.677343,elastic-workbench-pc-visualizer,elastic-workbench-pc-visualizer-1,19,"{'data_quality': 48, 'model_size': 1, 'parallelism': 1}",1.0,-1,49,-1
2025-07-03 16:30:11.672217,elastic-workbench-qr-detector,elastic-workbench-qr-detector-1,37,"{'data_quality': 621, 'parallelism': 1}",1.55,-1,28,-1
2025-07-03 16:30:11.675046,elastic-workbench-cv-analyzer,elastic-workbench-cv-analyzer-1,232,"{'data_quality': 286, 'model_size': 2, 'parallelism': 1}",5.45,-1,3,-1
2025-07-03 16:30:11.680489,elastic-workbench-pc-visualizer,elastic-workbench-pc-visualizer-1,20,"{'data_quality': 48, 'model_size': 1, 'parallelism': 1}",1.0,-1,48,-1
2025-07-03 16:30:21.678399,elastic-workbench-qr-detector,elastic-workbench-qr-detector-1,43,"{'data_quality': 621, 'parallelism': 1}",1.55,-1,28,-1
2025-07-03 16:30:21.681388,elastic-workbench-cv-analyzer,elastic-workbench-cv-analyzer-1,271,"{'data_quality': 286, 'model_size': 2, 'parallelism': 1}",5.45,-1,2,-1
2025-07-03 16:30:21.683974,elastic-workbench-pc-visualizer,elastic-workbench-pc-visualizer-1,20,"{'data_quality': 48, 'model_size': 1, 'parallelism': 1}",1.0,-1,48,-1
2025-07-03 16:30:31.673236,elastic-workbench-qr-detector,elastic-workbench-qr-detector-1,40,"{'data_quality': 621, 'parallelism': 1}",1.54,-1,28,-1
2025-07-03 16:30:31.675810,elastic-workbench-cv-analyzer,elastic-workbench-cv-analyzer-1,281,"{'data_quality': 286, 'model_size': 2, 'parallelism': 1}",5.46,-1,2,-1
2025-07-03 16:30:31.678227,elastic-workbench-pc-visualizer,elastic-workbench-pc-visualizer-1,20,"{'data_quality': 48, 'model_size': 1, 'parallelism': 1}",1.0,-1,48,-1
2025-07-03 16:30:41.674880,elastic-workbench-qr-detector,elastic-workbench-qr-detector-1,42,"{'data_quality': 621, 'parallelism': 1}",1.54,-1,29,-1
2025-07-03 16:30:41.678572,elastic-workbench-cv-analyzer,elastic-workbench-cv-analyzer-1,214,"{'data_quality': 286, 'model_size': 2, 'parallelism': 1}",5.46,-1,3,-1
2025-07-03 16:30:41.681285,elastic-workbench-pc-visualizer,elastic-workbench-pc-visualizer-1,21,"{'data_quality': 48, 'model_size': 1, 'parallelism': 1}",1.0,-1,47,-1
2025-07-03 16:30:51.675412,elastic-workbench-qr-detector,elastic-workbench-qr-detector-1,37,"{'data_quality': 621, 'parallelism': 1}",1.55,-1,29,-1
2025-07-03 16:30:51.686314,elastic-workbench-cv-analyzer,elastic-workbench-cv-analyzer-1,263,"{'data_quality': 286, 'model_size': 2, 'parallelism': 1}",5.45,-1,2,-1
2025-07-03 16:30:51.690083,elastic-workbench-pc-visualizer,elastic-workbench-pc-visualizer-1,20,"{'data_quality': 48, 'model_size': 1, 'parallelism': 1}",1.0,-1,48,-1
2025-07-03 16:31:01.676101,elastic-workbench-qr-detector,elastic-workbench-qr-detector-1,40,"{'data_quality': 621, 'parallelism': 1}",1.54,-1,29,-1
2025-07-03 16:31:01.679152,elastic-workbench-cv-analyzer,elastic-workbench-cv-analyzer-1,295,"{'data_quality': 286, 'model_size': 2, 'parallelism': 1}",5.46,-1,2,-1
2025-07-03 16:31:01.681759,elastic-workbench-pc-visualizer,elastic-workbench-pc-visualizer-1,20,"{'data_quality': 48, 'model_size': 1, 'parallelism': 1}",1.0,-1,47,-1
2025-07-03 16:31:11.676981,elastic-workbench-qr-detector,elastic-workbench-qr-detector-1,40,"{'data_quality': 621, 'parallelism': 1}",1.54,-1,30,-1
2025-07-03 16:31:11.679837,elastic-workbench-cv-analyzer,elastic-workbench-cv-analyzer-1,269,"{'data_quality': 286, 'model_size': 2, 'parallelism': 1}",5.46,-1,2,-1
2025-07-03 16:31:11.682427,elastic-workbench-pc-visualizer,elastic-workbench-pc-visualizer-1,20,"{'data_quality': 48, 'model_size': 1, 'parallelism': 1}",1.0,-1,48,-1
2025-07-03 16:31:21.677786,elastic-workbench-qr-detector,elastic-workbench-qr-detector-1,37,"{'data_quality': 621, 'parallelism': 1}",1.55,-1,31,-1
2025-07-03 16:31:21.680711,elastic-workbench-cv-analyzer,elastic-workbench-cv-analyzer-1,224,"{'data_quality': 286, 'model_size': 2, 'parallelism': 1}",5.45,-1,3,-1
2025-07-03 16:31:21.683486,elastic-workbench-pc-visualizer,elastic-workbench-pc-visualizer-1,20,"{'data_quality': 48, 'model_size': 1, 'parallelism': 1}",1.0,-1,49,-1
2025-07-03 16:31:31.677983,elastic-workbench-qr-detector,elastic-workbench-qr-detector-1,39,"{'data_quality': 621, 'parallelism': 1}",1.56,-1,33,-1
2025-07-03 16:31:31.680798,elastic-workbench-cv-analyzer,elastic-workbench-cv-analyzer-1,232,"{'data_quality': 286, 'model_size': 2, 'parallelism': 1}",5.44,-1,3,-1
2025-07-03 16:31:31.683337,elastic-workbench-pc-visualizer,elastic-workbench-pc-visualizer-1,20,"{'data_quality': 48, 'model_size': 1, 'parallelism': 1}",1.0,-1,47,-1
2025-07-03 16:31:41.678742,elastic-workbench-qr-detector,elastic-workbench-qr-detector-1,36,"{'data_quality': 621, 'parallelism': 1}",1.58,-1,33,-1
2025-07-03 16:31:41.688664,elastic-workbench-cv-analyzer,elastic-workbench-cv-analyzer-1,206,"{'data_quality': 286, 'model_size': 2, 'parallelism': 1}",5.42,-1,3,-1
2025-07-03 16:31:41.694756,elastic-workbench-pc-visualizer,elastic-workbench-pc-visualizer-1,19,"{'data_quality': 48, 'model_size': 1, 'parallelism': 1}",1.0,-1,49,-1
2025-07-03 16:31:51.679333,elastic-workbench-qr-detector,elastic-workbench-qr-detector-1,40,"{'data_quality': 621, 'parallelism': 1}",1.58,-1,33,-1
2025-07-03 16:31:51.682246,elastic-workbench-cv-analyzer,elastic-workbench-cv-analyzer-1,272,"{'data_quality': 286, 'model_size': 2, 'parallelism': 1}",5.42,-1,3,-1
2025-07-03 16:31:51.684788,elastic-workbench-pc-visualizer,elastic-workbench-pc-visualizer-1,21,"{'data_quality': 48, 'model_size': 1, 'parallelism': 1}",1.0,-1,45,-1
2025-07-03 16:32:01.681657,elastic-workbench-qr-detector,elastic-workbench-qr-detector-1,39,"{'data_quality': 621, 'parallelism': 1}",1.58,-1,32,-1
2025-07-03 16:32:01.684637,elastic-workbench-cv-analyzer,elastic-workbench-cv-analyzer-1,241,"{'data_quality': 286, 'model_size': 2, 'parallelism': 1}",5.42,-1,3,-1
2025-07-03 16:32:01.687274,elastic-workbench-pc-visualizer,elastic-workbench-pc-visualizer-1,20,"{'data_quality': 48, 'model_size': 1, 'parallelism': 1}",1.0,-1,47,-1
2025-07-03 16:32:11.680898,elastic-workbench-qr-detector,elastic-workbench-qr-detector-1,39,"{'data_quality': 621, 'parallelism': 1}",1.56,-1,31,-1
2025-07-03 16:32:11.684129,elastic-workbench-cv-analyzer,elastic-workbench-cv-analyzer-1,308,"{'data_quality': 286, 'model_size': 2, 'parallelism': 1}",5.44,-1,2,-1
2025-07-03 16:32:11.693140,elastic-workbench-pc-visualizer,elastic-workbench-pc-visualizer-1,20,"{'data_quality': 48, 'model_size': 1, 'parallelism': 1}",1.0,-1,48,-1
2025-07-03 16:32:21.681369,elastic-workbench-qr-detector,elastic-workbench-qr-detector-1,42,"{'data_quality': 621, 'parallelism': 1}",1.54,-1,32,-1
2025-07-03 16:32:21.684411,elastic-workbench-cv-analyzer,elastic-workbench-cv-analyzer-1,249,"{'data_quality': 286, 'model_size': 2, 'parallelism': 1}",5.46,-1,3,-1
2025-07-03 16:32:21.686955,elastic-workbench-pc-visualizer,elastic-workbench-pc-visualizer-1,21,"{'data_quality': 48, 'model_size': 1, 'parallelism': 1}",1.0,-1,46,-1
2025-07-03 16:32:31.681771,elastic-workbench-qr-detector,elastic-workbench-qr-detector-1,41,"{'data_quality': 621, 'parallelism': 1}",1.55,-1,32,-1
2025-07-03 16:32:31.684373,elastic-workbench-cv-analyzer,elastic-workbench-cv-analyzer-1,346,"{'data_quality': 286, 'model_size': 2, 'parallelism': 1}",5.45,-1,2,-1
2025-07-03 16:32:31.686849,elastic-workbench-pc-visualizer,elastic-workbench-pc-visualizer-1,20,"{'data_quality': 48, 'model_size': 1, 'parallelism': 1}",1.0,-1,48,-1
2025-07-03 16:32:41.682027,elastic-workbench-qr-detector,elastic-workbench-qr-detector-1,39,"{'data_quality': 621, 'parallelism': 1}",1.55,-1,33,-1
2025-07-03 16:32:41.684974,elastic-workbench-cv-analyzer,elastic-workbench-cv-analyzer-1,256,"{'data_quality': 286, 'model_size': 2, 'parallelism': 1}",5.45,-1,2,-1
2025-07-03 16:32:41.692140,elastic-workbench-pc-visualizer,elastic-workbench-pc-visualizer-1,21,"{'data_quality': 48, 'model_size': 1, 'parallelism': 1}",1.0,-1,46,-1
2025-07-03 16:32:51.683278,elastic-workbench-qr-detector,elastic-workbench-qr-detector-1,39,"{'data_quality': 621, 'parallelism': 1}",1.56,-1,32,-1
2025-07-03 16:32:51.686302,elastic-workbench-cv-analyzer,elastic-workbench-cv-analyzer-1,359,"{'data_quality': 286, 'model_size': 2, 'parallelism': 1}",5.44,-1,2,-1
2025-07-03 16:32:51.688892,elastic-workbench-pc-visualizer,elastic-workbench-pc-visualizer-1,21,"{'data_quality': 48, 'model_size': 1, 'parallelism': 1}",1.0,-1,46,-1
2025-07-03 16:33:01.683953,elastic-workbench-qr-detector,elastic-workbench-qr-detector-1,39,"{'data_quality': 621, 'parallelism': 1}",1.55,-1,31,-1
2025-07-03 16:33:01.686849,elastic-workbench-cv-analyzer,elastic-workbench-cv-analyzer-1,241,"{'data_quality': 286, 'model_size': 2, 'parallelism': 1}",5.45,-1,3,-1
2025-07-03 16:33:01.689443,elastic-workbench-pc-visualizer,elastic-workbench-pc-visualizer-1,21,"{'data_quality': 48, 'model_size': 1, 'parallelism': 1}",1.0,-1,45,-1
2025-07-03 16:33:11.685008,elastic-workbench-qr-detector,elastic-workbench-qr-detector-1,40,"{'data_quality': 621, 'parallelism': 1}",1.53,-1,34,-1
2025-07-03 16:33:11.688141,elastic-workbench-cv-analyzer,elastic-workbench-cv-analyzer-1,328,"{'data_quality': 286, 'model_size': 2, 'parallelism': 1}",5.47,-1,2,-1
2025-07-03 16:33:11.690697,elastic-workbench-pc-visualizer,elastic-workbench-pc-visualizer-1,21,"{'data_quality': 48, 'model_size': 1, 'parallelism': 1}",1.0,-1,47,-1
2025-07-03 16:33:21.691335,elastic-workbench-qr-detector,elastic-workbench-qr-detector-1,42,"{'data_quality': 621, 'parallelism': 1}",1.57,-1,37,-1
2025-07-03 16:33:21.694234,elastic-workbench-cv-analyzer,elastic-workbench-cv-analyzer-1,312,"{'data_quality': 286, 'model_size': 2, 'parallelism': 1}",5.43,-1,2,-1
2025-07-03 16:33:21.697023,elastic-workbench-pc-visualizer,elastic-workbench-pc-visualizer-1,21,"{'data_quality': 48, 'model_size': 1, 'parallelism': 1}",1.0,-1,45,-1
2025-07-03 16:33:31.686018,elastic-workbench-qr-detector,elastic-workbench-qr-detector-1,37,"{'data_quality': 621, 'parallelism': 1}",1.61,-1,39,-1
2025-07-03 16:33:31.688940,elastic-workbench-cv-analyzer,elastic-workbench-cv-analyzer-1,251,"{'data_quality': 286, 'model_size': 2, 'parallelism': 1}",5.39,-1,3,-1
2025-07-03 16:33:31.691513,elastic-workbench-pc-visualizer,elastic-workbench-pc-visualizer-1,21,"{'data_quality': 48, 'model_size': 1, 'parallelism': 1}",1.0,-1,45,-1
2025-07-03 16:33:41.686597,elastic-workbench-qr-detector,elastic-workbench-qr-detector-1,38,"{'data_quality': 621, 'parallelism': 1}",1.63,-1,40,-1
2025-07-03 16:33:41.689584,elastic-workbench-cv-analyzer,elastic-workbench-cv-analyzer-1,370,"{'data_quality': 286, 'model_size': 2, 'parallelism': 1}",5.37,-1,2,-1
2025-07-03 16:33:41.692215,elastic-workbench-pc-visualizer,elastic-workbench-pc-visualizer-1,21,"{'data_quality': 48, 'model_size': 1, 'parallelism': 1}",1.0,-1,45,-1
2025-07-03 16:33:51.687282,elastic-workbench-qr-detector,elastic-workbench-qr-detector-1,37,"{'data_quality': 621, 'parallelism': 1}",1.64,-1,42,-1
2025-07-03 16:33:51.689943,elastic-workbench-cv-analyzer,elastic-workbench-cv-analyzer-1,290,"{'data_quality': 286, 'model_size': 2, 'parallelism': 1}",5.36,-1,3,-1
2025-07-03 16:33:51.692510,elastic-workbench-pc-visualizer,elastic-workbench-pc-visualizer-1,21,"{'data_quality': 48, 'model_size': 1, 'parallelism': 1}",1.0,-1,46,-1
2025-07-03 16:34:01.687324,elastic-workbench-qr-detector,elastic-workbench-qr-detector-1,36,"{'data_quality': 621, 'parallelism': 1}",1.67,-1,41,-1
2025-07-03 16:34:01.690245,elastic-workbench-cv-analyzer,elastic-workbench-cv-analyzer-1,321,"{'data_quality': 286, 'model_size': 2, 'parallelism': 1}",5.33,-1,2,-1
2025-07-03 16:34:01.692799,elastic-workbench-pc-visualizer,elastic-workbench-pc-visualizer-1,21,"{'data_quality': 48, 'model_size': 1, 'parallelism': 1}",1.0,-1,45,-1
2025-07-03 16:34:11.688142,elastic-workbench-qr-detector,elastic-workbench-qr-detector-1,37,"{'data_quality': 621, 'parallelism': 1}",1.65,-1,41,-1
2025-07-03 16:34:11.691038,elastic-workbench-cv-analyzer,elastic-workbench-cv-analyzer-1,342,"{'data_quality': 286, 'model_size': 2, 'parallelism': 1}",5.35,-1,2,-1
2025-07-03 16:34:11.693739,elastic-workbench-pc-visualizer,elastic-workbench-pc-visualizer-1,21,"{'data_quality': 48, 'model_size': 1, 'parallelism': 1}",1.0,-1,46,-1
2025-07-03 16:34:21.688910,elastic-workbench-qr-detector,elastic-workbench-qr-detector-1,36,"{'data_quality': 621, 'parallelism': 1}",1.65,-1,40,-1
2025-07-03 16:34:21.692155,elastic-workbench-cv-analyzer,elastic-workbench-cv-analyzer-1,317,"{'data_quality': 286, 'model_size': 2, 'parallelism': 1}",5.35,-1,2,-1
2025-07-03 16:34:21.699081,elastic-workbench-pc-visualizer,elastic-workbench-pc-visualizer-1,21,"{'data_quality': 48, 'model_size': 1, 'parallelism': 1}",1.0,-1,46,-1
2025-07-03 16:34:31.689977,elastic-workbench-qr-detector,elastic-workbench-qr-detector-1,39,"{'data_quality': 621, 'parallelism': 1}",1.64,-1,39,-1
2025-07-03 16:34:31.692901,elastic-workbench-cv-analyzer,elastic-workbench-cv-analyzer-1,328,"{'data_quality': 286, 'model_size': 2, 'parallelism': 1}",5.36,-1,2,-1
2025-07-03 16:34:31.695493,elastic-workbench-pc-visualizer,elastic-workbench-pc-visualizer-1,21,"{'data_quality': 48, 'model_size': 1, 'parallelism': 1}",1.0,-1,46,-1
2025-07-03 16:34:41.690033,elastic-workbench-qr-detector,elastic-workbench-qr-detector-1,37,"{'data_quality': 621, 'parallelism': 1}",1.62,-1,38,-1
2025-07-03 16:34:41.692606,elastic-workbench-cv-analyzer,elastic-workbench-cv-analyzer-1,291,"{'data_quality': 286, 'model_size': 2, 'parallelism': 1}",5.38,-1,3,-1
2025-07-03 16:34:41.695421,elastic-workbench-pc-visualizer,elastic-workbench-pc-visualizer-1,21,"{'data_quality': 48, 'model_size': 1, 'parallelism': 1}",1.0,-1,45,-1
2025-07-03 16:34:51.696136,elastic-workbench-qr-detector,elastic-workbench-qr-detector-1,41,"{'data_quality': 621, 'parallelism': 1}",1.6,-1,36,-1
2025-07-03 16:34:51.699159,elastic-workbench-cv-analyzer,elastic-workbench-cv-analyzer-1,377,"{'data_quality': 286, 'model_size': 2, 'parallelism': 1}",5.4,-1,2,-1
2025-07-03 16:34:51.701698,elastic-workbench-pc-visualizer,elastic-workbench-pc-visualizer-1,21,"{'data_quality': 48, 'model_size': 1, 'parallelism': 1}",1.0,-1,46,-1
2025-07-03 16:35:01.691785,elastic-workbench-qr-detector,elastic-workbench-qr-detector-1,40,"{'data_quality': 621, 'parallelism': 1}",1.58,-1,35,-1
2025-07-03 16:35:01.694671,elastic-workbench-cv-analyzer,elastic-workbench-cv-analyzer-1,289,"{'data_quality': 286, 'model_size': 2, 'parallelism': 1}",5.42,-1,3,-1
2025-07-03 16:35:01.697252,elastic-workbench-pc-visualizer,elastic-workbench-pc-visualizer-1,21,"{'data_quality': 48, 'model_size': 1, 'parallelism': 1}",1.0,-1,46,-1
2025-07-03 16:35:11.692643,elastic-workbench-qr-detector,elastic-workbench-qr-detector-1,40,"{'data_quality': 621, 'parallelism': 1}",1.56,-1,34,-1
2025-07-03 16:35:11.695647,elastic-workbench-cv-analyzer,elastic-workbench-cv-analyzer-1,252,"{'data_quality': 286, 'model_size': 2, 'parallelism': 1}",5.44,-1,3,-1
2025-07-03 16:35:11.698240,elastic-workbench-pc-visualizer,elastic-workbench-pc-visualizer-1,21,"{'data_quality': 48, 'model_size': 1, 'parallelism': 1}",1.0,-1,46,-1
2025-07-03 16:35:21.693223,elastic-workbench-qr-detector,elastic-workbench-qr-detector-1,40,"{'data_quality': 621, 'parallelism': 1}",1.54,-1,34,-1
2025-07-03 16:35:21.695871,elastic-workbench-cv-analyzer,elastic-workbench-cv-analyzer-1,271,"{'data_quality': 286, 'model_size': 2, 'parallelism': 1}",5.46,-1,3,-1
2025-07-03 16:35:21.698494,elastic-workbench-pc-visualizer,elastic-workbench-pc-visualizer-1,20,"{'data_quality': 48, 'model_size': 1, 'parallelism': 1}",1.0,-1,49,-1
2025-07-03 16:35:31.693747,elastic-workbench-qr-detector,elastic-workbench-qr-detector-1,39,"{'data_quality': 621, 'parallelism': 1}",1.54,-1,33,-1
2025-07-03 16:35:31.696344,elastic-workbench-cv-analyzer,elastic-workbench-cv-analyzer-1,272,"{'data_quality': 286, 'model_size': 2, 'parallelism': 1}",5.46,-1,3,-1
2025-07-03 16:35:31.699163,elastic-workbench-pc-visualizer,elastic-workbench-pc-visualizer-1,21,"{'data_quality': 48, 'model_size': 1, 'parallelism': 1}",1.0,-1,46,-1
2025-07-03 16:35:41.694283,elastic-workbench-qr-detector,elastic-workbench-qr-detector-1,40,"{'data_quality': 621, 'parallelism': 1}",1.53,-1,32,-1
2025-07-03 16:35:41.697105,elastic-workbench-cv-analyzer,elastic-workbench-cv-analyzer-1,261,"{'data_quality': 286, 'model_size': 2, 'parallelism': 1}",5.47,-1,2,-1
2025-07-03 16:35:41.699896,elastic-workbench-pc-visualizer,elastic-workbench-pc-visualizer-1,20,"{'data_quality': 48, 'model_size': 1, 'parallelism': 1}",1.0,-1,47,-1
2025-07-03 16:35:51.694661,elastic-workbench-qr-detector,elastic-workbench-qr-detector-1,38,"{'data_quality': 621, 'parallelism': 1}",1.51,-1,30,-1
2025-07-03 16:35:51.701723,elastic-workbench-cv-analyzer,elastic-workbench-cv-analyzer-1,298,"{'data_quality': 286, 'model_size': 2, 'parallelism': 1}",5.49,-1,2,-1
2025-07-03 16:35:51.705526,elastic-workbench-pc-visualizer,elastic-workbench-pc-visualizer-1,19,"{'data_quality': 48, 'model_size': 1, 'parallelism': 1}",1.0,-1,48,-1
2025-07-03 16:36:01.695376,elastic-workbench-qr-detector,elastic-workbench-qr-detector-1,21,"{'data_quality': 621, 'parallelism': 1}",1.48,-1,28,-1
2025-07-03 16:36:01.698118,elastic-workbench-cv-analyzer,elastic-workbench-cv-analyzer-1,247,"{'data_quality': 286, 'model_size': 2, 'parallelism': 1}",5.52,-1,3,-1
2025-07-03 16:36:01.700915,elastic-workbench-pc-visualizer,elastic-workbench-pc-visualizer-1,19,"{'data_quality': 48, 'model_size': 1, 'parallelism': 1}",1.0,-1,49,-1
2025-07-03 16:36:11.696173,elastic-workbench-qr-detector,elastic-workbench-qr-detector-1,22,"{'data_quality': 621, 'parallelism': 1}",1.45,-1,27,-1
2025-07-03 16:36:11.699343,elastic-workbench-cv-analyzer,elastic-workbench-cv-analyzer-1,267,"{'data_quality': 286, 'model_size': 2, 'parallelism': 1}",5.55,-1,2,-1
2025-07-03 16:36:11.702538,elastic-workbench-pc-visualizer,elastic-workbench-pc-visualizer-1,21,"{'data_quality': 48, 'model_size': 1, 'parallelism': 1}",1.0,-1,46,-1
2025-07-03 16:36:21.696036,elastic-workbench-qr-detector,elastic-workbench-qr-detector-1,22,"{'data_quality': 621, 'parallelism': 1}",1.43,-1,28,-1
2025-07-03 16:36:21.699097,elastic-workbench-cv-analyzer,elastic-workbench-cv-analyzer-1,256,"{'data_quality': 286, 'model_size': 2, 'parallelism': 1}",5.57,-1,3,-1
2025-07-03 16:36:21.706435,elastic-workbench-pc-visualizer,elastic-workbench-pc-visualizer-1,21,"{'data_quality': 48, 'model_size': 1, 'parallelism': 1}",1.0,-1,46,-1
2025-07-03 16:36:31.696729,elastic-workbench-qr-detector,elastic-workbench-qr-detector-1,22,"{'data_quality': 621, 'parallelism': 1}",1.45,-1,28,-1
2025-07-03 16:36:31.700305,elastic-workbench-cv-analyzer,elastic-workbench-cv-analyzer-1,260,"{'data_quality': 286, 'model_size': 2, 'parallelism': 1}",5.55,-1,3,-1
2025-07-03 16:36:31.703119,elastic-workbench-pc-visualizer,elastic-workbench-pc-visualizer-1,19,"{'data_quality': 48, 'model_size': 1, 'parallelism': 1}",1.0,-1,50,-1
2025-07-03 16:36:41.698047,elastic-workbench-qr-detector,elastic-workbench-qr-detector-1,22,"{'data_quality': 621, 'parallelism': 1}",1.44,-1,28,-1
2025-07-03 16:36:41.700935,elastic-workbench-cv-analyzer,elastic-workbench-cv-analyzer-1,309,"{'data_quality': 286, 'model_size': 2, 'parallelism': 1}",5.56,-1,2,-1
2025-07-03 16:36:41.703465,elastic-workbench-pc-visualizer,elastic-workbench-pc-visualizer-1,21,"{'data_quality': 48, 'model_size': 1, 'parallelism': 1}",1.0,-1,47,-1
2025-07-03 16:36:51.697834,elastic-workbench-qr-detector,elastic-workbench-qr-detector-1,22,"{'data_quality': 621, 'parallelism': 1}",1.44,-1,28,-1
2025-07-03 16:36:51.700763,elastic-workbench-cv-analyzer,elastic-workbench-cv-analyzer-1,258,"{'data_quality': 286, 'model_size': 2, 'parallelism': 1}",5.56,-1,3,-1
2025-07-03 16:36:51.703364,elastic-workbench-pc-visualizer,elastic-workbench-pc-visualizer-1,20,"{'data_quality': 48, 'model_size': 1, 'parallelism': 1}",1.0,-1,49,-1
2025-07-03 16:37:01.698288,elastic-workbench-qr-detector,elastic-workbench-qr-detector-1,22,"{'data_quality': 621, 'parallelism': 1}",1.44,-1,28,-1
2025-07-03 16:37:01.701217,elastic-workbench-cv-analyzer,elastic-workbench-cv-analyzer-1,244,"{'data_quality': 286, 'model_size': 2, 'parallelism': 1}",5.56,-1,3,-1
2025-07-03 16:37:01.703783,elastic-workbench-pc-visualizer,elastic-workbench-pc-visualizer-1,20,"{'data_quality': 48, 'model_size': 1, 'parallelism': 1}",1.0,-1,48,-1
2025-07-03 16:37:11.699068,elastic-workbench-qr-detector,elastic-workbench-qr-detector-1,22,"{'data_quality': 621, 'parallelism': 1}",1.43,-1,28,-1
2025-07-03 16:37:11.702252,elastic-workbench-cv-analyzer,elastic-workbench-cv-analyzer-1,243,"{'data_quality': 286, 'model_size': 2, 'parallelism': 1}",5.57,-1,3,-1
2025-07-03 16:37:11.704845,elastic-workbench-pc-visualizer,elastic-workbench-pc-visualizer-1,19,"{'data_quality': 48, 'model_size': 1, 'parallelism': 1}",1.0,-1,49,-1
2025-07-03 16:37:21.699196,elastic-workbench-qr-detector,elastic-workbench-qr-detector-1,23,"{'data_quality': 621, 'parallelism': 1}",1.43,-1,28,-1
2025-07-03 16:37:21.702123,elastic-workbench-cv-analyzer,elastic-workbench-cv-analyzer-1,346,"{'data_quality': 286, 'model_size': 2, 'parallelism': 1}",5.57,-1,2,-1
2025-07-03 16:37:21.704677,elastic-workbench-pc-visualizer,elastic-workbench-pc-visualizer-1,21,"{'data_quality': 48, 'model_size': 1, 'parallelism': 1}",1.0,-1,46,-1
2025-07-03 16:37:31.705763,elastic-workbench-qr-detector,elastic-workbench-qr-detector-1,23,"{'data_quality': 621, 'parallelism': 1}",1.43,-1,27,-1
2025-07-03 16:37:31.709873,elastic-workbench-cv-analyzer,elastic-workbench-cv-analyzer-1,239,"{'data_quality': 286, 'model_size': 2, 'parallelism': 1}",5.57,-1,2,-1
2025-07-03 16:37:31.712621,elastic-workbench-pc-visualizer,elastic-workbench-pc-visualizer-1,21,"{'data_quality': 48, 'model_size': 1, 'parallelism': 1}",1.0,-1,46,-1
2025-07-03 16:37:41.700267,elastic-workbench-qr-detector,elastic-workbench-qr-detector-1,22,"{'data_quality': 621, 'parallelism': 1}",1.41,-1,27,-1
2025-07-03 16:37:41.703132,elastic-workbench-cv-analyzer,elastic-workbench-cv-analyzer-1,271,"{'data_quality': 286, 'model_size': 2, 'parallelism': 1}",5.59,-1,2,-1
2025-07-03 16:37:41.705928,elastic-workbench-pc-visualizer,elastic-workbench-pc-visualizer-1,21,"{'data_quality': 48, 'model_size': 1, 'parallelism': 1}",1.0,-1,46,-1
2025-07-03 16:37:51.710139,elastic-workbench-qr-detector,elastic-workbench-qr-detector-1,22,"{'data_quality': 621, 'parallelism': 1}",1.41,-1,27,-1
2025-07-03 16:37:51.712865,elastic-workbench-cv-analyzer,elastic-workbench-cv-analyzer-1,265,"{'data_quality': 286, 'model_size': 2, 'parallelism': 1}",5.59,-1,2,-1
2025-07-03 16:37:51.719203,elastic-workbench-pc-visualizer,elastic-workbench-pc-visualizer-1,20,"{'data_quality': 48, 'model_size': 1, 'parallelism': 1}",1.0,-1,48,-1
2025-07-03 16:38:01.703713,elastic-workbench-qr-detector,elastic-workbench-qr-detector-1,22,"{'data_quality': 621, 'parallelism': 1}",1.41,-1,27,-1
2025-07-03 16:38:01.707800,elastic-workbench-cv-analyzer,elastic-workbench-cv-analyzer-1,257,"{'data_quality': 286, 'model_size': 2, 'parallelism': 1}",5.59,-1,3,-1
2025-07-03 16:38:01.710727,elastic-workbench-pc-visualizer,elastic-workbench-pc-visualizer-1,20,"{'data_quality': 48, 'model_size': 1, 'parallelism': 1}",1.0,-1,48,-1
2025-07-03 16:38:11.704674,elastic-workbench-qr-detector,elastic-workbench-qr-detector-1,23,"{'data_quality': 621, 'parallelism': 1}",1.4,-1,28,-1
2025-07-03 16:38:11.707623,elastic-workbench-cv-analyzer,elastic-workbench-cv-analyzer-1,232,"{'data_quality': 286, 'model_size': 2, 'parallelism': 1}",5.6,-1,3,-1
2025-07-03 16:38:11.710399,elastic-workbench-pc-visualizer,elastic-workbench-pc-visualizer-1,20,"{'data_quality': 48, 'model_size': 1, 'parallelism': 1}",1.0,-1,48,-1
2025-07-03 16:38:21.705323,elastic-workbench-qr-detector,elastic-workbench-qr-detector-1,23,"{'data_quality': 621, 'parallelism': 1}",1.42,-1,28,-1
2025-07-03 16:38:21.707856,elastic-workbench-cv-analyzer,elastic-workbench-cv-analyzer-1,216,"{'data_quality': 286, 'model_size': 2, 'parallelism': 1}",5.58,-1,2,-1
2025-07-03 16:38:21.710716,elastic-workbench-pc-visualizer,elastic-workbench-pc-visualizer-1,20,"{'data_quality': 48, 'model_size': 1, 'parallelism': 1}",1.0,-1,48,-1
2025-07-03 16:38:31.706258,elastic-workbench-qr-detector,elastic-workbench-qr-detector-1,22,"{'data_quality': 621, 'parallelism': 1}",1.41,-1,27,-1
2025-07-03 16:38:31.710724,elastic-workbench-cv-analyzer,elastic-workbench-cv-analyzer-1,251,"{'data_quality': 286, 'model_size': 2, 'parallelism': 1}",5.59,-1,3,-1
2025-07-03 16:38:31.719748,elastic-workbench-pc-visualizer,elastic-workbench-pc-visualizer-1,20,"{'data_quality': 48, 'model_size': 1, 'parallelism': 1}",1.0,-1,48,-1
2025-07-03 16:38:41.706812,elastic-workbench-qr-detector,elastic-workbench-qr-detector-1,23,"{'data_quality': 621, 'parallelism': 1}",1.4,-1,27,-1
2025-07-03 16:38:41.709630,elastic-workbench-cv-analyzer,elastic-workbench-cv-analyzer-1,188,"{'data_quality': 286, 'model_size': 2, 'parallelism': 1}",5.6,-1,3,-1
2025-07-03 16:38:41.712206,elastic-workbench-pc-visualizer,elastic-workbench-pc-visualizer-1,20,"{'data_quality': 48, 'model_size': 1, 'parallelism': 1}",1.0,-1,48,-1
2025-07-03 16:38:51.707770,elastic-workbench-qr-detector,elastic-workbench-qr-detector-1,22,"{'data_quality': 621, 'parallelism': 1}",1.39,-1,27,-1
2025-07-03 16:38:51.710803,elastic-workbench-cv-analyzer,elastic-workbench-cv-analyzer-1,227,"{'data_quality': 286, 'model_size': 2, 'parallelism': 1}",5.61,-1,2,-1
2025-07-03 16:38:51.716365,elastic-workbench-pc-visualizer,elastic-workbench-pc-visualizer-1,21,"{'data_quality': 48, 'model_size': 1, 'parallelism': 1}",1.0,-1,46,-1
2025-07-03 16:39:01.709364,elastic-workbench-qr-detector,elastic-workbench-qr-detector-1,23,"{'data_quality': 621, 'parallelism': 1}",1.39,-1,27,-1
2025-07-03 16:39:01.721296,elastic-workbench-cv-analyzer,elastic-workbench-cv-analyzer-1,208,"{'data_quality': 286, 'model_size': 2, 'parallelism': 1}",5.61,-1,3,-1
2025-07-03 16:39:01.728675,elastic-workbench-pc-visualizer,elastic-workbench-pc-visualizer-1,20,"{'data_quality': 48, 'model_size': 1, 'parallelism': 1}",1.0,-1,48,-1
2025-07-03 16:39:11.709780,elastic-workbench-qr-detector,elastic-workbench-qr-detector-1,23,"{'data_quality': 621, 'parallelism': 1}",1.39,-1,26,-1
2025-07-03 16:39:11.712349,elastic-workbench-cv-analyzer,elastic-workbench-cv-analyzer-1,168,"{'data_quality': 286, 'model_size': 2, 'parallelism': 1}",5.61,-1,3,-1
2025-07-03 16:39:11.723397,elastic-workbench-pc-visualizer,elastic-workbench-pc-visualizer-1,21,"{'data_quality': 48, 'model_size': 1, 'parallelism': 1}",1.0,-1,47,-1
2025-07-03 16:39:21.710624,elastic-workbench-qr-detector,elastic-workbench-qr-detector-1,22,"{'data_quality': 621, 'parallelism': 1}",1.37,-1,26,-1
2025-07-03 16:39:21.721322,elastic-workbench-cv-analyzer,elastic-workbench-cv-analyzer-1,309,"{'data_quality': 286, 'model_size': 2, 'parallelism': 1}",5.63,-1,2,-1
2025-07-03 16:39:21.729832,elastic-workbench-pc-visualizer,elastic-workbench-pc-visualizer-1,21,"{'data_quality': 48, 'model_size': 1, 'parallelism': 1}",1.0,-1,47,-1
2025-07-03 16:39:31.712076,elastic-workbench-qr-detector,elastic-workbench-qr-detector-1,22,"{'data_quality': 621, 'parallelism': 1}",1.37,-1,27,-1
2025-07-03 16:39:31.719092,elastic-workbench-cv-analyzer,elastic-workbench-cv-analyzer-1,218,"{'data_quality': 286, 'model_size': 2, 'parallelism': 1}",5.63,-1,3,-1
2025-07-03 16:39:31.725994,elastic-workbench-pc-visualizer,elastic-workbench-pc-visualizer-1,20,"{'data_quality': 48, 'model_size': 1, 'parallelism': 1}",1.0,-1,48,-1
2025-07-03 16:39:41.712109,elastic-workbench-qr-detector,elastic-workbench-qr-detector-1,24,"{'data_quality': 621, 'parallelism': 1}",1.38,-1,29,-1
2025-07-03 16:39:41.720268,elastic-workbench-cv-analyzer,elastic-workbench-cv-analyzer-1,284,"{'data_quality': 286, 'model_size': 2, 'parallelism': 1}",5.62,-1,2,-1
2025-07-03 16:39:41.726787,elastic-workbench-pc-visualizer,elastic-workbench-pc-visualizer-1,21,"{'data_quality': 48, 'model_size': 1, 'parallelism': 1}",1.0,-1,46,-1
2025-07-03 16:39:51.712500,elastic-workbench-qr-detector,elastic-workbench-qr-detector-1,23,"{'data_quality': 621, 'parallelism': 1}",1.41,-1,30,-1
2025-07-03 16:39:51.715931,elastic-workbench-cv-analyzer,elastic-workbench-cv-analyzer-1,326,"{'data_quality': 286, 'model_size': 2, 'parallelism': 1}",5.59,-1,2,-1
2025-07-03 16:39:51.727537,elastic-workbench-pc-visualizer,elastic-workbench-pc-visualizer-1,20,"{'data_quality': 48, 'model_size': 1, 'parallelism': 1}",1.0,-1,48,-1
2025-07-03 16:40:01.713516,elastic-workbench-qr-detector,elastic-workbench-qr-detector-1,22,"{'data_quality': 621, 'parallelism': 1}",1.42,-1,31,-1
2025-07-03 16:40:01.727780,elastic-workbench-cv-analyzer,elastic-workbench-cv-analyzer-1,223,"{'data_quality': 286, 'model_size': 2, 'parallelism': 1}",5.58,-1,3,-1
2025-07-03 16:40:01.730954,elastic-workbench-pc-visualizer,elastic-workbench-pc-visualizer-1,20,"{'data_quality': 48, 'model_size': 1, 'parallelism': 1}",1.0,-1,47,-1
2025-07-03 16:40:11.717608,elastic-workbench-qr-detector,elastic-workbench-qr-detector-1,22,"{'data_quality': 621, 'parallelism': 1}",1.43,-1,31,-1
2025-07-03 16:40:11.723944,elastic-workbench-cv-analyzer,elastic-workbench-cv-analyzer-1,251,"{'data_quality': 286, 'model_size': 2, 'parallelism': 1}",5.57,-1,2,-1
2025-07-03 16:40:11.726360,elastic-workbench-pc-visualizer,elastic-workbench-pc-visualizer-1,20,"{'data_quality': 48, 'model_size': 1, 'parallelism': 1}",1.0,-1,47,-1
2025-07-03 16:40:21.724323,elastic-workbench-qr-detector,elastic-workbench-qr-detector-1,23,"{'data_quality': 621, 'parallelism': 1}",1.43,-1,31,-1
2025-07-03 16:40:21.729877,elastic-workbench-cv-analyzer,elastic-workbench-cv-analyzer-1,291,"{'data_quality': 286, 'model_size': 2, 'parallelism': 1}",5.57,-1,2,-1
2025-07-03 16:40:21.732637,elastic-workbench-pc-visualizer,elastic-workbench-pc-visualizer-1,21,"{'data_quality': 48, 'model_size': 1, 'parallelism': 1}",1.0,-1,45,-1
2025-07-03 16:40:31.721295,elastic-workbench-qr-detector,elastic-workbench-qr-detector-1,22,"{'data_quality': 621, 'parallelism': 1}",1.43,-1,33,-1
2025-07-03 16:40:31.726226,elastic-workbench-cv-analyzer,elastic-workbench-cv-analyzer-1,239,"{'data_quality': 286, 'model_size': 2, 'parallelism': 1}",5.57,-1,3,-1
2025-07-03 16:40:31.728723,elastic-workbench-pc-visualizer,elastic-workbench-pc-visualizer-1,20,"{'data_quality': 48, 'model_size': 1, 'parallelism': 1}",1.0,-1,47,-1
2025-07-03 16:40:41.732323,elastic-workbench-qr-detector,elastic-workbench-qr-detector-1,21,"{'data_quality': 621, 'parallelism': 1}",1.46,-1,33,-1
2025-07-03 16:40:41.740764,elastic-workbench-cv-analyzer,elastic-workbench-cv-analyzer-1,284,"{'data_quality': 286, 'model_size': 2, 'parallelism': 1}",5.54,-1,2,-1
2025-07-03 16:40:41.747550,elastic-workbench-pc-visualizer,elastic-workbench-pc-visualizer-1,21,"{'data_quality': 48, 'model_size': 1, 'parallelism': 1}",1.0,-1,46,-1
2025-07-03 16:40:51.722033,elastic-workbench-qr-detector,elastic-workbench-qr-detector-1,22,"{'data_quality': 621, 'parallelism': 1}",1.45,-1,34,-1
2025-07-03 16:40:51.727632,elastic-workbench-cv-analyzer,elastic-workbench-cv-analyzer-1,246,"{'data_quality': 286, 'model_size': 2, 'parallelism': 1}",5.55,-1,2,-1
2025-07-03 16:40:51.731349,elastic-workbench-pc-visualizer,elastic-workbench-pc-visualizer-1,21,"{'data_quality': 48, 'model_size': 1, 'parallelism': 1}",1.0,-1,47,-1
2025-07-03 16:41:01.722749,elastic-workbench-qr-detector,elastic-workbench-qr-detector-1,21,"{'data_quality': 621, 'parallelism': 1}",1.47,-1,36,-1
2025-07-03 16:41:01.725559,elastic-workbench-cv-analyzer,elastic-workbench-cv-analyzer-1,252,"{'data_quality': 286, 'model_size': 2, 'parallelism': 1}",5.53,-1,3,-1
2025-07-03 16:41:01.728121,elastic-workbench-pc-visualizer,elastic-workbench-pc-visualizer-1,20,"{'data_quality': 48, 'model_size': 1, 'parallelism': 1}",1.0,-1,47,-1
2025-07-03 16:41:11.726521,elastic-workbench-qr-detector,elastic-workbench-qr-detector-1,44,"{'data_quality': 621, 'parallelism': 1}",1.5,-1,37,-1
2025-07-03 16:41:11.729349,elastic-workbench-cv-analyzer,elastic-workbench-cv-analyzer-1,282,"{'data_quality': 286, 'model_size': 2, 'parallelism': 1}",5.5,-1,3,-1
2025-07-03 16:41:11.738567,elastic-workbench-pc-visualizer,elastic-workbench-pc-visualizer-1,21,"{'data_quality': 48, 'model_size': 1, 'parallelism': 1}",1.0,-1,45,-1
2025-07-03 16:41:21.726449,elastic-workbench-qr-detector,elastic-workbench-qr-detector-1,43,"{'data_quality': 621, 'parallelism': 1}",1.51,-1,38,-1
2025-07-03 16:41:21.729190,elastic-workbench-cv-analyzer,elastic-workbench-cv-analyzer-1,268,"{'data_quality': 286, 'model_size': 2, 'parallelism': 1}",5.49,-1,2,-1
2025-07-03 16:41:21.731771,elastic-workbench-pc-visualizer,elastic-workbench-pc-visualizer-1,21,"{'data_quality': 48, 'model_size': 1, 'parallelism': 1}",1.0,-1,45,-1
2025-07-03 16:41:31.728045,elastic-workbench-qr-detector,elastic-workbench-qr-detector-1,42,"{'data_quality': 621, 'parallelism': 1}",1.52,-1,38,-1
2025-07-03 16:41:31.733568,elastic-workbench-cv-analyzer,elastic-workbench-cv-analyzer-1,316,"{'data_quality': 286, 'model_size': 2, 'parallelism': 1}",5.48,-1,3,-1
2025-07-03 16:41:31.735951,elastic-workbench-pc-visualizer,elastic-workbench-pc-visualizer-1,20,"{'data_quality': 48, 'model_size': 1, 'parallelism': 1}",1.0,-1,48,-1
2025-07-03 16:41:41.729299,elastic-workbench-qr-detector,elastic-workbench-qr-detector-1,40,"{'data_quality': 621, 'parallelism': 1}",1.52,-1,37,-1
2025-07-03 16:41:41.732760,elastic-workbench-cv-analyzer,elastic-workbench-cv-analyzer-1,402,"{'data_quality': 286, 'model_size': 2, 'parallelism': 1}",5.48,-1,2,-1
2025-07-03 16:41:41.735371,elastic-workbench-pc-visualizer,elastic-workbench-pc-visualizer-1,20,"{'data_quality': 48, 'model_size': 1, 'parallelism': 1}",1.0,-1,47,-1
2025-07-03 16:41:51.730341,elastic-workbench-qr-detector,elastic-workbench-qr-detector-1,42,"{'data_quality': 621, 'parallelism': 1}",1.51,-1,37,-1
2025-07-03 16:41:51.745025,elastic-workbench-cv-analyzer,elastic-workbench-cv-analyzer-1,277,"{'data_quality': 286, 'model_size': 2, 'parallelism': 1}",5.49,-1,3,-1
2025-07-03 16:41:51.749129,elastic-workbench-pc-visualizer,elastic-workbench-pc-visualizer-1,21,"{'data_quality': 48, 'model_size': 1, 'parallelism': 1}",1.0,-1,46,-1
2025-07-03 16:42:01.728851,elastic-workbench-qr-detector,elastic-workbench-qr-detector-1,41,"{'data_quality': 621, 'parallelism': 1}",1.51,-1,37,-1
2025-07-03 16:42:01.731718,elastic-workbench-cv-analyzer,elastic-workbench-cv-analyzer-1,254,"{'data_quality': 286, 'model_size': 2, 'parallelism': 1}",5.49,-1,3,-1
2025-07-03 16:42:01.734216,elastic-workbench-pc-visualizer,elastic-workbench-pc-visualizer-1,22,"{'data_quality': 48, 'model_size': 1, 'parallelism': 1}",1.0,-1,45,-1
2025-07-03 16:42:11.731627,elastic-workbench-qr-detector,elastic-workbench-qr-detector-1,41,"{'data_quality': 621, 'parallelism': 1}",1.5,-1,36,-1
2025-07-03 16:42:11.739534,elastic-workbench-cv-analyzer,elastic-workbench-cv-analyzer-1,289,"{'data_quality': 286, 'model_size': 2, 'parallelism': 1}",5.5,-1,3,-1
2025-07-03 16:42:11.742756,elastic-workbench-pc-visualizer,elastic-workbench-pc-visualizer-1,21,"{'data_quality': 48, 'model_size': 1, 'parallelism': 1}",1.0,-1,45,-1
2025-07-03 16:42:21.736009,elastic-workbench-qr-detector,elastic-workbench-qr-detector-1,21,"{'data_quality': 621, 'parallelism': 1}",1.49,-1,36,-1
2025-07-03 16:42:21.738845,elastic-workbench-cv-analyzer,elastic-workbench-cv-analyzer-1,234,"{'data_quality': 286, 'model_size': 2, 'parallelism': 1}",5.51,-1,3,-1
2025-07-03 16:42:21.741490,elastic-workbench-pc-visualizer,elastic-workbench-pc-visualizer-1,21,"{'data_quality': 48, 'model_size': 1, 'parallelism': 1}",1.0,-1,45,-1
2025-07-03 16:42:31.732531,elastic-workbench-qr-detector,elastic-workbench-qr-detector-1,22,"{'data_quality': 621, 'parallelism': 1}",1.49,-1,36,-1
2025-07-03 16:42:31.745352,elastic-workbench-cv-analyzer,elastic-workbench-cv-analyzer-1,262,"{'data_quality': 286, 'model_size': 2, 'parallelism': 1}",5.51,-1,3,-1
2025-07-03 16:42:31.753052,elastic-workbench-pc-visualizer,elastic-workbench-pc-visualizer-1,21,"{'data_quality': 48, 'model_size': 1, 'parallelism': 1}",1.0,-1,45,-1
2025-07-03 16:42:41.738245,elastic-workbench-qr-detector,elastic-workbench-qr-detector-1,22,"{'data_quality': 621, 'parallelism': 1}",1.49,-1,39,-1
2025-07-03 16:42:41.743805,elastic-workbench-cv-analyzer,elastic-workbench-cv-analyzer-1,265,"{'data_quality': 286, 'model_size': 2, 'parallelism': 1}",5.51,-1,3,-1
2025-07-03 16:42:41.746364,elastic-workbench-pc-visualizer,elastic-workbench-pc-visualizer-1,21,"{'data_quality': 48, 'model_size': 1, 'parallelism': 1}",1.0,-1,46,-1
2025-07-03 16:42:51.737059,elastic-workbench-qr-detector,elastic-workbench-qr-detector-1,42,"{'data_quality': 621, 'parallelism': 1}",1.53,-1,39,-1
2025-07-03 16:42:51.739630,elastic-workbench-cv-analyzer,elastic-workbench-cv-analyzer-1,235,"{'data_quality': 286, 'model_size': 2, 'parallelism': 1}",5.47,-1,3,-1
2025-07-03 16:42:51.742752,elastic-workbench-pc-visualizer,elastic-workbench-pc-visualizer-1,21,"{'data_quality': 48, 'model_size': 1, 'parallelism': 1}",1.0,-1,45,-1
2025-07-03 16:43:01.739844,elastic-workbench-qr-detector,elastic-workbench-qr-detector-1,41,"{'data_quality': 621, 'parallelism': 1}",1.53,-1,40,-1
2025-07-03 16:43:01.744536,elastic-workbench-cv-analyzer,elastic-workbench-cv-analyzer-1,329,"{'data_quality': 286, 'model_size': 2, 'parallelism': 1}",5.47,-1,2,-1
2025-07-03 16:43:01.752792,elastic-workbench-pc-visualizer,elastic-workbench-pc-visualizer-1,21,"{'data_quality': 48, 'model_size': 1, 'parallelism': 1}",1.0,-1,46,-1
2025-07-03 16:43:11.740748,elastic-workbench-qr-detector,elastic-workbench-qr-detector-1,41,"{'data_quality': 621, 'parallelism': 1}",1.55,-1,40,-1
2025-07-03 16:43:11.745785,elastic-workbench-cv-analyzer,elastic-workbench-cv-analyzer-1,276,"{'data_quality': 286, 'model_size': 2, 'parallelism': 1}",5.45,-1,3,-1
2025-07-03 16:43:11.748525,elastic-workbench-pc-visualizer,elastic-workbench-pc-visualizer-1,21,"{'data_quality': 48, 'model_size': 1, 'parallelism': 1}",1.0,-1,45,-1
2025-07-03 16:43:21.737472,elastic-workbench-qr-detector,elastic-workbench-qr-detector-1,44,"{'data_quality': 621, 'parallelism': 1}",1.54,-1,41,-1
2025-07-03 16:43:21.740420,elastic-workbench-cv-analyzer,elastic-workbench-cv-analyzer-1,286,"{'data_quality': 286, 'model_size': 2, 'parallelism': 1}",5.46,-1,2,-1
2025-07-03 16:43:21.743053,elastic-workbench-pc-visualizer,elastic-workbench-pc-visualizer-1,22,"{'data_quality': 48, 'model_size': 1, 'parallelism': 1}",1.0,-1,45,-1
2025-07-03 16:43:31.739295,elastic-workbench-qr-detector,elastic-workbench-qr-detector-1,42,"{'data_quality': 621, 'parallelism': 1}",1.56,-1,41,-1
2025-07-03 16:43:31.745104,elastic-workbench-cv-analyzer,elastic-workbench-cv-analyzer-1,297,"{'data_quality': 286, 'model_size': 2, 'parallelism': 1}",5.44,-1,3,-1
2025-07-03 16:43:31.749510,elastic-workbench-pc-visualizer,elastic-workbench-pc-visualizer-1,22,"{'data_quality': 48, 'model_size': 1, 'parallelism': 1}",1.0,-1,44,-1
2025-07-03 16:43:41.743750,elastic-workbench-qr-detector,elastic-workbench-qr-detector-1,43,"{'data_quality': 621, 'parallelism': 1}",1.56,-1,42,-1
2025-07-03 16:43:41.749813,elastic-workbench-cv-analyzer,elastic-workbench-cv-analyzer-1,273,"{'data_quality': 286, 'model_size': 2, 'parallelism': 1}",5.44,-1,3,-1
2025-07-03 16:43:41.752659,elastic-workbench-pc-visualizer,elastic-workbench-pc-visualizer-1,20,"{'data_quality': 48, 'model_size': 1, 'parallelism': 1}",1.0,-1,47,-1
2025-07-03 16:43:51.749574,elastic-workbench-qr-detector,elastic-workbench-qr-detector-1,42,"{'data_quality': 621, 'parallelism': 1}",1.57,-1,43,-1
2025-07-03 16:43:51.753022,elastic-workbench-cv-analyzer,elastic-workbench-cv-analyzer-1,361,"{'data_quality': 286, 'model_size': 2, 'parallelism': 1}",5.43,-1,2,-1
2025-07-03 16:43:51.757115,elastic-workbench-pc-visualizer,elastic-workbench-pc-visualizer-1,21,"{'data_quality': 48, 'model_size': 1, 'parallelism': 1}",1.0,-1,45,-1
2025-07-03 16:44:01.750047,elastic-workbench-qr-detector,elastic-workbench-qr-detector-1,40,"{'data_quality': 621, 'parallelism': 1}",1.59,-1,43,-1
2025-07-03 16:44:01.752795,elastic-workbench-cv-analyzer,elastic-workbench-cv-analyzer-1,339,"{'data_quality': 286, 'model_size': 2, 'parallelism': 1}",5.41,-1,2,-1
2025-07-03 16:44:01.755556,elastic-workbench-pc-visualizer,elastic-workbench-pc-visualizer-1,20,"{'data_quality': 48, 'model_size': 1, 'parallelism': 1}",1.0,-1,47,-1
2025-07-03 16:44:11.744564,elastic-workbench-qr-detector,elastic-workbench-qr-detector-1,39,"{'data_quality': 621, 'parallelism': 1}",1.59,-1,46,-1
2025-07-03 16:44:11.747058,elastic-workbench-cv-analyzer,elastic-workbench-cv-analyzer-1,277,"{'data_quality': 286, 'model_size': 2, 'parallelism': 1}",5.41,-1,3,-1
2025-07-03 16:44:11.749352,elastic-workbench-pc-visualizer,elastic-workbench-pc-visualizer-1,21,"{'data_quality': 48, 'model_size': 1, 'parallelism': 1}",1.0,-1,45,-1
2025-07-03 16:44:21.741213,elastic-workbench-qr-detector,elastic-workbench-qr-detector-1,38,"{'data_quality': 621, 'parallelism': 1}",1.63,-1,48,-1
2025-07-03 16:44:21.747604,elastic-workbench-cv-analyzer,elastic-workbench-cv-analyzer-1,289,"{'data_quality': 286, 'model_size': 2, 'parallelism': 1}",5.37,-1,3,-1
2025-07-03 16:44:21.750174,elastic-workbench-pc-visualizer,elastic-workbench-pc-visualizer-1,21,"{'data_quality': 48, 'model_size': 1, 'parallelism': 1}",1.0,-1,45,-1
2025-07-03 16:44:31.739850,elastic-workbench-qr-detector,elastic-workbench-qr-detector-1,40,"{'data_quality': 621, 'parallelism': 1}",1.67,-1,47,-1
2025-07-03 16:44:31.744502,elastic-workbench-cv-analyzer,elastic-workbench-cv-analyzer-1,441,"{'data_quality': 286, 'model_size': 2, 'parallelism': 1}",5.33,-1,1,-1
2025-07-03 16:44:31.747743,elastic-workbench-pc-visualizer,elastic-workbench-pc-visualizer-1,21,"{'data_quality': 48, 'model_size': 1, 'parallelism': 1}",1.0,-1,46,-1
2025-07-03 16:44:41.742602,elastic-workbench-qr-detector,elastic-workbench-qr-detector-1,40,"{'data_quality': 621, 'parallelism': 1}",1.71,-1,48,-1
2025-07-03 16:44:41.745444,elastic-workbench-cv-analyzer,elastic-workbench-cv-analyzer-1,310,"{'data_quality': 286, 'model_size': 2, 'parallelism': 1}",5.29,-1,2,-1
2025-07-03 16:44:41.751160,elastic-workbench-pc-visualizer,elastic-workbench-pc-visualizer-1,21,"{'data_quality': 48, 'model_size': 1, 'parallelism': 1}",1.0,-1,45,-1
2025-07-03 16:44:51.741633,elastic-workbench-qr-detector,elastic-workbench-qr-detector-1,39,"{'data_quality': 621, 'parallelism': 1}",1.75,-1,50,-1
2025-07-03 16:44:51.747292,elastic-workbench-cv-analyzer,elastic-workbench-cv-analyzer-1,288,"{'data_quality': 286, 'model_size': 2, 'parallelism': 1}",5.25,-1,3,-1
2025-07-03 16:44:51.751504,elastic-workbench-pc-visualizer,elastic-workbench-pc-visualizer-1,21,"{'data_quality': 48, 'model_size': 1, 'parallelism': 1}",1.0,-1,45,-1
2025-07-03 16:45:01.748065,elastic-workbench-qr-detector,elastic-workbench-qr-detector-1,39,"{'data_quality': 621, 'parallelism': 1}",1.75,-1,50,-1
2025-07-03 16:45:01.754489,elastic-workbench-cv-analyzer,elastic-workbench-cv-analyzer-1,356,"{'data_quality': 286, 'model_size': 2, 'parallelism': 1}",5.25,-1,2,-1
2025-07-03 16:45:01.757005,elastic-workbench-pc-visualizer,elastic-workbench-pc-visualizer-1,22,"{'data_quality': 48, 'model_size': 1, 'parallelism': 1}",1.0,-1,44,-1
2025-07-03 16:45:11.752269,elastic-workbench-qr-detector,elastic-workbench-qr-detector-1,36,"{'data_quality': 621, 'parallelism': 1}",1.78,-1,54,-1
2025-07-03 16:45:11.755682,elastic-workbench-cv-analyzer,elastic-workbench-cv-analyzer-1,179,"{'data_quality': 286, 'model_size': 1, 'parallelism': 1}",5.22,-1,5,-1
2025-07-03 16:45:11.758170,elastic-workbench-pc-visualizer,elastic-workbench-pc-visualizer-1,21,"{'data_quality': 48, 'model_size': 1, 'parallelism': 1}",1.0,-1,46,-1
2025-07-03 16:45:21.751736,elastic-workbench-qr-detector,elastic-workbench-qr-detector-1,36,"{'data_quality': 621, 'parallelism': 1}",1.8,-1,54,-1
2025-07-03 16:45:21.758405,elastic-workbench-cv-analyzer,elastic-workbench-cv-analyzer-1,180,"{'data_quality': 286, 'model_size': 1, 'parallelism': 1}",5.2,-1,4,-1
2025-07-03 16:45:21.761057,elastic-workbench-pc-visualizer,elastic-workbench-pc-visualizer-1,21,"{'data_quality': 48, 'model_size': 1, 'parallelism': 1}",1.0,-1,46,-1
2025-07-03 16:45:31.748746,elastic-workbench-qr-detector,elastic-workbench-qr-detector-1,37,"{'data_quality': 621, 'parallelism': 1}",1.81,-1,52,-1
2025-07-03 16:45:31.752764,elastic-workbench-cv-analyzer,elastic-workbench-cv-analyzer-1,166,"{'data_quality': 286, 'model_size': 1, 'parallelism': 1}",5.19,-1,5,-1
2025-07-03 16:45:31.761831,elastic-workbench-pc-visualizer,elastic-workbench-pc-visualizer-1,21,"{'data_quality': 48, 'model_size': 1, 'parallelism': 1}",1.0,-1,45,-1
2025-07-03 16:45:41.747830,elastic-workbench-qr-detector,elastic-workbench-qr-detector-1,36,"{'data_quality': 621, 'parallelism': 1}",1.83,-1,53,-1
2025-07-03 16:45:41.752464,elastic-workbench-cv-analyzer,elastic-workbench-cv-analyzer-1,174,"{'data_quality': 286, 'model_size': 1, 'parallelism': 1}",5.17,-1,5,-1
2025-07-03 16:45:41.755555,elastic-workbench-pc-visualizer,elastic-workbench-pc-visualizer-1,21,"{'data_quality': 48, 'model_size': 1, 'parallelism': 1}",1.0,-1,44,-1
2025-07-03 16:45:51.754271,elastic-workbench-qr-detector,elastic-workbench-qr-detector-1,36,"{'data_quality': 621, 'parallelism': 1}",1.86,-1,53,-1
2025-07-03 16:45:51.757004,elastic-workbench-cv-analyzer,elastic-workbench-cv-analyzer-1,182,"{'data_quality': 286, 'model_size': 1, 'parallelism': 1}",5.14,-1,5,-1
2025-07-03 16:45:51.766737,elastic-workbench-pc-visualizer,elastic-workbench-pc-visualizer-1,21,"{'data_quality': 48, 'model_size': 1, 'parallelism': 1}",1.0,-1,46,-1
2025-07-03 16:46:01.753134,elastic-workbench-qr-detector,elastic-workbench-qr-detector-1,35,"{'data_quality': 621, 'parallelism': 1}",1.89,-1,54,-1
2025-07-03 16:46:01.758300,elastic-workbench-cv-analyzer,elastic-workbench-cv-analyzer-1,169,"{'data_quality': 286, 'model_size': 1, 'parallelism': 1}",5.11,-1,5,-1
2025-07-03 16:46:01.761863,elastic-workbench-pc-visualizer,elastic-workbench-pc-visualizer-1,21,"{'data_quality': 48, 'model_size': 1, 'parallelism': 1}",1.0,-1,46,-1
2025-07-03 16:46:11.757251,elastic-workbench-qr-detector,elastic-workbench-qr-detector-1,34,"{'data_quality': 621, 'parallelism': 1}",1.93,-1,56,-1
2025-07-03 16:46:11.760658,elastic-workbench-cv-analyzer,elastic-workbench-cv-analyzer-1,163,"{'data_quality': 286, 'model_size': 1, 'parallelism': 1}",5.07,-1,5,-1
2025-07-03 16:46:11.769444,elastic-workbench-pc-visualizer,elastic-workbench-pc-visualizer-1,21,"{'data_quality': 48, 'model_size': 1, 'parallelism': 1}",1.0,-1,47,-1
2025-07-03 16:46:21.760034,elastic-workbench-qr-detector,elastic-workbench-qr-detector-1,35,"{'data_quality': 617, 'parallelism': 1}",1.96,-1,55,-1
2025-07-03 16:46:21.763876,elastic-workbench-cv-analyzer,elastic-workbench-cv-analyzer-1,219,"{'data_quality': 193, 'model_size': 2, 'parallelism': 1}",5.04,-1,4,-1
2025-07-03 16:46:21.766714,elastic-workbench-pc-visualizer,elastic-workbench-pc-visualizer-1,22,"{'data_quality': 47, 'model_size': 1, 'parallelism': 1}",1.0,-1,45,-1
2025-07-03 16:46:31.755701,elastic-workbench-qr-detector,elastic-workbench-qr-detector-1,33,"{'data_quality': 617, 'parallelism': 1}",1.99,-1,58,-1
2025-07-03 16:46:31.759508,elastic-workbench-cv-analyzer,elastic-workbench-cv-analyzer-1,226,"{'data_quality': 193, 'model_size': 2, 'parallelism': 1}",5.01,-1,4,-1
2025-07-03 16:46:31.773346,elastic-workbench-pc-visualizer,elastic-workbench-pc-visualizer-1,21,"{'data_quality': 47, 'model_size': 1, 'parallelism': 1}",1.0,-1,46,-1
2025-07-03 16:46:41.758374,elastic-workbench-qr-detector,elastic-workbench-qr-detector-1,33,"{'data_quality': 617, 'parallelism': 1}",2.03,-1,59,-1
2025-07-03 16:46:41.761293,elastic-workbench-cv-analyzer,elastic-workbench-cv-analyzer-1,229,"{'data_quality': 193, 'model_size': 2, 'parallelism': 1}",4.97,-1,4,-1
2025-07-03 16:46:41.764121,elastic-workbench-pc-visualizer,elastic-workbench-pc-visualizer-1,21,"{'data_quality': 47, 'model_size': 1, 'parallelism': 1}",1.0,-1,46,-1
2025-07-03 16:46:51.758244,elastic-workbench-qr-detector,elastic-workbench-qr-detector-1,32,"{'data_quality': 617, 'parallelism': 1}",2.06,-1,61,-1
2025-07-03 16:46:51.761224,elastic-workbench-cv-analyzer,elastic-workbench-cv-analyzer-1,210,"{'data_quality': 193, 'model_size': 2, 'parallelism': 1}",4.94,-1,4,-1
2025-07-03 16:46:51.764317,elastic-workbench-pc-visualizer,elastic-workbench-pc-visualizer-1,21,"{'data_quality': 47, 'model_size': 1, 'parallelism': 1}",1.0,-1,47,-1
2025-07-03 16:47:01.760181,elastic-workbench-qr-detector,elastic-workbench-qr-detector-1,32,"{'data_quality': 617, 'parallelism': 1}",2.07,-1,60,-1
2025-07-03 16:47:01.767099,elastic-workbench-cv-analyzer,elastic-workbench-cv-analyzer-1,222,"{'data_quality': 193, 'model_size': 2, 'parallelism': 1}",4.93,-1,4,-1
2025-07-03 16:47:01.769712,elastic-workbench-pc-visualizer,elastic-workbench-pc-visualizer-1,21,"{'data_quality': 47, 'model_size': 1, 'parallelism': 1}",1.0,-1,46,-1
2025-07-03 16:47:11.758609,elastic-workbench-qr-detector,elastic-workbench-qr-detector-1,31,"{'data_quality': 617, 'parallelism': 1}",2.1,-1,62,-1
2025-07-03 16:47:11.765570,elastic-workbench-cv-analyzer,elastic-workbench-cv-analyzer-1,193,"{'data_quality': 193, 'model_size': 2, 'parallelism': 1}",4.9,-1,4,-1
2025-07-03 16:47:11.771491,elastic-workbench-pc-visualizer,elastic-workbench-pc-visualizer-1,21,"{'data_quality': 47, 'model_size': 1, 'parallelism': 1}",1.0,-1,46,-1
2025-07-03 16:47:21.763884,elastic-workbench-qr-detector,elastic-workbench-qr-detector-1,31,"{'data_quality': 617, 'parallelism': 1}",2.11,-1,63,-1
2025-07-03 16:47:21.766726,elastic-workbench-cv-analyzer,elastic-workbench-cv-analyzer-1,121,"{'data_quality': 193, 'model_size': 1, 'parallelism': 1}",4.89,-1,7,-1
2025-07-03 16:47:21.769264,elastic-workbench-pc-visualizer,elastic-workbench-pc-visualizer-1,20,"{'data_quality': 47, 'model_size': 1, 'parallelism': 1}",1.0,-1,48,-1
2025-07-03 16:47:31.765844,elastic-workbench-qr-detector,elastic-workbench-qr-detector-1,30,"{'data_quality': 617, 'parallelism': 1}",2.15,-1,65,-1
2025-07-03 16:47:31.768438,elastic-workbench-cv-analyzer,elastic-workbench-cv-analyzer-1,110,"{'data_quality': 193, 'model_size': 1, 'parallelism': 1}",4.85,-1,8,-1
2025-07-03 16:47:31.771259,elastic-workbench-pc-visualizer,elastic-workbench-pc-visualizer-1,21,"{'data_quality': 47, 'model_size': 1, 'parallelism': 1}",1.0,-1,46,-1
2025-07-03 16:47:41.763067,elastic-workbench-qr-detector,elastic-workbench-qr-detector-1,30,"{'data_quality': 617, 'parallelism': 1}",2.19,-1,65,-1
2025-07-03 16:47:41.768590,elastic-workbench-cv-analyzer,elastic-workbench-cv-analyzer-1,133,"{'data_quality': 193, 'model_size': 1, 'parallelism': 1}",4.81,-1,7,-1
2025-07-03 16:47:41.771410,elastic-workbench-pc-visualizer,elastic-workbench-pc-visualizer-1,21,"{'data_quality': 47, 'model_size': 1, 'parallelism': 1}",1.0,-1,46,-1
2025-07-03 16:47:51.765130,elastic-workbench-qr-detector,elastic-workbench-qr-detector-1,28,"{'data_quality': 617, 'parallelism': 1}",2.22,-1,69,-1
2025-07-03 16:47:51.769639,elastic-workbench-cv-analyzer,elastic-workbench-cv-analyzer-1,111,"{'data_quality': 193, 'model_size': 1, 'parallelism': 1}",4.78,-1,7,-1
2025-07-03 16:47:51.772471,elastic-workbench-pc-visualizer,elastic-workbench-pc-visualizer-1,20,"{'data_quality': 47, 'model_size': 1, 'parallelism': 1}",1.0,-1,47,-1
2025-07-03 16:48:01.761344,elastic-workbench-qr-detector,elastic-workbench-qr-detector-1,29,"{'data_quality': 617, 'parallelism': 1}",2.23,-1,66,-1
2025-07-03 16:48:01.765680,elastic-workbench-cv-analyzer,elastic-workbench-cv-analyzer-1,106,"{'data_quality': 193, 'model_size': 1, 'parallelism': 1}",4.77,-1,7,-1
2025-07-03 16:48:01.768308,elastic-workbench-pc-visualizer,elastic-workbench-pc-visualizer-1,21,"{'data_quality': 47, 'model_size': 1, 'parallelism': 1}",1.0,-1,45,-1
2025-07-03 16:48:11.762517,elastic-workbench-qr-detector,elastic-workbench-qr-detector-1,29,"{'data_quality': 617, 'parallelism': 1}",2.23,-1,68,-1
2025-07-03 16:48:11.765237,elastic-workbench-cv-analyzer,elastic-workbench-cv-analyzer-1,101,"{'data_quality': 193, 'model_size': 1, 'parallelism': 1}",4.77,-1,7,-1
2025-07-03 16:48:11.771102,elastic-workbench-pc-visualizer,elastic-workbench-pc-visualizer-1,20,"{'data_quality': 47, 'model_size': 1, 'parallelism': 1}",1.0,-1,47,-1
2025-07-03 16:48:21.762293,elastic-workbench-qr-detector,elastic-workbench-qr-detector-1,28,"{'data_quality': 617, 'parallelism': 1}",2.26,-1,68,-1
2025-07-03 16:48:21.767642,elastic-workbench-cv-analyzer,elastic-workbench-cv-analyzer-1,121,"{'data_quality': 193, 'model_size': 1, 'parallelism': 1}",4.74,-1,7,-1
2025-07-03 16:48:21.770544,elastic-workbench-pc-visualizer,elastic-workbench-pc-visualizer-1,20,"{'data_quality': 47, 'model_size': 1, 'parallelism': 1}",1.0,-1,47,-1
2025-07-03 16:48:31.763282,elastic-workbench-qr-detector,elastic-workbench-qr-detector-1,28,"{'data_quality': 617, 'parallelism': 1}",2.28,-1,69,-1
2025-07-03 16:48:31.766479,elastic-workbench-cv-analyzer,elastic-workbench-cv-analyzer-1,115,"{'data_quality': 193, 'model_size': 1, 'parallelism': 1}",4.72,-1,7,-1
2025-07-03 16:48:31.769250,elastic-workbench-pc-visualizer,elastic-workbench-pc-visualizer-1,19,"{'data_quality': 47, 'model_size': 1, 'parallelism': 1}",1.0,-1,49,-1
2025-07-03 16:48:41.763305,elastic-workbench-qr-detector,elastic-workbench-qr-detector-1,29,"{'data_quality': 617, 'parallelism': 1}",2.32,-1,68,-1
2025-07-03 16:48:41.766780,elastic-workbench-cv-analyzer,elastic-workbench-cv-analyzer-1,116,"{'data_quality': 193, 'model_size': 1, 'parallelism': 1}",4.68,-1,7,-1
2025-07-03 16:48:41.771421,elastic-workbench-pc-visualizer,elastic-workbench-pc-visualizer-1,21,"{'data_quality': 47, 'model_size': 1, 'parallelism': 1}",1.0,-1,45,-1
2025-07-03 16:48:51.764867,elastic-workbench-qr-detector,elastic-workbench-qr-detector-1,27,"{'data_quality': 617, 'parallelism': 1}",2.35,-1,70,-1
2025-07-03 16:48:51.768021,elastic-workbench-cv-analyzer,elastic-workbench-cv-analyzer-1,113,"{'data_quality': 193, 'model_size': 1, 'parallelism': 1}",4.65,-1,8,-1
2025-07-03 16:48:51.770798,elastic-workbench-pc-visualizer,elastic-workbench-pc-visualizer-1,21,"{'data_quality': 47, 'model_size': 1, 'parallelism': 1}",1.0,-1,46,-1
2025-07-03 16:49:01.764616,elastic-workbench-qr-detector,elastic-workbench-qr-detector-1,28,"{'data_quality': 617, 'parallelism': 1}",2.37,-1,70,-1
2025-07-03 16:49:01.767243,elastic-workbench-cv-analyzer,elastic-workbench-cv-analyzer-1,107,"{'data_quality': 193, 'model_size': 1, 'parallelism': 1}",4.63,-1,8,-1
2025-07-03 16:49:01.769779,elastic-workbench-pc-visualizer,elastic-workbench-pc-visualizer-1,21,"{'data_quality': 47, 'model_size': 1, 'parallelism': 1}",1.0,-1,46,-1
2025-07-03 16:49:11.772220,elastic-workbench-qr-detector,elastic-workbench-qr-detector-1,26,"{'data_quality': 617, 'parallelism': 1}",2.44,-1,74,-1
2025-07-03 16:49:11.775376,elastic-workbench-cv-analyzer,elastic-workbench-cv-analyzer-1,124,"{'data_quality': 193, 'model_size': 1, 'parallelism': 1}",4.56,-1,7,-1
2025-07-03 16:49:11.778433,elastic-workbench-pc-visualizer,elastic-workbench-pc-visualizer-1,21,"{'data_quality': 47, 'model_size': 1, 'parallelism': 1}",1.0,-1,47,-1
2025-07-03 16:49:21.765856,elastic-workbench-qr-detector,elastic-workbench-qr-detector-1,26,"{'data_quality': 617, 'parallelism': 1}",2.48,-1,75,-1
2025-07-03 16:49:21.768425,elastic-workbench-cv-analyzer,elastic-workbench-cv-analyzer-1,119,"{'data_quality': 193, 'model_size': 1, 'parallelism': 1}",4.52,-1,7,-1
2025-07-03 16:49:21.771757,elastic-workbench-pc-visualizer,elastic-workbench-pc-visualizer-1,21,"{'data_quality': 47, 'model_size': 1, 'parallelism': 1}",1.0,-1,47,-1
2025-07-03 16:49:31.766879,elastic-workbench-qr-detector,elastic-workbench-qr-detector-1,39,"{'data_quality': 617, 'parallelism': 1}",2.52,-1,74,-1
2025-07-03 16:49:31.769765,elastic-workbench-cv-analyzer,elastic-workbench-cv-analyzer-1,124,"{'data_quality': 193, 'model_size': 1, 'parallelism': 1}",4.48,-1,7,-1
2025-07-03 16:49:31.772355,elastic-workbench-pc-visualizer,elastic-workbench-pc-visualizer-1,21,"{'data_quality': 47, 'model_size': 1, 'parallelism': 1}",1.0,-1,46,-1
2025-07-03 16:49:41.770032,elastic-workbench-qr-detector,elastic-workbench-qr-detector-1,25,"{'data_quality': 606, 'parallelism': 1}",2.47,-1,78,-1
2025-07-03 16:49:41.775164,elastic-workbench-cv-analyzer,elastic-workbench-cv-analyzer-1,128,"{'data_quality': 166, 'model_size': 1, 'parallelism': 1}",4.53,-1,7,-1
2025-07-03 16:49:41.784472,elastic-workbench-pc-visualizer,elastic-workbench-pc-visualizer-1,20,"{'data_quality': 45, 'model_size': 1, 'parallelism': 1}",1.0,-1,49,-1
2025-07-03 16:49:51.768143,elastic-workbench-qr-detector,elastic-workbench-qr-detector-1,25,"{'data_quality': 606, 'parallelism': 1}",2.49,-1,77,-1
2025-07-03 16:49:51.771226,elastic-workbench-cv-analyzer,elastic-workbench-cv-analyzer-1,113,"{'data_quality': 166, 'model_size': 1, 'parallelism': 1}",4.51,-1,8,-1
2025-07-03 16:49:51.773854,elastic-workbench-pc-visualizer,elastic-workbench-pc-visualizer-1,20,"{'data_quality': 45, 'model_size': 1, 'parallelism': 1}",1.0,-1,48,-1
2025-07-03 16:50:01.768779,elastic-workbench-qr-detector,elastic-workbench-qr-detector-1,25,"{'data_quality': 606, 'parallelism': 1}",2.49,-1,76,-1
2025-07-03 16:50:01.771612,elastic-workbench-cv-analyzer,elastic-workbench-cv-analyzer-1,103,"{'data_quality': 166, 'model_size': 1, 'parallelism': 1}",4.51,-1,8,-1
2025-07-03 16:50:01.774295,elastic-workbench-pc-visualizer,elastic-workbench-pc-visualizer-1,21,"{'data_quality': 45, 'model_size': 1, 'parallelism': 1}",1.0,-1,47,-1
2025-07-03 16:50:11.770801,elastic-workbench-qr-detector,elastic-workbench-qr-detector-1,25,"{'data_quality': 606, 'parallelism': 1}",2.5,-1,77,-1
2025-07-03 16:50:11.788268,elastic-workbench-cv-analyzer,elastic-workbench-cv-analyzer-1,108,"{'data_quality': 166, 'model_size': 1, 'parallelism': 1}",4.5,-1,8,-1
2025-07-03 16:50:11.792319,elastic-workbench-pc-visualizer,elastic-workbench-pc-visualizer-1,20,"{'data_quality': 45, 'model_size': 1, 'parallelism': 1}",1.0,-1,47,-1
2025-07-03 16:50:21.772304,elastic-workbench-qr-detector,elastic-workbench-qr-detector-1,26,"{'data_quality': 606, 'parallelism': 1}",2.49,-1,74,-1
2025-07-03 16:50:21.774897,elastic-workbench-cv-analyzer,elastic-workbench-cv-analyzer-1,105,"{'data_quality': 166, 'model_size': 1, 'parallelism': 1}",4.51,-1,8,-1
2025-07-03 16:50:21.778063,elastic-workbench-pc-visualizer,elastic-workbench-pc-visualizer-1,21,"{'data_quality': 45, 'model_size': 1, 'parallelism': 1}",1.0,-1,45,-1
2025-07-03 16:50:31.769918,elastic-workbench-qr-detector,elastic-workbench-qr-detector-1,38,"{'data_quality': 606, 'parallelism': 1}",2.52,-1,76,-1
2025-07-03 16:50:31.774136,elastic-workbench-cv-analyzer,elastic-workbench-cv-analyzer-1,99,"{'data_quality': 166, 'model_size': 1, 'parallelism': 1}",4.48,-1,9,-1
2025-07-03 16:50:31.777215,elastic-workbench-pc-visualizer,elastic-workbench-pc-visualizer-1,21,"{'data_quality': 45, 'model_size': 1, 'parallelism': 1}",1.0,-1,46,-1
2025-07-03 16:50:41.771154,elastic-workbench-qr-detector,elastic-workbench-qr-detector-1,37,"{'data_quality': 606, 'parallelism': 1}",2.56,-1,78,-1
2025-07-03 16:50:41.773729,elastic-workbench-cv-analyzer,elastic-workbench-cv-analyzer-1,104,"{'data_quality': 166, 'model_size': 1, 'parallelism': 1}",4.44,-1,8,-1
2025-07-03 16:50:41.781899,elastic-workbench-pc-visualizer,elastic-workbench-pc-visualizer-1,21,"{'data_quality': 45, 'model_size': 1, 'parallelism': 1}",1.0,-1,45,-1
2025-07-03 16:50:51.771481,elastic-workbench-qr-detector,elastic-workbench-qr-detector-1,37,"{'data_quality': 606, 'parallelism': 1}",2.55,-1,77,-1
2025-07-03 16:50:51.776290,elastic-workbench-cv-analyzer,elastic-workbench-cv-analyzer-1,99,"{'data_quality': 166, 'model_size': 1, 'parallelism': 1}",4.45,-1,9,-1
2025-07-03 16:50:51.778856,elastic-workbench-pc-visualizer,elastic-workbench-pc-visualizer-1,21,"{'data_quality': 45, 'model_size': 1, 'parallelism': 1}",1.0,-1,46,-1
2025-07-03 16:51:01.771740,elastic-workbench-qr-detector,elastic-workbench-qr-detector-1,38,"{'data_quality': 606, 'parallelism': 1}",2.54,-1,76,-1
2025-07-03 16:51:01.774634,elastic-workbench-cv-analyzer,elastic-workbench-cv-analyzer-1,110,"{'data_quality': 166, 'model_size': 1, 'parallelism': 1}",4.46,-1,8,-1
2025-07-03 16:51:01.777202,elastic-workbench-pc-visualizer,elastic-workbench-pc-visualizer-1,20,"{'data_quality': 45, 'model_size': 1, 'parallelism': 1}",1.0,-1,48,-1
2025-07-03 16:51:11.772545,elastic-workbench-qr-detector,elastic-workbench-qr-detector-1,38,"{'data_quality': 606, 'parallelism': 1}",2.51,-1,77,-1
2025-07-03 16:51:11.776891,elastic-workbench-cv-analyzer,elastic-workbench-cv-analyzer-1,112,"{'data_quality': 166, 'model_size': 1, 'parallelism': 1}",4.49,-1,8,-1
2025-07-03 16:51:11.784058,elastic-workbench-pc-visualizer,elastic-workbench-pc-visualizer-1,21,"{'data_quality': 45, 'model_size': 1, 'parallelism': 1}",1.0,-1,46,-1
2025-07-03 16:51:21.772814,elastic-workbench-qr-detector,elastic-workbench-qr-detector-1,37,"{'data_quality': 606, 'parallelism': 1}",2.52,-1,76,-1
2025-07-03 16:51:21.776084,elastic-workbench-cv-analyzer,elastic-workbench-cv-analyzer-1,127,"{'data_quality': 166, 'model_size': 1, 'parallelism': 1}",4.48,-1,7,-1
2025-07-03 16:51:21.778993,elastic-workbench-pc-visualizer,elastic-workbench-pc-visualizer-1,21,"{'data_quality': 45, 'model_size': 1, 'parallelism': 1}",1.0,-1,45,-1
2025-07-03 16:51:31.774043,elastic-workbench-qr-detector,elastic-workbench-qr-detector-1,39,"{'data_quality': 606, 'parallelism': 1}",2.54,-1,75,-1
2025-07-03 16:51:31.776923,elastic-workbench-cv-analyzer,elastic-workbench-cv-analyzer-1,123,"{'data_quality': 166, 'model_size': 1, 'parallelism': 1}",4.46,-1,7,-1
2025-07-03 16:51:31.779459,elastic-workbench-pc-visualizer,elastic-workbench-pc-visualizer-1,21,"{'data_quality': 45, 'model_size': 1, 'parallelism': 1}",1.0,-1,45,-1
2025-07-03 16:51:41.774727,elastic-workbench-qr-detector,elastic-workbench-qr-detector-1,38,"{'data_quality': 606, 'parallelism': 1}",2.53,-1,76,-1
2025-07-03 16:51:41.782938,elastic-workbench-cv-analyzer,elastic-workbench-cv-analyzer-1,111,"{'data_quality': 166, 'model_size': 1, 'parallelism': 1}",4.47,-1,8,-1
2025-07-03 16:51:41.785900,elastic-workbench-pc-visualizer,elastic-workbench-pc-visualizer-1,22,"{'data_quality': 45, 'model_size': 1, 'parallelism': 1}",1.0,-1,45,-1
2025-07-03 16:51:51.776759,elastic-workbench-qr-detector,elastic-workbench-qr-detector-1,38,"{'data_quality': 606, 'parallelism': 1}",2.52,-1,76,-1
2025-07-03 16:51:51.779977,elastic-workbench-cv-analyzer,elastic-workbench-cv-analyzer-1,102,"{'data_quality': 166, 'model_size': 1, 'parallelism': 1}",4.48,-1,8,-1
2025-07-03 16:51:51.782585,elastic-workbench-pc-visualizer,elastic-workbench-pc-visualizer-1,21,"{'data_quality': 45, 'model_size': 1, 'parallelism': 1}",1.0,-1,45,-1
2025-07-03 16:52:01.776024,elastic-workbench-qr-detector,elastic-workbench-qr-detector-1,25,"{'data_quality': 606, 'parallelism': 1}",2.48,-1,77,-1
2025-07-03 16:52:01.778706,elastic-workbench-cv-analyzer,elastic-workbench-cv-analyzer-1,111,"{'data_quality': 166, 'model_size': 1, 'parallelism': 1}",4.52,-1,8,-1
2025-07-03 16:52:01.781679,elastic-workbench-pc-visualizer,elastic-workbench-pc-visualizer-1,21,"{'data_quality': 45, 'model_size': 1, 'parallelism': 1}",1.0,-1,46,-1
2025-07-03 16:52:11.782310,elastic-workbench-qr-detector,elastic-workbench-qr-detector-1,38,"{'data_quality': 606, 'parallelism': 1}",2.51,-1,76,-1
2025-07-03 16:52:11.789312,elastic-workbench-cv-analyzer,elastic-workbench-cv-analyzer-1,97,"{'data_quality': 166, 'model_size': 1, 'parallelism': 1}",4.49,-1,9,-1
2025-07-03 16:52:11.794397,elastic-workbench-pc-visualizer,elastic-workbench-pc-visualizer-1,21,"{'data_quality': 45, 'model_size': 1, 'parallelism': 1}",1.0,-1,46,-1
2025-07-03 16:52:21.776295,elastic-workbench-qr-detector,elastic-workbench-qr-detector-1,38,"{'data_quality': 606, 'parallelism': 1}",2.54,-1,74,-1
2025-07-03 16:52:21.782263,elastic-workbench-cv-analyzer,elastic-workbench-cv-analyzer-1,134,"{'data_quality': 166, 'model_size': 1, 'parallelism': 1}",4.46,-1,6,-1
2025-07-03 16:52:21.785088,elastic-workbench-pc-visualizer,elastic-workbench-pc-visualizer-1,21,"{'data_quality': 45, 'model_size': 1, 'parallelism': 1}",1.0,-1,45,-1
2025-07-03 16:52:31.778921,elastic-workbench-qr-detector,elastic-workbench-qr-detector-1,39,"{'data_quality': 606, 'parallelism': 1}",2.56,-1,74,-1
2025-07-03 16:52:31.781932,elastic-workbench-cv-analyzer,elastic-workbench-cv-analyzer-1,140,"{'data_quality': 166, 'model_size': 1, 'parallelism': 1}",4.44,-1,7,-1
2025-07-03 16:52:31.784437,elastic-workbench-pc-visualizer,elastic-workbench-pc-visualizer-1,20,"{'data_quality': 45, 'model_size': 1, 'parallelism': 1}",1.0,-1,47,-1
2025-07-03 16:52:41.779131,elastic-workbench-qr-detector,elastic-workbench-qr-detector-1,38,"{'data_quality': 606, 'parallelism': 1}",2.55,-1,76,-1
2025-07-03 16:52:41.783246,elastic-workbench-cv-analyzer,elastic-workbench-cv-analyzer-1,122,"{'data_quality': 166, 'model_size': 1, 'parallelism': 1}",4.45,-1,7,-1
2025-07-03 16:52:41.786166,elastic-workbench-pc-visualizer,elastic-workbench-pc-visualizer-1,21,"{'data_quality': 45, 'model_size': 1, 'parallelism': 1}",1.0,-1,47,-1
2025-07-03 16:52:51.778591,elastic-workbench-qr-detector,elastic-workbench-qr-detector-1,39,"{'data_quality': 606, 'parallelism': 1}",2.51,-1,73,-1
2025-07-03 16:52:51.781980,elastic-workbench-cv-analyzer,elastic-workbench-cv-analyzer-1,116,"{'data_quality': 166, 'model_size': 1, 'parallelism': 1}",4.49,-1,7,-1
2025-07-03 16:52:51.784541,elastic-workbench-pc-visualizer,elastic-workbench-pc-visualizer-1,21,"{'data_quality': 45, 'model_size': 1, 'parallelism': 1}",1.0,-1,46,-1
2025-07-03 16:53:01.779701,elastic-workbench-qr-detector,elastic-workbench-qr-detector-1,26,"{'data_quality': 606, 'parallelism': 1}",2.48,-1,76,-1
2025-07-03 16:53:01.782527,elastic-workbench-cv-analyzer,elastic-workbench-cv-analyzer-1,109,"{'data_quality': 166, 'model_size': 1, 'parallelism': 1}",4.52,-1,8,-1
2025-07-03 16:53:01.785379,elastic-workbench-pc-visualizer,elastic-workbench-pc-visualizer-1,21,"{'data_quality': 45, 'model_size': 1, 'parallelism': 1}",1.0,-1,46,-1
2025-07-03 16:53:11.780941,elastic-workbench-qr-detector,elastic-workbench-qr-detector-1,26,"{'data_quality': 606, 'parallelism': 1}",2.46,-1,76,-1
2025-07-03 16:53:11.790370,elastic-workbench-cv-analyzer,elastic-workbench-cv-analyzer-1,109,"{'data_quality': 166, 'model_size': 1, 'parallelism': 1}",4.54,-1,8,-1
2025-07-03 16:53:11.793384,elastic-workbench-pc-visualizer,elastic-workbench-pc-visualizer-1,21,"{'data_quality': 45, 'model_size': 1, 'parallelism': 1}",1.0,-1,46,-1
2025-07-03 16:53:21.780332,elastic-workbench-qr-detector,elastic-workbench-qr-detector-1,26,"{'data_quality': 606, 'parallelism': 1}",2.44,-1,76,-1
2025-07-03 16:53:21.784066,elastic-workbench-cv-analyzer,elastic-workbench-cv-analyzer-1,111,"{'data_quality': 166, 'model_size': 1, 'parallelism': 1}",4.56,-1,7,-1
2025-07-03 16:53:21.786797,elastic-workbench-pc-visualizer,elastic-workbench-pc-visualizer-1,19,"{'data_quality': 45, 'model_size': 1, 'parallelism': 1}",1.0,-1,49,-1
2025-07-03 16:53:31.781812,elastic-workbench-qr-detector,elastic-workbench-qr-detector-1,26,"{'data_quality': 606, 'parallelism': 1}",2.42,-1,74,-1
2025-07-03 16:53:31.791957,elastic-workbench-cv-analyzer,elastic-workbench-cv-analyzer-1,94,"{'data_quality': 166, 'model_size': 1, 'parallelism': 1}",4.58,-1,9,-1
2025-07-03 16:53:31.794990,elastic-workbench-pc-visualizer,elastic-workbench-pc-visualizer-1,20,"{'data_quality': 45, 'model_size': 1, 'parallelism': 1}",1.0,-1,48,-1
2025-07-03 16:53:41.788926,elastic-workbench-qr-detector,elastic-workbench-qr-detector-1,26,"{'data_quality': 606, 'parallelism': 1}",2.39,-1,73,-1
2025-07-03 16:53:41.792674,elastic-workbench-cv-analyzer,elastic-workbench-cv-analyzer-1,104,"{'data_quality': 166, 'model_size': 1, 'parallelism': 1}",4.61,-1,8,-1
2025-07-03 16:53:41.795448,elastic-workbench-pc-visualizer,elastic-workbench-pc-visualizer-1,21,"{'data_quality': 45, 'model_size': 1, 'parallelism': 1}",1.0,-1,47,-1
2025-07-03 16:53:51.781913,elastic-workbench-qr-detector,elastic-workbench-qr-detector-1,25,"{'data_quality': 606, 'parallelism': 1}",2.39,-1,76,-1
2025-07-03 16:53:51.784540,elastic-workbench-cv-analyzer,elastic-workbench-cv-analyzer-1,101,"{'data_quality': 166, 'model_size': 1, 'parallelism': 1}",4.61,-1,7,-1
2025-07-03 16:53:51.787046,elastic-workbench-pc-visualizer,elastic-workbench-pc-visualizer-1,20,"{'data_quality': 45, 'model_size': 1, 'parallelism': 1}",1.0,-1,47,-1
2025-07-03 16:54:01.782679,elastic-workbench-qr-detector,elastic-workbench-qr-detector-1,27,"{'data_quality': 606, 'parallelism': 1}",2.33,-1,70,-1
2025-07-03 16:54:01.785305,elastic-workbench-cv-analyzer,elastic-workbench-cv-analyzer-1,88,"{'data_quality': 166, 'model_size': 1, 'parallelism': 1}",4.67,-1,7,-1
2025-07-03 16:54:01.791574,elastic-workbench-pc-visualizer,elastic-workbench-pc-visualizer-1,21,"{'data_quality': 45, 'model_size': 1, 'parallelism': 1}",1.0,-1,47,-1
2025-07-03 16:54:11.782927,elastic-workbench-qr-detector,elastic-workbench-qr-detector-1,27,"{'data_quality': 606, 'parallelism': 1}",2.31,-1,71,-1
2025-07-03 16:54:11.786860,elastic-workbench-cv-analyzer,elastic-workbench-cv-analyzer-1,105,"{'data_quality': 166, 'model_size': 1, 'parallelism': 1}",4.69,-1,7,-1
2025-07-03 16:54:11.789560,elastic-workbench-pc-visualizer,elastic-workbench-pc-visualizer-1,21,"{'data_quality': 45, 'model_size': 1, 'parallelism': 1}",1.0,-1,46,-1
2025-07-03 16:54:21.783307,elastic-workbench-qr-detector,elastic-workbench-qr-detector-1,29,"{'data_quality': 606, 'parallelism': 1}",2.31,-1,68,-1
2025-07-03 16:54:21.788315,elastic-workbench-cv-analyzer,elastic-workbench-cv-analyzer-1,102,"{'data_quality': 166, 'model_size': 1, 'parallelism': 1}",4.69,-1,8,-1
2025-07-03 16:54:21.791560,elastic-workbench-pc-visualizer,elastic-workbench-pc-visualizer-1,21,"{'data_quality': 45, 'model_size': 1, 'parallelism': 1}",1.0,-1,47,-1
2025-07-03 16:54:31.784834,elastic-workbench-qr-detector,elastic-workbench-qr-detector-1,29,"{'data_quality': 606, 'parallelism': 1}",2.25,-1,68,-1
2025-07-03 16:54:31.790913,elastic-workbench-cv-analyzer,elastic-workbench-cv-analyzer-1,100,"{'data_quality': 166, 'model_size': 1, 'parallelism': 1}",4.75,-1,8,-1
2025-07-03 16:54:31.796012,elastic-workbench-pc-visualizer,elastic-workbench-pc-visualizer-1,20,"{'data_quality': 45, 'model_size': 1, 'parallelism': 1}",1.0,-1,48,-1
2025-07-03 16:54:41.784886,elastic-workbench-qr-detector,elastic-workbench-qr-detector-1,29,"{'data_quality': 606, 'parallelism': 1}",2.21,-1,67,-1
2025-07-03 16:54:41.787438,elastic-workbench-cv-analyzer,elastic-workbench-cv-analyzer-1,162,"{'data_quality': 166, 'model_size': 2, 'parallelism': 1}",4.79,-1,5,-1
2025-07-03 16:54:41.790237,elastic-workbench-pc-visualizer,elastic-workbench-pc-visualizer-1,21,"{'data_quality': 45, 'model_size': 1, 'parallelism': 1}",1.0,-1,45,-1
2025-07-03 16:54:51.785503,elastic-workbench-qr-detector,elastic-workbench-qr-detector-1,30,"{'data_quality': 606, 'parallelism': 1}",2.17,-1,63,-1
2025-07-03 16:54:51.788367,elastic-workbench-cv-analyzer,elastic-workbench-cv-analyzer-1,176,"{'data_quality': 166, 'model_size': 2, 'parallelism': 1}",4.83,-1,5,-1
2025-07-03 16:54:51.791173,elastic-workbench-pc-visualizer,elastic-workbench-pc-visualizer-1,21,"{'data_quality': 45, 'model_size': 1, 'parallelism': 1}",1.0,-1,46,-1
2025-07-03 16:55:01.786066,elastic-workbench-qr-detector,elastic-workbench-qr-detector-1,31,"{'data_quality': 606, 'parallelism': 1}",2.13,-1,62,-1
2025-07-03 16:55:01.789496,elastic-workbench-cv-analyzer,elastic-workbench-cv-analyzer-1,186,"{'data_quality': 166, 'model_size': 2, 'parallelism': 1}",4.87,-1,4,-1
2025-07-03 16:55:01.798553,elastic-workbench-pc-visualizer,elastic-workbench-pc-visualizer-1,21,"{'data_quality': 45, 'model_size': 1, 'parallelism': 1}",1.0,-1,45,-1
2025-07-03 16:55:11.786187,elastic-workbench-qr-detector,elastic-workbench-qr-detector-1,31,"{'data_quality': 606, 'parallelism': 1}",2.09,-1,62,-1
2025-07-03 16:55:11.789107,elastic-workbench-cv-analyzer,elastic-workbench-cv-analyzer-1,172,"{'data_quality': 166, 'model_size': 2, 'parallelism': 1}",4.91,-1,5,-1
2025-07-03 16:55:11.791710,elastic-workbench-pc-visualizer,elastic-workbench-pc-visualizer-1,21,"{'data_quality': 45, 'model_size': 1, 'parallelism': 1}",1.0,-1,45,-1
2025-07-03 16:55:21.787254,elastic-workbench-qr-detector,elastic-workbench-qr-detector-1,31,"{'data_quality': 606, 'parallelism': 1}",2.07,-1,63,-1
2025-07-03 16:55:21.790196,elastic-workbench-cv-analyzer,elastic-workbench-cv-analyzer-1,158,"{'data_quality': 166, 'model_size': 2, 'parallelism': 1}",4.93,-1,5,-1
2025-07-03 16:55:21.792758,elastic-workbench-pc-visualizer,elastic-workbench-pc-visualizer-1,21,"{'data_quality': 45, 'model_size': 1, 'parallelism': 1}",1.0,-1,46,-1
2025-07-03 16:55:31.788518,elastic-workbench-qr-detector,elastic-workbench-qr-detector-1,32,"{'data_quality': 606, 'parallelism': 1}",2.03,-1,59,-1
2025-07-03 16:55:31.791282,elastic-workbench-cv-analyzer,elastic-workbench-cv-analyzer-1,182,"{'data_quality': 166, 'model_size': 2, 'parallelism': 1}",4.97,-1,5,-1
2025-07-03 16:55:31.793826,elastic-workbench-pc-visualizer,elastic-workbench-pc-visualizer-1,21,"{'data_quality': 45, 'model_size': 1, 'parallelism': 1}",1.0,-1,46,-1
2025-07-03 16:55:41.790841,elastic-workbench-qr-detector,elastic-workbench-qr-detector-1,33,"{'data_quality': 606, 'parallelism': 1}",1.99,-1,59,-1
2025-07-03 16:55:41.794017,elastic-workbench-cv-analyzer,elastic-workbench-cv-analyzer-1,205,"{'data_quality': 166, 'model_size': 2, 'parallelism': 1}",5.01,-1,4,-1
2025-07-03 16:55:41.796653,elastic-workbench-pc-visualizer,elastic-workbench-pc-visualizer-1,21,"{'data_quality': 45, 'model_size': 1, 'parallelism': 1}",1.0,-1,45,-1
2025-07-03 16:55:51.791331,elastic-workbench-qr-detector,elastic-workbench-qr-detector-1,33,"{'data_quality': 606, 'parallelism': 1}",1.97,-1,59,-1
2025-07-03 16:55:51.798308,elastic-workbench-cv-analyzer,elastic-workbench-cv-analyzer-1,203,"{'data_quality': 166, 'model_size': 2, 'parallelism': 1}",5.03,-1,4,-1
2025-07-03 16:55:51.804132,elastic-workbench-pc-visualizer,elastic-workbench-pc-visualizer-1,20,"{'data_quality': 45, 'model_size': 1, 'parallelism': 1}",1.0,-1,48,-1
2025-07-03 16:56:01.792281,elastic-workbench-qr-detector,elastic-workbench-qr-detector-1,33,"{'data_quality': 606, 'parallelism': 1}",1.93,-1,58,-1
2025-07-03 16:56:01.795405,elastic-workbench-cv-analyzer,elastic-workbench-cv-analyzer-1,160,"{'data_quality': 166, 'model_size': 2, 'parallelism': 1}",5.07,-1,5,-1
2025-07-03 16:56:01.800282,elastic-workbench-pc-visualizer,elastic-workbench-pc-visualizer-1,21,"{'data_quality': 45, 'model_size': 1, 'parallelism': 1}",1.0,-1,45,-1
2025-07-03 16:56:11.791778,elastic-workbench-qr-detector,elastic-workbench-qr-detector-1,35,"{'data_quality': 606, 'parallelism': 1}",1.87,-1,55,-1
2025-07-03 16:56:11.794750,elastic-workbench-cv-analyzer,elastic-workbench-cv-analyzer-1,171,"{'data_quality': 166, 'model_size': 2, 'parallelism': 1}",5.13,-1,5,-1
2025-07-03 16:56:11.797311,elastic-workbench-pc-visualizer,elastic-workbench-pc-visualizer-1,21,"{'data_quality': 45, 'model_size': 1, 'parallelism': 1}",1.0,-1,46,-1
2025-07-03 16:56:21.791989,elastic-workbench-qr-detector,elastic-workbench-qr-detector-1,33,"{'data_quality': 606, 'parallelism': 1}",1.83,-1,54,-1
2025-07-03 16:56:21.794605,elastic-workbench-cv-analyzer,elastic-workbench-cv-analyzer-1,172,"{'data_quality': 166, 'model_size': 2, 'parallelism': 1}",5.17,-1,5,-1
2025-07-03 16:56:21.797160,elastic-workbench-pc-visualizer,elastic-workbench-pc-visualizer-1,20,"{'data_quality': 45, 'model_size': 1, 'parallelism': 1}",1.0,-1,47,-1
2025-07-03 16:56:31.792794,elastic-workbench-qr-detector,elastic-workbench-qr-detector-1,33,"{'data_quality': 606, 'parallelism': 1}",1.77,-1,52,-1
2025-07-03 16:56:31.795670,elastic-workbench-cv-analyzer,elastic-workbench-cv-analyzer-1,158,"{'data_quality': 166, 'model_size': 2, 'parallelism': 1}",5.23,-1,5,-1
2025-07-03 16:56:31.798251,elastic-workbench-pc-visualizer,elastic-workbench-pc-visualizer-1,20,"{'data_quality': 45, 'model_size': 1, 'parallelism': 1}",1.0,-1,48,-1
2025-07-03 16:56:41.794025,elastic-workbench-qr-detector,elastic-workbench-qr-detector-1,36,"{'data_quality': 606, 'parallelism': 1}",1.73,-1,50,-1
2025-07-03 16:56:41.797286,elastic-workbench-cv-analyzer,elastic-workbench-cv-analyzer-1,203,"{'data_quality': 166, 'model_size': 2, 'parallelism': 1}",5.27,-1,4,-1
2025-07-03 16:56:41.799861,elastic-workbench-pc-visualizer,elastic-workbench-pc-visualizer-1,22,"{'data_quality': 45, 'model_size': 1, 'parallelism': 1}",1.0,-1,45,-1
2025-07-03 16:56:51.796327,elastic-workbench-qr-detector,elastic-workbench-qr-detector-1,36,"{'data_quality': 606, 'parallelism': 1}",1.69,-1,49,-1
2025-07-03 16:56:51.801358,elastic-workbench-cv-analyzer,elastic-workbench-cv-analyzer-1,130,"{'data_quality': 166, 'model_size': 2, 'parallelism': 1}",5.31,-1,5,-1
2025-07-03 16:56:51.804246,elastic-workbench-pc-visualizer,elastic-workbench-pc-visualizer-1,20,"{'data_quality': 45, 'model_size': 1, 'parallelism': 1}",1.0,-1,48,-1
2025-07-03 16:57:01.795856,elastic-workbench-qr-detector,elastic-workbench-qr-detector-1,37,"{'data_quality': 606, 'parallelism': 1}",1.67,-1,48,-1
2025-07-03 16:57:01.798755,elastic-workbench-cv-analyzer,elastic-workbench-cv-analyzer-1,152,"{'data_quality': 166, 'model_size': 2, 'parallelism': 1}",5.33,-1,5,-1
2025-07-03 16:57:01.801401,elastic-workbench-pc-visualizer,elastic-workbench-pc-visualizer-1,21,"{'data_quality': 45, 'model_size': 1, 'parallelism': 1}",1.0,-1,46,-1
2025-07-03 16:57:11.796154,elastic-workbench-qr-detector,elastic-workbench-qr-detector-1,37,"{'data_quality': 606, 'parallelism': 1}",1.65,-1,47,-1
2025-07-03 16:57:11.799295,elastic-workbench-cv-analyzer,elastic-workbench-cv-analyzer-1,189,"{'data_quality': 166, 'model_size': 2, 'parallelism': 1}",5.35,-1,4,-1
2025-07-03 16:57:11.801935,elastic-workbench-pc-visualizer,elastic-workbench-pc-visualizer-1,19,"{'data_quality': 45, 'model_size': 1, 'parallelism': 1}",1.0,-1,49,-1
2025-07-03 16:57:21.797641,elastic-workbench-qr-detector,elastic-workbench-qr-detector-1,38,"{'data_quality': 606, 'parallelism': 1}",1.63,-1,45,-1
2025-07-03 16:57:21.800369,elastic-workbench-cv-analyzer,elastic-workbench-cv-analyzer-1,161,"{'data_quality': 166, 'model_size': 2, 'parallelism': 1}",5.37,-1,4,-1
2025-07-03 16:57:21.804420,elastic-workbench-pc-visualizer,elastic-workbench-pc-visualizer-1,20,"{'data_quality': 45, 'model_size': 1, 'parallelism': 1}",1.0,-1,48,-1
2025-07-03 16:57:31.798785,elastic-workbench-qr-detector,elastic-workbench-qr-detector-1,38,"{'data_quality': 606, 'parallelism': 1}",1.59,-1,43,-1
2025-07-03 16:57:31.802254,elastic-workbench-cv-analyzer,elastic-workbench-cv-analyzer-1,305,"{'data_quality': 166, 'model_size': 3, 'parallelism': 1}",5.41,-1,3,-1
2025-07-03 16:57:31.804769,elastic-workbench-pc-visualizer,elastic-workbench-pc-visualizer-1,20,"{'data_quality': 45, 'model_size': 1, 'parallelism': 1}",1.0,-1,48,-1
2025-07-03 16:57:41.798705,elastic-workbench-qr-detector,elastic-workbench-qr-detector-1,38,"{'data_quality': 606, 'parallelism': 1}",1.55,-1,42,-1
2025-07-03 16:57:41.801840,elastic-workbench-cv-analyzer,elastic-workbench-cv-analyzer-1,280,"{'data_quality': 166, 'model_size': 3, 'parallelism': 1}",5.45,-1,3,-1
2025-07-03 16:57:41.804815,elastic-workbench-pc-visualizer,elastic-workbench-pc-visualizer-1,19,"{'data_quality': 45, 'model_size': 1, 'parallelism': 1}",1.0,-1,50,-1
2025-07-03 16:57:51.800115,elastic-workbench-qr-detector,elastic-workbench-qr-detector-1,41,"{'data_quality': 660, 'parallelism': 1}",1.76,-1,41,-1
2025-07-03 16:57:51.806575,elastic-workbench-cv-analyzer,elastic-workbench-cv-analyzer-1,252,"{'data_quality': 250, 'model_size': 2, 'parallelism': 1}",5.24,-1,3,-1
2025-07-03 16:57:51.809707,elastic-workbench-pc-visualizer,elastic-workbench-pc-visualizer-1,21,"{'data_quality': 40, 'model_size': 1, 'parallelism': 1}",1.0,-1,45,-1
2025-07-03 16:58:01.801280,elastic-workbench-qr-detector,elastic-workbench-qr-detector-1,41,"{'data_quality': 660, 'parallelism': 1}",1.73,-1,39,-1
2025-07-03 16:58:01.804873,elastic-workbench-cv-analyzer,elastic-workbench-cv-analyzer-1,218,"{'data_quality': 250, 'model_size': 2, 'parallelism': 1}",5.27,-1,3,-1
2025-07-03 16:58:01.807425,elastic-workbench-pc-visualizer,elastic-workbench-pc-visualizer-1,21,"{'data_quality': 40, 'model_size': 1, 'parallelism': 1}",1.0,-1,46,-1
2025-07-03 16:58:11.800918,elastic-workbench-qr-detector,elastic-workbench-qr-detector-1,44,"{'data_quality': 660, 'parallelism': 1}",1.67,-1,38,-1
2025-07-03 16:58:11.804156,elastic-workbench-cv-analyzer,elastic-workbench-cv-analyzer-1,248,"{'data_quality': 250, 'model_size': 2, 'parallelism': 1}",5.33,-1,3,-1
2025-07-03 16:58:11.807023,elastic-workbench-pc-visualizer,elastic-workbench-pc-visualizer-1,21,"{'data_quality': 40, 'model_size': 1, 'parallelism': 1}",1.0,-1,46,-1
2025-07-03 16:58:21.801006,elastic-workbench-qr-detector,elastic-workbench-qr-detector-1,44,"{'data_quality': 660, 'parallelism': 1}",1.63,-1,37,-1
2025-07-03 16:58:21.804020,elastic-workbench-cv-analyzer,elastic-workbench-cv-analyzer-1,253,"{'data_quality': 250, 'model_size': 2, 'parallelism': 1}",5.37,-1,3,-1
2025-07-03 16:58:21.807387,elastic-workbench-pc-visualizer,elastic-workbench-pc-visualizer-1,21,"{'data_quality': 40, 'model_size': 1, 'parallelism': 1}",1.0,-1,45,-1
2025-07-03 16:58:31.805609,elastic-workbench-qr-detector,elastic-workbench-qr-detector-1,44,"{'data_quality': 660, 'parallelism': 1}",1.6,-1,36,-1
2025-07-03 16:58:31.812450,elastic-workbench-cv-analyzer,elastic-workbench-cv-analyzer-1,246,"{'data_quality': 250, 'model_size': 2, 'parallelism': 1}",5.4,-1,3,-1
2025-07-03 16:58:31.821247,elastic-workbench-pc-visualizer,elastic-workbench-pc-visualizer-1,20,"{'data_quality': 40, 'model_size': 1, 'parallelism': 1}",1.0,-1,47,-1
2025-07-03 16:58:41.803030,elastic-workbench-qr-detector,elastic-workbench-qr-detector-1,43,"{'data_quality': 660, 'parallelism': 1}",1.56,-1,35,-1
2025-07-03 16:58:41.806132,elastic-workbench-cv-analyzer,elastic-workbench-cv-analyzer-1,277,"{'data_quality': 250, 'model_size': 2, 'parallelism': 1}",5.44,-1,3,-1
2025-07-03 16:58:41.809675,elastic-workbench-pc-visualizer,elastic-workbench-pc-visualizer-1,20,"{'data_quality': 40, 'model_size': 1, 'parallelism': 1}",1.0,-1,47,-1
2025-07-03 16:58:51.803828,elastic-workbench-qr-detector,elastic-workbench-qr-detector-1,46,"{'data_quality': 660, 'parallelism': 1}",1.53,-1,34,-1
2025-07-03 16:58:51.806531,elastic-workbench-cv-analyzer,elastic-workbench-cv-analyzer-1,192,"{'data_quality': 250, 'model_size': 2, 'parallelism': 1}",5.47,-1,3,-1
2025-07-03 16:58:51.808997,elastic-workbench-pc-visualizer,elastic-workbench-pc-visualizer-1,19,"{'data_quality': 40, 'model_size': 1, 'parallelism': 1}",1.0,-1,50,-1
2025-07-03 16:59:01.808542,elastic-workbench-qr-detector,elastic-workbench-qr-detector-1,48,"{'data_quality': 660, 'parallelism': 1}",1.5,-1,32,-1
2025-07-03 16:59:01.818280,elastic-workbench-cv-analyzer,elastic-workbench-cv-analyzer-1,555,"{'data_quality': 250, 'model_size': 3, 'parallelism': 1}",5.5,-1,1,-1
2025-07-03 16:59:01.830091,elastic-workbench-pc-visualizer,elastic-workbench-pc-visualizer-1,20,"{'data_quality': 40, 'model_size': 1, 'parallelism': 1}",1.0,-1,47,-1
2025-07-03 16:59:11.806418,elastic-workbench-qr-detector,elastic-workbench-qr-detector-1,26,"{'data_quality': 660, 'parallelism': 1}",1.44,-1,32,-1
2025-07-03 16:59:11.809925,elastic-workbench-cv-analyzer,elastic-workbench-cv-analyzer-1,483,"{'data_quality': 250, 'model_size': 3, 'parallelism': 1}",5.56,-1,1,-1
2025-07-03 16:59:11.812508,elastic-workbench-pc-visualizer,elastic-workbench-pc-visualizer-1,21,"{'data_quality': 40, 'model_size': 1, 'parallelism': 1}",1.0,-1,46,-1
2025-07-03 16:59:21.805186,elastic-workbench-qr-detector,elastic-workbench-qr-detector-1,26,"{'data_quality': 660, 'parallelism': 1}",1.43,-1,30,-1
2025-07-03 16:59:21.807710,elastic-workbench-cv-analyzer,elastic-workbench-cv-analyzer-1,591,"{'data_quality': 250, 'model_size': 3, 'parallelism': 1}",5.57,-1,1,-1
2025-07-03 16:59:21.810226,elastic-workbench-pc-visualizer,elastic-workbench-pc-visualizer-1,21,"{'data_quality': 40, 'model_size': 1, 'parallelism': 1}",1.0,-1,46,-1
2025-07-03 16:59:31.810953,elastic-workbench-qr-detector,elastic-workbench-qr-detector-1,28,"{'data_quality': 660, 'parallelism': 1}",1.37,-1,30,-1
2025-07-03 16:59:31.817307,elastic-workbench-cv-analyzer,elastic-workbench-cv-analyzer-1,448,"{'data_quality': 250, 'model_size': 3, 'parallelism': 1}",5.63,-1,1,-1
2025-07-03 16:59:31.823734,elastic-workbench-pc-visualizer,elastic-workbench-pc-visualizer-1,21,"{'data_quality': 40, 'model_size': 1, 'parallelism': 1}",1.0,-1,46,-1
2025-07-03 16:59:41.807548,elastic-workbench-qr-detector,elastic-workbench-qr-detector-1,27,"{'data_quality': 660, 'parallelism': 1}",1.37,-1,30,-1
2025-07-03 16:59:41.810747,elastic-workbench-cv-analyzer,elastic-workbench-cv-analyzer-1,429,"{'data_quality': 250, 'model_size': 3, 'parallelism': 1}",5.63,-1,1,-1
2025-07-03 16:59:41.813596,elastic-workbench-pc-visualizer,elastic-workbench-pc-visualizer-1,21,"{'data_quality': 40, 'model_size': 1, 'parallelism': 1}",1.0,-1,45,-1
2025-07-03 16:59:51.807280,elastic-workbench-qr-detector,elastic-workbench-qr-detector-1,27,"{'data_quality': 660, 'parallelism': 1}",1.36,-1,29,-1
2025-07-03 16:59:51.813359,elastic-workbench-cv-analyzer,elastic-workbench-cv-analyzer-1,519,"{'data_quality': 250, 'model_size': 3, 'parallelism': 1}",5.64,-1,1,-1
2025-07-03 16:59:51.823794,elastic-workbench-pc-visualizer,elastic-workbench-pc-visualizer-1,20,"{'data_quality': 40, 'model_size': 1, 'parallelism': 1}",1.0,-1,47,-1
2025-07-03 17:00:01.809675,elastic-workbench-qr-detector,elastic-workbench-qr-detector-1,28,"{'data_quality': 660, 'parallelism': 1}",1.33,-1,29,-1
2025-07-03 17:00:01.813489,elastic-workbench-cv-analyzer,elastic-workbench-cv-analyzer-1,610,"{'data_quality': 250, 'model_size': 3, 'parallelism': 1}",5.67,-1,1,-1
2025-07-03 17:00:01.827039,elastic-workbench-pc-visualizer,elastic-workbench-pc-visualizer-1,21,"{'data_quality': 40, 'model_size': 1, 'parallelism': 1}",1.0,-1,45,-1
2025-07-03 17:00:11.809296,elastic-workbench-qr-detector,elastic-workbench-qr-detector-1,27,"{'data_quality': 660, 'parallelism': 1}",1.33,-1,28,-1
2025-07-03 17:00:11.812800,elastic-workbench-cv-analyzer,elastic-workbench-cv-analyzer-1,432,"{'data_quality': 250, 'model_size': 3, 'parallelism': 1}",5.67,-1,2,-1
2025-07-03 17:00:11.821261,elastic-workbench-pc-visualizer,elastic-workbench-pc-visualizer-1,21,"{'data_quality': 40, 'model_size': 1, 'parallelism': 1}",1.0,-1,45,-1
2025-07-03 17:00:21.809528,elastic-workbench-qr-detector,elastic-workbench-qr-detector-1,29,"{'data_quality': 660, 'parallelism': 1}",1.29,-1,28,-1
2025-07-03 17:00:21.813469,elastic-workbench-cv-analyzer,elastic-workbench-cv-analyzer-1,499,"{'data_quality': 250, 'model_size': 3, 'parallelism': 1}",5.71,-1,1,-1
2025-07-03 17:00:21.825044,elastic-workbench-pc-visualizer,elastic-workbench-pc-visualizer-1,21,"{'data_quality': 40, 'model_size': 1, 'parallelism': 1}",1.0,-1,46,-1
2025-07-03 17:00:31.811290,elastic-workbench-qr-detector,elastic-workbench-qr-detector-1,29,"{'data_quality': 660, 'parallelism': 1}",1.29,-1,27,-1
2025-07-03 17:00:31.818296,elastic-workbench-cv-analyzer,elastic-workbench-cv-analyzer-1,468,"{'data_quality': 250, 'model_size': 3, 'parallelism': 1}",5.71,-1,1,-1
2025-07-03 17:00:31.829920,elastic-workbench-pc-visualizer,elastic-workbench-pc-visualizer-1,21,"{'data_quality': 40, 'model_size': 1, 'parallelism': 1}",1.0,-1,45,-1
2025-07-03 17:00:41.810200,elastic-workbench-qr-detector,elastic-workbench-qr-detector-1,28,"{'data_quality': 660, 'parallelism': 1}",1.26,-1,25,-1
2025-07-03 17:00:41.813118,elastic-workbench-cv-analyzer,elastic-workbench-cv-analyzer-1,463,"{'data_quality': 250, 'model_size': 3, 'parallelism': 1}",5.74,-1,1,-1
2025-07-03 17:00:41.824250,elastic-workbench-pc-visualizer,elastic-workbench-pc-visualizer-1,21,"{'data_quality': 40, 'model_size': 1, 'parallelism': 1}",1.0,-1,45,-1
2025-07-03 17:00:51.810720,elastic-workbench-qr-detector,elastic-workbench-qr-detector-1,30,"{'data_quality': 660, 'parallelism': 1}",1.19,-1,26,-1
2025-07-03 17:00:51.817323,elastic-workbench-cv-analyzer,elastic-workbench-cv-analyzer-1,458,"{'data_quality': 250, 'model_size': 3, 'parallelism': 1}",5.81,-1,1,-1
2025-07-03 17:00:51.824793,elastic-workbench-pc-visualizer,elastic-workbench-pc-visualizer-1,21,"{'data_quality': 40, 'model_size': 1, 'parallelism': 1}",1.0,-1,46,-1
2025-07-03 17:01:01.812675,elastic-workbench-qr-detector,elastic-workbench-qr-detector-1,30,"{'data_quality': 660, 'parallelism': 1}",1.22,-1,25,-1
2025-07-03 17:01:01.825301,elastic-workbench-cv-analyzer,elastic-workbench-cv-analyzer-1,528,"{'data_quality': 250, 'model_size': 3, 'parallelism': 1}",5.78,-1,1,-1
2025-07-03 17:01:01.844770,elastic-workbench-pc-visualizer,elastic-workbench-pc-visualizer-1,21,"{'data_quality': 40, 'model_size': 1, 'parallelism': 1}",1.0,-1,46,-1
2025-07-03 17:01:11.811878,elastic-workbench-qr-detector,elastic-workbench-qr-detector-1,31,"{'data_quality': 660, 'parallelism': 1}",1.18,-1,24,-1
2025-07-03 17:01:11.817772,elastic-workbench-cv-analyzer,elastic-workbench-cv-analyzer-1,349,"{'data_quality': 250, 'model_size': 3, 'parallelism': 1}",5.82,-1,2,-1
2025-07-03 17:01:11.820292,elastic-workbench-pc-visualizer,elastic-workbench-pc-visualizer-1,21,"{'data_quality': 40, 'model_size': 1, 'parallelism': 1}",1.0,-1,46,-1
2025-07-03 17:01:21.812683,elastic-workbench-qr-detector,elastic-workbench-qr-detector-1,30,"{'data_quality': 660, 'parallelism': 1}",1.2,-1,25,-1
2025-07-03 17:01:21.821156,elastic-workbench-cv-analyzer,elastic-workbench-cv-analyzer-1,623,"{'data_quality': 251, 'model_size': 3, 'parallelism': 1}",4.81,-1,1,-1
2025-07-03 17:01:21.824266,elastic-workbench-pc-visualizer,elastic-workbench-pc-visualizer-1,20,"{'data_quality': 40, 'model_size': 1, 'parallelism': 1}",1.99,-1,47,-1
2025-07-03 17:01:31.815497,elastic-workbench-qr-detector,elastic-workbench-qr-detector-1,32,"{'data_quality': 660, 'parallelism': 1}",1.17,-1,27,-1
2025-07-03 17:01:31.829336,elastic-workbench-cv-analyzer,elastic-workbench-cv-analyzer-1,455,"{'data_quality': 251, 'model_size': 3, 'parallelism': 1}",5.83,-1,1,-1
2025-07-03 17:01:31.834768,elastic-workbench-pc-visualizer,elastic-workbench-pc-visualizer-1,21,"{'data_quality': 40, 'model_size': 1, 'parallelism': 1}",1.0,-1,45,-1
2025-07-03 17:01:41.813235,elastic-workbench-qr-detector,elastic-workbench-qr-detector-1,31,"{'data_quality': 660, 'parallelism': 1}",1.23,-1,26,-1
2025-07-03 17:01:41.821456,elastic-workbench-cv-analyzer,elastic-workbench-cv-analyzer-1,380,"{'data_quality': 251, 'model_size': 3, 'parallelism': 1}",5.77,-1,1,-1
2025-07-03 17:01:41.824311,elastic-workbench-pc-visualizer,elastic-workbench-pc-visualizer-1,21,"{'data_quality': 40, 'model_size': 1, 'parallelism': 1}",1.0,-1,46,-1
2025-07-03 17:01:51.817313,elastic-workbench-qr-detector,elastic-workbench-qr-detector-1,31,"{'data_quality': 660, 'parallelism': 1}",1.2,-1,26,-1
2025-07-03 17:01:51.823783,elastic-workbench-cv-analyzer,elastic-workbench-cv-analyzer-1,414,"{'data_quality': 251, 'model_size': 3, 'parallelism': 1}",5.8,-1,2,-1
2025-07-03 17:01:51.835164,elastic-workbench-pc-visualizer,elastic-workbench-pc-visualizer-1,21,"{'data_quality': 40, 'model_size': 1, 'parallelism': 1}",1.0,-1,45,-1
2025-07-03 17:02:01.817361,elastic-workbench-qr-detector,elastic-workbench-qr-detector-1,32,"{'data_quality': 660, 'parallelism': 1}",1.2,-1,28,-1
2025-07-03 17:02:01.822457,elastic-workbench-cv-analyzer,elastic-workbench-cv-analyzer-1,461,"{'data_quality': 251, 'model_size': 3, 'parallelism': 1}",5.8,-1,1,-1
2025-07-03 17:02:01.826560,elastic-workbench-pc-visualizer,elastic-workbench-pc-visualizer-1,21,"{'data_quality': 40, 'model_size': 1, 'parallelism': 1}",1.0,-1,46,-1
2025-07-03 17:02:11.821305,elastic-workbench-qr-detector,elastic-workbench-qr-detector-1,28,"{'data_quality': 660, 'parallelism': 1}",1.26,-1,28,-1
2025-07-03 17:02:11.830046,elastic-workbench-cv-analyzer,elastic-workbench-cv-analyzer-1,407,"{'data_quality': 251, 'model_size': 3, 'parallelism': 1}",5.74,-1,2,-1
2025-07-03 17:02:11.835256,elastic-workbench-pc-visualizer,elastic-workbench-pc-visualizer-1,21,"{'data_quality': 40, 'model_size': 1, 'parallelism': 1}",1.0,-1,46,-1
2025-07-03 17:02:21.821513,elastic-workbench-qr-detector,elastic-workbench-qr-detector-1,30,"{'data_quality': 660, 'parallelism': 1}",1.26,-1,26,-1
2025-07-03 17:02:21.833910,elastic-workbench-cv-analyzer,elastic-workbench-cv-analyzer-1,575,"{'data_quality': 251, 'model_size': 3, 'parallelism': 1}",5.74,-1,1,-1
2025-07-03 17:02:21.840915,elastic-workbench-pc-visualizer,elastic-workbench-pc-visualizer-1,20,"{'data_quality': 40, 'model_size': 1, 'parallelism': 1}",1.0,-1,47,-1
2025-07-03 17:02:31.822019,elastic-workbench-qr-detector,elastic-workbench-qr-detector-1,31,"{'data_quality': 660, 'parallelism': 1}",1.19,-1,26,-1
2025-07-03 17:02:31.827440,elastic-workbench-cv-analyzer,elastic-workbench-cv-analyzer-1,460,"{'data_quality': 251, 'model_size': 3, 'parallelism': 1}",5.81,-1,1,-1
2025-07-03 17:02:31.830286,elastic-workbench-pc-visualizer,elastic-workbench-pc-visualizer-1,21,"{'data_quality': 40, 'model_size': 1, 'parallelism': 1}",1.0,-1,47,-1
2025-07-03 17:02:41.826733,elastic-workbench-qr-detector,elastic-workbench-qr-detector-1,30,"{'data_quality': 660, 'parallelism': 1}",1.19,-1,26,-1
2025-07-03 17:02:41.833027,elastic-workbench-cv-analyzer,elastic-workbench-cv-analyzer-1,431,"{'data_quality': 251, 'model_size': 3, 'parallelism': 1}",5.81,-1,1,-1
2025-07-03 17:02:41.836242,elastic-workbench-pc-visualizer,elastic-workbench-pc-visualizer-1,21,"{'data_quality': 40, 'model_size': 1, 'parallelism': 1}",1.0,-1,46,-1
2025-07-03 17:02:51.818145,elastic-workbench-qr-detector,elastic-workbench-qr-detector-1,31,"{'data_quality': 660, 'parallelism': 1}",1.18,-1,25,-1
2025-07-03 17:02:51.820887,elastic-workbench-cv-analyzer,elastic-workbench-cv-analyzer-1,295,"{'data_quality': 251, 'model_size': 3, 'parallelism': 1}",5.82,-1,1,-1
2025-07-03 17:02:51.823750,elastic-workbench-pc-visualizer,elastic-workbench-pc-visualizer-1,21,"{'data_quality': 40, 'model_size': 1, 'parallelism': 1}",1.0,-1,47,-1
2025-07-03 17:03:01.818751,elastic-workbench-qr-detector,elastic-workbench-qr-detector-1,31,"{'data_quality': 661, 'parallelism': 1}",1.15,-1,25,-1
2025-07-03 17:03:01.828341,elastic-workbench-cv-analyzer,elastic-workbench-cv-analyzer-1,468,"{'data_quality': 251, 'model_size': 3, 'parallelism': 1}",5.66,-1,1,-1
2025-07-03 17:03:01.831364,elastic-workbench-pc-visualizer,elastic-workbench-pc-visualizer-1,21,"{'data_quality': 40, 'model_size': 1, 'parallelism': 1}",1.19,-1,45,-1
2025-07-03 17:03:11.828815,elastic-workbench-qr-detector,elastic-workbench-qr-detector-1,33,"{'data_quality': 661, 'parallelism': 1}",1.15,-1,25,-1
2025-07-03 17:03:11.833455,elastic-workbench-cv-analyzer,elastic-workbench-cv-analyzer-1,571,"{'data_quality': 251, 'model_size': 3, 'parallelism': 1}",4.84,-1,1,-1
2025-07-03 17:03:11.836383,elastic-workbench-pc-visualizer,elastic-workbench-pc-visualizer-1,21,"{'data_quality': 40, 'model_size': 1, 'parallelism': 1}",2.02,-1,46,-1
2025-07-03 17:03:21.821580,elastic-workbench-qr-detector,elastic-workbench-qr-detector-1,33,"{'data_quality': 661, 'parallelism': 1}",1.14,-1,24,-1
2025-07-03 17:03:21.827592,elastic-workbench-cv-analyzer,elastic-workbench-cv-analyzer-1,407,"{'data_quality': 251, 'model_size': 3, 'parallelism': 1}",5.86,-1,2,-1
2025-07-03 17:03:21.830199,elastic-workbench-pc-visualizer,elastic-workbench-pc-visualizer-1,20,"{'data_quality': 40, 'model_size': 1, 'parallelism': 1}",1.0,-1,47,-1
2025-07-03 17:03:31.827300,elastic-workbench-qr-detector,elastic-workbench-qr-detector-1,33,"{'data_quality': 661, 'parallelism': 1}",1.16,-1,22,-1
2025-07-03 17:03:31.831434,elastic-workbench-cv-analyzer,elastic-workbench-cv-analyzer-1,497,"{'data_quality': 251, 'model_size': 3, 'parallelism': 1}",4.87,-1,1,-1
2025-07-03 17:03:31.834196,elastic-workbench-pc-visualizer,elastic-workbench-pc-visualizer-1,21,"{'data_quality': 40, 'model_size': 1, 'parallelism': 1}",1.97,-1,45,-1
2025-07-03 17:03:41.827390,elastic-workbench-qr-detector,elastic-workbench-qr-detector-1,33,"{'data_quality': 661, 'parallelism': 1}",1.16,-1,22,-1
2025-07-03 17:03:41.831618,elastic-workbench-cv-analyzer,elastic-workbench-cv-analyzer-1,540,"{'data_quality': 251, 'model_size': 3, 'parallelism': 1}",4.87,-1,1,-1
2025-07-03 17:03:41.834216,elastic-workbench-pc-visualizer,elastic-workbench-pc-visualizer-1,20,"{'data_quality': 40, 'model_size': 1, 'parallelism': 1}",1.97,-1,47,-1
2025-07-03 17:03:51.828606,elastic-workbench-qr-detector,elastic-workbench-qr-detector-1,32,"{'data_quality': 661, 'parallelism': 1}",1.16,-1,22,-1
2025-07-03 17:03:51.831515,elastic-workbench-cv-analyzer,elastic-workbench-cv-analyzer-1,357,"{'data_quality': 251, 'model_size': 3, 'parallelism': 1}",4.87,-1,1,-1
2025-07-03 17:03:51.834444,elastic-workbench-pc-visualizer,elastic-workbench-pc-visualizer-1,21,"{'data_quality': 40, 'model_size': 1, 'parallelism': 1}",1.97,-1,46,-1
2025-07-03 17:04:01.825418,elastic-workbench-qr-detector,elastic-workbench-qr-detector-1,38,"{'data_quality': 661, 'parallelism': 1}",1.03,-1,22,-1
2025-07-03 17:04:01.828210,elastic-workbench-cv-analyzer,elastic-workbench-cv-analyzer-1,458,"{'data_quality': 251, 'model_size': 3, 'parallelism': 1}",4.98,-1,1,-1
2025-07-03 17:04:01.834563,elastic-workbench-pc-visualizer,elastic-workbench-pc-visualizer-1,21,"{'data_quality': 40, 'model_size': 1, 'parallelism': 1}",2.0,-1,46,-1
2025-07-03 17:04:11.827117,elastic-workbench-qr-detector,elastic-workbench-qr-detector-1,35,"{'data_quality': 661, 'parallelism': 1}",1.03,-1,21,-1
2025-07-03 17:04:11.830054,elastic-workbench-cv-analyzer,elastic-workbench-cv-analyzer-1,414,"{'data_quality': 251, 'model_size': 3, 'parallelism': 1}",4.98,-1,2,-1
2025-07-03 17:04:11.839927,elastic-workbench-pc-visualizer,elastic-workbench-pc-visualizer-1,20,"{'data_quality': 40, 'model_size': 1, 'parallelism': 1}",2.0,-1,46,-1
2025-07-03 17:04:21.832713,elastic-workbench-qr-detector,elastic-workbench-qr-detector-1,37,"{'data_quality': 661, 'parallelism': 1}",1.03,-1,21,-1
2025-07-03 17:04:21.835524,elastic-workbench-cv-analyzer,elastic-workbench-cv-analyzer-1,362,"{'data_quality': 251, 'model_size': 3, 'parallelism': 1}",4.98,-1,1,-1
2025-07-03 17:04:21.838146,elastic-workbench-pc-visualizer,elastic-workbench-pc-visualizer-1,20,"{'data_quality': 40, 'model_size': 1, 'parallelism': 1}",2.0,-1,48,-1
2025-07-03 17:04:31.826521,elastic-workbench-qr-detector,elastic-workbench-qr-detector-1,34,"{'data_quality': 661, 'parallelism': 1}",1.03,-1,22,-1
2025-07-03 17:04:31.831278,elastic-workbench-cv-analyzer,elastic-workbench-cv-analyzer-1,404,"{'data_quality': 251, 'model_size': 3, 'parallelism': 1}",4.98,-1,1,-1
2025-07-03 17:04:31.834830,elastic-workbench-pc-visualizer,elastic-workbench-pc-visualizer-1,19,"{'data_quality': 40, 'model_size': 1, 'parallelism': 1}",2.0,-1,50,-1
2025-07-03 17:04:41.832081,elastic-workbench-qr-detector,elastic-workbench-qr-detector-1,34,"{'data_quality': 661, 'parallelism': 1}",1.03,-1,24,-1
2025-07-03 17:04:41.834549,elastic-workbench-cv-analyzer,elastic-workbench-cv-analyzer-1,489,"{'data_quality': 251, 'model_size': 3, 'parallelism': 1}",4.98,-1,1,-1
2025-07-03 17:04:41.838438,elastic-workbench-pc-visualizer,elastic-workbench-pc-visualizer-1,21,"{'data_quality': 40, 'model_size': 1, 'parallelism': 1}",2.0,-1,45,-1
2025-07-03 17:04:51.834133,elastic-workbench-qr-detector,elastic-workbench-qr-detector-1,30,"{'data_quality': 661, 'parallelism': 1}",1.2,-1,25,-1
2025-07-03 17:04:51.836794,elastic-workbench-cv-analyzer,elastic-workbench-cv-analyzer-1,407,"{'data_quality': 251, 'model_size': 3, 'parallelism': 1}",4.9,-1,0,-1
2025-07-03 17:04:51.839492,elastic-workbench-pc-visualizer,elastic-workbench-pc-visualizer-1,21,"{'data_quality': 40, 'model_size': 1, 'parallelism': 1}",1.9,-1,46,-1
2025-07-03 17:05:01.834951,elastic-workbench-qr-detector,elastic-workbench-qr-detector-1,32,"{'data_quality': 661, 'parallelism': 1}",1.11,-1,26,-1
2025-07-03 17:05:01.838715,elastic-workbench-cv-analyzer,elastic-workbench-cv-analyzer-1,452,"{'data_quality': 251, 'model_size': 3, 'parallelism': 1}",5.89,-1,1,-1
2025-07-03 17:05:01.845624,elastic-workbench-pc-visualizer,elastic-workbench-pc-visualizer-1,21,"{'data_quality': 40, 'model_size': 1, 'parallelism': 1}",1.0,-1,46,-1
2025-07-03 17:05:11.831536,elastic-workbench-qr-detector,elastic-workbench-qr-detector-1,32,"{'data_quality': 661, 'parallelism': 1}",1.14,-1,26,-1
2025-07-03 17:05:11.838114,elastic-workbench-cv-analyzer,elastic-workbench-cv-analyzer-1,507,"{'data_quality': 251, 'model_size': 3, 'parallelism': 1}",5.86,-1,1,-1
2025-07-03 17:05:11.840950,elastic-workbench-pc-visualizer,elastic-workbench-pc-visualizer-1,21,"{'data_quality': 40, 'model_size': 1, 'parallelism': 1}",1.0,-1,45,-1
2025-07-03 17:05:21.835348,elastic-workbench-qr-detector,elastic-workbench-qr-detector-1,33,"{'data_quality': 661, 'parallelism': 1}",1.14,-1,24,-1
2025-07-03 17:05:21.839954,elastic-workbench-cv-analyzer,elastic-workbench-cv-analyzer-1,357,"{'data_quality': 251, 'model_size': 3, 'parallelism': 1}",5.86,-1,2,-1
2025-07-03 17:05:21.844423,elastic-workbench-pc-visualizer,elastic-workbench-pc-visualizer-1,21,"{'data_quality': 40, 'model_size': 1, 'parallelism': 1}",1.0,-1,46,-1
2025-07-03 17:05:31.839708,elastic-workbench-qr-detector,elastic-workbench-qr-detector-1,34,"{'data_quality': 662, 'parallelism': 1}",1.07,-1,25,-1
2025-07-03 17:05:31.846783,elastic-workbench-cv-analyzer,elastic-workbench-cv-analyzer-1,417,"{'data_quality': 252, 'model_size': 3, 'parallelism': 1}",5.7,-1,2,-1
2025-07-03 17:05:31.849658,elastic-workbench-pc-visualizer,elastic-workbench-pc-visualizer-1,19,"{'data_quality': 40, 'model_size': 1, 'parallelism': 1}",1.23,-1,48,-1
2025-07-03 17:05:41.834764,elastic-workbench-qr-detector,elastic-workbench-qr-detector-1,34,"{'data_quality': 662, 'parallelism': 1}",1.1,-1,25,-1
2025-07-03 17:05:41.838475,elastic-workbench-cv-analyzer,elastic-workbench-cv-analyzer-1,546,"{'data_quality': 252, 'model_size': 3, 'parallelism': 1}",5.9,-1,1,-1
2025-07-03 17:05:41.841930,elastic-workbench-pc-visualizer,elastic-workbench-pc-visualizer-1,21,"{'data_quality': 40, 'model_size': 1, 'parallelism': 1}",1.0,-1,45,-1
2025-07-03 17:05:51.833216,elastic-workbench-qr-detector,elastic-workbench-qr-detector-1,34,"{'data_quality': 662, 'parallelism': 1}",1.1,-1,26,-1
2025-07-03 17:05:51.835649,elastic-workbench-cv-analyzer,elastic-workbench-cv-analyzer-1,514,"{'data_quality': 252, 'model_size': 3, 'parallelism': 1}",5.9,-1,1,-1
2025-07-03 17:05:51.838039,elastic-workbench-pc-visualizer,elastic-workbench-pc-visualizer-1,21,"{'data_quality': 40, 'model_size': 1, 'parallelism': 1}",1.0,-1,44,-1
2025-07-03 17:06:01.834014,elastic-workbench-qr-detector,elastic-workbench-qr-detector-1,32,"{'data_quality': 662, 'parallelism': 1}",1.13,-1,26,-1
2025-07-03 17:06:01.838688,elastic-workbench-cv-analyzer,elastic-workbench-cv-analyzer-1,419,"{'data_quality': 252, 'model_size': 3, 'parallelism': 1}",5.87,-1,1,-1
2025-07-03 17:06:01.842050,elastic-workbench-pc-visualizer,elastic-workbench-pc-visualizer-1,20,"{'data_quality': 40, 'model_size': 1, 'parallelism': 1}",1.0,-1,47,-1
2025-07-03 17:06:11.839799,elastic-workbench-qr-detector,elastic-workbench-qr-detector-1,33,"{'data_quality': 662, 'parallelism': 1}",1.13,-1,26,-1
2025-07-03 17:06:11.845433,elastic-workbench-cv-analyzer,elastic-workbench-cv-analyzer-1,387,"{'data_quality': 252, 'model_size': 3, 'parallelism': 1}",5.87,-1,2,-1
2025-07-03 17:06:11.849381,elastic-workbench-pc-visualizer,elastic-workbench-pc-visualizer-1,22,"{'data_quality': 40, 'model_size': 1, 'parallelism': 1}",1.0,-1,45,-1
2025-07-03 17:06:21.833797,elastic-workbench-qr-detector,elastic-workbench-qr-detector-1,32,"{'data_quality': 662, 'parallelism': 1}",1.13,-1,26,-1
2025-07-03 17:06:21.836530,elastic-workbench-cv-analyzer,elastic-workbench-cv-analyzer-1,498,"{'data_quality': 252, 'model_size': 3, 'parallelism': 1}",5.87,-1,1,-1
2025-07-03 17:06:21.839346,elastic-workbench-pc-visualizer,elastic-workbench-pc-visualizer-1,21,"{'data_quality': 40, 'model_size': 1, 'parallelism': 1}",1.0,-1,46,-1
2025-07-03 17:06:31.835643,elastic-workbench-qr-detector,elastic-workbench-qr-detector-1,33,"{'data_quality': 662, 'parallelism': 1}",1.12,-1,28,-1
2025-07-03 17:06:31.838437,elastic-workbench-cv-analyzer,elastic-workbench-cv-analyzer-1,404,"{'data_quality': 252, 'model_size': 3, 'parallelism': 1}",5.88,-1,2,-1
2025-07-03 17:06:31.841707,elastic-workbench-pc-visualizer,elastic-workbench-pc-visualizer-1,21,"{'data_quality': 40, 'model_size': 1, 'parallelism': 1}",1.0,-1,45,-1
2025-07-03 17:06:41.837525,elastic-workbench-qr-detector,elastic-workbench-qr-detector-1,31,"{'data_quality': 662, 'parallelism': 1}",1.19,-1,28,-1
2025-07-03 17:06:41.846872,elastic-workbench-cv-analyzer,elastic-workbench-cv-analyzer-1,519,"{'data_quality': 252, 'model_size': 3, 'parallelism': 1}",5.81,-1,1,-1
2025-07-03 17:06:41.849578,elastic-workbench-pc-visualizer,elastic-workbench-pc-visualizer-1,21,"{'data_quality': 40, 'model_size': 1, 'parallelism': 1}",1.0,-1,45,-1
2025-07-03 17:06:51.839439,elastic-workbench-qr-detector,elastic-workbench-qr-detector-1,31,"{'data_quality': 662, 'parallelism': 1}",1.19,-1,29,-1
2025-07-03 17:06:51.845922,elastic-workbench-cv-analyzer,elastic-workbench-cv-analyzer-1,482,"{'data_quality': 252, 'model_size': 3, 'parallelism': 1}",5.81,-1,1,-1
2025-07-03 17:06:51.848622,elastic-workbench-pc-visualizer,elastic-workbench-pc-visualizer-1,21,"{'data_quality': 40, 'model_size': 1, 'parallelism': 1}",1.0,-1,45,-1
2025-07-03 17:07:01.840104,elastic-workbench-qr-detector,elastic-workbench-qr-detector-1,29,"{'data_quality': 662, 'parallelism': 1}",1.23,-1,28,-1
2025-07-03 17:07:01.842905,elastic-workbench-cv-analyzer,elastic-workbench-cv-analyzer-1,401,"{'data_quality': 252, 'model_size': 3, 'parallelism': 1}",5.77,-1,1,-1
2025-07-03 17:07:01.845587,elastic-workbench-pc-visualizer,elastic-workbench-pc-visualizer-1,21,"{'data_quality': 40, 'model_size': 1, 'parallelism': 1}",1.0,-1,46,-1
2025-07-03 17:07:11.842721,elastic-workbench-qr-detector,elastic-workbench-qr-detector-1,31,"{'data_quality': 662, 'parallelism': 1}",1.19,-1,30,-1
2025-07-03 17:07:11.848452,elastic-workbench-cv-analyzer,elastic-workbench-cv-analyzer-1,585,"{'data_quality': 252, 'model_size': 3, 'parallelism': 1}",5.81,-1,1,-1
2025-07-03 17:07:11.851351,elastic-workbench-pc-visualizer,elastic-workbench-pc-visualizer-1,21,"{'data_quality': 40, 'model_size': 1, 'parallelism': 1}",1.0,-1,45,-1
2025-07-03 17:07:21.837880,elastic-workbench-qr-detector,elastic-workbench-qr-detector-1,29,"{'data_quality': 662, 'parallelism': 1}",1.26,-1,30,-1
2025-07-03 17:07:21.840676,elastic-workbench-cv-analyzer,elastic-workbench-cv-analyzer-1,401,"{'data_quality': 252, 'model_size': 3, 'parallelism': 1}",5.74,-1,2,-1
2025-07-03 17:07:21.847040,elastic-workbench-pc-visualizer,elastic-workbench-pc-visualizer-1,22,"{'data_quality': 40, 'model_size': 1, 'parallelism': 1}",1.0,-1,45,-1
2025-07-03 17:07:31.842308,elastic-workbench-qr-detector,elastic-workbench-qr-detector-1,30,"{'data_quality': 662, 'parallelism': 1}",1.26,-1,30,-1
2025-07-03 17:07:31.845107,elastic-workbench-cv-analyzer,elastic-workbench-cv-analyzer-1,508,"{'data_quality': 252, 'model_size': 3, 'parallelism': 1}",5.74,-1,1,-1
2025-07-03 17:07:31.848418,elastic-workbench-pc-visualizer,elastic-workbench-pc-visualizer-1,20,"{'data_quality': 40, 'model_size': 1, 'parallelism': 1}",1.0,-1,47,-1
2025-07-03 17:07:41.846347,elastic-workbench-qr-detector,elastic-workbench-qr-detector-1,31,"{'data_quality': 662, 'parallelism': 1}",1.26,-1,30,-1
2025-07-03 17:07:41.852262,elastic-workbench-cv-analyzer,elastic-workbench-cv-analyzer-1,481,"{'data_quality': 252, 'model_size': 3, 'parallelism': 1}",5.74,-1,1,-1
2025-07-03 17:07:41.854750,elastic-workbench-pc-visualizer,elastic-workbench-pc-visualizer-1,21,"{'data_quality': 40, 'model_size': 1, 'parallelism': 1}",1.0,-1,46,-1
2025-07-03 17:07:51.842210,elastic-workbench-qr-detector,elastic-workbench-qr-detector-1,29,"{'data_quality': 662, 'parallelism': 1}",1.3,-1,32,-1
2025-07-03 17:07:51.845004,elastic-workbench-cv-analyzer,elastic-workbench-cv-analyzer-1,489,"{'data_quality': 252, 'model_size': 3, 'parallelism': 1}",5.7,-1,1,-1
2025-07-03 17:07:51.847628,elastic-workbench-pc-visualizer,elastic-workbench-pc-visualizer-1,21,"{'data_quality': 40, 'model_size': 1, 'parallelism': 1}",1.0,-1,45,-1
2025-07-03 17:08:01.844436,elastic-workbench-qr-detector,elastic-workbench-qr-detector-1,28,"{'data_quality': 662, 'parallelism': 1}",1.33,-1,31,-1
2025-07-03 17:08:01.847453,elastic-workbench-cv-analyzer,elastic-workbench-cv-analyzer-1,447,"{'data_quality': 252, 'model_size': 3, 'parallelism': 1}",5.67,-1,1,-1
2025-07-03 17:08:01.851431,elastic-workbench-pc-visualizer,elastic-workbench-pc-visualizer-1,21,"{'data_quality': 40, 'model_size': 1, 'parallelism': 1}",1.0,-1,46,-1
2025-07-03 17:08:11.844904,elastic-workbench-qr-detector,elastic-workbench-qr-detector-1,28,"{'data_quality': 662, 'parallelism': 1}",1.29,-1,31,-1
2025-07-03 17:08:11.847619,elastic-workbench-cv-analyzer,elastic-workbench-cv-analyzer-1,440,"{'data_quality': 252, 'model_size': 3, 'parallelism': 1}",5.71,-1,1,-1
2025-07-03 17:08:11.850107,elastic-workbench-pc-visualizer,elastic-workbench-pc-visualizer-1,21,"{'data_quality': 40, 'model_size': 1, 'parallelism': 1}",1.0,-1,47,-1
2025-07-03 17:08:21.844062,elastic-workbench-qr-detector,elastic-workbench-qr-detector-1,28,"{'data_quality': 662, 'parallelism': 1}",1.29,-1,31,-1
2025-07-03 17:08:21.851706,elastic-workbench-cv-analyzer,elastic-workbench-cv-analyzer-1,368,"{'data_quality': 252, 'model_size': 3, 'parallelism': 1}",5.71,-1,1,-1
2025-07-03 17:08:21.854225,elastic-workbench-pc-visualizer,elastic-workbench-pc-visualizer-1,21,"{'data_quality': 40, 'model_size': 1, 'parallelism': 1}",1.0,-1,46,-1
2025-07-03 17:08:31.843495,elastic-workbench-qr-detector,elastic-workbench-qr-detector-1,29,"{'data_quality': 662, 'parallelism': 1}",1.29,-1,31,-1
2025-07-03 17:08:31.846018,elastic-workbench-cv-analyzer,elastic-workbench-cv-analyzer-1,416,"{'data_quality': 252, 'model_size': 3, 'parallelism': 1}",5.71,-1,2,-1
2025-07-03 17:08:31.848734,elastic-workbench-pc-visualizer,elastic-workbench-pc-visualizer-1,21,"{'data_quality': 40, 'model_size': 1, 'parallelism': 1}",1.0,-1,47,-1
2025-07-03 17:08:41.848756,elastic-workbench-qr-detector,elastic-workbench-qr-detector-1,28,"{'data_quality': 662, 'parallelism': 1}",1.29,-1,30,-1
2025-07-03 17:08:41.854084,elastic-workbench-cv-analyzer,elastic-workbench-cv-analyzer-1,316,"{'data_quality': 252, 'model_size': 3, 'parallelism': 1}",5.71,-1,1,-1
2025-07-03 17:08:41.860524,elastic-workbench-pc-visualizer,elastic-workbench-pc-visualizer-1,21,"{'data_quality': 40, 'model_size': 1, 'parallelism': 1}",1.0,-1,46,-1
2025-07-03 17:08:51.845678,elastic-workbench-qr-detector,elastic-workbench-qr-detector-1,29,"{'data_quality': 662, 'parallelism': 1}",1.25,-1,30,-1
2025-07-03 17:08:51.848258,elastic-workbench-cv-analyzer,elastic-workbench-cv-analyzer-1,440,"{'data_quality': 252, 'model_size': 3, 'parallelism': 1}",5.75,-1,1,-1
2025-07-03 17:08:51.850999,elastic-workbench-pc-visualizer,elastic-workbench-pc-visualizer-1,21,"{'data_quality': 40, 'model_size': 1, 'parallelism': 1}",1.0,-1,45,-1
2025-07-03 17:09:01.847442,elastic-workbench-qr-detector,elastic-workbench-qr-detector-1,31,"{'data_quality': 662, 'parallelism': 1}",1.25,-1,30,-1
2025-07-03 17:09:01.850040,elastic-workbench-cv-analyzer,elastic-workbench-cv-analyzer-1,369,"{'data_quality': 252, 'model_size': 3, 'parallelism': 1}",5.75,-1,2,-1
2025-07-03 17:09:01.852740,elastic-workbench-pc-visualizer,elastic-workbench-pc-visualizer-1,22,"{'data_quality': 40, 'model_size': 1, 'parallelism': 1}",1.0,-1,44,-1
2025-07-03 17:09:11.846857,elastic-workbench-qr-detector,elastic-workbench-qr-detector-1,32,"{'data_quality': 662, 'parallelism': 1}",1.25,-1,30,-1
2025-07-03 17:09:11.849818,elastic-workbench-cv-analyzer,elastic-workbench-cv-analyzer-1,396,"{'data_quality': 252, 'model_size': 3, 'parallelism': 1}",5.75,-1,1,-1
2025-07-03 17:09:11.857905,elastic-workbench-pc-visualizer,elastic-workbench-pc-visualizer-1,21,"{'data_quality': 40, 'model_size': 1, 'parallelism': 1}",1.0,-1,45,-1
2025-07-03 17:09:21.849508,elastic-workbench-qr-detector,elastic-workbench-qr-detector-1,28,"{'data_quality': 662, 'parallelism': 1}",1.32,-1,33,-1
2025-07-03 17:09:21.854892,elastic-workbench-cv-analyzer,elastic-workbench-cv-analyzer-1,489,"{'data_quality': 252, 'model_size': 3, 'parallelism': 1}",5.68,-1,1,-1
2025-07-03 17:09:21.857411,elastic-workbench-pc-visualizer,elastic-workbench-pc-visualizer-1,21,"{'data_quality': 40, 'model_size': 1, 'parallelism': 1}",1.0,-1,45,-1
2025-07-03 17:09:31.850712,elastic-workbench-qr-detector,elastic-workbench-qr-detector-1,28,"{'data_quality': 662, 'parallelism': 1}",1.36,-1,34,-1
2025-07-03 17:09:31.853546,elastic-workbench-cv-analyzer,elastic-workbench-cv-analyzer-1,488,"{'data_quality': 252, 'model_size': 3, 'parallelism': 1}",5.64,-1,1,-1
2025-07-03 17:09:31.857063,elastic-workbench-pc-visualizer,elastic-workbench-pc-visualizer-1,22,"{'data_quality': 40, 'model_size': 1, 'parallelism': 1}",1.0,-1,45,-1
2025-07-03 17:09:41.852341,elastic-workbench-qr-detector,elastic-workbench-qr-detector-1,27,"{'data_quality': 662, 'parallelism': 1}",1.4,-1,35,-1
2025-07-03 17:09:41.856239,elastic-workbench-cv-analyzer,elastic-workbench-cv-analyzer-1,399,"{'data_quality': 252, 'model_size': 3, 'parallelism': 1}",5.6,-1,1,-1
2025-07-03 17:09:41.860661,elastic-workbench-pc-visualizer,elastic-workbench-pc-visualizer-1,21,"{'data_quality': 40, 'model_size': 1, 'parallelism': 1}",1.0,-1,45,-1
2025-07-03 17:09:51.853803,elastic-workbench-qr-detector,elastic-workbench-qr-detector-1,26,"{'data_quality': 662, 'parallelism': 1}",1.47,-1,36,-1
2025-07-03 17:09:51.856706,elastic-workbench-cv-analyzer,elastic-workbench-cv-analyzer-1,270,"{'data_quality': 252, 'model_size': 2, 'parallelism': 1}",5.53,-1,3,-1
2025-07-03 17:09:51.859368,elastic-workbench-pc-visualizer,elastic-workbench-pc-visualizer-1,21,"{'data_quality': 40, 'model_size': 1, 'parallelism': 1}",1.0,-1,46,-1
2025-07-03 17:10:01.852622,elastic-workbench-qr-detector,elastic-workbench-qr-detector-1,26,"{'data_quality': 662, 'parallelism': 1}",1.47,-1,35,-1
2025-07-03 17:10:01.855217,elastic-workbench-cv-analyzer,elastic-workbench-cv-analyzer-1,184,"{'data_quality': 252, 'model_size': 2, 'parallelism': 1}",5.53,-1,4,-1
2025-07-03 17:10:01.857917,elastic-workbench-pc-visualizer,elastic-workbench-pc-visualizer-1,20,"{'data_quality': 40, 'model_size': 1, 'parallelism': 1}",1.0,-1,47,-1
2025-07-03 17:10:11.853536,elastic-workbench-qr-detector,elastic-workbench-qr-detector-1,25,"{'data_quality': 662, 'parallelism': 1}",1.43,-1,36,-1
2025-07-03 17:10:11.856473,elastic-workbench-cv-analyzer,elastic-workbench-cv-analyzer-1,204,"{'data_quality': 252, 'model_size': 2, 'parallelism': 1}",5.57,-1,4,-1
2025-07-03 17:10:11.864596,elastic-workbench-pc-visualizer,elastic-workbench-pc-visualizer-1,21,"{'data_quality': 40, 'model_size': 1, 'parallelism': 1}",1.0,-1,45,-1
2025-07-03 17:10:21.854530,elastic-workbench-qr-detector,elastic-workbench-qr-detector-1,25,"{'data_quality': 662, 'parallelism': 1}",1.47,-1,37,-1
2025-07-03 17:10:21.857153,elastic-workbench-cv-analyzer,elastic-workbench-cv-analyzer-1,220,"{'data_quality': 252, 'model_size': 2, 'parallelism': 1}",5.53,-1,3,-1
2025-07-03 17:10:21.859716,elastic-workbench-pc-visualizer,elastic-workbench-pc-visualizer-1,20,"{'data_quality': 40, 'model_size': 1, 'parallelism': 1}",1.0,-1,47,-1
2025-07-03 17:10:31.856218,elastic-workbench-qr-detector,elastic-workbench-qr-detector-1,50,"{'data_quality': 662, 'parallelism': 1}",1.5,-1,37,-1
2025-07-03 17:10:31.859339,elastic-workbench-cv-analyzer,elastic-workbench-cv-analyzer-1,188,"{'data_quality': 252, 'model_size': 2, 'parallelism': 1}",5.5,-1,4,-1
2025-07-03 17:10:31.862606,elastic-workbench-pc-visualizer,elastic-workbench-pc-visualizer-1,20,"{'data_quality': 40, 'model_size': 1, 'parallelism': 1}",1.0,-1,48,-1
2025-07-03 17:10:41.856193,elastic-workbench-qr-detector,elastic-workbench-qr-detector-1,50,"{'data_quality': 662, 'parallelism': 1}",1.5,-1,37,-1
2025-07-03 17:10:41.858796,elastic-workbench-cv-analyzer,elastic-workbench-cv-analyzer-1,240,"{'data_quality': 252, 'model_size': 2, 'parallelism': 1}",5.5,-1,3,-1
2025-07-03 17:10:41.861523,elastic-workbench-pc-visualizer,elastic-workbench-pc-visualizer-1,21,"{'data_quality': 40, 'model_size': 1, 'parallelism': 1}",1.0,-1,45,-1
2025-07-03 17:10:51.857626,elastic-workbench-qr-detector,elastic-workbench-qr-detector-1,50,"{'data_quality': 662, 'parallelism': 1}",1.5,-1,35,-1
2025-07-03 17:10:51.860502,elastic-workbench-cv-analyzer,elastic-workbench-cv-analyzer-1,196,"{'data_quality': 252, 'model_size': 2, 'parallelism': 1}",5.5,-1,3,-1
2025-07-03 17:10:51.863127,elastic-workbench-pc-visualizer,elastic-workbench-pc-visualizer-1,20,"{'data_quality': 40, 'model_size': 1, 'parallelism': 1}",1.0,-1,47,-1
2025-07-03 17:11:01.857957,elastic-workbench-qr-detector,elastic-workbench-qr-detector-1,27,"{'data_quality': 662, 'parallelism': 1}",1.43,-1,35,-1
2025-07-03 17:11:01.864311,elastic-workbench-cv-analyzer,elastic-workbench-cv-analyzer-1,211,"{'data_quality': 252, 'model_size': 2, 'parallelism': 1}",5.57,-1,4,-1
2025-07-03 17:11:01.867975,elastic-workbench-pc-visualizer,elastic-workbench-pc-visualizer-1,21,"{'data_quality': 40, 'model_size': 1, 'parallelism': 1}",1.0,-1,46,-1
2025-07-03 17:11:11.857859,elastic-workbench-qr-detector,elastic-workbench-qr-detector-1,27,"{'data_quality': 662, 'parallelism': 1}",1.46,-1,36,-1
2025-07-03 17:11:11.860697,elastic-workbench-cv-analyzer,elastic-workbench-cv-analyzer-1,202,"{'data_quality': 252, 'model_size': 2, 'parallelism': 1}",5.54,-1,3,-1
2025-07-03 17:11:11.863283,elastic-workbench-pc-visualizer,elastic-workbench-pc-visualizer-1,20,"{'data_quality': 40, 'model_size': 1, 'parallelism': 1}",1.0,-1,48,-1
2025-07-03 17:11:21.859485,elastic-workbench-qr-detector,elastic-workbench-qr-detector-1,48,"{'data_quality': 662, 'parallelism': 1}",1.58,-1,39,-1
2025-07-03 17:11:21.862488,elastic-workbench-cv-analyzer,elastic-workbench-cv-analyzer-1,288,"{'data_quality': 252, 'model_size': 2, 'parallelism': 1}",5.42,-1,3,-1
2025-07-03 17:11:21.865028,elastic-workbench-pc-visualizer,elastic-workbench-pc-visualizer-1,21,"{'data_quality': 40, 'model_size': 1, 'parallelism': 1}",1.0,-1,45,-1
2025-07-03 17:11:31.863244,elastic-workbench-qr-detector,elastic-workbench-qr-detector-1,45,"{'data_quality': 662, 'parallelism': 1}",1.61,-1,40,-1
2025-07-03 17:11:31.869356,elastic-workbench-cv-analyzer,elastic-workbench-cv-analyzer-1,220,"{'data_quality': 252, 'model_size': 2, 'parallelism': 1}",5.39,-1,3,-1
2025-07-03 17:11:31.872130,elastic-workbench-pc-visualizer,elastic-workbench-pc-visualizer-1,21,"{'data_quality': 40, 'model_size': 1, 'parallelism': 1}",1.0,-1,46,-1
2025-07-03 17:11:41.862461,elastic-workbench-qr-detector,elastic-workbench-qr-detector-1,46,"{'data_quality': 662, 'parallelism': 1}",1.61,-1,39,-1
2025-07-03 17:11:41.865285,elastic-workbench-cv-analyzer,elastic-workbench-cv-analyzer-1,224,"{'data_quality': 252, 'model_size': 2, 'parallelism': 1}",5.39,-1,3,-1
2025-07-03 17:11:41.867843,elastic-workbench-pc-visualizer,elastic-workbench-pc-visualizer-1,21,"{'data_quality': 40, 'model_size': 1, 'parallelism': 1}",1.0,-1,47,-1
2025-07-03 17:11:51.860273,elastic-workbench-qr-detector,elastic-workbench-qr-detector-1,48,"{'data_quality': 662, 'parallelism': 1}",1.57,-1,39,-1
2025-07-03 17:11:51.863338,elastic-workbench-cv-analyzer,elastic-workbench-cv-analyzer-1,207,"{'data_quality': 252, 'model_size': 2, 'parallelism': 1}",5.43,-1,3,-1
2025-07-03 17:11:51.865926,elastic-workbench-pc-visualizer,elastic-workbench-pc-visualizer-1,21,"{'data_quality': 40, 'model_size': 1, 'parallelism': 1}",1.0,-1,45,-1
2025-07-03 17:12:01.859846,elastic-workbench-qr-detector,elastic-workbench-qr-detector-1,45,"{'data_quality': 662, 'parallelism': 1}",1.61,-1,38,-1
2025-07-03 17:12:01.862445,elastic-workbench-cv-analyzer,elastic-workbench-cv-analyzer-1,245,"{'data_quality': 252, 'model_size': 2, 'parallelism': 1}",5.39,-1,3,-1
2025-07-03 17:12:01.865205,elastic-workbench-pc-visualizer,elastic-workbench-pc-visualizer-1,21,"{'data_quality': 40, 'model_size': 1, 'parallelism': 1}",1.0,-1,45,-1
2025-07-03 17:12:11.860538,elastic-workbench-qr-detector,elastic-workbench-qr-detector-1,46,"{'data_quality': 662, 'parallelism': 1}",1.54,-1,36,-1
2025-07-03 17:12:11.863401,elastic-workbench-cv-analyzer,elastic-workbench-cv-analyzer-1,245,"{'data_quality': 252, 'model_size': 2, 'parallelism': 1}",5.46,-1,3,-1
2025-07-03 17:12:11.865975,elastic-workbench-pc-visualizer,elastic-workbench-pc-visualizer-1,21,"{'data_quality': 40, 'model_size': 1, 'parallelism': 1}",1.0,-1,45,-1
2025-07-03 17:12:21.863501,elastic-workbench-qr-detector,elastic-workbench-qr-detector-1,27,"{'data_quality': 662, 'parallelism': 1}",1.46,-1,34,-1
2025-07-03 17:12:21.866392,elastic-workbench-cv-analyzer,elastic-workbench-cv-analyzer-1,247,"{'data_quality': 252, 'model_size': 2, 'parallelism': 1}",5.54,-1,3,-1
2025-07-03 17:12:21.869327,elastic-workbench-pc-visualizer,elastic-workbench-pc-visualizer-1,21,"{'data_quality': 40, 'model_size': 1, 'parallelism': 1}",1.0,-1,45,-1
2025-07-03 17:12:31.862738,elastic-workbench-qr-detector,elastic-workbench-qr-detector-1,27,"{'data_quality': 662, 'parallelism': 1}",1.42,-1,34,-1
2025-07-03 17:12:31.867239,elastic-workbench-cv-analyzer,elastic-workbench-cv-analyzer-1,248,"{'data_quality': 252, 'model_size': 2, 'parallelism': 1}",5.58,-1,2,-1
2025-07-03 17:12:31.869939,elastic-workbench-pc-visualizer,elastic-workbench-pc-visualizer-1,21,"{'data_quality': 40, 'model_size': 1, 'parallelism': 1}",1.0,-1,46,-1
2025-07-03 17:12:41.863516,elastic-workbench-qr-detector,elastic-workbench-qr-detector-1,28,"{'data_quality': 662, 'parallelism': 1}",1.39,-1,33,-1
2025-07-03 17:12:41.866726,elastic-workbench-cv-analyzer,elastic-workbench-cv-analyzer-1,515,"{'data_quality': 252, 'model_size': 3, 'parallelism': 1}",5.61,-1,1,-1
2025-07-03 17:12:41.869337,elastic-workbench-pc-visualizer,elastic-workbench-pc-visualizer-1,21,"{'data_quality': 40, 'model_size': 1, 'parallelism': 1}",1.0,-1,45,-1
2025-07-03 17:12:51.864512,elastic-workbench-qr-detector,elastic-workbench-qr-detector-1,26,"{'data_quality': 662, 'parallelism': 1}",1.42,-1,34,-1
2025-07-03 17:12:51.874115,elastic-workbench-cv-analyzer,elastic-workbench-cv-analyzer-1,418,"{'data_quality': 252, 'model_size': 3, 'parallelism': 1}",5.58,-1,2,-1
2025-07-03 17:12:51.877417,elastic-workbench-pc-visualizer,elastic-workbench-pc-visualizer-1,22,"{'data_quality': 40, 'model_size': 1, 'parallelism': 1}",1.0,-1,45,-1
2025-07-03 17:13:01.864523,elastic-workbench-qr-detector,elastic-workbench-qr-detector-1,27,"{'data_quality': 662, 'parallelism': 1}",1.39,-1,33,-1
2025-07-03 17:13:01.867412,elastic-workbench-cv-analyzer,elastic-workbench-cv-analyzer-1,545,"{'data_quality': 252, 'model_size': 3, 'parallelism': 1}",5.61,-1,1,-1
2025-07-03 17:13:01.870089,elastic-workbench-pc-visualizer,elastic-workbench-pc-visualizer-1,21,"{'data_quality': 40, 'model_size': 1, 'parallelism': 1}",1.0,-1,46,-1
2025-07-03 17:13:11.865045,elastic-workbench-qr-detector,elastic-workbench-qr-detector-1,27,"{'data_quality': 662, 'parallelism': 1}",1.35,-1,33,-1
2025-07-03 17:13:11.867924,elastic-workbench-cv-analyzer,elastic-workbench-cv-analyzer-1,425,"{'data_quality': 252, 'model_size': 3, 'parallelism': 1}",5.65,-1,2,-1
2025-07-03 17:13:11.870524,elastic-workbench-pc-visualizer,elastic-workbench-pc-visualizer-1,21,"{'data_quality': 40, 'model_size': 1, 'parallelism': 1}",1.0,-1,45,-1
2025-07-03 17:13:21.873532,elastic-workbench-qr-detector,elastic-workbench-qr-detector-1,28,"{'data_quality': 662, 'parallelism': 1}",1.35,-1,33,-1
2025-07-03 17:13:21.876701,elastic-workbench-cv-analyzer,elastic-workbench-cv-analyzer-1,479,"{'data_quality': 252, 'model_size': 3, 'parallelism': 1}",5.65,-1,1,-1
2025-07-03 17:13:21.879318,elastic-workbench-pc-visualizer,elastic-workbench-pc-visualizer-1,21,"{'data_quality': 40, 'model_size': 1, 'parallelism': 1}",1.0,-1,45,-1
2025-07-03 17:13:31.867052,elastic-workbench-qr-detector,elastic-workbench-qr-detector-1,27,"{'data_quality': 662, 'parallelism': 1}",1.35,-1,32,-1
2025-07-03 17:13:31.869982,elastic-workbench-cv-analyzer,elastic-workbench-cv-analyzer-1,504,"{'data_quality': 252, 'model_size': 3, 'parallelism': 1}",5.65,-1,1,-1
2025-07-03 17:13:31.872590,elastic-workbench-pc-visualizer,elastic-workbench-pc-visualizer-1,21,"{'data_quality': 40, 'model_size': 1, 'parallelism': 1}",1.0,-1,45,-1
2025-07-03 17:13:41.868245,elastic-workbench-qr-detector,elastic-workbench-qr-detector-1,28,"{'data_quality': 662, 'parallelism': 1}",1.31,-1,32,-1
2025-07-03 17:13:41.871055,elastic-workbench-cv-analyzer,elastic-workbench-cv-analyzer-1,473,"{'data_quality': 252, 'model_size': 3, 'parallelism': 1}",5.69,-1,1,-1
2025-07-03 17:13:41.873542,elastic-workbench-pc-visualizer,elastic-workbench-pc-visualizer-1,21,"{'data_quality': 40, 'model_size': 1, 'parallelism': 1}",1.0,-1,47,-1
2025-07-03 17:13:51.867424,elastic-workbench-qr-detector,elastic-workbench-qr-detector-1,29,"{'data_quality': 662, 'parallelism': 1}",1.31,-1,31,-1
2025-07-03 17:13:51.870298,elastic-workbench-cv-analyzer,elastic-workbench-cv-analyzer-1,608,"{'data_quality': 252, 'model_size': 3, 'parallelism': 1}",5.69,-1,1,-1
2025-07-03 17:13:51.873682,elastic-workbench-pc-visualizer,elastic-workbench-pc-visualizer-1,21,"{'data_quality': 40, 'model_size': 1, 'parallelism': 1}",1.0,-1,46,-1
2025-07-03 17:14:01.871245,elastic-workbench-qr-detector,elastic-workbench-qr-detector-1,30,"{'data_quality': 662, 'parallelism': 1}",1.27,-1,30,-1
2025-07-03 17:14:01.874170,elastic-workbench-cv-analyzer,elastic-workbench-cv-analyzer-1,394,"{'data_quality': 252, 'model_size': 3, 'parallelism': 1}",5.73,-1,2,-1
2025-07-03 17:14:01.876716,elastic-workbench-pc-visualizer,elastic-workbench-pc-visualizer-1,21,"{'data_quality': 40, 'model_size': 1, 'parallelism': 1}",1.0,-1,45,-1
2025-07-03 17:14:11.868210,elastic-workbench-qr-detector,elastic-workbench-qr-detector-1,30,"{'data_quality': 662, 'parallelism': 1}",1.23,-1,30,-1
2025-07-03 17:14:11.871088,elastic-workbench-cv-analyzer,elastic-workbench-cv-analyzer-1,440,"{'data_quality': 252, 'model_size': 3, 'parallelism': 1}",5.77,-1,1,-1
2025-07-03 17:14:11.873667,elastic-workbench-pc-visualizer,elastic-workbench-pc-visualizer-1,21,"{'data_quality': 40, 'model_size': 1, 'parallelism': 1}",1.0,-1,46,-1
2025-07-03 17:14:21.868188,elastic-workbench-qr-detector,elastic-workbench-qr-detector-1,30,"{'data_quality': 662, 'parallelism': 1}",1.27,-1,31,-1
2025-07-03 17:14:21.870973,elastic-workbench-cv-analyzer,elastic-workbench-cv-analyzer-1,408,"{'data_quality': 252, 'model_size': 3, 'parallelism': 1}",5.73,-1,2,-1
2025-07-03 17:14:21.873532,elastic-workbench-pc-visualizer,elastic-workbench-pc-visualizer-1,21,"{'data_quality': 40, 'model_size': 1, 'parallelism': 1}",1.0,-1,45,-1
2025-07-03 17:14:31.868395,elastic-workbench-qr-detector,elastic-workbench-qr-detector-1,28,"{'data_quality': 662, 'parallelism': 1}",1.31,-1,32,-1
2025-07-03 17:14:31.871242,elastic-workbench-cv-analyzer,elastic-workbench-cv-analyzer-1,416,"{'data_quality': 252, 'model_size': 3, 'parallelism': 1}",5.69,-1,2,-1
2025-07-03 17:14:31.878938,elastic-workbench-pc-visualizer,elastic-workbench-pc-visualizer-1,22,"{'data_quality': 40, 'model_size': 1, 'parallelism': 1}",1.0,-1,45,-1
2025-07-03 17:14:41.869531,elastic-workbench-qr-detector,elastic-workbench-qr-detector-1,29,"{'data_quality': 662, 'parallelism': 1}",1.31,-1,30,-1
2025-07-03 17:14:41.872814,elastic-workbench-cv-analyzer,elastic-workbench-cv-analyzer-1,449,"{'data_quality': 252, 'model_size': 3, 'parallelism': 1}",5.69,-1,1,-1
2025-07-03 17:14:41.875504,elastic-workbench-pc-visualizer,elastic-workbench-pc-visualizer-1,22,"{'data_quality': 40, 'model_size': 1, 'parallelism': 1}",1.0,-1,44,-1
2025-07-03 17:14:51.869576,elastic-workbench-qr-detector,elastic-workbench-qr-detector-1,29,"{'data_quality': 662, 'parallelism': 1}",1.27,-1,32,-1
2025-07-03 17:14:51.872493,elastic-workbench-cv-analyzer,elastic-workbench-cv-analyzer-1,478,"{'data_quality': 252, 'model_size': 3, 'parallelism': 1}",5.73,-1,1,-1
2025-07-03 17:14:51.875184,elastic-workbench-pc-visualizer,elastic-workbench-pc-visualizer-1,21,"{'data_quality': 40, 'model_size': 1, 'parallelism': 1}",1.0,-1,46,-1
2025-07-03 17:15:01.870070,elastic-workbench-qr-detector,elastic-workbench-qr-detector-1,28,"{'data_quality': 662, 'parallelism': 1}",1.31,-1,32,-1
2025-07-03 17:15:01.872685,elastic-workbench-cv-analyzer,elastic-workbench-cv-analyzer-1,380,"{'data_quality': 252, 'model_size': 3, 'parallelism': 1}",5.69,-1,1,-1
2025-07-03 17:15:01.875214,elastic-workbench-pc-visualizer,elastic-workbench-pc-visualizer-1,21,"{'data_quality': 40, 'model_size': 1, 'parallelism': 1}",1.0,-1,45,-1
2025-07-03 17:15:11.871529,elastic-workbench-qr-detector,elastic-workbench-qr-detector-1,27,"{'data_quality': 662, 'parallelism': 1}",1.31,-1,31,-1
2025-07-03 17:15:11.875443,elastic-workbench-cv-analyzer,elastic-workbench-cv-analyzer-1,479,"{'data_quality': 252, 'model_size': 3, 'parallelism': 1}",5.69,-1,0,-1
2025-07-03 17:15:11.879112,elastic-workbench-pc-visualizer,elastic-workbench-pc-visualizer-1,20,"{'data_quality': 40, 'model_size': 1, 'parallelism': 1}",1.0,-1,47,-1
2025-07-03 17:15:21.871405,elastic-workbench-qr-detector,elastic-workbench-qr-detector-1,28,"{'data_quality': 662, 'parallelism': 1}",1.27,-1,30,-1
2025-07-03 17:15:21.874823,elastic-workbench-cv-analyzer,elastic-workbench-cv-analyzer-1,534,"{'data_quality': 252, 'model_size': 3, 'parallelism': 1}",5.73,-1,1,-1
2025-07-03 17:15:21.877449,elastic-workbench-pc-visualizer,elastic-workbench-pc-visualizer-1,21,"{'data_quality': 40, 'model_size': 1, 'parallelism': 1}",1.0,-1,46,-1
2025-07-03 17:15:31.876213,elastic-workbench-qr-detector,elastic-workbench-qr-detector-1,31,"{'data_quality': 662, 'parallelism': 1}",1.23,-1,30,-1
2025-07-03 17:15:31.879473,elastic-workbench-cv-analyzer,elastic-workbench-cv-analyzer-1,608,"{'data_quality': 252, 'model_size': 3, 'parallelism': 1}",5.77,-1,1,-1
2025-07-03 17:15:31.882330,elastic-workbench-pc-visualizer,elastic-workbench-pc-visualizer-1,21,"{'data_quality': 40, 'model_size': 1, 'parallelism': 1}",1.0,-1,45,-1
2025-07-03 17:15:41.871538,elastic-workbench-qr-detector,elastic-workbench-qr-detector-1,32,"{'data_quality': 662, 'parallelism': 1}",1.23,-1,29,-1
2025-07-03 17:15:41.874448,elastic-workbench-cv-analyzer,elastic-workbench-cv-analyzer-1,339,"{'data_quality': 252, 'model_size': 3, 'parallelism': 1}",5.77,-1,1,-1
2025-07-03 17:15:41.877423,elastic-workbench-pc-visualizer,elastic-workbench-pc-visualizer-1,21,"{'data_quality': 40, 'model_size': 1, 'parallelism': 1}",1.0,-1,45,-1
2025-07-03 17:15:51.873641,elastic-workbench-qr-detector,elastic-workbench-qr-detector-1,33,"{'data_quality': 662, 'parallelism': 1}",1.23,-1,29,-1
2025-07-03 17:15:51.883793,elastic-workbench-cv-analyzer,elastic-workbench-cv-analyzer-1,468,"{'data_quality': 252, 'model_size': 3, 'parallelism': 1}",5.77,-1,1,-1
2025-07-03 17:15:51.887024,elastic-workbench-pc-visualizer,elastic-workbench-pc-visualizer-1,21,"{'data_quality': 40, 'model_size': 1, 'parallelism': 1}",1.0,-1,46,-1
2025-07-03 17:16:01.872071,elastic-workbench-qr-detector,elastic-workbench-qr-detector-1,31,"{'data_quality': 662, 'parallelism': 1}",1.27,-1,31,-1
2025-07-03 17:16:01.875051,elastic-workbench-cv-analyzer,elastic-workbench-cv-analyzer-1,430,"{'data_quality': 252, 'model_size': 3, 'parallelism': 1}",5.73,-1,1,-1
2025-07-03 17:16:01.877623,elastic-workbench-pc-visualizer,elastic-workbench-pc-visualizer-1,21,"{'data_quality': 40, 'model_size': 1, 'parallelism': 1}",1.0,-1,46,-1
2025-07-03 17:16:11.873289,elastic-workbench-qr-detector,elastic-workbench-qr-detector-1,27,"{'data_quality': 662, 'parallelism': 1}",1.38,-1,35,-1
2025-07-03 17:16:11.876550,elastic-workbench-cv-analyzer,elastic-workbench-cv-analyzer-1,463,"{'data_quality': 252, 'model_size': 3, 'parallelism': 1}",5.62,-1,1,-1
2025-07-03 17:16:11.882567,elastic-workbench-pc-visualizer,elastic-workbench-pc-visualizer-1,21,"{'data_quality': 40, 'model_size': 1, 'parallelism': 1}",1.0,-1,46,-1
2025-07-03 17:16:21.874559,elastic-workbench-qr-detector,elastic-workbench-qr-detector-1,26,"{'data_quality': 662, 'parallelism': 1}",1.45,-1,35,-1
2025-07-03 17:16:21.877798,elastic-workbench-cv-analyzer,elastic-workbench-cv-analyzer-1,233,"{'data_quality': 252, 'model_size': 2, 'parallelism': 1}",5.55,-1,3,-1
2025-07-03 17:16:21.880375,elastic-workbench-pc-visualizer,elastic-workbench-pc-visualizer-1,20,"{'data_quality': 40, 'model_size': 1, 'parallelism': 1}",1.0,-1,47,-1
2025-07-03 17:16:31.874555,elastic-workbench-qr-detector,elastic-workbench-qr-detector-1,25,"{'data_quality': 662, 'parallelism': 1}",1.45,-1,35,-1
2025-07-03 17:16:31.877326,elastic-workbench-cv-analyzer,elastic-workbench-cv-analyzer-1,257,"{'data_quality': 252, 'model_size': 2, 'parallelism': 1}",5.55,-1,3,-1
2025-07-03 17:16:31.879833,elastic-workbench-pc-visualizer,elastic-workbench-pc-visualizer-1,20,"{'data_quality': 40, 'model_size': 1, 'parallelism': 1}",1.0,-1,47,-1
2025-07-03 17:16:41.878942,elastic-workbench-qr-detector,elastic-workbench-qr-detector-1,27,"{'data_quality': 662, 'parallelism': 1}",1.41,-1,33,-1
2025-07-03 17:16:41.882919,elastic-workbench-cv-analyzer,elastic-workbench-cv-analyzer-1,232,"{'data_quality': 252, 'model_size': 2, 'parallelism': 1}",5.59,-1,2,-1
2025-07-03 17:16:41.885870,elastic-workbench-pc-visualizer,elastic-workbench-pc-visualizer-1,20,"{'data_quality': 40, 'model_size': 1, 'parallelism': 1}",1.0,-1,47,-1
2025-07-03 17:16:51.878703,elastic-workbench-qr-detector,elastic-workbench-qr-detector-1,28,"{'data_quality': 662, 'parallelism': 1}",1.34,-1,34,-1
2025-07-03 17:16:51.881630,elastic-workbench-cv-analyzer,elastic-workbench-cv-analyzer-1,581,"{'data_quality': 252, 'model_size': 3, 'parallelism': 1}",5.66,-1,1,-1
2025-07-03 17:16:51.884189,elastic-workbench-pc-visualizer,elastic-workbench-pc-visualizer-1,22,"{'data_quality': 40, 'model_size': 1, 'parallelism': 1}",1.0,-1,45,-1
2025-07-03 17:17:01.879541,elastic-workbench-qr-detector,elastic-workbench-qr-detector-1,28,"{'data_quality': 662, 'parallelism': 1}",1.45,-1,35,-1
2025-07-03 17:17:01.886444,elastic-workbench-cv-analyzer,elastic-workbench-cv-analyzer-1,210,"{'data_quality': 252, 'model_size': 2, 'parallelism': 1}",5.55,-1,3,-1
2025-07-03 17:17:01.889990,elastic-workbench-pc-visualizer,elastic-workbench-pc-visualizer-1,20,"{'data_quality': 40, 'model_size': 1, 'parallelism': 1}",1.0,-1,48,-1
2025-07-03 17:17:11.879230,elastic-workbench-qr-detector,elastic-workbench-qr-detector-1,51,"{'data_quality': 662, 'parallelism': 1}",1.52,-1,37,-1
2025-07-03 17:17:11.882135,elastic-workbench-cv-analyzer,elastic-workbench-cv-analyzer-1,267,"{'data_quality': 252, 'model_size': 2, 'parallelism': 1}",5.48,-1,3,-1
2025-07-03 17:17:11.884672,elastic-workbench-pc-visualizer,elastic-workbench-pc-visualizer-1,21,"{'data_quality': 40, 'model_size': 1, 'parallelism': 1}",1.0,-1,46,-1
2025-07-03 17:17:21.879910,elastic-workbench-qr-detector,elastic-workbench-qr-detector-1,53,"{'data_quality': 662, 'parallelism': 1}",1.52,-1,37,-1
2025-07-03 17:17:21.883578,elastic-workbench-cv-analyzer,elastic-workbench-cv-analyzer-1,231,"{'data_quality': 252, 'model_size': 2, 'parallelism': 1}",5.48,-1,4,-1
2025-07-03 17:17:21.891818,elastic-workbench-pc-visualizer,elastic-workbench-pc-visualizer-1,19,"{'data_quality': 40, 'model_size': 1, 'parallelism': 1}",1.0,-1,49,-1
2025-07-03 17:17:31.880247,elastic-workbench-qr-detector,elastic-workbench-qr-detector-1,51,"{'data_quality': 662, 'parallelism': 1}",1.56,-1,37,-1
2025-07-03 17:17:31.883182,elastic-workbench-cv-analyzer,elastic-workbench-cv-analyzer-1,230,"{'data_quality': 252, 'model_size': 2, 'parallelism': 1}",5.44,-1,3,-1
2025-07-03 17:17:31.885904,elastic-workbench-pc-visualizer,elastic-workbench-pc-visualizer-1,20,"{'data_quality': 40, 'model_size': 1, 'parallelism': 1}",1.0,-1,47,-1
2025-07-03 17:17:41.880897,elastic-workbench-qr-detector,elastic-workbench-qr-detector-1,45,"{'data_quality': 662, 'parallelism': 1}",1.6,-1,39,-1
2025-07-03 17:17:41.883802,elastic-workbench-cv-analyzer,elastic-workbench-cv-analyzer-1,226,"{'data_quality': 252, 'model_size': 2, 'parallelism': 1}",5.4,-1,3,-1
2025-07-03 17:17:41.886575,elastic-workbench-pc-visualizer,elastic-workbench-pc-visualizer-1,21,"{'data_quality': 40, 'model_size': 1, 'parallelism': 1}",1.0,-1,46,-1
2025-07-03 17:17:51.887359,elastic-workbench-qr-detector,elastic-workbench-qr-detector-1,50,"{'data_quality': 662, 'parallelism': 1}",1.56,-1,38,-1
2025-07-03 17:17:51.890488,elastic-workbench-cv-analyzer,elastic-workbench-cv-analyzer-1,221,"{'data_quality': 252, 'model_size': 2, 'parallelism': 1}",5.44,-1,3,-1
2025-07-03 17:17:51.893241,elastic-workbench-pc-visualizer,elastic-workbench-pc-visualizer-1,21,"{'data_quality': 40, 'model_size': 1, 'parallelism': 1}",1.0,-1,46,-1
2025-07-03 17:18:01.883569,elastic-workbench-qr-detector,elastic-workbench-qr-detector-1,45,"{'data_quality': 662, 'parallelism': 1}",1.6,-1,39,-1
2025-07-03 17:18:01.886641,elastic-workbench-cv-analyzer,elastic-workbench-cv-analyzer-1,209,"{'data_quality': 252, 'model_size': 2, 'parallelism': 1}",5.4,-1,3,-1
2025-07-03 17:18:01.889337,elastic-workbench-pc-visualizer,elastic-workbench-pc-visualizer-1,21,"{'data_quality': 40, 'model_size': 1, 'parallelism': 1}",1.0,-1,45,-1
2025-07-03 17:18:11.884455,elastic-workbench-qr-detector,elastic-workbench-qr-detector-1,44,"{'data_quality': 662, 'parallelism': 1}",1.56,-1,38,-1
2025-07-03 17:18:11.887177,elastic-workbench-cv-analyzer,elastic-workbench-cv-analyzer-1,211,"{'data_quality': 252, 'model_size': 2, 'parallelism': 1}",5.44,-1,3,-1
2025-07-03 17:18:11.890040,elastic-workbench-pc-visualizer,elastic-workbench-pc-visualizer-1,21,"{'data_quality': 40, 'model_size': 1, 'parallelism': 1}",1.0,-1,46,-1
2025-07-03 17:18:21.884736,elastic-workbench-qr-detector,elastic-workbench-qr-detector-1,46,"{'data_quality': 662, 'parallelism': 1}",1.52,-1,40,-1
2025-07-03 17:18:21.892184,elastic-workbench-cv-analyzer,elastic-workbench-cv-analyzer-1,231,"{'data_quality': 252, 'model_size': 2, 'parallelism': 1}",5.48,-1,3,-1
2025-07-03 17:18:21.895465,elastic-workbench-pc-visualizer,elastic-workbench-pc-visualizer-1,21,"{'data_quality': 40, 'model_size': 1, 'parallelism': 1}",1.0,-1,46,-1
2025-07-03 17:18:31.885789,elastic-workbench-qr-detector,elastic-workbench-qr-detector-1,46,"{'data_quality': 662, 'parallelism': 1}",1.6,-1,39,-1
2025-07-03 17:18:31.889180,elastic-workbench-cv-analyzer,elastic-workbench-cv-analyzer-1,280,"{'data_quality': 252, 'model_size': 2, 'parallelism': 1}",5.4,-1,3,-1
2025-07-03 17:18:31.892050,elastic-workbench-pc-visualizer,elastic-workbench-pc-visualizer-1,21,"{'data_quality': 40, 'model_size': 1, 'parallelism': 1}",1.0,-1,46,-1
2025-07-03 17:18:41.886032,elastic-workbench-qr-detector,elastic-workbench-qr-detector-1,47,"{'data_quality': 662, 'parallelism': 1}",1.56,-1,39,-1
2025-07-03 17:18:41.888836,elastic-workbench-cv-analyzer,elastic-workbench-cv-analyzer-1,232,"{'data_quality': 252, 'model_size': 2, 'parallelism': 1}",5.44,-1,3,-1
2025-07-03 17:18:41.891408,elastic-workbench-pc-visualizer,elastic-workbench-pc-visualizer-1,21,"{'data_quality': 40, 'model_size': 1, 'parallelism': 1}",1.0,-1,46,-1
2025-07-03 17:18:51.888434,elastic-workbench-qr-detector,elastic-workbench-qr-detector-1,48,"{'data_quality': 662, 'parallelism': 1}",1.56,-1,38,-1
2025-07-03 17:18:51.894185,elastic-workbench-cv-analyzer,elastic-workbench-cv-analyzer-1,285,"{'data_quality': 252, 'model_size': 2, 'parallelism': 1}",5.44,-1,3,-1
2025-07-03 17:18:51.900444,elastic-workbench-pc-visualizer,elastic-workbench-pc-visualizer-1,21,"{'data_quality': 40, 'model_size': 1, 'parallelism': 1}",1.0,-1,47,-1
2025-07-03 17:19:01.887603,elastic-workbench-qr-detector,elastic-workbench-qr-detector-1,46,"{'data_quality': 662, 'parallelism': 1}",1.6,-1,41,-1
2025-07-03 17:19:01.890705,elastic-workbench-cv-analyzer,elastic-workbench-cv-analyzer-1,229,"{'data_quality': 252, 'model_size': 2, 'parallelism': 1}",5.4,-1,3,-1
2025-07-03 17:19:01.893265,elastic-workbench-pc-visualizer,elastic-workbench-pc-visualizer-1,20,"{'data_quality': 40, 'model_size': 1, 'parallelism': 1}",1.0,-1,47,-1
2025-07-03 17:19:08.581428,elastic-workbench-qr-detector,elastic-workbench-qr-detector-1,25,"{'data_quality': 550, 'parallelism': 1}",2.67,-1,41,-1
2025-07-03 17:19:08.584431,elastic-workbench-cv-analyzer,elastic-workbench-cv-analyzer-1,599,"{'data_quality': 224, 'model_size': 3, 'parallelism': 1}",2.67,-1,1,-1
2025-07-03 17:19:08.587768,elastic-workbench-pc-visualizer,elastic-workbench-pc-visualizer-1,20,"{'data_quality': 30, 'model_size': 1, 'parallelism': 1}",2.67,-1,47,-1
2025-07-03 17:19:18.584573,elastic-workbench-qr-detector,elastic-workbench-qr-detector-1,27,"{'data_quality': 551, 'parallelism': 1}",1.76,-1,42,-1
2025-07-03 17:19:18.590465,elastic-workbench-cv-analyzer,elastic-workbench-cv-analyzer-1,167,"{'data_quality': 224, 'model_size': 2, 'parallelism': 1}",5.24,-1,4,-1
2025-07-03 17:19:18.594109,elastic-workbench-pc-visualizer,elastic-workbench-pc-visualizer-1,19,"{'data_quality': 40, 'model_size': 1, 'parallelism': 1}",1.0,-1,49,-1
2025-07-03 17:19:28.578746,elastic-workbench-qr-detector,elastic-workbench-qr-detector-1,27,"{'data_quality': 551, 'parallelism': 1}",1.76,-1,41,-1
2025-07-03 17:19:28.582088,elastic-workbench-cv-analyzer,elastic-workbench-cv-analyzer-1,153,"{'data_quality': 224, 'model_size': 2, 'parallelism': 1}",5.24,-1,4,-1
2025-07-03 17:19:28.586735,elastic-workbench-pc-visualizer,elastic-workbench-pc-visualizer-1,19,"{'data_quality': 40, 'model_size': 1, 'parallelism': 1}",1.0,-1,49,-1
2025-07-03 17:19:38.579295,elastic-workbench-qr-detector,elastic-workbench-qr-detector-1,26,"{'data_quality': 551, 'parallelism': 1}",1.74,-1,40,-1
2025-07-03 17:19:38.582102,elastic-workbench-cv-analyzer,elastic-workbench-cv-analyzer-1,207,"{'data_quality': 224, 'model_size': 2, 'parallelism': 1}",5.26,-1,3,-1
2025-07-03 17:19:38.584860,elastic-workbench-pc-visualizer,elastic-workbench-pc-visualizer-1,19,"{'data_quality': 40, 'model_size': 1, 'parallelism': 1}",1.0,-1,49,-1
2025-07-03 17:19:48.583090,elastic-workbench-qr-detector,elastic-workbench-qr-detector-1,28,"{'data_quality': 551, 'parallelism': 1}",1.72,-1,41,-1
2025-07-03 17:19:48.586359,elastic-workbench-cv-analyzer,elastic-workbench-cv-analyzer-1,164,"{'data_quality': 224, 'model_size': 2, 'parallelism': 1}",5.28,-1,4,-1
2025-07-03 17:19:48.589161,elastic-workbench-pc-visualizer,elastic-workbench-pc-visualizer-1,20,"{'data_quality': 40, 'model_size': 1, 'parallelism': 1}",1.0,-1,48,-1
2025-07-03 17:19:58.581500,elastic-workbench-qr-detector,elastic-workbench-qr-detector-1,28,"{'data_quality': 551, 'parallelism': 1}",1.72,-1,39,-1
2025-07-03 17:19:58.584193,elastic-workbench-cv-analyzer,elastic-workbench-cv-analyzer-1,158,"{'data_quality': 224, 'model_size': 2, 'parallelism': 1}",5.28,-1,4,-1
2025-07-03 17:19:58.586759,elastic-workbench-pc-visualizer,elastic-workbench-pc-visualizer-1,20,"{'data_quality': 40, 'model_size': 1, 'parallelism': 1}",1.0,-1,47,-1
2025-07-03 17:20:08.580678,elastic-workbench-qr-detector,elastic-workbench-qr-detector-1,29,"{'data_quality': 551, 'parallelism': 1}",1.7,-1,39,-1
2025-07-03 17:20:08.583392,elastic-workbench-cv-analyzer,elastic-workbench-cv-analyzer-1,190,"{'data_quality': 224, 'model_size': 2, 'parallelism': 1}",5.3,-1,4,-1
2025-07-03 17:20:08.586380,elastic-workbench-pc-visualizer,elastic-workbench-pc-visualizer-1,21,"{'data_quality': 40, 'model_size': 1, 'parallelism': 1}",1.0,-1,46,-1
2025-07-03 17:20:18.581754,elastic-workbench-qr-detector,elastic-workbench-qr-detector-1,29,"{'data_quality': 551, 'parallelism': 1}",1.69,-1,37,-1
2025-07-03 17:20:18.587670,elastic-workbench-cv-analyzer,elastic-workbench-cv-analyzer-1,198,"{'data_quality': 224, 'model_size': 2, 'parallelism': 1}",5.31,-1,4,-1
2025-07-03 17:20:18.590396,elastic-workbench-pc-visualizer,elastic-workbench-pc-visualizer-1,21,"{'data_quality': 40, 'model_size': 1, 'parallelism': 1}",1.0,-1,47,-1
2025-07-03 17:20:28.584302,elastic-workbench-qr-detector,elastic-workbench-qr-detector-1,30,"{'data_quality': 551, 'parallelism': 1}",1.66,-1,36,-1
2025-07-03 17:20:28.590476,elastic-workbench-cv-analyzer,elastic-workbench-cv-analyzer-1,189,"{'data_quality': 224, 'model_size': 2, 'parallelism': 1}",5.34,-1,3,-1
2025-07-03 17:20:28.593238,elastic-workbench-pc-visualizer,elastic-workbench-pc-visualizer-1,21,"{'data_quality': 40, 'model_size': 1, 'parallelism': 1}",1.0,-1,46,-1
2025-07-03 17:20:38.582433,elastic-workbench-qr-detector,elastic-workbench-qr-detector-1,30,"{'data_quality': 551, 'parallelism': 1}",1.65,-1,36,-1
2025-07-03 17:20:38.586899,elastic-workbench-cv-analyzer,elastic-workbench-cv-analyzer-1,172,"{'data_quality': 224, 'model_size': 2, 'parallelism': 1}",5.35,-1,3,-1
2025-07-03 17:20:38.589760,elastic-workbench-pc-visualizer,elastic-workbench-pc-visualizer-1,20,"{'data_quality': 40, 'model_size': 1, 'parallelism': 1}",1.0,-1,47,-1
2025-07-03 17:20:48.583298,elastic-workbench-qr-detector,elastic-workbench-qr-detector-1,32,"{'data_quality': 551, 'parallelism': 1}",1.64,-1,37,-1
2025-07-03 17:20:48.586296,elastic-workbench-cv-analyzer,elastic-workbench-cv-analyzer-1,180,"{'data_quality': 224, 'model_size': 2, 'parallelism': 1}",5.36,-1,3,-1
2025-07-03 17:20:48.588831,elastic-workbench-pc-visualizer,elastic-workbench-pc-visualizer-1,21,"{'data_quality': 40, 'model_size': 1, 'parallelism': 1}",1.0,-1,46,-1
2025-07-03 17:20:58.583624,elastic-workbench-qr-detector,elastic-workbench-qr-detector-1,30,"{'data_quality': 551, 'parallelism': 1}",1.64,-1,36,-1
2025-07-03 17:20:58.586207,elastic-workbench-cv-analyzer,elastic-workbench-cv-analyzer-1,157,"{'data_quality': 224, 'model_size': 2, 'parallelism': 1}",5.36,-1,3,-1
2025-07-03 17:20:58.588951,elastic-workbench-pc-visualizer,elastic-workbench-pc-visualizer-1,21,"{'data_quality': 40, 'model_size': 1, 'parallelism': 1}",1.0,-1,46,-1
2025-07-03 17:21:08.584515,elastic-workbench-qr-detector,elastic-workbench-qr-detector-1,29,"{'data_quality': 551, 'parallelism': 1}",1.62,-1,35,-1
2025-07-03 17:21:08.587630,elastic-workbench-cv-analyzer,elastic-workbench-cv-analyzer-1,147,"{'data_quality': 224, 'model_size': 2, 'parallelism': 1}",5.38,-1,4,-1
2025-07-03 17:21:08.590133,elastic-workbench-pc-visualizer,elastic-workbench-pc-visualizer-1,20,"{'data_quality': 40, 'model_size': 1, 'parallelism': 1}",1.0,-1,48,-1
2025-07-03 17:21:18.591669,elastic-workbench-qr-detector,elastic-workbench-qr-detector-1,29,"{'data_quality': 551, 'parallelism': 1}",1.61,-1,33,-1
2025-07-03 17:21:18.596548,elastic-workbench-cv-analyzer,elastic-workbench-cv-analyzer-1,188,"{'data_quality': 224, 'model_size': 2, 'parallelism': 1}",5.39,-1,2,-1
2025-07-03 17:21:18.599436,elastic-workbench-pc-visualizer,elastic-workbench-pc-visualizer-1,20,"{'data_quality': 40, 'model_size': 1, 'parallelism': 1}",1.0,-1,49,-1
2025-07-03 17:21:28.585912,elastic-workbench-qr-detector,elastic-workbench-qr-detector-1,29,"{'data_quality': 551, 'parallelism': 1}",1.58,-1,33,-1
2025-07-03 17:21:28.588786,elastic-workbench-cv-analyzer,elastic-workbench-cv-analyzer-1,487,"{'data_quality': 224, 'model_size': 3, 'parallelism': 1}",5.42,-1,1,-1
2025-07-03 17:21:28.591344,elastic-workbench-pc-visualizer,elastic-workbench-pc-visualizer-1,20,"{'data_quality': 40, 'model_size': 1, 'parallelism': 1}",1.0,-1,48,-1
2025-07-03 17:21:38.586669,elastic-workbench-qr-detector,elastic-workbench-qr-detector-1,29,"{'data_quality': 551, 'parallelism': 1}",1.57,-1,31,-1
2025-07-03 17:21:38.589582,elastic-workbench-cv-analyzer,elastic-workbench-cv-analyzer-1,326,"{'data_quality': 224, 'model_size': 3, 'parallelism': 1}",5.43,-1,2,-1
2025-07-03 17:21:38.592608,elastic-workbench-pc-visualizer,elastic-workbench-pc-visualizer-1,20,"{'data_quality': 40, 'model_size': 1, 'parallelism': 1}",1.0,-1,46,-1
2025-07-03 17:21:48.587709,elastic-workbench-qr-detector,elastic-workbench-qr-detector-1,28,"{'data_quality': 551, 'parallelism': 1}",1.55,-1,29,-1
2025-07-03 17:21:48.591602,elastic-workbench-cv-analyzer,elastic-workbench-cv-analyzer-1,405,"{'data_quality': 224, 'model_size': 3, 'parallelism': 1}",5.45,-1,1,-1
2025-07-03 17:21:48.596585,elastic-workbench-pc-visualizer,elastic-workbench-pc-visualizer-1,20,"{'data_quality': 40, 'model_size': 1, 'parallelism': 1}",1.0,-1,47,-1
2025-07-03 17:21:58.587576,elastic-workbench-qr-detector,elastic-workbench-qr-detector-1,30,"{'data_quality': 551, 'parallelism': 1}",1.52,-1,29,-1
2025-07-03 17:21:58.590406,elastic-workbench-cv-analyzer,elastic-workbench-cv-analyzer-1,308,"{'data_quality': 224, 'model_size': 3, 'parallelism': 1}",5.48,-1,2,-1
2025-07-03 17:21:58.593258,elastic-workbench-pc-visualizer,elastic-workbench-pc-visualizer-1,21,"{'data_quality': 40, 'model_size': 1, 'parallelism': 1}",1.0,-1,46,-1
2025-07-03 17:22:08.588398,elastic-workbench-qr-detector,elastic-workbench-qr-detector-1,30,"{'data_quality': 551, 'parallelism': 1}",1.51,-1,28,-1
2025-07-03 17:22:08.591164,elastic-workbench-cv-analyzer,elastic-workbench-cv-analyzer-1,377,"{'data_quality': 224, 'model_size': 3, 'parallelism': 1}",5.49,-1,2,-1
2025-07-03 17:22:08.593869,elastic-workbench-pc-visualizer,elastic-workbench-pc-visualizer-1,19,"{'data_quality': 40, 'model_size': 1, 'parallelism': 1}",1.0,-1,49,-1
2025-07-03 17:22:18.589790,elastic-workbench-qr-detector,elastic-workbench-qr-detector-1,30,"{'data_quality': 551, 'parallelism': 1}",1.5,-1,28,-1
2025-07-03 17:22:18.592735,elastic-workbench-cv-analyzer,elastic-workbench-cv-analyzer-1,376,"{'data_quality': 224, 'model_size': 3, 'parallelism': 1}",5.5,-1,2,-1
2025-07-03 17:22:18.595319,elastic-workbench-pc-visualizer,elastic-workbench-pc-visualizer-1,20,"{'data_quality': 40, 'model_size': 1, 'parallelism': 1}",1.0,-1,48,-1
2025-07-03 17:22:28.589681,elastic-workbench-qr-detector,elastic-workbench-qr-detector-1,33,"{'data_quality': 632, 'parallelism': 1}",1.93,-1,28,-1
2025-07-03 17:22:28.593033,elastic-workbench-cv-analyzer,elastic-workbench-cv-analyzer-1,250,"{'data_quality': 288, 'model_size': 2, 'parallelism': 1}",5.07,-1,3,-1
2025-07-03 17:22:28.595755,elastic-workbench-pc-visualizer,elastic-workbench-pc-visualizer-1,19,"{'data_quality': 40, 'model_size': 1, 'parallelism': 1}",1.0,-1,49,-1
2025-07-03 17:22:38.592739,elastic-workbench-qr-detector,elastic-workbench-qr-detector-1,33,"{'data_quality': 632, 'parallelism': 1}",1.92,-1,27,-1
2025-07-03 17:22:38.599046,elastic-workbench-cv-analyzer,elastic-workbench-cv-analyzer-1,336,"{'data_quality': 288, 'model_size': 2, 'parallelism': 1}",5.08,-1,2,-1
2025-07-03 17:22:38.602190,elastic-workbench-pc-visualizer,elastic-workbench-pc-visualizer-1,20,"{'data_quality': 40, 'model_size': 1, 'parallelism': 1}",1.0,-1,47,-1
2025-07-03 17:22:48.590931,elastic-workbench-qr-detector,elastic-workbench-qr-detector-1,34,"{'data_quality': 632, 'parallelism': 1}",1.89,-1,27,-1
2025-07-03 17:22:48.593753,elastic-workbench-cv-analyzer,elastic-workbench-cv-analyzer-1,275,"{'data_quality': 288, 'model_size': 2, 'parallelism': 1}",5.11,-1,3,-1
2025-07-03 17:22:48.596375,elastic-workbench-pc-visualizer,elastic-workbench-pc-visualizer-1,20,"{'data_quality': 40, 'model_size': 1, 'parallelism': 1}",1.0,-1,47,-1
2025-07-03 17:22:58.591477,elastic-workbench-qr-detector,elastic-workbench-qr-detector-1,33,"{'data_quality': 632, 'parallelism': 1}",1.88,-1,27,-1
2025-07-03 17:22:58.594468,elastic-workbench-cv-analyzer,elastic-workbench-cv-analyzer-1,279,"{'data_quality': 288, 'model_size': 2, 'parallelism': 1}",5.12,-1,3,-1
2025-07-03 17:22:58.600950,elastic-workbench-pc-visualizer,elastic-workbench-pc-visualizer-1,20,"{'data_quality': 40, 'model_size': 1, 'parallelism': 1}",1.0,-1,49,-1
2025-07-03 17:23:08.591902,elastic-workbench-qr-detector,elastic-workbench-qr-detector-1,33,"{'data_quality': 632, 'parallelism': 1}",1.87,-1,26,-1
2025-07-03 17:23:08.594863,elastic-workbench-cv-analyzer,elastic-workbench-cv-analyzer-1,250,"{'data_quality': 288, 'model_size': 2, 'parallelism': 1}",5.13,-1,3,-1
2025-07-03 17:23:08.597670,elastic-workbench-pc-visualizer,elastic-workbench-pc-visualizer-1,20,"{'data_quality': 40, 'model_size': 1, 'parallelism': 1}",1.0,-1,47,-1
2025-07-03 17:23:18.592298,elastic-workbench-qr-detector,elastic-workbench-qr-detector-1,34,"{'data_quality': 632, 'parallelism': 1}",1.85,-1,25,-1
2025-07-03 17:23:18.595221,elastic-workbench-cv-analyzer,elastic-workbench-cv-analyzer-1,319,"{'data_quality': 288, 'model_size': 2, 'parallelism': 1}",5.15,-1,3,-1
2025-07-03 17:23:18.601256,elastic-workbench-pc-visualizer,elastic-workbench-pc-visualizer-1,21,"{'data_quality': 40, 'model_size': 1, 'parallelism': 1}",1.0,-1,46,-1
2025-07-03 17:23:28.596465,elastic-workbench-qr-detector,elastic-workbench-qr-detector-1,34,"{'data_quality': 632, 'parallelism': 1}",1.83,-1,26,-1
2025-07-03 17:23:28.599576,elastic-workbench-cv-analyzer,elastic-workbench-cv-analyzer-1,294,"{'data_quality': 288, 'model_size': 2, 'parallelism': 1}",5.17,-1,2,-1
2025-07-03 17:23:28.602402,elastic-workbench-pc-visualizer,elastic-workbench-pc-visualizer-1,20,"{'data_quality': 40, 'model_size': 1, 'parallelism': 1}",1.0,-1,48,-1
2025-07-03 17:23:38.593674,elastic-workbench-qr-detector,elastic-workbench-qr-detector-1,34,"{'data_quality': 632, 'parallelism': 1}",1.83,-1,25,-1
2025-07-03 17:23:38.603270,elastic-workbench-cv-analyzer,elastic-workbench-cv-analyzer-1,315,"{'data_quality': 288, 'model_size': 2, 'parallelism': 1}",5.17,-1,2,-1
2025-07-03 17:23:38.606250,elastic-workbench-pc-visualizer,elastic-workbench-pc-visualizer-1,20,"{'data_quality': 40, 'model_size': 1, 'parallelism': 1}",1.0,-1,47,-1
2025-07-03 17:23:48.594342,elastic-workbench-qr-detector,elastic-workbench-qr-detector-1,32,"{'data_quality': 632, 'parallelism': 1}",1.81,-1,25,-1
2025-07-03 17:23:48.597562,elastic-workbench-cv-analyzer,elastic-workbench-cv-analyzer-1,651,"{'data_quality': 288, 'model_size': 3, 'parallelism': 1}",5.19,-1,1,-1
2025-07-03 17:23:48.600588,elastic-workbench-pc-visualizer,elastic-workbench-pc-visualizer-1,21,"{'data_quality': 40, 'model_size': 1, 'parallelism': 1}",1.0,-1,46,-1
2025-07-03 17:23:58.594720,elastic-workbench-qr-detector,elastic-workbench-qr-detector-1,37,"{'data_quality': 632, 'parallelism': 1}",1.8,-1,24,-1
2025-07-03 17:23:58.597634,elastic-workbench-cv-analyzer,elastic-workbench-cv-analyzer-1,304,"{'data_quality': 288, 'model_size': 2, 'parallelism': 1}",5.2,-1,2,-1
2025-07-03 17:23:58.600222,elastic-workbench-pc-visualizer,elastic-workbench-pc-visualizer-1,20,"{'data_quality': 40, 'model_size': 1, 'parallelism': 1}",1.0,-1,48,-1
2025-07-03 17:24:08.594909,elastic-workbench-qr-detector,elastic-workbench-qr-detector-1,32,"{'data_quality': 632, 'parallelism': 1}",1.78,-1,23,-1
2025-07-03 17:24:08.597779,elastic-workbench-cv-analyzer,elastic-workbench-cv-analyzer-1,629,"{'data_quality': 288, 'model_size': 3, 'parallelism': 1}",5.22,-1,1,-1
2025-07-03 17:24:08.601146,elastic-workbench-pc-visualizer,elastic-workbench-pc-visualizer-1,20,"{'data_quality': 40, 'model_size': 1, 'parallelism': 1}",1.0,-1,47,-1
2025-07-03 17:24:18.596550,elastic-workbench-qr-detector,elastic-workbench-qr-detector-1,32,"{'data_quality': 632, 'parallelism': 1}",1.75,-1,22,-1
2025-07-03 17:24:18.599507,elastic-workbench-cv-analyzer,elastic-workbench-cv-analyzer-1,494,"{'data_quality': 288, 'model_size': 3, 'parallelism': 1}",5.25,-1,1,-1
2025-07-03 17:24:18.602100,elastic-workbench-pc-visualizer,elastic-workbench-pc-visualizer-1,21,"{'data_quality': 40, 'model_size': 1, 'parallelism': 1}",1.0,-1,46,-1
2025-07-03 17:24:28.596622,elastic-workbench-qr-detector,elastic-workbench-qr-detector-1,36,"{'data_quality': 632, 'parallelism': 1}",1.73,-1,22,-1
2025-07-03 17:24:28.600208,elastic-workbench-cv-analyzer,elastic-workbench-cv-analyzer-1,641,"{'data_quality': 288, 'model_size': 3, 'parallelism': 1}",5.27,-1,1,-1
2025-07-03 17:24:28.602684,elastic-workbench-pc-visualizer,elastic-workbench-pc-visualizer-1,21,"{'data_quality': 40, 'model_size': 1, 'parallelism': 1}",1.0,-1,46,-1
2025-07-03 17:24:38.598746,elastic-workbench-qr-detector,elastic-workbench-qr-detector-1,36,"{'data_quality': 632, 'parallelism': 1}",1.72,-1,22,-1
2025-07-03 17:24:38.602059,elastic-workbench-cv-analyzer,elastic-workbench-cv-analyzer-1,654,"{'data_quality': 288, 'model_size': 3, 'parallelism': 1}",5.28,-1,1,-1
2025-07-03 17:24:38.606670,elastic-workbench-pc-visualizer,elastic-workbench-pc-visualizer-1,20,"{'data_quality': 40, 'model_size': 1, 'parallelism': 1}",1.0,-1,47,-1
2025-07-03 17:24:48.597691,elastic-workbench-qr-detector,elastic-workbench-qr-detector-1,39,"{'data_quality': 632, 'parallelism': 1}",1.71,-1,22,-1
2025-07-03 17:24:48.601931,elastic-workbench-cv-analyzer,elastic-workbench-cv-analyzer-1,497,"{'data_quality': 288, 'model_size': 3, 'parallelism': 1}",5.29,-1,1,-1
2025-07-03 17:24:48.604803,elastic-workbench-pc-visualizer,elastic-workbench-pc-visualizer-1,20,"{'data_quality': 40, 'model_size': 1, 'parallelism': 1}",1.0,-1,47,-1
2025-07-03 17:24:58.598235,elastic-workbench-qr-detector,elastic-workbench-qr-detector-1,37,"{'data_quality': 632, 'parallelism': 1}",1.71,-1,21,-1
2025-07-03 17:24:58.601169,elastic-workbench-cv-analyzer,elastic-workbench-cv-analyzer-1,656,"{'data_quality': 288, 'model_size': 3, 'parallelism': 1}",5.29,-1,1,-1
2025-07-03 17:24:58.603998,elastic-workbench-pc-visualizer,elastic-workbench-pc-visualizer-1,21,"{'data_quality': 40, 'model_size': 1, 'parallelism': 1}",1.0,-1,45,-1
2025-07-03 17:25:08.603316,elastic-workbench-qr-detector,elastic-workbench-qr-detector-1,37,"{'data_quality': 632, 'parallelism': 1}",1.69,-1,22,-1
2025-07-03 17:25:08.610235,elastic-workbench-cv-analyzer,elastic-workbench-cv-analyzer-1,381,"{'data_quality': 288, 'model_size': 3, 'parallelism': 1}",5.31,-1,0,-1
2025-07-03 17:25:08.612974,elastic-workbench-pc-visualizer,elastic-workbench-pc-visualizer-1,20,"{'data_quality': 40, 'model_size': 1, 'parallelism': 1}",1.0,-1,47,-1
2025-07-03 17:25:18.599057,elastic-workbench-qr-detector,elastic-workbench-qr-detector-1,37,"{'data_quality': 632, 'parallelism': 1}",1.69,-1,21,-1
2025-07-03 17:25:18.601982,elastic-workbench-cv-analyzer,elastic-workbench-cv-analyzer-1,494,"{'data_quality': 288, 'model_size': 3, 'parallelism': 1}",5.31,-1,1,-1
2025-07-03 17:25:18.605018,elastic-workbench-pc-visualizer,elastic-workbench-pc-visualizer-1,20,"{'data_quality': 40, 'model_size': 1, 'parallelism': 1}",1.0,-1,48,-1
2025-07-03 17:25:28.601258,elastic-workbench-qr-detector,elastic-workbench-qr-detector-1,36,"{'data_quality': 632, 'parallelism': 1}",1.67,-1,22,-1
2025-07-03 17:25:28.606885,elastic-workbench-cv-analyzer,elastic-workbench-cv-analyzer-1,543,"{'data_quality': 288, 'model_size': 3, 'parallelism': 1}",5.33,-1,1,-1
2025-07-03 17:25:28.609792,elastic-workbench-pc-visualizer,elastic-workbench-pc-visualizer-1,21,"{'data_quality': 40, 'model_size': 1, 'parallelism': 1}",1.0,-1,47,-1
2025-07-03 17:25:38.601160,elastic-workbench-qr-detector,elastic-workbench-qr-detector-1,36,"{'data_quality': 632, 'parallelism': 1}",1.68,-1,23,-1
2025-07-03 17:25:38.605545,elastic-workbench-cv-analyzer,elastic-workbench-cv-analyzer-1,682,"{'data_quality': 288, 'model_size': 3, 'parallelism': 1}",5.32,-1,1,-1
2025-07-03 17:25:38.608127,elastic-workbench-pc-visualizer,elastic-workbench-pc-visualizer-1,21,"{'data_quality': 40, 'model_size': 1, 'parallelism': 1}",1.0,-1,46,-1
2025-07-03 17:25:48.601562,elastic-workbench-qr-detector,elastic-workbench-qr-detector-1,34,"{'data_quality': 632, 'parallelism': 1}",1.68,-1,22,-1
2025-07-03 17:25:48.604819,elastic-workbench-cv-analyzer,elastic-workbench-cv-analyzer-1,513,"{'data_quality': 288, 'model_size': 3, 'parallelism': 1}",5.32,-1,1,-1
2025-07-03 17:25:48.607512,elastic-workbench-pc-visualizer,elastic-workbench-pc-visualizer-1,20,"{'data_quality': 40, 'model_size': 1, 'parallelism': 1}",1.0,-1,47,-1
2025-07-03 17:25:58.602548,elastic-workbench-qr-detector,elastic-workbench-qr-detector-1,34,"{'data_quality': 632, 'parallelism': 1}",1.66,-1,24,-1
2025-07-03 17:25:58.605563,elastic-workbench-cv-analyzer,elastic-workbench-cv-analyzer-1,410,"{'data_quality': 288, 'model_size': 3, 'parallelism': 1}",5.34,-1,1,-1
2025-07-03 17:25:58.608181,elastic-workbench-pc-visualizer,elastic-workbench-pc-visualizer-1,21,"{'data_quality': 40, 'model_size': 1, 'parallelism': 1}",1.0,-1,47,-1
2025-07-03 17:26:08.602866,elastic-workbench-qr-detector,elastic-workbench-qr-detector-1,36,"{'data_quality': 632, 'parallelism': 1}",1.68,-1,25,-1
2025-07-03 17:26:08.605704,elastic-workbench-cv-analyzer,elastic-workbench-cv-analyzer-1,542,"{'data_quality': 288, 'model_size': 3, 'parallelism': 1}",5.32,-1,1,-1
2025-07-03 17:26:08.608261,elastic-workbench-pc-visualizer,elastic-workbench-pc-visualizer-1,20,"{'data_quality': 40, 'model_size': 1, 'parallelism': 1}",1.0,-1,47,-1
2025-07-03 17:26:18.603370,elastic-workbench-qr-detector,elastic-workbench-qr-detector-1,34,"{'data_quality': 632, 'parallelism': 1}",1.68,-1,23,-1
2025-07-03 17:26:18.606230,elastic-workbench-cv-analyzer,elastic-workbench-cv-analyzer-1,448,"{'data_quality': 288, 'model_size': 3, 'parallelism': 1}",5.32,-1,2,-1
2025-07-03 17:26:18.608809,elastic-workbench-pc-visualizer,elastic-workbench-pc-visualizer-1,20,"{'data_quality': 40, 'model_size': 1, 'parallelism': 1}",1.0,-1,48,-1
2025-07-03 17:26:28.604267,elastic-workbench-qr-detector,elastic-workbench-qr-detector-1,35,"{'data_quality': 632, 'parallelism': 1}",1.65,-1,23,-1
2025-07-03 17:26:28.607218,elastic-workbench-cv-analyzer,elastic-workbench-cv-analyzer-1,523,"{'data_quality': 288, 'model_size': 3, 'parallelism': 1}",5.35,-1,1,-1
2025-07-03 17:26:28.611530,elastic-workbench-pc-visualizer,elastic-workbench-pc-visualizer-1,20,"{'data_quality': 40, 'model_size': 1, 'parallelism': 1}",1.0,-1,48,-1
2025-07-03 17:26:38.604451,elastic-workbench-qr-detector,elastic-workbench-qr-detector-1,39,"{'data_quality': 632, 'parallelism': 1}",1.64,-1,23,-1
2025-07-03 17:26:38.612167,elastic-workbench-cv-analyzer,elastic-workbench-cv-analyzer-1,573,"{'data_quality': 288, 'model_size': 3, 'parallelism': 1}",5.36,-1,1,-1
2025-07-03 17:26:38.620747,elastic-workbench-pc-visualizer,elastic-workbench-pc-visualizer-1,21,"{'data_quality': 40, 'model_size': 1, 'parallelism': 1}",1.0,-1,46,-1
2025-07-03 17:26:48.604953,elastic-workbench-qr-detector,elastic-workbench-qr-detector-1,38,"{'data_quality': 632, 'parallelism': 1}",1.64,-1,22,-1
2025-07-03 17:26:48.609035,elastic-workbench-cv-analyzer,elastic-workbench-cv-analyzer-1,537,"{'data_quality': 288, 'model_size': 3, 'parallelism': 1}",5.36,-1,1,-1
2025-07-03 17:26:48.612001,elastic-workbench-pc-visualizer,elastic-workbench-pc-visualizer-1,20,"{'data_quality': 40, 'model_size': 1, 'parallelism': 1}",1.0,-1,48,-1
2025-07-03 17:26:58.607462,elastic-workbench-qr-detector,elastic-workbench-qr-detector-1,38,"{'data_quality': 632, 'parallelism': 1}",1.62,-1,23,-1
2025-07-03 17:26:58.610764,elastic-workbench-cv-analyzer,elastic-workbench-cv-analyzer-1,606,"{'data_quality': 288, 'model_size': 3, 'parallelism': 1}",5.38,-1,1,-1
2025-07-03 17:26:58.613644,elastic-workbench-pc-visualizer,elastic-workbench-pc-visualizer-1,21,"{'data_quality': 40, 'model_size': 1, 'parallelism': 1}",1.0,-1,46,-1
2025-07-03 17:27:08.605760,elastic-workbench-qr-detector,elastic-workbench-qr-detector-1,41,"{'data_quality': 632, 'parallelism': 1}",1.62,-1,25,-1
2025-07-03 17:27:08.608636,elastic-workbench-cv-analyzer,elastic-workbench-cv-analyzer-1,506,"{'data_quality': 288, 'model_size': 3, 'parallelism': 1}",5.38,-1,1,-1
2025-07-03 17:27:08.611885,elastic-workbench-pc-visualizer,elastic-workbench-pc-visualizer-1,21,"{'data_quality': 40, 'model_size': 1, 'parallelism': 1}",1.0,-1,46,-1
2025-07-03 17:27:18.607269,elastic-workbench-qr-detector,elastic-workbench-qr-detector-1,39,"{'data_quality': 632, 'parallelism': 1}",1.64,-1,24,-1
2025-07-03 17:27:18.610278,elastic-workbench-cv-analyzer,elastic-workbench-cv-analyzer-1,466,"{'data_quality': 288, 'model_size': 3, 'parallelism': 1}",5.36,-1,1,-1
2025-07-03 17:27:18.612838,elastic-workbench-pc-visualizer,elastic-workbench-pc-visualizer-1,19,"{'data_quality': 40, 'model_size': 1, 'parallelism': 1}",1.0,-1,49,-1
2025-07-03 17:27:28.607253,elastic-workbench-qr-detector,elastic-workbench-qr-detector-1,40,"{'data_quality': 632, 'parallelism': 1}",1.62,-1,24,-1
2025-07-03 17:27:28.610168,elastic-workbench-cv-analyzer,elastic-workbench-cv-analyzer-1,503,"{'data_quality': 288, 'model_size': 3, 'parallelism': 1}",5.38,-1,1,-1
2025-07-03 17:27:28.612732,elastic-workbench-pc-visualizer,elastic-workbench-pc-visualizer-1,20,"{'data_quality': 40, 'model_size': 1, 'parallelism': 1}",1.0,-1,47,-1
2025-07-03 17:27:38.608305,elastic-workbench-qr-detector,elastic-workbench-qr-detector-1,37,"{'data_quality': 632, 'parallelism': 1}",1.62,-1,24,-1
2025-07-03 17:27:38.611705,elastic-workbench-cv-analyzer,elastic-workbench-cv-analyzer-1,578,"{'data_quality': 288, 'model_size': 3, 'parallelism': 1}",5.38,-1,1,-1
2025-07-03 17:27:38.624089,elastic-workbench-pc-visualizer,elastic-workbench-pc-visualizer-1,21,"{'data_quality': 40, 'model_size': 1, 'parallelism': 1}",1.0,-1,46,-1
2025-07-03 17:27:48.608815,elastic-workbench-qr-detector,elastic-workbench-qr-detector-1,35,"{'data_quality': 632, 'parallelism': 1}",1.61,-1,24,-1
2025-07-03 17:27:48.611693,elastic-workbench-cv-analyzer,elastic-workbench-cv-analyzer-1,576,"{'data_quality': 288, 'model_size': 3, 'parallelism': 1}",5.39,-1,1,-1
2025-07-03 17:27:48.617308,elastic-workbench-pc-visualizer,elastic-workbench-pc-visualizer-1,21,"{'data_quality': 40, 'model_size': 1, 'parallelism': 1}",1.0,-1,45,-1
2025-07-03 17:27:58.609515,elastic-workbench-qr-detector,elastic-workbench-qr-detector-1,35,"{'data_quality': 632, 'parallelism': 1}",1.6,-1,23,-1
2025-07-03 17:27:58.612493,elastic-workbench-cv-analyzer,elastic-workbench-cv-analyzer-1,791,"{'data_quality': 288, 'model_size': 3, 'parallelism': 1}",5.4,-1,1,-1
2025-07-03 17:27:58.621256,elastic-workbench-pc-visualizer,elastic-workbench-pc-visualizer-1,21,"{'data_quality': 40, 'model_size': 1, 'parallelism': 1}",1.0,-1,45,-1
2025-07-03 17:28:08.610612,elastic-workbench-qr-detector,elastic-workbench-qr-detector-1,34,"{'data_quality': 632, 'parallelism': 1}",1.59,-1,22,-1
2025-07-03 17:28:08.617310,elastic-workbench-cv-analyzer,elastic-workbench-cv-analyzer-1,498,"{'data_quality': 288, 'model_size': 3, 'parallelism': 1}",5.41,-1,1,-1
2025-07-03 17:28:08.626395,elastic-workbench-pc-visualizer,elastic-workbench-pc-visualizer-1,19,"{'data_quality': 40, 'model_size': 1, 'parallelism': 1}",1.0,-1,49,-1
2025-07-03 17:28:18.611002,elastic-workbench-qr-detector,elastic-workbench-qr-detector-1,34,"{'data_quality': 632, 'parallelism': 1}",1.57,-1,22,-1
2025-07-03 17:28:18.613768,elastic-workbench-cv-analyzer,elastic-workbench-cv-analyzer-1,476,"{'data_quality': 288, 'model_size': 3, 'parallelism': 1}",5.43,-1,1,-1
2025-07-03 17:28:18.621722,elastic-workbench-pc-visualizer,elastic-workbench-pc-visualizer-1,19,"{'data_quality': 40, 'model_size': 1, 'parallelism': 1}",1.0,-1,49,-1
2025-07-03 17:28:28.611532,elastic-workbench-qr-detector,elastic-workbench-qr-detector-1,39,"{'data_quality': 632, 'parallelism': 1}",1.56,-1,23,-1
2025-07-03 17:28:28.617266,elastic-workbench-cv-analyzer,elastic-workbench-cv-analyzer-1,443,"{'data_quality': 288, 'model_size': 3, 'parallelism': 1}",5.44,-1,1,-1
2025-07-03 17:28:28.621985,elastic-workbench-pc-visualizer,elastic-workbench-pc-visualizer-1,19,"{'data_quality': 40, 'model_size': 1, 'parallelism': 1}",1.0,-1,49,-1
2025-07-03 17:28:38.613480,elastic-workbench-qr-detector,elastic-workbench-qr-detector-1,41,"{'data_quality': 632, 'parallelism': 1}",1.56,-1,25,-1
2025-07-03 17:28:38.619560,elastic-workbench-cv-analyzer,elastic-workbench-cv-analyzer-1,476,"{'data_quality': 288, 'model_size': 3, 'parallelism': 1}",5.44,-1,1,-1
2025-07-03 17:28:38.622232,elastic-workbench-pc-visualizer,elastic-workbench-pc-visualizer-1,20,"{'data_quality': 40, 'model_size': 1, 'parallelism': 1}",1.0,-1,47,-1
2025-07-03 17:28:48.618009,elastic-workbench-qr-detector,elastic-workbench-qr-detector-1,40,"{'data_quality': 632, 'parallelism': 1}",1.58,-1,25,-1
2025-07-03 17:28:48.621347,elastic-workbench-cv-analyzer,elastic-workbench-cv-analyzer-1,459,"{'data_quality': 288, 'model_size': 3, 'parallelism': 1}",5.42,-1,1,-1
2025-07-03 17:28:48.623858,elastic-workbench-pc-visualizer,elastic-workbench-pc-visualizer-1,20,"{'data_quality': 40, 'model_size': 1, 'parallelism': 1}",1.0,-1,47,-1
2025-07-03 17:28:58.625371,elastic-workbench-qr-detector,elastic-workbench-qr-detector-1,40,"{'data_quality': 632, 'parallelism': 1}",1.58,-1,27,-1
2025-07-03 17:28:58.628928,elastic-workbench-cv-analyzer,elastic-workbench-cv-analyzer-1,238,"{'data_quality': 288, 'model_size': 2, 'parallelism': 1}",5.42,-1,2,-1
2025-07-03 17:28:58.631689,elastic-workbench-pc-visualizer,elastic-workbench-pc-visualizer-1,20,"{'data_quality': 40, 'model_size': 1, 'parallelism': 1}",1.0,-1,47,-1
2025-07-03 17:29:08.621314,elastic-workbench-qr-detector,elastic-workbench-qr-detector-1,40,"{'data_quality': 632, 'parallelism': 1}",1.6,-1,27,-1
2025-07-03 17:29:08.624735,elastic-workbench-cv-analyzer,elastic-workbench-cv-analyzer-1,298,"{'data_quality': 288, 'model_size': 2, 'parallelism': 1}",5.4,-1,2,-1
2025-07-03 17:29:08.629614,elastic-workbench-pc-visualizer,elastic-workbench-pc-visualizer-1,20,"{'data_quality': 40, 'model_size': 1, 'parallelism': 1}",1.0,-1,47,-1
2025-07-03 17:29:18.622310,elastic-workbench-qr-detector,elastic-workbench-qr-detector-1,40,"{'data_quality': 632, 'parallelism': 1}",1.6,-1,25,-1
2025-07-03 17:29:18.631691,elastic-workbench-cv-analyzer,elastic-workbench-cv-analyzer-1,259,"{'data_quality': 288, 'model_size': 2, 'parallelism': 1}",5.4,-1,2,-1
2025-07-03 17:29:18.634447,elastic-workbench-pc-visualizer,elastic-workbench-pc-visualizer-1,21,"{'data_quality': 40, 'model_size': 1, 'parallelism': 1}",1.0,-1,46,-1
2025-07-03 17:29:28.616485,elastic-workbench-qr-detector,elastic-workbench-qr-detector-1,43,"{'data_quality': 632, 'parallelism': 1}",1.57,-1,24,-1
2025-07-03 17:29:28.619141,elastic-workbench-cv-analyzer,elastic-workbench-cv-analyzer-1,238,"{'data_quality': 288, 'model_size': 2, 'parallelism': 1}",5.43,-1,2,-1
2025-07-03 17:29:28.622082,elastic-workbench-pc-visualizer,elastic-workbench-pc-visualizer-1,20,"{'data_quality': 40, 'model_size': 1, 'parallelism': 1}",1.0,-1,48,-1
2025-07-03 17:29:38.624325,elastic-workbench-qr-detector,elastic-workbench-qr-detector-1,38,"{'data_quality': 632, 'parallelism': 1}",1.55,-1,25,-1
2025-07-03 17:29:38.626884,elastic-workbench-cv-analyzer,elastic-workbench-cv-analyzer-1,371,"{'data_quality': 288, 'model_size': 3, 'parallelism': 1}",5.44,-1,0,-1
2025-07-03 17:29:38.629554,elastic-workbench-pc-visualizer,elastic-workbench-pc-visualizer-1,20,"{'data_quality': 40, 'model_size': 1, 'parallelism': 1}",1.01,-1,48,-1
2025-07-03 17:29:48.621368,elastic-workbench-qr-detector,elastic-workbench-qr-detector-1,40,"{'data_quality': 632, 'parallelism': 1}",1.56,-1,26,-1
2025-07-03 17:29:48.624310,elastic-workbench-cv-analyzer,elastic-workbench-cv-analyzer-1,652,"{'data_quality': 288, 'model_size': 3, 'parallelism': 1}",5.44,-1,1,-1
2025-07-03 17:29:48.630986,elastic-workbench-pc-visualizer,elastic-workbench-pc-visualizer-1,20,"{'data_quality': 40, 'model_size': 1, 'parallelism': 1}",1.0,-1,46,-1
2025-07-03 17:29:58.622927,elastic-workbench-qr-detector,elastic-workbench-qr-detector-1,38,"{'data_quality': 632, 'parallelism': 1}",1.56,-1,26,-1
2025-07-03 17:29:58.626833,elastic-workbench-cv-analyzer,elastic-workbench-cv-analyzer-1,263,"{'data_quality': 288, 'model_size': 2, 'parallelism': 1}",5.44,-1,3,-1
2025-07-03 17:29:58.629347,elastic-workbench-pc-visualizer,elastic-workbench-pc-visualizer-1,21,"{'data_quality': 40, 'model_size': 1, 'parallelism': 1}",1.0,-1,47,-1
2025-07-03 17:30:08.625125,elastic-workbench-qr-detector,elastic-workbench-qr-detector-1,42,"{'data_quality': 632, 'parallelism': 1}",1.56,-1,28,-1
2025-07-03 17:30:08.632011,elastic-workbench-cv-analyzer,elastic-workbench-cv-analyzer-1,274,"{'data_quality': 288, 'model_size': 2, 'parallelism': 1}",5.44,-1,3,-1
2025-07-03 17:30:08.634614,elastic-workbench-pc-visualizer,elastic-workbench-pc-visualizer-1,20,"{'data_quality': 40, 'model_size': 1, 'parallelism': 1}",1.0,-1,47,-1
2025-07-03 17:30:18.625992,elastic-workbench-qr-detector,elastic-workbench-qr-detector-1,40,"{'data_quality': 632, 'parallelism': 1}",1.58,-1,28,-1
2025-07-03 17:30:18.629751,elastic-workbench-cv-analyzer,elastic-workbench-cv-analyzer-1,252,"{'data_quality': 288, 'model_size': 2, 'parallelism': 1}",5.42,-1,3,-1
2025-07-03 17:30:18.632469,elastic-workbench-pc-visualizer,elastic-workbench-pc-visualizer-1,20,"{'data_quality': 40, 'model_size': 1, 'parallelism': 1}",1.0,-1,47,-1
2025-07-03 17:30:28.624478,elastic-workbench-qr-detector,elastic-workbench-qr-detector-1,39,"{'data_quality': 632, 'parallelism': 1}",1.58,-1,28,-1
2025-07-03 17:30:28.630161,elastic-workbench-cv-analyzer,elastic-workbench-cv-analyzer-1,277,"{'data_quality': 288, 'model_size': 2, 'parallelism': 1}",5.42,-1,3,-1
2025-07-03 17:30:28.633025,elastic-workbench-pc-visualizer,elastic-workbench-pc-visualizer-1,20,"{'data_quality': 40, 'model_size': 1, 'parallelism': 1}",1.0,-1,48,-1
2025-07-03 17:30:38.623018,elastic-workbench-qr-detector,elastic-workbench-qr-detector-1,39,"{'data_quality': 632, 'parallelism': 1}",1.57,-1,28,-1
2025-07-03 17:30:38.625711,elastic-workbench-cv-analyzer,elastic-workbench-cv-analyzer-1,254,"{'data_quality': 288, 'model_size': 2, 'parallelism': 1}",5.43,-1,3,-1
2025-07-03 17:30:38.634884,elastic-workbench-pc-visualizer,elastic-workbench-pc-visualizer-1,20,"{'data_quality': 40, 'model_size': 1, 'parallelism': 1}",1.0,-1,48,-1
2025-07-03 17:30:48.623921,elastic-workbench-qr-detector,elastic-workbench-qr-detector-1,44,"{'data_quality': 632, 'parallelism': 1}",1.57,-1,29,-1
2025-07-03 17:30:48.630307,elastic-workbench-cv-analyzer,elastic-workbench-cv-analyzer-1,248,"{'data_quality': 288, 'model_size': 2, 'parallelism': 1}",5.43,-1,3,-1
2025-07-03 17:30:48.635666,elastic-workbench-pc-visualizer,elastic-workbench-pc-visualizer-1,20,"{'data_quality': 40, 'model_size': 1, 'parallelism': 1}",1.0,-1,47,-1
2025-07-03 17:30:58.627213,elastic-workbench-qr-detector,elastic-workbench-qr-detector-1,43,"{'data_quality': 632, 'parallelism': 1}",1.58,-1,29,-1
2025-07-03 17:30:58.630017,elastic-workbench-cv-analyzer,elastic-workbench-cv-analyzer-1,285,"{'data_quality': 288, 'model_size': 2, 'parallelism': 1}",5.42,-1,2,-1
2025-07-03 17:30:58.632849,elastic-workbench-pc-visualizer,elastic-workbench-pc-visualizer-1,19,"{'data_quality': 40, 'model_size': 1, 'parallelism': 1}",1.0,-1,48,-1
2025-07-03 17:31:08.628947,elastic-workbench-qr-detector,elastic-workbench-qr-detector-1,43,"{'data_quality': 632, 'parallelism': 1}",1.58,-1,29,-1
2025-07-03 17:31:08.634385,elastic-workbench-cv-analyzer,elastic-workbench-cv-analyzer-1,247,"{'data_quality': 288, 'model_size': 2, 'parallelism': 1}",5.42,-1,3,-1
2025-07-03 17:31:08.637265,elastic-workbench-pc-visualizer,elastic-workbench-pc-visualizer-1,21,"{'data_quality': 40, 'model_size': 1, 'parallelism': 1}",1.0,-1,46,-1
2025-07-03 17:31:18.627167,elastic-workbench-qr-detector,elastic-workbench-qr-detector-1,44,"{'data_quality': 632, 'parallelism': 1}",1.57,-1,30,-1
2025-07-03 17:31:18.629783,elastic-workbench-cv-analyzer,elastic-workbench-cv-analyzer-1,248,"{'data_quality': 288, 'model_size': 2, 'parallelism': 1}",5.43,-1,2,-1
2025-07-03 17:31:18.635698,elastic-workbench-pc-visualizer,elastic-workbench-pc-visualizer-1,21,"{'data_quality': 40, 'model_size': 1, 'parallelism': 1}",1.0,-1,46,-1
2025-07-03 17:31:28.630944,elastic-workbench-qr-detector,elastic-workbench-qr-detector-1,44,"{'data_quality': 632, 'parallelism': 1}",1.58,-1,31,-1
2025-07-03 17:31:28.637447,elastic-workbench-cv-analyzer,elastic-workbench-cv-analyzer-1,294,"{'data_quality': 288, 'model_size': 2, 'parallelism': 1}",5.42,-1,2,-1
2025-07-03 17:31:28.640122,elastic-workbench-pc-visualizer,elastic-workbench-pc-visualizer-1,21,"{'data_quality': 40, 'model_size': 1, 'parallelism': 1}",1.0,-1,45,-1
2025-07-03 17:31:38.634860,elastic-workbench-qr-detector,elastic-workbench-qr-detector-1,43,"{'data_quality': 632, 'parallelism': 1}",1.6,-1,33,-1
2025-07-03 17:31:38.637420,elastic-workbench-cv-analyzer,elastic-workbench-cv-analyzer-1,247,"{'data_quality': 288, 'model_size': 2, 'parallelism': 1}",5.4,-1,3,-1
2025-07-03 17:31:38.640674,elastic-workbench-pc-visualizer,elastic-workbench-pc-visualizer-1,20,"{'data_quality': 40, 'model_size': 1, 'parallelism': 1}",1.0,-1,47,-1
2025-07-03 17:31:48.637392,elastic-workbench-qr-detector,elastic-workbench-qr-detector-1,42,"{'data_quality': 632, 'parallelism': 1}",1.62,-1,33,-1
2025-07-03 17:31:48.640251,elastic-workbench-cv-analyzer,elastic-workbench-cv-analyzer-1,279,"{'data_quality': 288, 'model_size': 2, 'parallelism': 1}",5.38,-1,2,-1
2025-07-03 17:31:48.648398,elastic-workbench-pc-visualizer,elastic-workbench-pc-visualizer-1,20,"{'data_quality': 40, 'model_size': 1, 'parallelism': 1}",1.0,-1,47,-1
2025-07-03 17:31:58.636996,elastic-workbench-qr-detector,elastic-workbench-qr-detector-1,41,"{'data_quality': 632, 'parallelism': 1}",1.62,-1,33,-1
2025-07-03 17:31:58.639825,elastic-workbench-cv-analyzer,elastic-workbench-cv-analyzer-1,234,"{'data_quality': 288, 'model_size': 2, 'parallelism': 1}",5.38,-1,3,-1
2025-07-03 17:31:58.642593,elastic-workbench-pc-visualizer,elastic-workbench-pc-visualizer-1,20,"{'data_quality': 40, 'model_size': 1, 'parallelism': 1}",1.0,-1,47,-1
2025-07-03 17:32:08.635114,elastic-workbench-qr-detector,elastic-workbench-qr-detector-1,41,"{'data_quality': 632, 'parallelism': 1}",1.61,-1,32,-1
2025-07-03 17:32:08.641462,elastic-workbench-cv-analyzer,elastic-workbench-cv-analyzer-1,243,"{'data_quality': 288, 'model_size': 2, 'parallelism': 1}",5.39,-1,2,-1
2025-07-03 17:32:08.646190,elastic-workbench-pc-visualizer,elastic-workbench-pc-visualizer-1,20,"{'data_quality': 40, 'model_size': 1, 'parallelism': 1}",1.0,-1,48,-1
2025-07-03 17:32:18.635836,elastic-workbench-qr-detector,elastic-workbench-qr-detector-1,37,"{'data_quality': 632, 'parallelism': 1}",1.6,-1,31,-1
2025-07-03 17:32:18.638640,elastic-workbench-cv-analyzer,elastic-workbench-cv-analyzer-1,237,"{'data_quality': 288, 'model_size': 2, 'parallelism': 1}",5.4,-1,2,-1
2025-07-03 17:32:18.641462,elastic-workbench-pc-visualizer,elastic-workbench-pc-visualizer-1,20,"{'data_quality': 40, 'model_size': 1, 'parallelism': 1}",1.0,-1,48,-1
2025-07-03 17:32:28.640726,elastic-workbench-qr-detector,elastic-workbench-qr-detector-1,40,"{'data_quality': 632, 'parallelism': 1}",1.58,-1,32,-1
2025-07-03 17:32:28.643208,elastic-workbench-cv-analyzer,elastic-workbench-cv-analyzer-1,224,"{'data_quality': 288, 'model_size': 2, 'parallelism': 1}",5.42,-1,3,-1
2025-07-03 17:32:28.645849,elastic-workbench-pc-visualizer,elastic-workbench-pc-visualizer-1,19,"{'data_quality': 40, 'model_size': 1, 'parallelism': 1}",1.0,-1,49,-1
2025-07-03 17:32:38.638039,elastic-workbench-qr-detector,elastic-workbench-qr-detector-1,40,"{'data_quality': 632, 'parallelism': 1}",1.59,-1,32,-1
2025-07-03 17:32:38.643280,elastic-workbench-cv-analyzer,elastic-workbench-cv-analyzer-1,211,"{'data_quality': 288, 'model_size': 2, 'parallelism': 1}",5.41,-1,3,-1
2025-07-03 17:32:38.645954,elastic-workbench-pc-visualizer,elastic-workbench-pc-visualizer-1,20,"{'data_quality': 40, 'model_size': 1, 'parallelism': 1}",1.0,-1,48,-1
2025-07-03 17:32:48.638714,elastic-workbench-qr-detector,elastic-workbench-qr-detector-1,40,"{'data_quality': 632, 'parallelism': 1}",1.59,-1,33,-1
2025-07-03 17:32:48.649498,elastic-workbench-cv-analyzer,elastic-workbench-cv-analyzer-1,230,"{'data_quality': 288, 'model_size': 2, 'parallelism': 1}",5.41,-1,3,-1
2025-07-03 17:32:48.652842,elastic-workbench-pc-visualizer,elastic-workbench-pc-visualizer-1,19,"{'data_quality': 40, 'model_size': 1, 'parallelism': 1}",1.0,-1,49,-1
2025-07-03 17:32:58.638316,elastic-workbench-qr-detector,elastic-workbench-qr-detector-1,41,"{'data_quality': 632, 'parallelism': 1}",1.6,-1,32,-1
2025-07-03 17:32:58.642449,elastic-workbench-cv-analyzer,elastic-workbench-cv-analyzer-1,272,"{'data_quality': 288, 'model_size': 2, 'parallelism': 1}",5.4,-1,2,-1
2025-07-03 17:32:58.644993,elastic-workbench-pc-visualizer,elastic-workbench-pc-visualizer-1,20,"{'data_quality': 40, 'model_size': 1, 'parallelism': 1}",1.0,-1,47,-1
2025-07-03 17:33:08.638260,elastic-workbench-qr-detector,elastic-workbench-qr-detector-1,41,"{'data_quality': 632, 'parallelism': 1}",1.58,-1,31,-1
2025-07-03 17:33:08.640811,elastic-workbench-cv-analyzer,elastic-workbench-cv-analyzer-1,198,"{'data_quality': 288, 'model_size': 2, 'parallelism': 1}",5.42,-1,3,-1
2025-07-03 17:33:08.643231,elastic-workbench-pc-visualizer,elastic-workbench-pc-visualizer-1,20,"{'data_quality': 40, 'model_size': 1, 'parallelism': 1}",1.0,-1,47,-1
2025-07-03 17:33:18.638137,elastic-workbench-qr-detector,elastic-workbench-qr-detector-1,43,"{'data_quality': 632, 'parallelism': 1}",1.57,-1,34,-1
2025-07-03 17:33:18.649553,elastic-workbench-cv-analyzer,elastic-workbench-cv-analyzer-1,275,"{'data_quality': 288, 'model_size': 2, 'parallelism': 1}",5.43,-1,2,-1
2025-07-03 17:33:18.652235,elastic-workbench-pc-visualizer,elastic-workbench-pc-visualizer-1,20,"{'data_quality': 40, 'model_size': 1, 'parallelism': 1}",1.0,-1,47,-1
2025-07-03 17:33:28.646201,elastic-workbench-qr-detector,elastic-workbench-qr-detector-1,41,"{'data_quality': 632, 'parallelism': 1}",1.61,-1,37,-1
2025-07-03 17:33:28.649988,elastic-workbench-cv-analyzer,elastic-workbench-cv-analyzer-1,334,"{'data_quality': 288, 'model_size': 2, 'parallelism': 1}",5.39,-1,2,-1
2025-07-03 17:33:28.653437,elastic-workbench-pc-visualizer,elastic-workbench-pc-visualizer-1,20,"{'data_quality': 40, 'model_size': 1, 'parallelism': 1}",1.0,-1,47,-1
2025-07-03 17:33:38.641597,elastic-workbench-qr-detector,elastic-workbench-qr-detector-1,43,"{'data_quality': 632, 'parallelism': 1}",1.65,-1,39,-1
2025-07-03 17:33:38.648051,elastic-workbench-cv-analyzer,elastic-workbench-cv-analyzer-1,320,"{'data_quality': 288, 'model_size': 2, 'parallelism': 1}",5.35,-1,2,-1
2025-07-03 17:33:38.650629,elastic-workbench-pc-visualizer,elastic-workbench-pc-visualizer-1,21,"{'data_quality': 40, 'model_size': 1, 'parallelism': 1}",1.0,-1,45,-1
2025-07-03 17:33:48.644056,elastic-workbench-qr-detector,elastic-workbench-qr-detector-1,41,"{'data_quality': 632, 'parallelism': 1}",1.67,-1,40,-1
2025-07-03 17:33:48.653877,elastic-workbench-cv-analyzer,elastic-workbench-cv-analyzer-1,282,"{'data_quality': 288, 'model_size': 2, 'parallelism': 1}",5.33,-1,3,-1
2025-07-03 17:33:48.656944,elastic-workbench-pc-visualizer,elastic-workbench-pc-visualizer-1,21,"{'data_quality': 40, 'model_size': 1, 'parallelism': 1}",1.0,-1,46,-1
2025-07-03 17:33:58.645300,elastic-workbench-qr-detector,elastic-workbench-qr-detector-1,40,"{'data_quality': 632, 'parallelism': 1}",1.69,-1,42,-1
2025-07-03 17:33:58.650758,elastic-workbench-cv-analyzer,elastic-workbench-cv-analyzer-1,248,"{'data_quality': 288, 'model_size': 2, 'parallelism': 1}",5.31,-1,3,-1
2025-07-03 17:33:58.657086,elastic-workbench-pc-visualizer,elastic-workbench-pc-visualizer-1,21,"{'data_quality': 40, 'model_size': 1, 'parallelism': 1}",1.0,-1,46,-1
2025-07-03 17:34:08.643204,elastic-workbench-qr-detector,elastic-workbench-qr-detector-1,39,"{'data_quality': 632, 'parallelism': 1}",1.71,-1,41,-1
2025-07-03 17:34:08.645727,elastic-workbench-cv-analyzer,elastic-workbench-cv-analyzer-1,253,"{'data_quality': 288, 'model_size': 2, 'parallelism': 1}",5.29,-1,3,-1
2025-07-03 17:34:08.648194,elastic-workbench-pc-visualizer,elastic-workbench-pc-visualizer-1,21,"{'data_quality': 40, 'model_size': 1, 'parallelism': 1}",1.0,-1,45,-1
2025-07-03 17:34:18.642829,elastic-workbench-qr-detector,elastic-workbench-qr-detector-1,37,"{'data_quality': 632, 'parallelism': 1}",1.7,-1,41,-1
2025-07-03 17:34:18.646434,elastic-workbench-cv-analyzer,elastic-workbench-cv-analyzer-1,232,"{'data_quality': 288, 'model_size': 2, 'parallelism': 1}",5.3,-1,3,-1
2025-07-03 17:34:18.649585,elastic-workbench-pc-visualizer,elastic-workbench-pc-visualizer-1,21,"{'data_quality': 40, 'model_size': 1, 'parallelism': 1}",1.0,-1,46,-1
2025-07-03 17:34:28.647501,elastic-workbench-qr-detector,elastic-workbench-qr-detector-1,40,"{'data_quality': 632, 'parallelism': 1}",1.7,-1,40,-1
2025-07-03 17:34:28.650363,elastic-workbench-cv-analyzer,elastic-workbench-cv-analyzer-1,295,"{'data_quality': 288, 'model_size': 2, 'parallelism': 1}",5.3,-1,2,-1
2025-07-03 17:34:28.653180,elastic-workbench-pc-visualizer,elastic-workbench-pc-visualizer-1,21,"{'data_quality': 40, 'model_size': 1, 'parallelism': 1}",1.0,-1,46,-1
2025-07-03 17:34:38.647733,elastic-workbench-qr-detector,elastic-workbench-qr-detector-1,37,"{'data_quality': 632, 'parallelism': 1}",1.68,-1,39,-1
2025-07-03 17:34:38.651448,elastic-workbench-cv-analyzer,elastic-workbench-cv-analyzer-1,295,"{'data_quality': 288, 'model_size': 2, 'parallelism': 1}",5.32,-1,3,-1
2025-07-03 17:34:38.654482,elastic-workbench-pc-visualizer,elastic-workbench-pc-visualizer-1,21,"{'data_quality': 40, 'model_size': 1, 'parallelism': 1}",1.0,-1,46,-1
2025-07-03 17:34:48.645247,elastic-workbench-qr-detector,elastic-workbench-qr-detector-1,39,"{'data_quality': 632, 'parallelism': 1}",1.66,-1,38,-1
2025-07-03 17:34:48.652387,elastic-workbench-cv-analyzer,elastic-workbench-cv-analyzer-1,269,"{'data_quality': 288, 'model_size': 2, 'parallelism': 1}",5.34,-1,3,-1
2025-07-03 17:34:48.655427,elastic-workbench-pc-visualizer,elastic-workbench-pc-visualizer-1,20,"{'data_quality': 40, 'model_size': 1, 'parallelism': 1}",1.0,-1,47,-1
2025-07-03 17:34:58.651491,elastic-workbench-qr-detector,elastic-workbench-qr-detector-1,39,"{'data_quality': 632, 'parallelism': 1}",1.65,-1,36,-1
2025-07-03 17:34:58.654290,elastic-workbench-cv-analyzer,elastic-workbench-cv-analyzer-1,317,"{'data_quality': 288, 'model_size': 2, 'parallelism': 1}",5.35,-1,3,-1
2025-07-03 17:34:58.657166,elastic-workbench-pc-visualizer,elastic-workbench-pc-visualizer-1,22,"{'data_quality': 40, 'model_size': 1, 'parallelism': 1}",1.0,-1,45,-1
2025-07-03 17:35:08.648855,elastic-workbench-qr-detector,elastic-workbench-qr-detector-1,42,"{'data_quality': 632, 'parallelism': 1}",1.62,-1,35,-1
2025-07-03 17:35:08.651735,elastic-workbench-cv-analyzer,elastic-workbench-cv-analyzer-1,281,"{'data_quality': 288, 'model_size': 2, 'parallelism': 1}",5.38,-1,3,-1
2025-07-03 17:35:08.654413,elastic-workbench-pc-visualizer,elastic-workbench-pc-visualizer-1,21,"{'data_quality': 40, 'model_size': 1, 'parallelism': 1}",1.0,-1,46,-1
2025-07-03 17:35:18.649568,elastic-workbench-qr-detector,elastic-workbench-qr-detector-1,40,"{'data_quality': 632, 'parallelism': 1}",1.6,-1,34,-1
2025-07-03 17:35:18.652410,elastic-workbench-cv-analyzer,elastic-workbench-cv-analyzer-1,292,"{'data_quality': 288, 'model_size': 2, 'parallelism': 1}",5.4,-1,2,-1
2025-07-03 17:35:18.655698,elastic-workbench-pc-visualizer,elastic-workbench-pc-visualizer-1,19,"{'data_quality': 40, 'model_size': 1, 'parallelism': 1}",1.0,-1,50,-1
2025-07-03 17:35:28.650622,elastic-workbench-qr-detector,elastic-workbench-qr-detector-1,40,"{'data_quality': 632, 'parallelism': 1}",1.59,-1,34,-1
2025-07-03 17:35:28.654288,elastic-workbench-cv-analyzer,elastic-workbench-cv-analyzer-1,363,"{'data_quality': 288, 'model_size': 2, 'parallelism': 1}",5.41,-1,2,-1
2025-07-03 17:35:28.658045,elastic-workbench-pc-visualizer,elastic-workbench-pc-visualizer-1,20,"{'data_quality': 40, 'model_size': 1, 'parallelism': 1}",1.0,-1,47,-1
2025-07-03 17:35:38.652049,elastic-workbench-qr-detector,elastic-workbench-qr-detector-1,42,"{'data_quality': 632, 'parallelism': 1}",1.59,-1,33,-1
2025-07-03 17:35:38.656769,elastic-workbench-cv-analyzer,elastic-workbench-cv-analyzer-1,276,"{'data_quality': 288, 'model_size': 2, 'parallelism': 1}",5.41,-1,3,-1
2025-07-03 17:35:38.663333,elastic-workbench-pc-visualizer,elastic-workbench-pc-visualizer-1,20,"{'data_quality': 40, 'model_size': 1, 'parallelism': 1}",1.0,-1,48,-1
2025-07-03 17:35:48.652771,elastic-workbench-qr-detector,elastic-workbench-qr-detector-1,42,"{'data_quality': 632, 'parallelism': 1}",1.57,-1,32,-1
2025-07-03 17:35:48.655585,elastic-workbench-cv-analyzer,elastic-workbench-cv-analyzer-1,261,"{'data_quality': 288, 'model_size': 2, 'parallelism': 1}",5.43,-1,3,-1
2025-07-03 17:35:48.658320,elastic-workbench-pc-visualizer,elastic-workbench-pc-visualizer-1,19,"{'data_quality': 40, 'model_size': 1, 'parallelism': 1}",1.0,-1,50,-1
2025-07-03 17:35:58.652466,elastic-workbench-qr-detector,elastic-workbench-qr-detector-1,42,"{'data_quality': 632, 'parallelism': 1}",1.56,-1,30,-1
2025-07-03 17:35:58.655340,elastic-workbench-cv-analyzer,elastic-workbench-cv-analyzer-1,281,"{'data_quality': 288, 'model_size': 2, 'parallelism': 1}",5.44,-1,3,-1
2025-07-03 17:35:58.657914,elastic-workbench-pc-visualizer,elastic-workbench-pc-visualizer-1,20,"{'data_quality': 40, 'model_size': 1, 'parallelism': 1}",1.0,-1,48,-1
2025-07-03 17:36:08.654135,elastic-workbench-qr-detector,elastic-workbench-qr-detector-1,41,"{'data_quality': 632, 'parallelism': 1}",1.53,-1,28,-1
2025-07-03 17:36:08.660298,elastic-workbench-cv-analyzer,elastic-workbench-cv-analyzer-1,236,"{'data_quality': 288, 'model_size': 2, 'parallelism': 1}",5.47,-1,3,-1
2025-07-03 17:36:08.663086,elastic-workbench-pc-visualizer,elastic-workbench-pc-visualizer-1,19,"{'data_quality': 40, 'model_size': 1, 'parallelism': 1}",1.0,-1,49,-1
2025-07-03 17:36:18.653645,elastic-workbench-qr-detector,elastic-workbench-qr-detector-1,41,"{'data_quality': 632, 'parallelism': 1}",1.5,-1,27,-1
2025-07-03 17:36:18.656503,elastic-workbench-cv-analyzer,elastic-workbench-cv-analyzer-1,282,"{'data_quality': 288, 'model_size': 2, 'parallelism': 1}",5.5,-1,2,-1
2025-07-03 17:36:18.659174,elastic-workbench-pc-visualizer,elastic-workbench-pc-visualizer-1,19,"{'data_quality': 40, 'model_size': 1, 'parallelism': 1}",1.0,-1,48,-1
2025-07-03 17:36:28.653693,elastic-workbench-qr-detector,elastic-workbench-qr-detector-1,23,"{'data_quality': 632, 'parallelism': 1}",1.48,-1,28,-1
2025-07-03 17:36:28.656367,elastic-workbench-cv-analyzer,elastic-workbench-cv-analyzer-1,228,"{'data_quality': 288, 'model_size': 2, 'parallelism': 1}",5.52,-1,3,-1
2025-07-03 17:36:28.659985,elastic-workbench-pc-visualizer,elastic-workbench-pc-visualizer-1,19,"{'data_quality': 40, 'model_size': 1, 'parallelism': 1}",1.0,-1,49,-1
2025-07-03 17:36:38.654258,elastic-workbench-qr-detector,elastic-workbench-qr-detector-1,23,"{'data_quality': 632, 'parallelism': 1}",1.49,-1,28,-1
2025-07-03 17:36:38.657090,elastic-workbench-cv-analyzer,elastic-workbench-cv-analyzer-1,196,"{'data_quality': 288, 'model_size': 2, 'parallelism': 1}",5.51,-1,3,-1
2025-07-03 17:36:38.659663,elastic-workbench-pc-visualizer,elastic-workbench-pc-visualizer-1,21,"{'data_quality': 40, 'model_size': 1, 'parallelism': 1}",1.0,-1,47,-1
2025-07-03 17:36:48.654990,elastic-workbench-qr-detector,elastic-workbench-qr-detector-1,24,"{'data_quality': 632, 'parallelism': 1}",1.49,-1,28,-1
2025-07-03 17:36:48.657725,elastic-workbench-cv-analyzer,elastic-workbench-cv-analyzer-1,217,"{'data_quality': 288, 'model_size': 2, 'parallelism': 1}",5.51,-1,3,-1
2025-07-03 17:36:48.660237,elastic-workbench-pc-visualizer,elastic-workbench-pc-visualizer-1,20,"{'data_quality': 40, 'model_size': 1, 'parallelism': 1}",1.0,-1,48,-1
2025-07-03 17:36:58.655882,elastic-workbench-qr-detector,elastic-workbench-qr-detector-1,22,"{'data_quality': 632, 'parallelism': 1}",1.49,-1,28,-1
2025-07-03 17:36:58.658874,elastic-workbench-cv-analyzer,elastic-workbench-cv-analyzer-1,257,"{'data_quality': 288, 'model_size': 2, 'parallelism': 1}",5.51,-1,3,-1
2025-07-03 17:36:58.661611,elastic-workbench-pc-visualizer,elastic-workbench-pc-visualizer-1,19,"{'data_quality': 40, 'model_size': 1, 'parallelism': 1}",1.0,-1,49,-1
2025-07-03 17:37:08.663798,elastic-workbench-qr-detector,elastic-workbench-qr-detector-1,23,"{'data_quality': 632, 'parallelism': 1}",1.48,-1,28,-1
2025-07-03 17:37:08.666894,elastic-workbench-cv-analyzer,elastic-workbench-cv-analyzer-1,251,"{'data_quality': 288, 'model_size': 2, 'parallelism': 1}",5.52,-1,2,-1
2025-07-03 17:37:08.669765,elastic-workbench-pc-visualizer,elastic-workbench-pc-visualizer-1,19,"{'data_quality': 40, 'model_size': 1, 'parallelism': 1}",1.0,-1,48,-1
2025-07-03 17:37:18.660128,elastic-workbench-qr-detector,elastic-workbench-qr-detector-1,22,"{'data_quality': 632, 'parallelism': 1}",1.48,-1,28,-1
2025-07-03 17:37:18.662982,elastic-workbench-cv-analyzer,elastic-workbench-cv-analyzer-1,239,"{'data_quality': 288, 'model_size': 2, 'parallelism': 1}",5.52,-1,3,-1
2025-07-03 17:37:18.665515,elastic-workbench-pc-visualizer,elastic-workbench-pc-visualizer-1,20,"{'data_quality': 40, 'model_size': 1, 'parallelism': 1}",1.0,-1,47,-1
2025-07-03 17:37:28.657973,elastic-workbench-qr-detector,elastic-workbench-qr-detector-1,23,"{'data_quality': 632, 'parallelism': 1}",1.48,-1,28,-1
2025-07-03 17:37:28.660839,elastic-workbench-cv-analyzer,elastic-workbench-cv-analyzer-1,237,"{'data_quality': 288, 'model_size': 2, 'parallelism': 1}",5.52,-1,3,-1
2025-07-03 17:37:28.663375,elastic-workbench-pc-visualizer,elastic-workbench-pc-visualizer-1,21,"{'data_quality': 40, 'model_size': 1, 'parallelism': 1}",1.0,-1,46,-1
2025-07-03 17:37:38.658108,elastic-workbench-qr-detector,elastic-workbench-qr-detector-1,23,"{'data_quality': 632, 'parallelism': 1}",1.48,-1,27,-1
2025-07-03 17:37:38.661019,elastic-workbench-cv-analyzer,elastic-workbench-cv-analyzer-1,293,"{'data_quality': 288, 'model_size': 2, 'parallelism': 1}",5.52,-1,2,-1
2025-07-03 17:37:38.663722,elastic-workbench-pc-visualizer,elastic-workbench-pc-visualizer-1,21,"{'data_quality': 40, 'model_size': 1, 'parallelism': 1}",1.0,-1,46,-1
2025-07-03 17:37:48.658749,elastic-workbench-qr-detector,elastic-workbench-qr-detector-1,23,"{'data_quality': 632, 'parallelism': 1}",1.46,-1,27,-1
2025-07-03 17:37:48.661722,elastic-workbench-cv-analyzer,elastic-workbench-cv-analyzer-1,249,"{'data_quality': 288, 'model_size': 2, 'parallelism': 1}",5.54,-1,3,-1
2025-07-03 17:37:48.664301,elastic-workbench-pc-visualizer,elastic-workbench-pc-visualizer-1,19,"{'data_quality': 40, 'model_size': 1, 'parallelism': 1}",1.0,-1,48,-1
2025-07-03 17:37:58.659198,elastic-workbench-qr-detector,elastic-workbench-qr-detector-1,23,"{'data_quality': 632, 'parallelism': 1}",1.46,-1,27,-1
2025-07-03 17:37:58.661988,elastic-workbench-cv-analyzer,elastic-workbench-cv-analyzer-1,295,"{'data_quality': 288, 'model_size': 2, 'parallelism': 1}",5.54,-1,2,-1
2025-07-03 17:37:58.664578,elastic-workbench-pc-visualizer,elastic-workbench-pc-visualizer-1,20,"{'data_quality': 40, 'model_size': 1, 'parallelism': 1}",1.0,-1,47,-1
2025-07-03 17:38:08.659528,elastic-workbench-qr-detector,elastic-workbench-qr-detector-1,23,"{'data_quality': 632, 'parallelism': 1}",1.46,-1,27,-1
2025-07-03 17:38:08.662533,elastic-workbench-cv-analyzer,elastic-workbench-cv-analyzer-1,220,"{'data_quality': 288, 'model_size': 2, 'parallelism': 1}",5.54,-1,3,-1
2025-07-03 17:38:08.665124,elastic-workbench-pc-visualizer,elastic-workbench-pc-visualizer-1,21,"{'data_quality': 40, 'model_size': 1, 'parallelism': 1}",1.0,-1,46,-1
2025-07-03 17:38:18.659673,elastic-workbench-qr-detector,elastic-workbench-qr-detector-1,22,"{'data_quality': 632, 'parallelism': 1}",1.45,-1,28,-1
2025-07-03 17:38:18.662283,elastic-workbench-cv-analyzer,elastic-workbench-cv-analyzer-1,204,"{'data_quality': 288, 'model_size': 2, 'parallelism': 1}",5.55,-1,3,-1
2025-07-03 17:38:18.664788,elastic-workbench-pc-visualizer,elastic-workbench-pc-visualizer-1,20,"{'data_quality': 40, 'model_size': 1, 'parallelism': 1}",1.0,-1,48,-1
2025-07-03 17:38:28.660212,elastic-workbench-qr-detector,elastic-workbench-qr-detector-1,23,"{'data_quality': 632, 'parallelism': 1}",1.46,-1,28,-1
2025-07-03 17:38:28.663060,elastic-workbench-cv-analyzer,elastic-workbench-cv-analyzer-1,297,"{'data_quality': 288, 'model_size': 2, 'parallelism': 1}",5.54,-1,2,-1
2025-07-03 17:38:28.666234,elastic-workbench-pc-visualizer,elastic-workbench-pc-visualizer-1,20,"{'data_quality': 40, 'model_size': 1, 'parallelism': 1}",1.0,-1,47,-1
2025-07-03 17:38:38.666564,elastic-workbench-qr-detector,elastic-workbench-qr-detector-1,23,"{'data_quality': 632, 'parallelism': 1}",1.46,-1,27,-1
2025-07-03 17:38:38.669787,elastic-workbench-cv-analyzer,elastic-workbench-cv-analyzer-1,234,"{'data_quality': 288, 'model_size': 2, 'parallelism': 1}",5.54,-1,3,-1
2025-07-03 17:38:38.672573,elastic-workbench-pc-visualizer,elastic-workbench-pc-visualizer-1,20,"{'data_quality': 40, 'model_size': 1, 'parallelism': 1}",1.0,-1,48,-1
2025-07-03 17:38:48.661450,elastic-workbench-qr-detector,elastic-workbench-qr-detector-1,23,"{'data_quality': 633, 'parallelism': 1}",1.45,-1,27,-1
2025-07-03 17:38:48.664171,elastic-workbench-cv-analyzer,elastic-workbench-cv-analyzer-1,220,"{'data_quality': 288, 'model_size': 2, 'parallelism': 1}",5.55,-1,2,-1
2025-07-03 17:38:48.666758,elastic-workbench-pc-visualizer,elastic-workbench-pc-visualizer-1,20,"{'data_quality': 40, 'model_size': 1, 'parallelism': 1}",1.0,-1,48,-1
2025-07-03 17:38:58.662615,elastic-workbench-qr-detector,elastic-workbench-qr-detector-1,22,"{'data_quality': 633, 'parallelism': 1}",1.44,-1,27,-1
2025-07-03 17:38:58.666410,elastic-workbench-cv-analyzer,elastic-workbench-cv-analyzer-1,342,"{'data_quality': 288, 'model_size': 2, 'parallelism': 1}",5.56,-1,2,-1
2025-07-03 17:38:58.674257,elastic-workbench-pc-visualizer,elastic-workbench-pc-visualizer-1,20,"{'data_quality': 40, 'model_size': 1, 'parallelism': 1}",1.0,-1,47,-1
2025-07-03 17:39:08.662645,elastic-workbench-qr-detector,elastic-workbench-qr-detector-1,24,"{'data_quality': 633, 'parallelism': 1}",1.44,-1,27,-1
2025-07-03 17:39:08.669122,elastic-workbench-cv-analyzer,elastic-workbench-cv-analyzer-1,218,"{'data_quality': 288, 'model_size': 2, 'parallelism': 1}",5.56,-1,2,-1
2025-07-03 17:39:08.671696,elastic-workbench-pc-visualizer,elastic-workbench-pc-visualizer-1,20,"{'data_quality': 40, 'model_size': 1, 'parallelism': 1}",1.0,-1,48,-1
2025-07-03 17:39:18.663622,elastic-workbench-qr-detector,elastic-workbench-qr-detector-1,24,"{'data_quality': 633, 'parallelism': 1}",1.44,-1,26,-1
2025-07-03 17:39:18.666512,elastic-workbench-cv-analyzer,elastic-workbench-cv-analyzer-1,262,"{'data_quality': 288, 'model_size': 2, 'parallelism': 1}",5.56,-1,2,-1
2025-07-03 17:39:18.669297,elastic-workbench-pc-visualizer,elastic-workbench-pc-visualizer-1,20,"{'data_quality': 40, 'model_size': 1, 'parallelism': 1}",1.0,-1,46,-1
2025-07-03 17:39:28.664401,elastic-workbench-qr-detector,elastic-workbench-qr-detector-1,24,"{'data_quality': 633, 'parallelism': 1}",1.42,-1,26,-1
2025-07-03 17:39:28.667171,elastic-workbench-cv-analyzer,elastic-workbench-cv-analyzer-1,224,"{'data_quality': 288, 'model_size': 2, 'parallelism': 1}",5.58,-1,3,-1
2025-07-03 17:39:28.669678,elastic-workbench-pc-visualizer,elastic-workbench-pc-visualizer-1,20,"{'data_quality': 40, 'model_size': 1, 'parallelism': 1}",1.0,-1,48,-1
2025-07-03 17:39:38.664748,elastic-workbench-qr-detector,elastic-workbench-qr-detector-1,25,"{'data_quality': 633, 'parallelism': 1}",1.42,-1,27,-1
2025-07-03 17:39:38.669363,elastic-workbench-cv-analyzer,elastic-workbench-cv-analyzer-1,345,"{'data_quality': 288, 'model_size': 2, 'parallelism': 1}",5.58,-1,2,-1
2025-07-03 17:39:38.672605,elastic-workbench-pc-visualizer,elastic-workbench-pc-visualizer-1,20,"{'data_quality': 40, 'model_size': 1, 'parallelism': 1}",1.0,-1,47,-1
2025-07-03 17:39:48.665397,elastic-workbench-qr-detector,elastic-workbench-qr-detector-1,24,"{'data_quality': 633, 'parallelism': 1}",1.43,-1,29,-1
2025-07-03 17:39:48.668247,elastic-workbench-cv-analyzer,elastic-workbench-cv-analyzer-1,290,"{'data_quality': 288, 'model_size': 2, 'parallelism': 1}",5.57,-1,3,-1
2025-07-03 17:39:48.677285,elastic-workbench-pc-visualizer,elastic-workbench-pc-visualizer-1,21,"{'data_quality': 40, 'model_size': 1, 'parallelism': 1}",1.0,-1,46,-1
2025-07-03 17:39:58.668294,elastic-workbench-qr-detector,elastic-workbench-qr-detector-1,23,"{'data_quality': 633, 'parallelism': 1}",1.46,-1,30,-1
2025-07-03 17:39:58.671097,elastic-workbench-cv-analyzer,elastic-workbench-cv-analyzer-1,230,"{'data_quality': 288, 'model_size': 2, 'parallelism': 1}",5.54,-1,2,-1
2025-07-03 17:39:58.674095,elastic-workbench-pc-visualizer,elastic-workbench-pc-visualizer-1,20,"{'data_quality': 40, 'model_size': 1, 'parallelism': 1}",1.0,-1,47,-1
2025-07-03 17:40:08.666298,elastic-workbench-qr-detector,elastic-workbench-qr-detector-1,23,"{'data_quality': 633, 'parallelism': 1}",1.47,-1,31,-1
2025-07-03 17:40:08.669258,elastic-workbench-cv-analyzer,elastic-workbench-cv-analyzer-1,268,"{'data_quality': 288, 'model_size': 2, 'parallelism': 1}",5.53,-1,2,-1
2025-07-03 17:40:08.671874,elastic-workbench-pc-visualizer,elastic-workbench-pc-visualizer-1,20,"{'data_quality': 40, 'model_size': 1, 'parallelism': 1}",1.0,-1,46,-1
2025-07-03 17:40:18.666377,elastic-workbench-qr-detector,elastic-workbench-qr-detector-1,23,"{'data_quality': 633, 'parallelism': 1}",1.48,-1,31,-1
2025-07-03 17:40:18.669003,elastic-workbench-cv-analyzer,elastic-workbench-cv-analyzer-1,241,"{'data_quality': 288, 'model_size': 2, 'parallelism': 1}",5.52,-1,2,-1
2025-07-03 17:40:18.671512,elastic-workbench-pc-visualizer,elastic-workbench-pc-visualizer-1,19,"{'data_quality': 40, 'model_size': 1, 'parallelism': 1}",1.0,-1,48,-1
2025-07-03 17:40:28.666891,elastic-workbench-qr-detector,elastic-workbench-qr-detector-1,23,"{'data_quality': 633, 'parallelism': 1}",1.48,-1,31,-1
2025-07-03 17:40:28.669695,elastic-workbench-cv-analyzer,elastic-workbench-cv-analyzer-1,300,"{'data_quality': 288, 'model_size': 2, 'parallelism': 1}",5.52,-1,2,-1
2025-07-03 17:40:28.672262,elastic-workbench-pc-visualizer,elastic-workbench-pc-visualizer-1,19,"{'data_quality': 40, 'model_size': 1, 'parallelism': 1}",1.0,-1,48,-1
2025-07-03 17:40:38.670128,elastic-workbench-qr-detector,elastic-workbench-qr-detector-1,22,"{'data_quality': 633, 'parallelism': 1}",1.48,-1,33,-1
2025-07-03 17:40:38.672988,elastic-workbench-cv-analyzer,elastic-workbench-cv-analyzer-1,250,"{'data_quality': 288, 'model_size': 2, 'parallelism': 1}",5.52,-1,3,-1
2025-07-03 17:40:38.675583,elastic-workbench-pc-visualizer,elastic-workbench-pc-visualizer-1,19,"{'data_quality': 40, 'model_size': 1, 'parallelism': 1}",1.0,-1,49,-1
2025-07-03 17:40:48.670149,elastic-workbench-qr-detector,elastic-workbench-qr-detector-1,40,"{'data_quality': 633, 'parallelism': 1}",1.51,-1,33,-1
2025-07-03 17:40:48.678894,elastic-workbench-cv-analyzer,elastic-workbench-cv-analyzer-1,332,"{'data_quality': 288, 'model_size': 2, 'parallelism': 1}",5.49,-1,2,-1
2025-07-03 17:40:48.681767,elastic-workbench-pc-visualizer,elastic-workbench-pc-visualizer-1,21,"{'data_quality': 40, 'model_size': 1, 'parallelism': 1}",1.0,-1,46,-1
2025-07-03 17:40:58.671054,elastic-workbench-qr-detector,elastic-workbench-qr-detector-1,41,"{'data_quality': 633, 'parallelism': 1}",1.51,-1,34,-1
2025-07-03 17:40:58.674183,elastic-workbench-cv-analyzer,elastic-workbench-cv-analyzer-1,317,"{'data_quality': 288, 'model_size': 2, 'parallelism': 1}",5.49,-1,3,-1
2025-07-03 17:40:58.676761,elastic-workbench-pc-visualizer,elastic-workbench-pc-visualizer-1,21,"{'data_quality': 40, 'model_size': 1, 'parallelism': 1}",1.0,-1,46,-1
2025-07-03 17:41:08.671575,elastic-workbench-qr-detector,elastic-workbench-qr-detector-1,42,"{'data_quality': 633, 'parallelism': 1}",1.52,-1,36,-1
2025-07-03 17:41:08.674776,elastic-workbench-cv-analyzer,elastic-workbench-cv-analyzer-1,307,"{'data_quality': 288, 'model_size': 2, 'parallelism': 1}",5.48,-1,2,-1
2025-07-03 17:41:08.677376,elastic-workbench-pc-visualizer,elastic-workbench-pc-visualizer-1,21,"{'data_quality': 40, 'model_size': 1, 'parallelism': 1}",1.0,-1,46,-1
2025-07-03 17:41:18.672356,elastic-workbench-qr-detector,elastic-workbench-qr-detector-1,42,"{'data_quality': 633, 'parallelism': 1}",1.55,-1,37,-1
2025-07-03 17:41:18.675164,elastic-workbench-cv-analyzer,elastic-workbench-cv-analyzer-1,321,"{'data_quality': 288, 'model_size': 2, 'parallelism': 1}",5.45,-1,2,-1
2025-07-03 17:41:18.677868,elastic-workbench-pc-visualizer,elastic-workbench-pc-visualizer-1,21,"{'data_quality': 40, 'model_size': 1, 'parallelism': 1}",1.0,-1,46,-1
2025-07-03 17:41:28.673152,elastic-workbench-qr-detector,elastic-workbench-qr-detector-1,45,"{'data_quality': 633, 'parallelism': 1}",1.56,-1,38,-1
2025-07-03 17:41:28.676646,elastic-workbench-cv-analyzer,elastic-workbench-cv-analyzer-1,350,"{'data_quality': 288, 'model_size': 2, 'parallelism': 1}",5.44,-1,2,-1
2025-07-03 17:41:28.679233,elastic-workbench-pc-visualizer,elastic-workbench-pc-visualizer-1,21,"{'data_quality': 40, 'model_size': 1, 'parallelism': 1}",1.0,-1,45,-1
2025-07-03 17:41:38.674079,elastic-workbench-qr-detector,elastic-workbench-qr-detector-1,42,"{'data_quality': 633, 'parallelism': 1}",1.58,-1,38,-1
2025-07-03 17:41:38.677029,elastic-workbench-cv-analyzer,elastic-workbench-cv-analyzer-1,358,"{'data_quality': 288, 'model_size': 2, 'parallelism': 1}",5.42,-1,2,-1
2025-07-03 17:41:38.679546,elastic-workbench-pc-visualizer,elastic-workbench-pc-visualizer-1,21,"{'data_quality': 40, 'model_size': 1, 'parallelism': 1}",1.0,-1,46,-1
2025-07-03 17:41:48.674850,elastic-workbench-qr-detector,elastic-workbench-qr-detector-1,43,"{'data_quality': 633, 'parallelism': 1}",1.58,-1,37,-1
2025-07-03 17:41:48.679494,elastic-workbench-cv-analyzer,elastic-workbench-cv-analyzer-1,283,"{'data_quality': 288, 'model_size': 2, 'parallelism': 1}",5.42,-1,3,-1
2025-07-03 17:41:48.686858,elastic-workbench-pc-visualizer,elastic-workbench-pc-visualizer-1,20,"{'data_quality': 40, 'model_size': 1, 'parallelism': 1}",1.0,-1,47,-1
2025-07-03 17:41:58.675317,elastic-workbench-qr-detector,elastic-workbench-qr-detector-1,45,"{'data_quality': 633, 'parallelism': 1}",1.56,-1,37,-1
2025-07-03 17:41:58.678250,elastic-workbench-cv-analyzer,elastic-workbench-cv-analyzer-1,270,"{'data_quality': 288, 'model_size': 2, 'parallelism': 1}",5.44,-1,3,-1
2025-07-03 17:41:58.680812,elastic-workbench-pc-visualizer,elastic-workbench-pc-visualizer-1,21,"{'data_quality': 40, 'model_size': 1, 'parallelism': 1}",1.0,-1,46,-1
2025-07-03 17:42:08.676830,elastic-workbench-qr-detector,elastic-workbench-qr-detector-1,44,"{'data_quality': 633, 'parallelism': 1}",1.56,-1,37,-1
2025-07-03 17:42:08.679702,elastic-workbench-cv-analyzer,elastic-workbench-cv-analyzer-1,297,"{'data_quality': 288, 'model_size': 2, 'parallelism': 1}",5.44,-1,2,-1
2025-07-03 17:42:08.682477,elastic-workbench-pc-visualizer,elastic-workbench-pc-visualizer-1,21,"{'data_quality': 40, 'model_size': 1, 'parallelism': 1}",1.0,-1,46,-1
2025-07-03 17:42:18.682485,elastic-workbench-qr-detector,elastic-workbench-qr-detector-1,42,"{'data_quality': 633, 'parallelism': 1}",1.56,-1,36,-1
2025-07-03 17:42:18.685614,elastic-workbench-cv-analyzer,elastic-workbench-cv-analyzer-1,331,"{'data_quality': 288, 'model_size': 2, 'parallelism': 1}",5.44,-1,2,-1
2025-07-03 17:42:18.688431,elastic-workbench-pc-visualizer,elastic-workbench-pc-visualizer-1,19,"{'data_quality': 40, 'model_size': 1, 'parallelism': 1}",1.0,-1,48,-1
2025-07-03 17:42:28.678565,elastic-workbench-qr-detector,elastic-workbench-qr-detector-1,41,"{'data_quality': 633, 'parallelism': 1}",1.54,-1,36,-1
2025-07-03 17:42:28.681160,elastic-workbench-cv-analyzer,elastic-workbench-cv-analyzer-1,292,"{'data_quality': 288, 'model_size': 2, 'parallelism': 1}",5.46,-1,2,-1
2025-07-03 17:42:28.683854,elastic-workbench-pc-visualizer,elastic-workbench-pc-visualizer-1,20,"{'data_quality': 40, 'model_size': 1, 'parallelism': 1}",1.0,-1,47,-1
2025-07-03 17:42:38.679161,elastic-workbench-qr-detector,elastic-workbench-qr-detector-1,41,"{'data_quality': 633, 'parallelism': 1}",1.54,-1,36,-1
2025-07-03 17:42:38.682202,elastic-workbench-cv-analyzer,elastic-workbench-cv-analyzer-1,325,"{'data_quality': 288, 'model_size': 2, 'parallelism': 1}",5.46,-1,2,-1
2025-07-03 17:42:38.684790,elastic-workbench-pc-visualizer,elastic-workbench-pc-visualizer-1,22,"{'data_quality': 40, 'model_size': 1, 'parallelism': 1}",1.0,-1,45,-1
2025-07-03 17:42:48.679868,elastic-workbench-qr-detector,elastic-workbench-qr-detector-1,42,"{'data_quality': 633, 'parallelism': 1}",1.54,-1,39,-1
2025-07-03 17:42:48.682747,elastic-workbench-cv-analyzer,elastic-workbench-cv-analyzer-1,337,"{'data_quality': 288, 'model_size': 2, 'parallelism': 1}",5.46,-1,2,-1
2025-07-03 17:42:48.685367,elastic-workbench-pc-visualizer,elastic-workbench-pc-visualizer-1,21,"{'data_quality': 40, 'model_size': 1, 'parallelism': 1}",1.0,-1,45,-1
2025-07-03 17:42:58.680012,elastic-workbench-qr-detector,elastic-workbench-qr-detector-1,41,"{'data_quality': 633, 'parallelism': 1}",1.58,-1,39,-1
2025-07-03 17:42:58.682858,elastic-workbench-cv-analyzer,elastic-workbench-cv-analyzer-1,353,"{'data_quality': 288, 'model_size': 2, 'parallelism': 1}",5.42,-1,3,-1
2025-07-03 17:42:58.685453,elastic-workbench-pc-visualizer,elastic-workbench-pc-visualizer-1,21,"{'data_quality': 40, 'model_size': 1, 'parallelism': 1}",1.0,-1,45,-1
2025-07-03 17:43:08.680824,elastic-workbench-qr-detector,elastic-workbench-qr-detector-1,43,"{'data_quality': 633, 'parallelism': 1}",1.58,-1,40,-1
2025-07-03 17:43:08.683351,elastic-workbench-cv-analyzer,elastic-workbench-cv-analyzer-1,314,"{'data_quality': 288, 'model_size': 2, 'parallelism': 1}",5.42,-1,2,-1
2025-07-03 17:43:08.686284,elastic-workbench-pc-visualizer,elastic-workbench-pc-visualizer-1,21,"{'data_quality': 40, 'model_size': 1, 'parallelism': 1}",1.0,-1,46,-1
2025-07-03 17:43:18.685625,elastic-workbench-qr-detector,elastic-workbench-qr-detector-1,42,"{'data_quality': 633, 'parallelism': 1}",1.6,-1,40,-1
2025-07-03 17:43:18.688690,elastic-workbench-cv-analyzer,elastic-workbench-cv-analyzer-1,245,"{'data_quality': 288, 'model_size': 2, 'parallelism': 1}",5.4,-1,3,-1
2025-07-03 17:43:18.691503,elastic-workbench-pc-visualizer,elastic-workbench-pc-visualizer-1,21,"{'data_quality': 40, 'model_size': 1, 'parallelism': 1}",1.0,-1,46,-1
2025-07-03 17:43:28.682794,elastic-workbench-qr-detector,elastic-workbench-qr-detector-1,44,"{'data_quality': 633, 'parallelism': 1}",1.6,-1,41,-1
2025-07-03 17:43:28.685677,elastic-workbench-cv-analyzer,elastic-workbench-cv-analyzer-1,351,"{'data_quality': 288, 'model_size': 2, 'parallelism': 1}",5.4,-1,2,-1
2025-07-03 17:43:28.688249,elastic-workbench-pc-visualizer,elastic-workbench-pc-visualizer-1,21,"{'data_quality': 40, 'model_size': 1, 'parallelism': 1}",1.0,-1,46,-1
2025-07-03 17:43:38.682752,elastic-workbench-qr-detector,elastic-workbench-qr-detector-1,43,"{'data_quality': 633, 'parallelism': 1}",1.61,-1,41,-1
2025-07-03 17:43:38.686143,elastic-workbench-cv-analyzer,elastic-workbench-cv-analyzer-1,369,"{'data_quality': 288, 'model_size': 2, 'parallelism': 1}",5.39,-1,2,-1
2025-07-03 17:43:38.691421,elastic-workbench-pc-visualizer,elastic-workbench-pc-visualizer-1,21,"{'data_quality': 40, 'model_size': 1, 'parallelism': 1}",1.0,-1,46,-1
2025-07-03 17:43:48.683691,elastic-workbench-qr-detector,elastic-workbench-qr-detector-1,42,"{'data_quality': 633, 'parallelism': 1}",1.61,-1,42,-1
2025-07-03 17:43:48.686840,elastic-workbench-cv-analyzer,elastic-workbench-cv-analyzer-1,299,"{'data_quality': 288, 'model_size': 2, 'parallelism': 1}",5.39,-1,2,-1
2025-07-03 17:43:48.689471,elastic-workbench-pc-visualizer,elastic-workbench-pc-visualizer-1,20,"{'data_quality': 40, 'model_size': 1, 'parallelism': 1}",1.0,-1,47,-1
2025-07-03 17:43:58.684731,elastic-workbench-qr-detector,elastic-workbench-qr-detector-1,41,"{'data_quality': 633, 'parallelism': 1}",1.63,-1,43,-1
2025-07-03 17:43:58.688685,elastic-workbench-cv-analyzer,elastic-workbench-cv-analyzer-1,334,"{'data_quality': 288, 'model_size': 2, 'parallelism': 1}",5.37,-1,2,-1
2025-07-03 17:43:58.691630,elastic-workbench-pc-visualizer,elastic-workbench-pc-visualizer-1,21,"{'data_quality': 40, 'model_size': 1, 'parallelism': 1}",1.0,-1,47,-1
2025-07-03 17:44:08.685709,elastic-workbench-qr-detector,elastic-workbench-qr-detector-1,43,"{'data_quality': 633, 'parallelism': 1}",1.64,-1,43,-1
2025-07-03 17:44:08.693180,elastic-workbench-cv-analyzer,elastic-workbench-cv-analyzer-1,412,"{'data_quality': 288, 'model_size': 2, 'parallelism': 1}",5.36,-1,2,-1
2025-07-03 17:44:08.695989,elastic-workbench-pc-visualizer,elastic-workbench-pc-visualizer-1,21,"{'data_quality': 40, 'model_size': 1, 'parallelism': 1}",1.0,-1,45,-1
2025-07-03 17:44:18.686408,elastic-workbench-qr-detector,elastic-workbench-qr-detector-1,45,"{'data_quality': 633, 'parallelism': 1}",1.64,-1,42,-1
2025-07-03 17:44:18.689323,elastic-workbench-cv-analyzer,elastic-workbench-cv-analyzer-1,376,"{'data_quality': 288, 'model_size': 2, 'parallelism': 1}",5.36,-1,2,-1
2025-07-03 17:44:18.692004,elastic-workbench-pc-visualizer,elastic-workbench-pc-visualizer-1,21,"{'data_quality': 40, 'model_size': 1, 'parallelism': 1}",1.0,-1,46,-1
2025-07-03 17:44:28.687303,elastic-workbench-qr-detector,elastic-workbench-qr-detector-1,42,"{'data_quality': 633, 'parallelism': 1}",1.69,-1,46,-1
2025-07-03 17:44:28.691853,elastic-workbench-cv-analyzer,elastic-workbench-cv-analyzer-1,402,"{'data_quality': 288, 'model_size': 2, 'parallelism': 1}",5.31,-1,2,-1
2025-07-03 17:44:28.694365,elastic-workbench-pc-visualizer,elastic-workbench-pc-visualizer-1,20,"{'data_quality': 40, 'model_size': 1, 'parallelism': 1}",1.0,-1,47,-1
2025-07-03 17:44:38.688050,elastic-workbench-qr-detector,elastic-workbench-qr-detector-1,43,"{'data_quality': 633, 'parallelism': 1}",1.72,-1,44,-1
2025-07-03 17:44:38.690662,elastic-workbench-cv-analyzer,elastic-workbench-cv-analyzer-1,378,"{'data_quality': 288, 'model_size': 2, 'parallelism': 1}",5.28,-1,2,-1
2025-07-03 17:44:38.695084,elastic-workbench-pc-visualizer,elastic-workbench-pc-visualizer-1,21,"{'data_quality': 40, 'model_size': 1, 'parallelism': 1}",1.0,-1,45,-1
2025-07-03 17:44:48.688616,elastic-workbench-qr-detector,elastic-workbench-qr-detector-1,41,"{'data_quality': 633, 'parallelism': 1}",1.77,-1,47,-1
2025-07-03 17:44:48.691686,elastic-workbench-cv-analyzer,elastic-workbench-cv-analyzer-1,367,"{'data_quality': 288, 'model_size': 2, 'parallelism': 1}",5.23,-1,2,-1
2025-07-03 17:44:48.694298,elastic-workbench-pc-visualizer,elastic-workbench-pc-visualizer-1,21,"{'data_quality': 40, 'model_size': 1, 'parallelism': 1}",1.0,-1,45,-1
2025-07-03 17:44:58.688853,elastic-workbench-qr-detector,elastic-workbench-qr-detector-1,41,"{'data_quality': 633, 'parallelism': 1}",1.8,-1,47,-1
2025-07-03 17:44:58.692075,elastic-workbench-cv-analyzer,elastic-workbench-cv-analyzer-1,431,"{'data_quality': 288, 'model_size': 2, 'parallelism': 1}",5.2,-1,2,-1
2025-07-03 17:44:58.694757,elastic-workbench-pc-visualizer,elastic-workbench-pc-visualizer-1,21,"{'data_quality': 40, 'model_size': 1, 'parallelism': 1}",1.0,-1,46,-1
2025-07-03 17:45:08.689634,elastic-workbench-qr-detector,elastic-workbench-qr-detector-1,41,"{'data_quality': 633, 'parallelism': 1}",1.8,-1,47,-1
2025-07-03 17:45:08.692825,elastic-workbench-cv-analyzer,elastic-workbench-cv-analyzer-1,340,"{'data_quality': 288, 'model_size': 2, 'parallelism': 1}",5.2,-1,2,-1
2025-07-03 17:45:08.695484,elastic-workbench-pc-visualizer,elastic-workbench-pc-visualizer-1,21,"{'data_quality': 40, 'model_size': 1, 'parallelism': 1}",1.0,-1,46,-1
2025-07-03 17:45:18.692515,elastic-workbench-qr-detector,elastic-workbench-qr-detector-1,41,"{'data_quality': 633, 'parallelism': 1}",1.83,-1,47,-1
2025-07-03 17:45:18.695131,elastic-workbench-cv-analyzer,elastic-workbench-cv-analyzer-1,209,"{'data_quality': 288, 'model_size': 1, 'parallelism': 1}",5.17,-1,4,-1
2025-07-03 17:45:18.707709,elastic-workbench-pc-visualizer,elastic-workbench-pc-visualizer-1,21,"{'data_quality': 40, 'model_size': 1, 'parallelism': 1}",1.0,-1,46,-1
2025-07-03 17:45:28.690496,elastic-workbench-qr-detector,elastic-workbench-qr-detector-1,40,"{'data_quality': 633, 'parallelism': 1}",1.85,-1,47,-1
2025-07-03 17:45:28.693473,elastic-workbench-cv-analyzer,elastic-workbench-cv-analyzer-1,168,"{'data_quality': 288, 'model_size': 1, 'parallelism': 1}",5.15,-1,5,-1
2025-07-03 17:45:28.696275,elastic-workbench-pc-visualizer,elastic-workbench-pc-visualizer-1,21,"{'data_quality': 40, 'model_size': 1, 'parallelism': 1}",1.0,-1,45,-1
2025-07-03 17:45:38.691393,elastic-workbench-qr-detector,elastic-workbench-qr-detector-1,40,"{'data_quality': 633, 'parallelism': 1}",1.87,-1,49,-1
2025-07-03 17:45:38.694193,elastic-workbench-cv-analyzer,elastic-workbench-cv-analyzer-1,176,"{'data_quality': 288, 'model_size': 1, 'parallelism': 1}",5.13,-1,4,-1
2025-07-03 17:45:38.696791,elastic-workbench-pc-visualizer,elastic-workbench-pc-visualizer-1,21,"{'data_quality': 40, 'model_size': 1, 'parallelism': 1}",1.0,-1,45,-1
2025-07-03 17:45:48.691595,elastic-workbench-qr-detector,elastic-workbench-qr-detector-1,39,"{'data_quality': 633, 'parallelism': 1}",1.89,-1,49,-1
2025-07-03 17:45:48.699521,elastic-workbench-cv-analyzer,elastic-workbench-cv-analyzer-1,186,"{'data_quality': 288, 'model_size': 1, 'parallelism': 1}",5.11,-1,5,-1
2025-07-03 17:45:48.702854,elastic-workbench-pc-visualizer,elastic-workbench-pc-visualizer-1,21,"{'data_quality': 40, 'model_size': 1, 'parallelism': 1}",1.0,-1,46,-1
2025-07-03 17:45:58.693099,elastic-workbench-qr-detector,elastic-workbench-qr-detector-1,39,"{'data_quality': 633, 'parallelism': 1}",1.92,-1,50,-1
2025-07-03 17:45:58.696104,elastic-workbench-cv-analyzer,elastic-workbench-cv-analyzer-1,172,"{'data_quality': 288, 'model_size': 1, 'parallelism': 1}",5.08,-1,5,-1
2025-07-03 17:45:58.698754,elastic-workbench-pc-visualizer,elastic-workbench-pc-visualizer-1,21,"{'data_quality': 40, 'model_size': 1, 'parallelism': 1}",1.0,-1,45,-1
2025-07-03 17:46:08.692920,elastic-workbench-qr-detector,elastic-workbench-qr-detector-1,37,"{'data_quality': 633, 'parallelism': 1}",1.96,-1,51,-1
2025-07-03 17:46:08.695736,elastic-workbench-cv-analyzer,elastic-workbench-cv-analyzer-1,173,"{'data_quality': 288, 'model_size': 1, 'parallelism': 1}",5.04,-1,5,-1
2025-07-03 17:46:08.699768,elastic-workbench-pc-visualizer,elastic-workbench-pc-visualizer-1,20,"{'data_quality': 40, 'model_size': 1, 'parallelism': 1}",1.0,-1,47,-1
2025-07-03 17:46:18.694384,elastic-workbench-qr-detector,elastic-workbench-qr-detector-1,37,"{'data_quality': 633, 'parallelism': 1}",1.99,-1,52,-1
2025-07-03 17:46:18.697574,elastic-workbench-cv-analyzer,elastic-workbench-cv-analyzer-1,185,"{'data_quality': 288, 'model_size': 1, 'parallelism': 1}",5.01,-1,5,-1
2025-07-03 17:46:18.700237,elastic-workbench-pc-visualizer,elastic-workbench-pc-visualizer-1,21,"{'data_quality': 40, 'model_size': 1, 'parallelism': 1}",1.0,-1,45,-1
2025-07-03 17:46:28.694518,elastic-workbench-qr-detector,elastic-workbench-qr-detector-1,36,"{'data_quality': 627, 'parallelism': 1}",2.01,-1,54,-1
2025-07-03 17:46:28.697370,elastic-workbench-cv-analyzer,elastic-workbench-cv-analyzer-1,185,"{'data_quality': 187, 'model_size': 2, 'parallelism': 1}",4.99,-1,4,-1
2025-07-03 17:46:28.700009,elastic-workbench-pc-visualizer,elastic-workbench-pc-visualizer-1,21,"{'data_quality': 40, 'model_size': 1, 'parallelism': 1}",1.0,-1,46,-1
2025-07-03 17:46:38.695491,elastic-workbench-qr-detector,elastic-workbench-qr-detector-1,34,"{'data_quality': 627, 'parallelism': 1}",2.05,-1,55,-1
2025-07-03 17:46:38.698657,elastic-workbench-cv-analyzer,elastic-workbench-cv-analyzer-1,201,"{'data_quality': 187, 'model_size': 2, 'parallelism': 1}",4.95,-1,4,-1
2025-07-03 17:46:38.701247,elastic-workbench-pc-visualizer,elastic-workbench-pc-visualizer-1,20,"{'data_quality': 40, 'model_size': 1, 'parallelism': 1}",1.0,-1,47,-1
2025-07-03 17:46:48.695858,elastic-workbench-qr-detector,elastic-workbench-qr-detector-1,33,"{'data_quality': 627, 'parallelism': 1}",2.09,-1,58,-1
2025-07-03 17:46:48.700465,elastic-workbench-cv-analyzer,elastic-workbench-cv-analyzer-1,186,"{'data_quality': 187, 'model_size': 2, 'parallelism': 1}",4.91,-1,4,-1
2025-07-03 17:46:48.703277,elastic-workbench-pc-visualizer,elastic-workbench-pc-visualizer-1,20,"{'data_quality': 40, 'model_size': 1, 'parallelism': 1}",1.0,-1,48,-1
2025-07-03 17:46:58.696512,elastic-workbench-qr-detector,elastic-workbench-qr-detector-1,35,"{'data_quality': 627, 'parallelism': 1}",2.12,-1,56,-1
2025-07-03 17:46:58.700161,elastic-workbench-cv-analyzer,elastic-workbench-cv-analyzer-1,231,"{'data_quality': 187, 'model_size': 2, 'parallelism': 1}",4.88,-1,3,-1
2025-07-03 17:46:58.703161,elastic-workbench-pc-visualizer,elastic-workbench-pc-visualizer-1,21,"{'data_quality': 40, 'model_size': 1, 'parallelism': 1}",1.0,-1,46,-1
2025-07-03 17:47:08.698682,elastic-workbench-qr-detector,elastic-workbench-qr-detector-1,34,"{'data_quality': 627, 'parallelism': 1}",2.13,-1,57,-1
2025-07-03 17:47:08.705284,elastic-workbench-cv-analyzer,elastic-workbench-cv-analyzer-1,212,"{'data_quality': 187, 'model_size': 2, 'parallelism': 1}",4.87,-1,4,-1
2025-07-03 17:47:08.708190,elastic-workbench-pc-visualizer,elastic-workbench-pc-visualizer-1,20,"{'data_quality': 40, 'model_size': 1, 'parallelism': 1}",1.0,-1,47,-1
2025-07-03 17:47:18.700992,elastic-workbench-qr-detector,elastic-workbench-qr-detector-1,33,"{'data_quality': 627, 'parallelism': 1}",2.17,-1,59,-1
2025-07-03 17:47:18.703664,elastic-workbench-cv-analyzer,elastic-workbench-cv-analyzer-1,191,"{'data_quality': 187, 'model_size': 2, 'parallelism': 1}",4.83,-1,4,-1
2025-07-03 17:47:18.706496,elastic-workbench-pc-visualizer,elastic-workbench-pc-visualizer-1,21,"{'data_quality': 40, 'model_size': 1, 'parallelism': 1}",1.0,-1,45,-1
2025-07-03 17:47:28.698503,elastic-workbench-qr-detector,elastic-workbench-qr-detector-1,32,"{'data_quality': 627, 'parallelism': 1}",2.17,-1,61,-1
2025-07-03 17:47:28.701874,elastic-workbench-cv-analyzer,elastic-workbench-cv-analyzer-1,109,"{'data_quality': 187, 'model_size': 1, 'parallelism': 1}",4.83,-1,7,-1
2025-07-03 17:47:28.711266,elastic-workbench-pc-visualizer,elastic-workbench-pc-visualizer-1,21,"{'data_quality': 40, 'model_size': 1, 'parallelism': 1}",1.0,-1,46,-1
2025-07-03 17:47:38.699631,elastic-workbench-qr-detector,elastic-workbench-qr-detector-1,32,"{'data_quality': 627, 'parallelism': 1}",2.21,-1,59,-1
2025-07-03 17:47:38.702280,elastic-workbench-cv-analyzer,elastic-workbench-cv-analyzer-1,115,"{'data_quality': 187, 'model_size': 1, 'parallelism': 1}",4.79,-1,7,-1
2025-07-03 17:47:38.704907,elastic-workbench-pc-visualizer,elastic-workbench-pc-visualizer-1,21,"{'data_quality': 40, 'model_size': 1, 'parallelism': 1}",1.0,-1,46,-1
2025-07-03 17:47:48.699855,elastic-workbench-qr-detector,elastic-workbench-qr-detector-1,31,"{'data_quality': 627, 'parallelism': 1}",2.25,-1,62,-1
2025-07-03 17:47:48.703411,elastic-workbench-cv-analyzer,elastic-workbench-cv-analyzer-1,116,"{'data_quality': 187, 'model_size': 1, 'parallelism': 1}",4.75,-1,7,-1
2025-07-03 17:47:48.706871,elastic-workbench-pc-visualizer,elastic-workbench-pc-visualizer-1,21,"{'data_quality': 40, 'model_size': 1, 'parallelism': 1}",1.0,-1,47,-1
2025-07-03 17:47:58.700228,elastic-workbench-qr-detector,elastic-workbench-qr-detector-1,30,"{'data_quality': 627, 'parallelism': 1}",2.3,-1,66,-1
2025-07-03 17:47:58.703250,elastic-workbench-cv-analyzer,elastic-workbench-cv-analyzer-1,102,"{'data_quality': 187, 'model_size': 1, 'parallelism': 1}",4.7,-1,7,-1
2025-07-03 17:47:58.705897,elastic-workbench-pc-visualizer,elastic-workbench-pc-visualizer-1,21,"{'data_quality': 40, 'model_size': 1, 'parallelism': 1}",1.0,-1,47,-1
2025-07-03 17:48:08.700834,elastic-workbench-qr-detector,elastic-workbench-qr-detector-1,32,"{'data_quality': 627, 'parallelism': 1}",2.3,-1,61,-1
2025-07-03 17:48:08.703836,elastic-workbench-cv-analyzer,elastic-workbench-cv-analyzer-1,95,"{'data_quality': 187, 'model_size': 1, 'parallelism': 1}",4.7,-1,8,-1
2025-07-03 17:48:08.706498,elastic-workbench-pc-visualizer,elastic-workbench-pc-visualizer-1,21,"{'data_quality': 40, 'model_size': 1, 'parallelism': 1}",1.0,-1,46,-1
2025-07-03 17:48:18.701698,elastic-workbench-qr-detector,elastic-workbench-qr-detector-1,30,"{'data_quality': 627, 'parallelism': 1}",2.31,-1,64,-1
2025-07-03 17:48:18.705973,elastic-workbench-cv-analyzer,elastic-workbench-cv-analyzer-1,93,"{'data_quality': 187, 'model_size': 1, 'parallelism': 1}",4.69,-1,7,-1
2025-07-03 17:48:18.708862,elastic-workbench-pc-visualizer,elastic-workbench-pc-visualizer-1,19,"{'data_quality': 40, 'model_size': 1, 'parallelism': 1}",1.0,-1,49,-1
2025-07-03 17:48:28.706673,elastic-workbench-qr-detector,elastic-workbench-qr-detector-1,30,"{'data_quality': 627, 'parallelism': 1}",2.33,-1,66,-1
2025-07-03 17:48:28.710781,elastic-workbench-cv-analyzer,elastic-workbench-cv-analyzer-1,126,"{'data_quality': 187, 'model_size': 1, 'parallelism': 1}",4.67,-1,7,-1
2025-07-03 17:48:28.713595,elastic-workbench-pc-visualizer,elastic-workbench-pc-visualizer-1,20,"{'data_quality': 40, 'model_size': 1, 'parallelism': 1}",1.0,-1,47,-1
2025-07-03 17:48:38.702782,elastic-workbench-qr-detector,elastic-workbench-qr-detector-1,30,"{'data_quality': 627, 'parallelism': 1}",2.36,-1,65,-1
2025-07-03 17:48:38.705650,elastic-workbench-cv-analyzer,elastic-workbench-cv-analyzer-1,100,"{'data_quality': 187, 'model_size': 1, 'parallelism': 1}",4.64,-1,7,-1
2025-07-03 17:48:38.709171,elastic-workbench-pc-visualizer,elastic-workbench-pc-visualizer-1,21,"{'data_quality': 40, 'model_size': 1, 'parallelism': 1}",1.0,-1,46,-1
2025-07-03 17:48:48.703195,elastic-workbench-qr-detector,elastic-workbench-qr-detector-1,30,"{'data_quality': 627, 'parallelism': 1}",2.41,-1,65,-1
2025-07-03 17:48:48.705725,elastic-workbench-cv-analyzer,elastic-workbench-cv-analyzer-1,108,"{'data_quality': 187, 'model_size': 1, 'parallelism': 1}",4.59,-1,8,-1
2025-07-03 17:48:48.708551,elastic-workbench-pc-visualizer,elastic-workbench-pc-visualizer-1,19,"{'data_quality': 40, 'model_size': 1, 'parallelism': 1}",1.0,-1,49,-1
2025-07-03 17:48:58.705237,elastic-workbench-qr-detector,elastic-workbench-qr-detector-1,29,"{'data_quality': 627, 'parallelism': 1}",2.44,-1,67,-1
2025-07-03 17:48:58.709608,elastic-workbench-cv-analyzer,elastic-workbench-cv-analyzer-1,93,"{'data_quality': 187, 'model_size': 1, 'parallelism': 1}",4.56,-1,8,-1
2025-07-03 17:48:58.718265,elastic-workbench-pc-visualizer,elastic-workbench-pc-visualizer-1,21,"{'data_quality': 40, 'model_size': 1, 'parallelism': 1}",1.0,-1,46,-1
2025-07-03 17:49:08.705161,elastic-workbench-qr-detector,elastic-workbench-qr-detector-1,28,"{'data_quality': 627, 'parallelism': 1}",2.46,-1,68,-1
2025-07-03 17:49:08.708336,elastic-workbench-cv-analyzer,elastic-workbench-cv-analyzer-1,117,"{'data_quality': 187, 'model_size': 1, 'parallelism': 1}",4.54,-1,7,-1
2025-07-03 17:49:08.710921,elastic-workbench-pc-visualizer,elastic-workbench-pc-visualizer-1,21,"{'data_quality': 40, 'model_size': 1, 'parallelism': 1}",1.0,-1,46,-1
2025-07-03 17:49:18.709668,elastic-workbench-qr-detector,elastic-workbench-qr-detector-1,42,"{'data_quality': 627, 'parallelism': 1}",2.54,-1,68,-1
2025-07-03 17:49:18.712184,elastic-workbench-cv-analyzer,elastic-workbench-cv-analyzer-1,111,"{'data_quality': 187, 'model_size': 1, 'parallelism': 1}",4.46,-1,8,-1
2025-07-03 17:49:18.717697,elastic-workbench-pc-visualizer,elastic-workbench-pc-visualizer-1,21,"{'data_quality': 40, 'model_size': 1, 'parallelism': 1}",1.0,-1,46,-1
2025-07-03 17:49:28.707407,elastic-workbench-qr-detector,elastic-workbench-qr-detector-1,40,"{'data_quality': 627, 'parallelism': 1}",2.59,-1,72,-1
2025-07-03 17:49:28.710527,elastic-workbench-cv-analyzer,elastic-workbench-cv-analyzer-1,125,"{'data_quality': 187, 'model_size': 1, 'parallelism': 1}",4.41,-1,7,-1
2025-07-03 17:49:28.713547,elastic-workbench-pc-visualizer,elastic-workbench-pc-visualizer-1,21,"{'data_quality': 40, 'model_size': 1, 'parallelism': 1}",1.0,-1,46,-1
2025-07-03 17:49:38.707740,elastic-workbench-qr-detector,elastic-workbench-qr-detector-1,40,"{'data_quality': 627, 'parallelism': 1}",2.64,-1,73,-1
2025-07-03 17:49:38.711173,elastic-workbench-cv-analyzer,elastic-workbench-cv-analyzer-1,121,"{'data_quality': 187, 'model_size': 1, 'parallelism': 1}",4.36,-1,7,-1
2025-07-03 17:49:38.721749,elastic-workbench-pc-visualizer,elastic-workbench-pc-visualizer-1,21,"{'data_quality': 40, 'model_size': 1, 'parallelism': 1}",1.0,-1,46,-1
2025-07-03 17:49:48.708918,elastic-workbench-qr-detector,elastic-workbench-qr-detector-1,39,"{'data_quality': 619, 'parallelism': 1}",2.62,-1,74,-1
2025-07-03 17:49:48.711952,elastic-workbench-cv-analyzer,elastic-workbench-cv-analyzer-1,96,"{'data_quality': 168, 'model_size': 1, 'parallelism': 1}",4.38,-1,9,-1
2025-07-03 17:49:48.721249,elastic-workbench-pc-visualizer,elastic-workbench-pc-visualizer-1,20,"{'data_quality': 39, 'model_size': 1, 'parallelism': 1}",1.0,-1,47,-1
2025-07-03 17:49:58.709344,elastic-workbench-qr-detector,elastic-workbench-qr-detector-1,38,"{'data_quality': 619, 'parallelism': 1}",2.65,-1,75,-1
2025-07-03 17:49:58.712274,elastic-workbench-cv-analyzer,elastic-workbench-cv-analyzer-1,109,"{'data_quality': 168, 'model_size': 1, 'parallelism': 1}",4.35,-1,8,-1
2025-07-03 17:49:58.718279,elastic-workbench-pc-visualizer,elastic-workbench-pc-visualizer-1,20,"{'data_quality': 39, 'model_size': 1, 'parallelism': 1}",1.0,-1,47,-1
2025-07-03 17:50:08.710502,elastic-workbench-qr-detector,elastic-workbench-qr-detector-1,37,"{'data_quality': 619, 'parallelism': 1}",2.66,-1,78,-1
2025-07-03 17:50:08.713269,elastic-workbench-cv-analyzer,elastic-workbench-cv-analyzer-1,126,"{'data_quality': 168, 'model_size': 1, 'parallelism': 1}",4.34,-1,7,-1
2025-07-03 17:50:08.721717,elastic-workbench-pc-visualizer,elastic-workbench-pc-visualizer-1,21,"{'data_quality': 39, 'model_size': 1, 'parallelism': 1}",1.0,-1,46,-1
2025-07-03 17:50:18.710799,elastic-workbench-qr-detector,elastic-workbench-qr-detector-1,38,"{'data_quality': 619, 'parallelism': 1}",2.66,-1,77,-1
2025-07-03 17:50:18.713618,elastic-workbench-cv-analyzer,elastic-workbench-cv-analyzer-1,123,"{'data_quality': 168, 'model_size': 1, 'parallelism': 1}",4.34,-1,7,-1
2025-07-03 17:50:18.719795,elastic-workbench-pc-visualizer,elastic-workbench-pc-visualizer-1,21,"{'data_quality': 39, 'model_size': 1, 'parallelism': 1}",1.0,-1,45,-1
2025-07-03 17:50:28.713698,elastic-workbench-qr-detector,elastic-workbench-qr-detector-1,38,"{'data_quality': 619, 'parallelism': 1}",2.65,-1,75,-1
2025-07-03 17:50:28.726799,elastic-workbench-cv-analyzer,elastic-workbench-cv-analyzer-1,112,"{'data_quality': 168, 'model_size': 1, 'parallelism': 1}",4.35,-1,7,-1
2025-07-03 17:50:28.736535,elastic-workbench-pc-visualizer,elastic-workbench-pc-visualizer-1,21,"{'data_quality': 39, 'model_size': 1, 'parallelism': 1}",1.0,-1,46,-1
2025-07-03 17:50:38.711978,elastic-workbench-qr-detector,elastic-workbench-qr-detector-1,38,"{'data_quality': 619, 'parallelism': 1}",2.68,-1,76,-1
2025-07-03 17:50:38.718277,elastic-workbench-cv-analyzer,elastic-workbench-cv-analyzer-1,130,"{'data_quality': 168, 'model_size': 1, 'parallelism': 1}",4.32,-1,7,-1
2025-07-03 17:50:38.722744,elastic-workbench-pc-visualizer,elastic-workbench-pc-visualizer-1,21,"{'data_quality': 39, 'model_size': 1, 'parallelism': 1}",1.0,-1,46,-1
2025-07-03 17:50:48.720666,elastic-workbench-qr-detector,elastic-workbench-qr-detector-1,36,"{'data_quality': 619, 'parallelism': 1}",2.72,-1,79,-1
2025-07-03 17:50:48.726700,elastic-workbench-cv-analyzer,elastic-workbench-cv-analyzer-1,122,"{'data_quality': 168, 'model_size': 1, 'parallelism': 1}",4.28,-1,8,-1
2025-07-03 17:50:48.733255,elastic-workbench-pc-visualizer,elastic-workbench-pc-visualizer-1,21,"{'data_quality': 39, 'model_size': 1, 'parallelism': 1}",1.0,-1,46,-1
2025-07-03 17:50:58.712276,elastic-workbench-qr-detector,elastic-workbench-qr-detector-1,37,"{'data_quality': 619, 'parallelism': 1}",2.71,-1,77,-1
2025-07-03 17:50:58.718687,elastic-workbench-cv-analyzer,elastic-workbench-cv-analyzer-1,120,"{'data_quality': 168, 'model_size': 1, 'parallelism': 1}",4.29,-1,7,-1
2025-07-03 17:50:58.726985,elastic-workbench-pc-visualizer,elastic-workbench-pc-visualizer-1,21,"{'data_quality': 39, 'model_size': 1, 'parallelism': 1}",1.0,-1,45,-1
2025-07-03 17:51:08.713467,elastic-workbench-qr-detector,elastic-workbench-qr-detector-1,37,"{'data_quality': 619, 'parallelism': 1}",2.7,-1,78,-1
2025-07-03 17:51:08.722209,elastic-workbench-cv-analyzer,elastic-workbench-cv-analyzer-1,113,"{'data_quality': 168, 'model_size': 1, 'parallelism': 1}",4.3,-1,8,-1
2025-07-03 17:51:08.728880,elastic-workbench-pc-visualizer,elastic-workbench-pc-visualizer-1,21,"{'data_quality': 39, 'model_size': 1, 'parallelism': 1}",1.0,-1,46,-1
2025-07-03 17:51:18.724304,elastic-workbench-qr-detector,elastic-workbench-qr-detector-1,37,"{'data_quality': 619, 'parallelism': 1}",2.67,-1,78,-1
2025-07-03 17:51:18.727861,elastic-workbench-cv-analyzer,elastic-workbench-cv-analyzer-1,146,"{'data_quality': 168, 'model_size': 1, 'parallelism': 1}",4.33,-1,7,-1
2025-07-03 17:51:18.733533,elastic-workbench-pc-visualizer,elastic-workbench-pc-visualizer-1,21,"{'data_quality': 39, 'model_size': 1, 'parallelism': 1}",1.0,-1,47,-1
2025-07-03 17:51:28.719362,elastic-workbench-qr-detector,elastic-workbench-qr-detector-1,38,"{'data_quality': 619, 'parallelism': 1}",2.67,-1,75,-1
2025-07-03 17:51:28.725530,elastic-workbench-cv-analyzer,elastic-workbench-cv-analyzer-1,106,"{'data_quality': 168, 'model_size': 1, 'parallelism': 1}",4.33,-1,8,-1
2025-07-03 17:51:28.729251,elastic-workbench-pc-visualizer,elastic-workbench-pc-visualizer-1,21,"{'data_quality': 39, 'model_size': 1, 'parallelism': 1}",1.0,-1,45,-1
2025-07-03 17:51:38.717297,elastic-workbench-qr-detector,elastic-workbench-qr-detector-1,37,"{'data_quality': 619, 'parallelism': 1}",2.7,-1,78,-1
2025-07-03 17:51:38.723756,elastic-workbench-cv-analyzer,elastic-workbench-cv-analyzer-1,107,"{'data_quality': 168, 'model_size': 1, 'parallelism': 1}",4.3,-1,8,-1
2025-07-03 17:51:38.728051,elastic-workbench-pc-visualizer,elastic-workbench-pc-visualizer-1,20,"{'data_quality': 39, 'model_size': 1, 'parallelism': 1}",1.0,-1,47,-1
2025-07-03 17:51:48.731337,elastic-workbench-qr-detector,elastic-workbench-qr-detector-1,37,"{'data_quality': 619, 'parallelism': 1}",2.69,-1,77,-1
2025-07-03 17:51:48.741991,elastic-workbench-cv-analyzer,elastic-workbench-cv-analyzer-1,109,"{'data_quality': 168, 'model_size': 1, 'parallelism': 1}",4.31,-1,8,-1
2025-07-03 17:51:48.744642,elastic-workbench-pc-visualizer,elastic-workbench-pc-visualizer-1,20,"{'data_quality': 39, 'model_size': 1, 'parallelism': 1}",1.0,-1,47,-1
2025-07-03 17:51:58.718795,elastic-workbench-qr-detector,elastic-workbench-qr-detector-1,38,"{'data_quality': 619, 'parallelism': 1}",2.68,-1,77,-1
2025-07-03 17:51:58.723381,elastic-workbench-cv-analyzer,elastic-workbench-cv-analyzer-1,115,"{'data_quality': 168, 'model_size': 1, 'parallelism': 1}",4.32,-1,7,-1
2025-07-03 17:51:58.727371,elastic-workbench-pc-visualizer,elastic-workbench-pc-visualizer-1,20,"{'data_quality': 39, 'model_size': 1, 'parallelism': 1}",1.0,-1,47,-1
2025-07-03 17:52:08.720864,elastic-workbench-qr-detector,elastic-workbench-qr-detector-1,39,"{'data_quality': 619, 'parallelism': 1}",2.64,-1,76,-1
2025-07-03 17:52:08.727076,elastic-workbench-cv-analyzer,elastic-workbench-cv-analyzer-1,106,"{'data_quality': 168, 'model_size': 1, 'parallelism': 1}",4.36,-1,8,-1
2025-07-03 17:52:08.730850,elastic-workbench-pc-visualizer,elastic-workbench-pc-visualizer-1,20,"{'data_quality': 39, 'model_size': 1, 'parallelism': 1}",1.0,-1,48,-1
2025-07-03 17:52:18.727594,elastic-workbench-qr-detector,elastic-workbench-qr-detector-1,37,"{'data_quality': 619, 'parallelism': 1}",2.67,-1,78,-1
2025-07-03 17:52:18.730527,elastic-workbench-cv-analyzer,elastic-workbench-cv-analyzer-1,98,"{'data_quality': 168, 'model_size': 1, 'parallelism': 1}",4.33,-1,8,-1
2025-07-03 17:52:18.734012,elastic-workbench-pc-visualizer,elastic-workbench-pc-visualizer-1,21,"{'data_quality': 39, 'model_size': 1, 'parallelism': 1}",1.0,-1,46,-1
2025-07-03 17:52:28.723465,elastic-workbench-qr-detector,elastic-workbench-qr-detector-1,37,"{'data_quality': 619, 'parallelism': 1}",2.7,-1,78,-1
2025-07-03 17:52:28.732309,elastic-workbench-cv-analyzer,elastic-workbench-cv-analyzer-1,105,"{'data_quality': 168, 'model_size': 1, 'parallelism': 1}",4.3,-1,8,-1
2025-07-03 17:52:28.736905,elastic-workbench-pc-visualizer,elastic-workbench-pc-visualizer-1,21,"{'data_quality': 39, 'model_size': 1, 'parallelism': 1}",1.0,-1,47,-1
2025-07-03 17:52:38.726939,elastic-workbench-qr-detector,elastic-workbench-qr-detector-1,37,"{'data_quality': 619, 'parallelism': 1}",2.72,-1,79,-1
2025-07-03 17:52:38.729664,elastic-workbench-cv-analyzer,elastic-workbench-cv-analyzer-1,112,"{'data_quality': 168, 'model_size': 1, 'parallelism': 1}",4.28,-1,7,-1
2025-07-03 17:52:38.732200,elastic-workbench-pc-visualizer,elastic-workbench-pc-visualizer-1,21,"{'data_quality': 39, 'model_size': 1, 'parallelism': 1}",1.0,-1,46,-1
2025-07-03 17:52:48.726848,elastic-workbench-qr-detector,elastic-workbench-qr-detector-1,37,"{'data_quality': 619, 'parallelism': 1}",2.71,-1,78,-1
2025-07-03 17:52:48.731884,elastic-workbench-cv-analyzer,elastic-workbench-cv-analyzer-1,127,"{'data_quality': 168, 'model_size': 1, 'parallelism': 1}",4.29,-1,7,-1
2025-07-03 17:52:48.736373,elastic-workbench-pc-visualizer,elastic-workbench-pc-visualizer-1,21,"{'data_quality': 39, 'model_size': 1, 'parallelism': 1}",1.0,-1,46,-1
2025-07-03 17:52:58.724566,elastic-workbench-qr-detector,elastic-workbench-qr-detector-1,38,"{'data_quality': 619, 'parallelism': 1}",2.67,-1,77,-1
2025-07-03 17:52:58.727362,elastic-workbench-cv-analyzer,elastic-workbench-cv-analyzer-1,120,"{'data_quality': 168, 'model_size': 1, 'parallelism': 1}",4.33,-1,8,-1
2025-07-03 17:52:58.730096,elastic-workbench-pc-visualizer,elastic-workbench-pc-visualizer-1,21,"{'data_quality': 39, 'model_size': 1, 'parallelism': 1}",1.0,-1,45,-1
2025-07-03 17:53:08.733451,elastic-workbench-qr-detector,elastic-workbench-qr-detector-1,40,"{'data_quality': 619, 'parallelism': 1}",2.63,-1,73,-1
2025-07-03 17:53:08.736261,elastic-workbench-cv-analyzer,elastic-workbench-cv-analyzer-1,122,"{'data_quality': 168, 'model_size': 1, 'parallelism': 1}",4.37,-1,7,-1
2025-07-03 17:53:08.738926,elastic-workbench-pc-visualizer,elastic-workbench-pc-visualizer-1,20,"{'data_quality': 39, 'model_size': 1, 'parallelism': 1}",1.0,-1,47,-1
2025-07-03 17:53:18.724195,elastic-workbench-qr-detector,elastic-workbench-qr-detector-1,38,"{'data_quality': 619, 'parallelism': 1}",2.61,-1,75,-1
2025-07-03 17:53:18.726676,elastic-workbench-cv-analyzer,elastic-workbench-cv-analyzer-1,142,"{'data_quality': 168, 'model_size': 1, 'parallelism': 1}",4.39,-1,6,-1
2025-07-03 17:53:18.731380,elastic-workbench-pc-visualizer,elastic-workbench-pc-visualizer-1,21,"{'data_quality': 39, 'model_size': 1, 'parallelism': 1}",1.0,-1,46,-1
2025-07-03 17:53:28.726644,elastic-workbench-qr-detector,elastic-workbench-qr-detector-1,38,"{'data_quality': 619, 'parallelism': 1}",2.59,-1,75,-1
2025-07-03 17:53:28.731575,elastic-workbench-cv-analyzer,elastic-workbench-cv-analyzer-1,97,"{'data_quality': 168, 'model_size': 1, 'parallelism': 1}",4.41,-1,8,-1
2025-07-03 17:53:28.734079,elastic-workbench-pc-visualizer,elastic-workbench-pc-visualizer-1,21,"{'data_quality': 39, 'model_size': 1, 'parallelism': 1}",1.0,-1,47,-1
2025-07-03 17:53:38.725796,elastic-workbench-qr-detector,elastic-workbench-qr-detector-1,39,"{'data_quality': 619, 'parallelism': 1}",2.57,-1,72,-1
2025-07-03 17:53:38.731780,elastic-workbench-cv-analyzer,elastic-workbench-cv-analyzer-1,108,"{'data_quality': 168, 'model_size': 1, 'parallelism': 1}",4.43,-1,8,-1
2025-07-03 17:53:38.734447,elastic-workbench-pc-visualizer,elastic-workbench-pc-visualizer-1,21,"{'data_quality': 39, 'model_size': 1, 'parallelism': 1}",1.0,-1,46,-1
2025-07-03 17:53:48.731840,elastic-workbench-qr-detector,elastic-workbench-qr-detector-1,40,"{'data_quality': 619, 'parallelism': 1}",2.53,-1,73,-1
2025-07-03 17:53:48.734691,elastic-workbench-cv-analyzer,elastic-workbench-cv-analyzer-1,106,"{'data_quality': 168, 'model_size': 1, 'parallelism': 1}",4.47,-1,7,-1
2025-07-03 17:53:48.738244,elastic-workbench-pc-visualizer,elastic-workbench-pc-visualizer-1,21,"{'data_quality': 39, 'model_size': 1, 'parallelism': 1}",1.0,-1,45,-1
2025-07-03 17:53:58.735030,elastic-workbench-qr-detector,elastic-workbench-qr-detector-1,41,"{'data_quality': 619, 'parallelism': 1}",2.53,-1,71,-1
2025-07-03 17:53:58.745351,elastic-workbench-cv-analyzer,elastic-workbench-cv-analyzer-1,111,"{'data_quality': 168, 'model_size': 1, 'parallelism': 1}",4.47,-1,7,-1
2025-07-03 17:53:58.750557,elastic-workbench-pc-visualizer,elastic-workbench-pc-visualizer-1,20,"{'data_quality': 39, 'model_size': 1, 'parallelism': 1}",1.0,-1,48,-1
2025-07-03 17:54:08.734353,elastic-workbench-qr-detector,elastic-workbench-qr-detector-1,27,"{'data_quality': 619, 'parallelism': 1}",2.47,-1,72,-1
2025-07-03 17:54:08.737004,elastic-workbench-cv-analyzer,elastic-workbench-cv-analyzer-1,90,"{'data_quality': 168, 'model_size': 1, 'parallelism': 1}",4.53,-1,8,-1
2025-07-03 17:54:08.739712,elastic-workbench-pc-visualizer,elastic-workbench-pc-visualizer-1,20,"{'data_quality': 39, 'model_size': 1, 'parallelism': 1}",1.0,-1,47,-1
2025-07-03 17:54:18.729333,elastic-workbench-qr-detector,elastic-workbench-qr-detector-1,27,"{'data_quality': 619, 'parallelism': 1}",2.45,-1,71,-1
2025-07-03 17:54:18.732478,elastic-workbench-cv-analyzer,elastic-workbench-cv-analyzer-1,99,"{'data_quality': 168, 'model_size': 1, 'parallelism': 1}",4.55,-1,7,-1
2025-07-03 17:54:18.735183,elastic-workbench-pc-visualizer,elastic-workbench-pc-visualizer-1,21,"{'data_quality': 39, 'model_size': 1, 'parallelism': 1}",1.0,-1,47,-1
2025-07-03 17:54:28.728206,elastic-workbench-qr-detector,elastic-workbench-qr-detector-1,28,"{'data_quality': 619, 'parallelism': 1}",2.45,-1,70,-1
2025-07-03 17:54:28.732397,elastic-workbench-cv-analyzer,elastic-workbench-cv-analyzer-1,108,"{'data_quality': 168, 'model_size': 1, 'parallelism': 1}",4.55,-1,7,-1
2025-07-03 17:54:28.735148,elastic-workbench-pc-visualizer,elastic-workbench-pc-visualizer-1,21,"{'data_quality': 39, 'model_size': 1, 'parallelism': 1}",1.0,-1,46,-1
2025-07-03 17:54:38.737729,elastic-workbench-qr-detector,elastic-workbench-qr-detector-1,27,"{'data_quality': 619, 'parallelism': 1}",2.39,-1,70,-1
2025-07-03 17:54:38.740702,elastic-workbench-cv-analyzer,elastic-workbench-cv-analyzer-1,111,"{'data_quality': 168, 'model_size': 1, 'parallelism': 1}",4.61,-1,7,-1
2025-07-03 17:54:38.743155,elastic-workbench-pc-visualizer,elastic-workbench-pc-visualizer-1,20,"{'data_quality': 39, 'model_size': 1, 'parallelism': 1}",1.0,-1,47,-1
2025-07-03 17:54:48.733955,elastic-workbench-qr-detector,elastic-workbench-qr-detector-1,28,"{'data_quality': 619, 'parallelism': 1}",2.34,-1,69,-1
2025-07-03 17:54:48.742407,elastic-workbench-cv-analyzer,elastic-workbench-cv-analyzer-1,97,"{'data_quality': 168, 'model_size': 1, 'parallelism': 1}",4.66,-1,7,-1
2025-07-03 17:54:48.745364,elastic-workbench-pc-visualizer,elastic-workbench-pc-visualizer-1,21,"{'data_quality': 39, 'model_size': 1, 'parallelism': 1}",1.0,-1,47,-1
2025-07-03 17:54:58.730613,elastic-workbench-qr-detector,elastic-workbench-qr-detector-1,29,"{'data_quality': 619, 'parallelism': 1}",2.3,-1,66,-1
2025-07-03 17:54:58.734344,elastic-workbench-cv-analyzer,elastic-workbench-cv-analyzer-1,215,"{'data_quality': 168, 'model_size': 2, 'parallelism': 1}",4.7,-1,4,-1
2025-07-03 17:54:58.736901,elastic-workbench-pc-visualizer,elastic-workbench-pc-visualizer-1,20,"{'data_quality': 39, 'model_size': 1, 'parallelism': 1}",1.0,-1,46,-1
2025-07-03 17:55:08.731737,elastic-workbench-qr-detector,elastic-workbench-qr-detector-1,30,"{'data_quality': 619, 'parallelism': 1}",2.26,-1,64,-1
2025-07-03 17:55:08.737530,elastic-workbench-cv-analyzer,elastic-workbench-cv-analyzer-1,203,"{'data_quality': 168, 'model_size': 2, 'parallelism': 1}",4.74,-1,4,-1
2025-07-03 17:55:08.740535,elastic-workbench-pc-visualizer,elastic-workbench-pc-visualizer-1,20,"{'data_quality': 39, 'model_size': 1, 'parallelism': 1}",1.0,-1,47,-1
2025-07-03 17:55:18.732425,elastic-workbench-qr-detector,elastic-workbench-qr-detector-1,30,"{'data_quality': 619, 'parallelism': 1}",2.21,-1,64,-1
2025-07-03 17:55:18.734999,elastic-workbench-cv-analyzer,elastic-workbench-cv-analyzer-1,176,"{'data_quality': 168, 'model_size': 2, 'parallelism': 1}",4.79,-1,5,-1
2025-07-03 17:55:18.737732,elastic-workbench-pc-visualizer,elastic-workbench-pc-visualizer-1,21,"{'data_quality': 39, 'model_size': 1, 'parallelism': 1}",1.0,-1,46,-1
2025-07-03 17:55:28.732995,elastic-workbench-qr-detector,elastic-workbench-qr-detector-1,29,"{'data_quality': 619, 'parallelism': 1}",2.19,-1,66,-1
2025-07-03 17:55:28.737760,elastic-workbench-cv-analyzer,elastic-workbench-cv-analyzer-1,271,"{'data_quality': 168, 'model_size': 2, 'parallelism': 1}",4.81,-1,3,-1
2025-07-03 17:55:28.740236,elastic-workbench-pc-visualizer,elastic-workbench-pc-visualizer-1,20,"{'data_quality': 39, 'model_size': 1, 'parallelism': 1}",1.0,-1,47,-1
2025-07-03 17:55:38.736499,elastic-workbench-qr-detector,elastic-workbench-qr-detector-1,31,"{'data_quality': 619, 'parallelism': 1}",2.15,-1,61,-1
2025-07-03 17:55:38.739105,elastic-workbench-cv-analyzer,elastic-workbench-cv-analyzer-1,206,"{'data_quality': 168, 'model_size': 2, 'parallelism': 1}",4.85,-1,4,-1
2025-07-03 17:55:38.741642,elastic-workbench-pc-visualizer,elastic-workbench-pc-visualizer-1,21,"{'data_quality': 39, 'model_size': 1, 'parallelism': 1}",1.0,-1,46,-1
2025-07-03 17:55:48.735491,elastic-workbench-qr-detector,elastic-workbench-qr-detector-1,33,"{'data_quality': 619, 'parallelism': 1}",2.1,-1,58,-1
2025-07-03 17:55:48.740315,elastic-workbench-cv-analyzer,elastic-workbench-cv-analyzer-1,202,"{'data_quality': 168, 'model_size': 2, 'parallelism': 1}",4.9,-1,4,-1
2025-07-03 17:55:48.743140,elastic-workbench-pc-visualizer,elastic-workbench-pc-visualizer-1,21,"{'data_quality': 39, 'model_size': 1, 'parallelism': 1}",1.0,-1,46,-1
2025-07-03 17:55:58.737197,elastic-workbench-qr-detector,elastic-workbench-qr-detector-1,34,"{'data_quality': 629, 'parallelism': 1}",2.16,-1,56,-1
2025-07-03 17:55:58.740074,elastic-workbench-cv-analyzer,elastic-workbench-cv-analyzer-1,234,"{'data_quality': 182, 'model_size': 2, 'parallelism': 1}",4.84,-1,4,-1
2025-07-03 17:55:58.742583,elastic-workbench-pc-visualizer,elastic-workbench-pc-visualizer-1,21,"{'data_quality': 60, 'model_size': 1, 'parallelism': 1}",1.0,-1,44,-1
2025-07-03 17:56:08.741921,elastic-workbench-qr-detector,elastic-workbench-qr-detector-1,35,"{'data_quality': 629, 'parallelism': 1}",2.12,-1,55,-1
2025-07-03 17:56:08.745623,elastic-workbench-cv-analyzer,elastic-workbench-cv-analyzer-1,185,"{'data_quality': 182, 'model_size': 2, 'parallelism': 1}",4.88,-1,4,-1
2025-07-03 17:56:08.748453,elastic-workbench-pc-visualizer,elastic-workbench-pc-visualizer-1,22,"{'data_quality': 60, 'model_size': 1, 'parallelism': 1}",1.0,-1,44,-1
2025-07-03 17:56:18.736211,elastic-workbench-qr-detector,elastic-workbench-qr-detector-1,37,"{'data_quality': 629, 'parallelism': 1}",2.05,-1,52,-1
2025-07-03 17:56:18.748494,elastic-workbench-cv-analyzer,elastic-workbench-cv-analyzer-1,172,"{'data_quality': 182, 'model_size': 2, 'parallelism': 1}",4.95,-1,5,-1
2025-07-03 17:56:18.751147,elastic-workbench-pc-visualizer,elastic-workbench-pc-visualizer-1,21,"{'data_quality': 60, 'model_size': 1, 'parallelism': 1}",1.0,-1,45,-1
2025-07-03 17:56:28.738370,elastic-workbench-qr-detector,elastic-workbench-qr-detector-1,34,"{'data_quality': 629, 'parallelism': 1}",2.0,-1,54,-1
2025-07-03 17:56:28.741308,elastic-workbench-cv-analyzer,elastic-workbench-cv-analyzer-1,197,"{'data_quality': 182, 'model_size': 2, 'parallelism': 1}",5.0,-1,4,-1
2025-07-03 17:56:28.743738,elastic-workbench-pc-visualizer,elastic-workbench-pc-visualizer-1,20,"{'data_quality': 60, 'model_size': 1, 'parallelism': 1}",1.0,-1,47,-1
2025-07-03 17:56:38.744391,elastic-workbench-qr-detector,elastic-workbench-qr-detector-1,34,"{'data_quality': 629, 'parallelism': 1}",1.93,-1,52,-1
2025-07-03 17:56:38.747075,elastic-workbench-cv-analyzer,elastic-workbench-cv-analyzer-1,136,"{'data_quality': 182, 'model_size': 2, 'parallelism': 1}",5.07,-1,5,-1
2025-07-03 17:56:38.749812,elastic-workbench-pc-visualizer,elastic-workbench-pc-visualizer-1,20,"{'data_quality': 60, 'model_size': 1, 'parallelism': 1}",1.0,-1,47,-1
2025-07-03 17:56:48.738251,elastic-workbench-qr-detector,elastic-workbench-qr-detector-1,36,"{'data_quality': 629, 'parallelism': 1}",1.88,-1,50,-1
2025-07-03 17:56:48.741193,elastic-workbench-cv-analyzer,elastic-workbench-cv-analyzer-1,169,"{'data_quality': 182, 'model_size': 2, 'parallelism': 1}",5.12,-1,4,-1
2025-07-03 17:56:48.743796,elastic-workbench-pc-visualizer,elastic-workbench-pc-visualizer-1,20,"{'data_quality': 60, 'model_size': 1, 'parallelism': 1}",1.0,-1,47,-1
2025-07-03 17:56:58.740484,elastic-workbench-qr-detector,elastic-workbench-qr-detector-1,39,"{'data_quality': 629, 'parallelism': 1}",1.84,-1,49,-1
2025-07-03 17:56:58.748277,elastic-workbench-cv-analyzer,elastic-workbench-cv-analyzer-1,193,"{'data_quality': 182, 'model_size': 2, 'parallelism': 1}",5.16,-1,4,-1
2025-07-03 17:56:58.751341,elastic-workbench-pc-visualizer,elastic-workbench-pc-visualizer-1,22,"{'data_quality': 60, 'model_size': 1, 'parallelism': 1}",1.0,-1,44,-1
2025-07-03 17:57:08.741384,elastic-workbench-qr-detector,elastic-workbench-qr-detector-1,38,"{'data_quality': 629, 'parallelism': 1}",1.81,-1,48,-1
2025-07-03 17:57:08.744012,elastic-workbench-cv-analyzer,elastic-workbench-cv-analyzer-1,184,"{'data_quality': 182, 'model_size': 2, 'parallelism': 1}",5.19,-1,4,-1
2025-07-03 17:57:08.746718,elastic-workbench-pc-visualizer,elastic-workbench-pc-visualizer-1,21,"{'data_quality': 60, 'model_size': 1, 'parallelism': 1}",1.0,-1,45,-1
2025-07-03 17:57:18.744818,elastic-workbench-qr-detector,elastic-workbench-qr-detector-1,39,"{'data_quality': 629, 'parallelism': 1}",1.79,-1,47,-1
2025-07-03 17:57:18.749538,elastic-workbench-cv-analyzer,elastic-workbench-cv-analyzer-1,171,"{'data_quality': 182, 'model_size': 2, 'parallelism': 1}",5.21,-1,4,-1
2025-07-03 17:57:18.752316,elastic-workbench-pc-visualizer,elastic-workbench-pc-visualizer-1,21,"{'data_quality': 60, 'model_size': 1, 'parallelism': 1}",1.0,-1,45,-1
2025-07-03 17:57:28.742852,elastic-workbench-qr-detector,elastic-workbench-qr-detector-1,38,"{'data_quality': 629, 'parallelism': 1}",1.77,-1,45,-1
2025-07-03 17:57:28.750787,elastic-workbench-cv-analyzer,elastic-workbench-cv-analyzer-1,178,"{'data_quality': 182, 'model_size': 2, 'parallelism': 1}",5.23,-1,4,-1
2025-07-03 17:57:28.757923,elastic-workbench-pc-visualizer,elastic-workbench-pc-visualizer-1,20,"{'data_quality': 60, 'model_size': 1, 'parallelism': 1}",1.0,-1,47,-1
2025-07-03 17:57:38.740086,elastic-workbench-qr-detector,elastic-workbench-qr-detector-1,38,"{'data_quality': 629, 'parallelism': 1}",1.72,-1,43,-1
2025-07-03 17:57:38.742672,elastic-workbench-cv-analyzer,elastic-workbench-cv-analyzer-1,163,"{'data_quality': 182, 'model_size': 2, 'parallelism': 1}",5.28,-1,4,-1
2025-07-03 17:57:38.748422,elastic-workbench-pc-visualizer,elastic-workbench-pc-visualizer-1,20,"{'data_quality': 60, 'model_size': 1, 'parallelism': 1}",1.0,-1,47,-1
2025-07-03 17:57:48.740339,elastic-workbench-qr-detector,elastic-workbench-qr-detector-1,38,"{'data_quality': 629, 'parallelism': 1}",1.68,-1,42,-1
2025-07-03 17:57:48.743082,elastic-workbench-cv-analyzer,elastic-workbench-cv-analyzer-1,445,"{'data_quality': 182, 'model_size': 3, 'parallelism': 1}",5.32,-1,2,-1
2025-07-03 17:57:48.745538,elastic-workbench-pc-visualizer,elastic-workbench-pc-visualizer-1,21,"{'data_quality': 60, 'model_size': 1, 'parallelism': 1}",1.0,-1,46,-1
2025-07-03 17:57:58.746308,elastic-workbench-qr-detector,elastic-workbench-qr-detector-1,39,"{'data_quality': 629, 'parallelism': 1}",1.65,-1,41,-1
2025-07-03 17:57:58.753456,elastic-workbench-cv-analyzer,elastic-workbench-cv-analyzer-1,360,"{'data_quality': 182, 'model_size': 3, 'parallelism': 1}",5.35,-1,2,-1
2025-07-03 17:57:58.755973,elastic-workbench-pc-visualizer,elastic-workbench-pc-visualizer-1,21,"{'data_quality': 60, 'model_size': 1, 'parallelism': 1}",1.0,-1,45,-1
2025-07-03 17:58:08.748206,elastic-workbench-qr-detector,elastic-workbench-qr-detector-1,40,"{'data_quality': 629, 'parallelism': 1}",1.63,-1,39,-1
2025-07-03 17:58:08.750718,elastic-workbench-cv-analyzer,elastic-workbench-cv-analyzer-1,334,"{'data_quality': 182, 'model_size': 3, 'parallelism': 1}",5.37,-1,2,-1
2025-07-03 17:58:08.753266,elastic-workbench-pc-visualizer,elastic-workbench-pc-visualizer-1,21,"{'data_quality': 60, 'model_size': 1, 'parallelism': 1}",1.0,-1,45,-1
2025-07-03 17:58:18.744952,elastic-workbench-qr-detector,elastic-workbench-qr-detector-1,40,"{'data_quality': 629, 'parallelism': 1}",1.58,-1,38,-1
2025-07-03 17:58:18.755188,elastic-workbench-cv-analyzer,elastic-workbench-cv-analyzer-1,330,"{'data_quality': 182, 'model_size': 3, 'parallelism': 1}",5.42,-1,2,-1
2025-07-03 17:58:18.761605,elastic-workbench-pc-visualizer,elastic-workbench-pc-visualizer-1,21,"{'data_quality': 60, 'model_size': 1, 'parallelism': 1}",1.0,-1,45,-1
2025-07-03 17:58:28.751876,elastic-workbench-qr-detector,elastic-workbench-qr-detector-1,43,"{'data_quality': 629, 'parallelism': 1}",1.56,-1,37,-1
2025-07-03 17:58:28.754311,elastic-workbench-cv-analyzer,elastic-workbench-cv-analyzer-1,325,"{'data_quality': 182, 'model_size': 3, 'parallelism': 1}",5.44,-1,2,-1
2025-07-03 17:58:28.756899,elastic-workbench-pc-visualizer,elastic-workbench-pc-visualizer-1,21,"{'data_quality': 60, 'model_size': 1, 'parallelism': 1}",1.0,-1,46,-1
2025-07-03 17:58:38.747607,elastic-workbench-qr-detector,elastic-workbench-qr-detector-1,43,"{'data_quality': 629, 'parallelism': 1}",1.54,-1,36,-1
2025-07-03 17:58:38.753665,elastic-workbench-cv-analyzer,elastic-workbench-cv-analyzer-1,352,"{'data_quality': 182, 'model_size': 3, 'parallelism': 1}",5.46,-1,2,-1
2025-07-03 17:58:38.758449,elastic-workbench-pc-visualizer,elastic-workbench-pc-visualizer-1,21,"{'data_quality': 60, 'model_size': 1, 'parallelism': 1}",1.0,-1,46,-1
2025-07-03 17:58:48.751690,elastic-workbench-qr-detector,elastic-workbench-qr-detector-1,46,"{'data_quality': 629, 'parallelism': 1}",1.51,-1,35,-1
2025-07-03 17:58:48.755477,elastic-workbench-cv-analyzer,elastic-workbench-cv-analyzer-1,313,"{'data_quality': 182, 'model_size': 3, 'parallelism': 1}",5.49,-1,2,-1
2025-07-03 17:58:48.758062,elastic-workbench-pc-visualizer,elastic-workbench-pc-visualizer-1,21,"{'data_quality': 60, 'model_size': 1, 'parallelism': 1}",1.0,-1,46,-1
2025-07-03 17:58:58.747265,elastic-workbench-qr-detector,elastic-workbench-qr-detector-1,53,"{'data_quality': 680, 'parallelism': 1}",1.52,-1,34,-1
2025-07-03 17:58:58.749796,elastic-workbench-cv-analyzer,elastic-workbench-cv-analyzer-1,356,"{'data_quality': 262, 'model_size': 2, 'parallelism': 1}",5.48,-1,2,-1
2025-07-03 17:58:58.752548,elastic-workbench-pc-visualizer,elastic-workbench-pc-visualizer-1,21,"{'data_quality': 60, 'model_size': 1, 'parallelism': 1}",1.0,-1,44,-1
2025-07-03 17:59:08.751690,elastic-workbench-qr-detector,elastic-workbench-qr-detector-1,28,"{'data_quality': 680, 'parallelism': 1}",1.49,-1,32,-1
2025-07-03 17:59:08.757950,elastic-workbench-cv-analyzer,elastic-workbench-cv-analyzer-1,699,"{'data_quality': 262, 'model_size': 3, 'parallelism': 1}",5.51,-1,1,-1
2025-07-03 17:59:08.760854,elastic-workbench-pc-visualizer,elastic-workbench-pc-visualizer-1,21,"{'data_quality': 60, 'model_size': 1, 'parallelism': 1}",1.0,-1,45,-1
2025-07-03 17:59:18.749327,elastic-workbench-qr-detector,elastic-workbench-qr-detector-1,28,"{'data_quality': 680, 'parallelism': 1}",1.42,-1,32,-1
2025-07-03 17:59:18.751869,elastic-workbench-cv-analyzer,elastic-workbench-cv-analyzer-1,634,"{'data_quality': 262, 'model_size': 3, 'parallelism': 1}",5.58,-1,1,-1
2025-07-03 17:59:18.754606,elastic-workbench-pc-visualizer,elastic-workbench-pc-visualizer-1,22,"{'data_quality': 60, 'model_size': 1, 'parallelism': 1}",1.0,-1,44,-1
2025-07-03 17:59:28.753729,elastic-workbench-qr-detector,elastic-workbench-qr-detector-1,28,"{'data_quality': 680, 'parallelism': 1}",1.42,-1,30,-1
2025-07-03 17:59:28.756600,elastic-workbench-cv-analyzer,elastic-workbench-cv-analyzer-1,732,"{'data_quality': 262, 'model_size': 3, 'parallelism': 1}",5.58,-1,1,-1
2025-07-03 17:59:28.759393,elastic-workbench-pc-visualizer,elastic-workbench-pc-visualizer-1,21,"{'data_quality': 60, 'model_size': 1, 'parallelism': 1}",1.0,-1,46,-1
2025-07-03 17:59:38.750640,elastic-workbench-qr-detector,elastic-workbench-qr-detector-1,29,"{'data_quality': 680, 'parallelism': 1}",1.34,-1,30,-1
2025-07-03 17:59:38.755511,elastic-workbench-cv-analyzer,elastic-workbench-cv-analyzer-1,625,"{'data_quality': 262, 'model_size': 3, 'parallelism': 1}",5.66,-1,1,-1
2025-07-03 17:59:38.758700,elastic-workbench-pc-visualizer,elastic-workbench-pc-visualizer-1,21,"{'data_quality': 60, 'model_size': 1, 'parallelism': 1}",1.0,-1,46,-1
2025-07-03 17:59:48.751188,elastic-workbench-qr-detector,elastic-workbench-qr-detector-1,29,"{'data_quality': 680, 'parallelism': 1}",1.34,-1,30,-1
2025-07-03 17:59:48.753923,elastic-workbench-cv-analyzer,elastic-workbench-cv-analyzer-1,498,"{'data_quality': 262, 'model_size': 3, 'parallelism': 1}",5.66,-1,1,-1
2025-07-03 17:59:48.756806,elastic-workbench-pc-visualizer,elastic-workbench-pc-visualizer-1,22,"{'data_quality': 60, 'model_size': 1, 'parallelism': 1}",1.0,-1,44,-1
2025-07-03 17:59:58.753305,elastic-workbench-qr-detector,elastic-workbench-qr-detector-1,30,"{'data_quality': 680, 'parallelism': 1}",1.34,-1,29,-1
2025-07-03 17:59:58.757804,elastic-workbench-cv-analyzer,elastic-workbench-cv-analyzer-1,501,"{'data_quality': 262, 'model_size': 3, 'parallelism': 1}",5.66,-1,1,-1
2025-07-03 17:59:58.762508,elastic-workbench-pc-visualizer,elastic-workbench-pc-visualizer-1,21,"{'data_quality': 60, 'model_size': 1, 'parallelism': 1}",1.0,-1,46,-1
2025-07-03 18:00:08.751908,elastic-workbench-qr-detector,elastic-workbench-qr-detector-1,31,"{'data_quality': 680, 'parallelism': 1}",1.3,-1,29,-1
2025-07-03 18:00:08.757458,elastic-workbench-cv-analyzer,elastic-workbench-cv-analyzer-1,390,"{'data_quality': 262, 'model_size': 3, 'parallelism': 1}",5.7,-1,1,-1
2025-07-03 18:00:08.760245,elastic-workbench-pc-visualizer,elastic-workbench-pc-visualizer-1,21,"{'data_quality': 60, 'model_size': 1, 'parallelism': 1}",1.0,-1,45,-1
2025-07-03 18:00:18.754305,elastic-workbench-qr-detector,elastic-workbench-qr-detector-1,30,"{'data_quality': 680, 'parallelism': 1}",1.3,-1,28,-1
2025-07-03 18:00:18.757716,elastic-workbench-cv-analyzer,elastic-workbench-cv-analyzer-1,532,"{'data_quality': 262, 'model_size': 3, 'parallelism': 1}",5.7,-1,1,-1
2025-07-03 18:00:18.763181,elastic-workbench-pc-visualizer,elastic-workbench-pc-visualizer-1,21,"{'data_quality': 60, 'model_size': 1, 'parallelism': 1}",1.0,-1,46,-1
2025-07-03 18:00:28.754279,elastic-workbench-qr-detector,elastic-workbench-qr-detector-1,32,"{'data_quality': 680, 'parallelism': 1}",1.26,-1,28,-1
2025-07-03 18:00:28.757465,elastic-workbench-cv-analyzer,elastic-workbench-cv-analyzer-1,570,"{'data_quality': 262, 'model_size': 3, 'parallelism': 1}",5.74,-1,1,-1
2025-07-03 18:00:28.761345,elastic-workbench-pc-visualizer,elastic-workbench-pc-visualizer-1,21,"{'data_quality': 60, 'model_size': 1, 'parallelism': 1}",1.0,-1,45,-1
2025-07-03 18:00:38.755809,elastic-workbench-qr-detector,elastic-workbench-qr-detector-1,31,"{'data_quality': 680, 'parallelism': 1}",1.26,-1,27,-1
2025-07-03 18:00:38.760575,elastic-workbench-cv-analyzer,elastic-workbench-cv-analyzer-1,653,"{'data_quality': 262, 'model_size': 3, 'parallelism': 1}",5.74,-1,1,-1
2025-07-03 18:00:38.763194,elastic-workbench-pc-visualizer,elastic-workbench-pc-visualizer-1,21,"{'data_quality': 60, 'model_size': 1, 'parallelism': 1}",1.0,-1,44,-1
2025-07-03 18:00:48.753915,elastic-workbench-qr-detector,elastic-workbench-qr-detector-1,33,"{'data_quality': 681, 'parallelism': 1}",1.22,-1,25,-1
2025-07-03 18:00:48.758595,elastic-workbench-cv-analyzer,elastic-workbench-cv-analyzer-1,629,"{'data_quality': 262, 'model_size': 3, 'parallelism': 1}",5.78,-1,1,-1
2025-07-03 18:00:48.761302,elastic-workbench-pc-visualizer,elastic-workbench-pc-visualizer-1,22,"{'data_quality': 60, 'model_size': 1, 'parallelism': 1}",1.0,-1,44,-1
2025-07-03 18:00:58.757386,elastic-workbench-qr-detector,elastic-workbench-qr-detector-1,35,"{'data_quality': 681, 'parallelism': 1}",1.15,-1,26,-1
2025-07-03 18:00:58.760240,elastic-workbench-cv-analyzer,elastic-workbench-cv-analyzer-1,605,"{'data_quality': 262, 'model_size': 3, 'parallelism': 1}",5.85,-1,1,-1
2025-07-03 18:00:58.762729,elastic-workbench-pc-visualizer,elastic-workbench-pc-visualizer-1,21,"{'data_quality': 60, 'model_size': 1, 'parallelism': 1}",1.0,-1,46,-1
2025-07-03 18:01:08.759707,elastic-workbench-qr-detector,elastic-workbench-qr-detector-1,33,"{'data_quality': 681, 'parallelism': 1}",1.18,-1,25,-1
2025-07-03 18:01:08.764149,elastic-workbench-cv-analyzer,elastic-workbench-cv-analyzer-1,558,"{'data_quality': 262, 'model_size': 3, 'parallelism': 1}",5.82,-1,1,-1
2025-07-03 18:01:08.767728,elastic-workbench-pc-visualizer,elastic-workbench-pc-visualizer-1,21,"{'data_quality': 60, 'model_size': 1, 'parallelism': 1}",1.0,-1,45,-1
2025-07-03 18:01:18.758075,elastic-workbench-qr-detector,elastic-workbench-qr-detector-1,34,"{'data_quality': 681, 'parallelism': 1}",1.14,-1,24,-1
2025-07-03 18:01:18.761976,elastic-workbench-cv-analyzer,elastic-workbench-cv-analyzer-1,623,"{'data_quality': 262, 'model_size': 3, 'parallelism': 1}",5.86,-1,1,-1
2025-07-03 18:01:18.764805,elastic-workbench-pc-visualizer,elastic-workbench-pc-visualizer-1,22,"{'data_quality': 60, 'model_size': 1, 'parallelism': 1}",1.0,-1,45,-1
2025-07-03 18:01:28.759420,elastic-workbench-qr-detector,elastic-workbench-qr-detector-1,38,"{'data_quality': 681, 'parallelism': 1}",1.1,-1,25,-1
2025-07-03 18:01:28.768515,elastic-workbench-cv-analyzer,elastic-workbench-cv-analyzer-1,704,"{'data_quality': 262, 'model_size': 3, 'parallelism': 1}",5.03,-1,1,-1
2025-07-03 18:01:28.771582,elastic-workbench-pc-visualizer,elastic-workbench-pc-visualizer-1,22,"{'data_quality': 60, 'model_size': 1, 'parallelism': 1}",1.86,-1,44,-1
2025-07-03 18:01:38.760553,elastic-workbench-qr-detector,elastic-workbench-qr-detector-1,38,"{'data_quality': 681, 'parallelism': 1}",1.13,-1,25,-1
2025-07-03 18:01:38.763444,elastic-workbench-cv-analyzer,elastic-workbench-cv-analyzer-1,615,"{'data_quality': 262, 'model_size': 3, 'parallelism': 1}",5.87,-1,1,-1
2025-07-03 18:01:38.766084,elastic-workbench-pc-visualizer,elastic-workbench-pc-visualizer-1,22,"{'data_quality': 60, 'model_size': 1, 'parallelism': 1}",1.0,-1,44,-1
2025-07-03 18:01:48.760728,elastic-workbench-qr-detector,elastic-workbench-qr-detector-1,33,"{'data_quality': 681, 'parallelism': 1}",1.21,-1,26,-1
2025-07-03 18:01:48.764143,elastic-workbench-cv-analyzer,elastic-workbench-cv-analyzer-1,766,"{'data_quality': 262, 'model_size': 3, 'parallelism': 1}",5.79,-1,1,-1
2025-07-03 18:01:48.766790,elastic-workbench-pc-visualizer,elastic-workbench-pc-visualizer-1,22,"{'data_quality': 60, 'model_size': 1, 'parallelism': 1}",1.0,-1,44,-1
2025-07-03 18:01:58.762519,elastic-workbench-qr-detector,elastic-workbench-qr-detector-1,34,"{'data_quality': 681, 'parallelism': 1}",1.17,-1,26,-1
2025-07-03 18:01:58.765386,elastic-workbench-cv-analyzer,elastic-workbench-cv-analyzer-1,542,"{'data_quality': 262, 'model_size': 3, 'parallelism': 1}",5.83,-1,1,-1
2025-07-03 18:01:58.769441,elastic-workbench-pc-visualizer,elastic-workbench-pc-visualizer-1,22,"{'data_quality': 60, 'model_size': 1, 'parallelism': 1}",1.0,-1,44,-1
2025-07-03 18:02:08.764087,elastic-workbench-qr-detector,elastic-workbench-qr-detector-1,37,"{'data_quality': 681, 'parallelism': 1}",1.17,-1,26,-1
2025-07-03 18:02:08.766833,elastic-workbench-cv-analyzer,elastic-workbench-cv-analyzer-1,564,"{'data_quality': 262, 'model_size': 3, 'parallelism': 1}",5.83,-1,1,-1
2025-07-03 18:02:08.769478,elastic-workbench-pc-visualizer,elastic-workbench-pc-visualizer-1,22,"{'data_quality': 60, 'model_size': 1, 'parallelism': 1}",1.0,-1,45,-1
2025-07-03 18:02:18.765354,elastic-workbench-qr-detector,elastic-workbench-qr-detector-1,32,"{'data_quality': 681, 'parallelism': 1}",1.24,-1,28,-1
2025-07-03 18:02:18.769521,elastic-workbench-cv-analyzer,elastic-workbench-cv-analyzer-1,491,"{'data_quality': 262, 'model_size': 3, 'parallelism': 1}",5.76,-1,1,-1
2025-07-03 18:02:18.772360,elastic-workbench-pc-visualizer,elastic-workbench-pc-visualizer-1,21,"{'data_quality': 60, 'model_size': 1, 'parallelism': 1}",1.0,-1,46,-1
2025-07-03 18:02:28.762836,elastic-workbench-qr-detector,elastic-workbench-qr-detector-1,31,"{'data_quality': 681, 'parallelism': 1}",1.24,-1,26,-1
2025-07-03 18:02:28.767745,elastic-workbench-cv-analyzer,elastic-workbench-cv-analyzer-1,529,"{'data_quality': 262, 'model_size': 3, 'parallelism': 1}",5.76,-1,1,-1
2025-07-03 18:02:28.770418,elastic-workbench-pc-visualizer,elastic-workbench-pc-visualizer-1,21,"{'data_quality': 60, 'model_size': 1, 'parallelism': 1}",1.0,-1,44,-1
2025-07-03 18:02:38.763403,elastic-workbench-qr-detector,elastic-workbench-qr-detector-1,33,"{'data_quality': 681, 'parallelism': 1}",1.16,-1,26,-1
2025-07-03 18:02:38.766047,elastic-workbench-cv-analyzer,elastic-workbench-cv-analyzer-1,501,"{'data_quality': 262, 'model_size': 3, 'parallelism': 1}",5.84,-1,0,-1
2025-07-03 18:02:38.768570,elastic-workbench-pc-visualizer,elastic-workbench-pc-visualizer-1,21,"{'data_quality': 60, 'model_size': 1, 'parallelism': 1}",1.0,-1,46,-1
2025-07-03 18:02:48.763807,elastic-workbench-qr-detector,elastic-workbench-qr-detector-1,35,"{'data_quality': 681, 'parallelism': 1}",1.16,-1,26,-1
2025-07-03 18:02:48.766724,elastic-workbench-cv-analyzer,elastic-workbench-cv-analyzer-1,545,"{'data_quality': 262, 'model_size': 3, 'parallelism': 1}",5.84,-1,1,-1
2025-07-03 18:02:48.774426,elastic-workbench-pc-visualizer,elastic-workbench-pc-visualizer-1,21,"{'data_quality': 60, 'model_size': 1, 'parallelism': 1}",1.0,-1,45,-1
2025-07-03 18:02:58.764693,elastic-workbench-qr-detector,elastic-workbench-qr-detector-1,35,"{'data_quality': 681, 'parallelism': 1}",1.16,-1,25,-1
2025-07-03 18:02:58.767619,elastic-workbench-cv-analyzer,elastic-workbench-cv-analyzer-1,518,"{'data_quality': 262, 'model_size': 3, 'parallelism': 1}",5.84,-1,1,-1
2025-07-03 18:02:58.770187,elastic-workbench-pc-visualizer,elastic-workbench-pc-visualizer-1,22,"{'data_quality': 60, 'model_size': 1, 'parallelism': 1}",1.0,-1,44,-1
2025-07-03 18:03:08.765520,elastic-workbench-qr-detector,elastic-workbench-qr-detector-1,36,"{'data_quality': 681, 'parallelism': 1}",1.12,-1,25,-1
2025-07-03 18:03:08.768715,elastic-workbench-cv-analyzer,elastic-workbench-cv-analyzer-1,766,"{'data_quality': 262, 'model_size': 3, 'parallelism': 1}",5.01,-1,1,-1
2025-07-03 18:03:08.771349,elastic-workbench-pc-visualizer,elastic-workbench-pc-visualizer-1,22,"{'data_quality': 60, 'model_size': 1, 'parallelism': 1}",1.87,-1,44,-1
2025-07-03 18:03:18.766173,elastic-workbench-qr-detector,elastic-workbench-qr-detector-1,36,"{'data_quality': 681, 'parallelism': 1}",1.12,-1,24,-1
2025-07-03 18:03:18.773029,elastic-workbench-cv-analyzer,elastic-workbench-cv-analyzer-1,675,"{'data_quality': 262, 'model_size': 3, 'parallelism': 1}",5.02,-1,0,-1
2025-07-03 18:03:18.776421,elastic-workbench-pc-visualizer,elastic-workbench-pc-visualizer-1,22,"{'data_quality': 60, 'model_size': 1, 'parallelism': 1}",1.87,-1,45,-1
2025-07-03 18:03:28.766905,elastic-workbench-qr-detector,elastic-workbench-qr-detector-1,34,"{'data_quality': 681, 'parallelism': 1}",1.12,-1,24,-1
2025-07-03 18:03:28.770124,elastic-workbench-cv-analyzer,elastic-workbench-cv-analyzer-1,416,"{'data_quality': 262, 'model_size': 3, 'parallelism': 1}",5.88,-1,1,-1
2025-07-03 18:03:28.772665,elastic-workbench-pc-visualizer,elastic-workbench-pc-visualizer-1,21,"{'data_quality': 60, 'model_size': 1, 'parallelism': 1}",1.0,-1,46,-1
2025-07-03 18:03:38.767935,elastic-workbench-qr-detector,elastic-workbench-qr-detector-1,36,"{'data_quality': 681, 'parallelism': 1}",1.08,-1,22,-1
2025-07-03 18:03:38.770928,elastic-workbench-cv-analyzer,elastic-workbench-cv-analyzer-1,577,"{'data_quality': 262, 'model_size': 3, 'parallelism': 1}",5.14,-1,0,-1
2025-07-03 18:03:38.774482,elastic-workbench-pc-visualizer,elastic-workbench-pc-visualizer-1,21,"{'data_quality': 60, 'model_size': 1, 'parallelism': 1}",1.78,-1,45,-1
2025-07-03 18:03:48.768430,elastic-workbench-qr-detector,elastic-workbench-qr-detector-1,40,"{'data_quality': 681, 'parallelism': 1}",1.0,-1,22,-1
2025-07-03 18:03:48.771518,elastic-workbench-cv-analyzer,elastic-workbench-cv-analyzer-1,579,"{'data_quality': 262, 'model_size': 3, 'parallelism': 1}",5.19,-1,1,-1
2025-07-03 18:03:48.774204,elastic-workbench-pc-visualizer,elastic-workbench-pc-visualizer-1,20,"{'data_quality': 60, 'model_size': 1, 'parallelism': 1}",1.81,-1,47,-1
2025-07-03 18:03:58.768215,elastic-workbench-qr-detector,elastic-workbench-qr-detector-1,39,"{'data_quality': 681, 'parallelism': 1}",1.0,-1,22,-1
2025-07-03 18:03:58.771086,elastic-workbench-cv-analyzer,elastic-workbench-cv-analyzer-1,536,"{'data_quality': 262, 'model_size': 3, 'parallelism': 1}",5.19,-1,1,-1
2025-07-03 18:03:58.773641,elastic-workbench-pc-visualizer,elastic-workbench-pc-visualizer-1,22,"{'data_quality': 60, 'model_size': 1, 'parallelism': 1}",1.81,-1,44,-1
2025-07-03 18:04:08.769031,elastic-workbench-qr-detector,elastic-workbench-qr-detector-1,38,"{'data_quality': 681, 'parallelism': 1}",1.0,-1,22,-1
2025-07-03 18:04:08.771942,elastic-workbench-cv-analyzer,elastic-workbench-cv-analyzer-1,719,"{'data_quality': 262, 'model_size': 3, 'parallelism': 1}",5.19,-1,1,-1
2025-07-03 18:04:08.774556,elastic-workbench-pc-visualizer,elastic-workbench-pc-visualizer-1,21,"{'data_quality': 60, 'model_size': 1, 'parallelism': 1}",1.81,-1,46,-1
2025-07-03 18:04:18.769469,elastic-workbench-qr-detector,elastic-workbench-qr-detector-1,38,"{'data_quality': 681, 'parallelism': 1}",1.0,-1,21,-1
2025-07-03 18:04:18.775645,elastic-workbench-cv-analyzer,elastic-workbench-cv-analyzer-1,424,"{'data_quality': 262, 'model_size': 3, 'parallelism': 1}",5.19,-1,1,-1
2025-07-03 18:04:18.780465,elastic-workbench-pc-visualizer,elastic-workbench-pc-visualizer-1,21,"{'data_quality': 60, 'model_size': 1, 'parallelism': 1}",1.81,-1,45,-1
2025-07-03 18:04:28.769918,elastic-workbench-qr-detector,elastic-workbench-qr-detector-1,40,"{'data_quality': 681, 'parallelism': 1}",1.0,-1,21,-1
2025-07-03 18:04:28.773105,elastic-workbench-cv-analyzer,elastic-workbench-cv-analyzer-1,756,"{'data_quality': 262, 'model_size': 3, 'parallelism': 1}",5.19,-1,1,-1
2025-07-03 18:04:28.775698,elastic-workbench-pc-visualizer,elastic-workbench-pc-visualizer-1,21,"{'data_quality': 60, 'model_size': 1, 'parallelism': 1}",1.81,-1,44,-1
2025-07-03 18:04:38.770163,elastic-workbench-qr-detector,elastic-workbench-qr-detector-1,38,"{'data_quality': 681, 'parallelism': 1}",1.0,-1,22,-1
2025-07-03 18:04:38.773332,elastic-workbench-cv-analyzer,elastic-workbench-cv-analyzer-1,443,"{'data_quality': 262, 'model_size': 3, 'parallelism': 1}",5.19,-1,1,-1
2025-07-03 18:04:38.775897,elastic-workbench-pc-visualizer,elastic-workbench-pc-visualizer-1,22,"{'data_quality': 60, 'model_size': 1, 'parallelism': 1}",1.81,-1,45,-1
2025-07-03 18:04:48.771216,elastic-workbench-qr-detector,elastic-workbench-qr-detector-1,40,"{'data_quality': 681, 'parallelism': 1}",1.0,-1,23,-1
2025-07-03 18:04:48.775268,elastic-workbench-cv-analyzer,elastic-workbench-cv-analyzer-1,601,"{'data_quality': 262, 'model_size': 3, 'parallelism': 1}",5.19,-1,1,-1
2025-07-03 18:04:48.777865,elastic-workbench-pc-visualizer,elastic-workbench-pc-visualizer-1,21,"{'data_quality': 60, 'model_size': 1, 'parallelism': 1}",1.81,-1,45,-1
2025-07-03 18:04:58.771740,elastic-workbench-qr-detector,elastic-workbench-qr-detector-1,39,"{'data_quality': 681, 'parallelism': 1}",1.06,-1,25,-1
2025-07-03 18:04:58.774704,elastic-workbench-cv-analyzer,elastic-workbench-cv-analyzer-1,648,"{'data_quality': 262, 'model_size': 3, 'parallelism': 1}",5.24,-1,1,-1
2025-07-03 18:04:58.777310,elastic-workbench-pc-visualizer,elastic-workbench-pc-visualizer-1,21,"{'data_quality': 60, 'model_size': 1, 'parallelism': 1}",1.7,-1,45,-1
2025-07-03 18:05:08.771995,elastic-workbench-qr-detector,elastic-workbench-qr-detector-1,38,"{'data_quality': 681, 'parallelism': 1}",1.09,-1,25,-1
2025-07-03 18:05:08.774907,elastic-workbench-cv-analyzer,elastic-workbench-cv-analyzer-1,630,"{'data_quality': 262, 'model_size': 3, 'parallelism': 1}",5.91,-1,1,-1
2025-07-03 18:05:08.777526,elastic-workbench-pc-visualizer,elastic-workbench-pc-visualizer-1,22,"{'data_quality': 60, 'model_size': 1, 'parallelism': 1}",1.0,-1,44,-1
2025-07-03 18:05:18.772613,elastic-workbench-qr-detector,elastic-workbench-qr-detector-1,34,"{'data_quality': 681, 'parallelism': 1}",1.13,-1,26,-1
2025-07-03 18:05:18.775525,elastic-workbench-cv-analyzer,elastic-workbench-cv-analyzer-1,527,"{'data_quality': 262, 'model_size': 3, 'parallelism': 1}",5.87,-1,1,-1
2025-07-03 18:05:18.778385,elastic-workbench-pc-visualizer,elastic-workbench-pc-visualizer-1,21,"{'data_quality': 60, 'model_size': 1, 'parallelism': 1}",1.0,-1,46,-1
2025-07-03 18:05:28.773046,elastic-workbench-qr-detector,elastic-workbench-qr-detector-1,36,"{'data_quality': 681, 'parallelism': 1}",1.13,-1,24,-1
2025-07-03 18:05:28.776203,elastic-workbench-cv-analyzer,elastic-workbench-cv-analyzer-1,500,"{'data_quality': 262, 'model_size': 3, 'parallelism': 1}",5.87,-1,1,-1
2025-07-03 18:05:28.778797,elastic-workbench-pc-visualizer,elastic-workbench-pc-visualizer-1,22,"{'data_quality': 60, 'model_size': 1, 'parallelism': 1}",1.0,-1,44,-1
2025-07-03 18:05:38.777649,elastic-workbench-qr-detector,elastic-workbench-qr-detector-1,36,"{'data_quality': 681, 'parallelism': 1}",1.12,-1,25,-1
2025-07-03 18:05:38.780642,elastic-workbench-cv-analyzer,elastic-workbench-cv-analyzer-1,585,"{'data_quality': 262, 'model_size': 3, 'parallelism': 1}",5.87,-1,1,-1
2025-07-03 18:05:38.783407,elastic-workbench-pc-visualizer,elastic-workbench-pc-visualizer-1,22,"{'data_quality': 60, 'model_size': 1, 'parallelism': 1}",1.01,-1,44,-1
2025-07-03 18:05:48.774256,elastic-workbench-qr-detector,elastic-workbench-qr-detector-1,37,"{'data_quality': 681, 'parallelism': 1}",1.09,-1,25,-1
2025-07-03 18:05:48.776857,elastic-workbench-cv-analyzer,elastic-workbench-cv-analyzer-1,516,"{'data_quality': 262, 'model_size': 3, 'parallelism': 1}",5.91,-1,1,-1
2025-07-03 18:05:48.779643,elastic-workbench-pc-visualizer,elastic-workbench-pc-visualizer-1,22,"{'data_quality': 60, 'model_size': 1, 'parallelism': 1}",1.0,-1,44,-1
2025-07-03 18:05:58.775012,elastic-workbench-qr-detector,elastic-workbench-qr-detector-1,36,"{'data_quality': 681, 'parallelism': 1}",1.09,-1,25,-1
2025-07-03 18:05:58.777874,elastic-workbench-cv-analyzer,elastic-workbench-cv-analyzer-1,489,"{'data_quality': 262, 'model_size': 3, 'parallelism': 1}",5.91,-1,1,-1
2025-07-03 18:05:58.781001,elastic-workbench-pc-visualizer,elastic-workbench-pc-visualizer-1,22,"{'data_quality': 60, 'model_size': 1, 'parallelism': 1}",1.0,-1,44,-1
2025-07-03 18:06:08.776394,elastic-workbench-qr-detector,elastic-workbench-qr-detector-1,38,"{'data_quality': 681, 'parallelism': 1}",1.12,-1,25,-1
2025-07-03 18:06:08.779066,elastic-workbench-cv-analyzer,elastic-workbench-cv-analyzer-1,606,"{'data_quality': 262, 'model_size': 3, 'parallelism': 1}",5.88,-1,1,-1
2025-07-03 18:06:08.782033,elastic-workbench-pc-visualizer,elastic-workbench-pc-visualizer-1,22,"{'data_quality': 60, 'model_size': 1, 'parallelism': 1}",1.0,-1,43,-1
2025-07-03 18:06:18.777054,elastic-workbench-qr-detector,elastic-workbench-qr-detector-1,35,"{'data_quality': 681, 'parallelism': 1}",1.12,-1,26,-1
2025-07-03 18:06:18.779928,elastic-workbench-cv-analyzer,elastic-workbench-cv-analyzer-1,479,"{'data_quality': 262, 'model_size': 3, 'parallelism': 1}",5.88,-1,1,-1
2025-07-03 18:06:18.782466,elastic-workbench-pc-visualizer,elastic-workbench-pc-visualizer-1,21,"{'data_quality': 60, 'model_size': 1, 'parallelism': 1}",1.0,-1,46,-1
2025-07-03 18:06:28.777333,elastic-workbench-qr-detector,elastic-workbench-qr-detector-1,36,"{'data_quality': 681, 'parallelism': 1}",1.12,-1,26,-1
2025-07-03 18:06:28.786122,elastic-workbench-cv-analyzer,elastic-workbench-cv-analyzer-1,457,"{'data_quality': 262, 'model_size': 3, 'parallelism': 1}",5.88,-1,1,-1
2025-07-03 18:06:28.791930,elastic-workbench-pc-visualizer,elastic-workbench-pc-visualizer-1,21,"{'data_quality': 60, 'model_size': 1, 'parallelism': 1}",1.0,-1,45,-1
2025-07-03 18:06:38.777732,elastic-workbench-qr-detector,elastic-workbench-qr-detector-1,37,"{'data_quality': 681, 'parallelism': 1}",1.12,-1,26,-1
2025-07-03 18:06:38.780669,elastic-workbench-cv-analyzer,elastic-workbench-cv-analyzer-1,537,"{'data_quality': 262, 'model_size': 3, 'parallelism': 1}",5.88,-1,1,-1
2025-07-03 18:06:38.783584,elastic-workbench-pc-visualizer,elastic-workbench-pc-visualizer-1,21,"{'data_quality': 60, 'model_size': 1, 'parallelism': 1}",1.0,-1,45,-1
2025-07-03 18:06:48.778787,elastic-workbench-qr-detector,elastic-workbench-qr-detector-1,33,"{'data_quality': 681, 'parallelism': 1}",1.2,-1,28,-1
2025-07-03 18:06:48.782925,elastic-workbench-cv-analyzer,elastic-workbench-cv-analyzer-1,665,"{'data_quality': 262, 'model_size': 3, 'parallelism': 1}",5.8,-1,1,-1
2025-07-03 18:06:48.786537,elastic-workbench-pc-visualizer,elastic-workbench-pc-visualizer-1,22,"{'data_quality': 60, 'model_size': 1, 'parallelism': 1}",1.0,-1,44,-1
2025-07-03 18:06:58.779814,elastic-workbench-qr-detector,elastic-workbench-qr-detector-1,32,"{'data_quality': 681, 'parallelism': 1}",1.2,-1,29,-1
2025-07-03 18:06:58.782754,elastic-workbench-cv-analyzer,elastic-workbench-cv-analyzer-1,570,"{'data_quality': 262, 'model_size': 3, 'parallelism': 1}",5.8,-1,1,-1
2025-07-03 18:06:58.791312,elastic-workbench-pc-visualizer,elastic-workbench-pc-visualizer-1,22,"{'data_quality': 60, 'model_size': 1, 'parallelism': 1}",1.0,-1,44,-1
2025-07-03 18:07:08.778900,elastic-workbench-qr-detector,elastic-workbench-qr-detector-1,32,"{'data_quality': 681, 'parallelism': 1}",1.23,-1,28,-1
2025-07-03 18:07:08.782185,elastic-workbench-cv-analyzer,elastic-workbench-cv-analyzer-1,530,"{'data_quality': 262, 'model_size': 3, 'parallelism': 1}",5.77,-1,1,-1
2025-07-03 18:07:08.784894,elastic-workbench-pc-visualizer,elastic-workbench-pc-visualizer-1,22,"{'data_quality': 60, 'model_size': 1, 'parallelism': 1}",1.0,-1,45,-1
2025-07-03 18:07:18.779791,elastic-workbench-qr-detector,elastic-workbench-qr-detector-1,36,"{'data_quality': 681, 'parallelism': 1}",1.19,-1,26,-1
2025-07-03 18:07:18.782373,elastic-workbench-cv-analyzer,elastic-workbench-cv-analyzer-1,536,"{'data_quality': 262, 'model_size': 3, 'parallelism': 1}",5.81,-1,1,-1
2025-07-03 18:07:18.785175,elastic-workbench-pc-visualizer,elastic-workbench-pc-visualizer-1,21,"{'data_quality': 60, 'model_size': 1, 'parallelism': 1}",1.0,-1,45,-1
2025-07-03 18:07:28.781328,elastic-workbench-qr-detector,elastic-workbench-qr-detector-1,33,"{'data_quality': 681, 'parallelism': 1}",1.27,-1,29,-1
2025-07-03 18:07:28.790986,elastic-workbench-cv-analyzer,elastic-workbench-cv-analyzer-1,571,"{'data_quality': 262, 'model_size': 3, 'parallelism': 1}",5.73,-1,1,-1
2025-07-03 18:07:28.795768,elastic-workbench-pc-visualizer,elastic-workbench-pc-visualizer-1,21,"{'data_quality': 60, 'model_size': 1, 'parallelism': 1}",1.0,-1,44,-1
2025-07-03 18:07:38.780541,elastic-workbench-qr-detector,elastic-workbench-qr-detector-1,34,"{'data_quality': 681, 'parallelism': 1}",1.27,-1,29,-1
2025-07-03 18:07:38.783495,elastic-workbench-cv-analyzer,elastic-workbench-cv-analyzer-1,584,"{'data_quality': 262, 'model_size': 3, 'parallelism': 1}",5.73,-1,1,-1
2025-07-03 18:07:38.786126,elastic-workbench-pc-visualizer,elastic-workbench-pc-visualizer-1,22,"{'data_quality': 60, 'model_size': 1, 'parallelism': 1}",1.0,-1,44,-1
2025-07-03 18:07:48.782187,elastic-workbench-qr-detector,elastic-workbench-qr-detector-1,32,"{'data_quality': 681, 'parallelism': 1}",1.27,-1,30,-1
2025-07-03 18:07:48.785096,elastic-workbench-cv-analyzer,elastic-workbench-cv-analyzer-1,417,"{'data_quality': 262, 'model_size': 3, 'parallelism': 1}",5.73,-1,1,-1
2025-07-03 18:07:48.788342,elastic-workbench-pc-visualizer,elastic-workbench-pc-visualizer-1,21,"{'data_quality': 60, 'model_size': 1, 'parallelism': 1}",1.0,-1,44,-1
2025-07-03 18:07:58.782742,elastic-workbench-qr-detector,elastic-workbench-qr-detector-1,32,"{'data_quality': 681, 'parallelism': 1}",1.31,-1,30,-1
2025-07-03 18:07:58.785933,elastic-workbench-cv-analyzer,elastic-workbench-cv-analyzer-1,560,"{'data_quality': 262, 'model_size': 3, 'parallelism': 1}",5.69,-1,1,-1
2025-07-03 18:07:58.788532,elastic-workbench-pc-visualizer,elastic-workbench-pc-visualizer-1,21,"{'data_quality': 60, 'model_size': 1, 'parallelism': 1}",1.0,-1,45,-1
2025-07-03 18:08:08.782985,elastic-workbench-qr-detector,elastic-workbench-qr-detector-1,29,"{'data_quality': 681, 'parallelism': 1}",1.35,-1,31,-1
2025-07-03 18:08:08.785870,elastic-workbench-cv-analyzer,elastic-workbench-cv-analyzer-1,587,"{'data_quality': 262, 'model_size': 3, 'parallelism': 1}",5.65,-1,1,-1
2025-07-03 18:08:08.789247,elastic-workbench-pc-visualizer,elastic-workbench-pc-visualizer-1,22,"{'data_quality': 60, 'model_size': 1, 'parallelism': 1}",1.0,-1,44,-1
2025-07-03 18:08:18.783798,elastic-workbench-qr-detector,elastic-workbench-qr-detector-1,30,"{'data_quality': 681, 'parallelism': 1}",1.31,-1,31,-1
2025-07-03 18:08:18.786692,elastic-workbench-cv-analyzer,elastic-workbench-cv-analyzer-1,571,"{'data_quality': 262, 'model_size': 3, 'parallelism': 1}",5.69,-1,1,-1
2025-07-03 18:08:18.789294,elastic-workbench-pc-visualizer,elastic-workbench-pc-visualizer-1,22,"{'data_quality': 60, 'model_size': 1, 'parallelism': 1}",1.0,-1,44,-1
2025-07-03 18:08:28.784143,elastic-workbench-qr-detector,elastic-workbench-qr-detector-1,30,"{'data_quality': 681, 'parallelism': 1}",1.31,-1,31,-1
2025-07-03 18:08:28.786947,elastic-workbench-cv-analyzer,elastic-workbench-cv-analyzer-1,484,"{'data_quality': 262, 'model_size': 3, 'parallelism': 1}",5.69,-1,1,-1
2025-07-03 18:08:28.789742,elastic-workbench-pc-visualizer,elastic-workbench-pc-visualizer-1,22,"{'data_quality': 60, 'model_size': 1, 'parallelism': 1}",1.0,-1,45,-1
2025-07-03 18:08:38.785247,elastic-workbench-qr-detector,elastic-workbench-qr-detector-1,29,"{'data_quality': 681, 'parallelism': 1}",1.31,-1,31,-1
2025-07-03 18:08:38.788136,elastic-workbench-cv-analyzer,elastic-workbench-cv-analyzer-1,526,"{'data_quality': 262, 'model_size': 3, 'parallelism': 1}",5.69,-1,1,-1
2025-07-03 18:08:38.794301,elastic-workbench-pc-visualizer,elastic-workbench-pc-visualizer-1,20,"{'data_quality': 60, 'model_size': 1, 'parallelism': 1}",1.0,-1,48,-1
2025-07-03 18:08:48.785552,elastic-workbench-qr-detector,elastic-workbench-qr-detector-1,30,"{'data_quality': 681, 'parallelism': 1}",1.31,-1,30,-1
2025-07-03 18:08:48.788505,elastic-workbench-cv-analyzer,elastic-workbench-cv-analyzer-1,562,"{'data_quality': 262, 'model_size': 3, 'parallelism': 1}",5.69,-1,1,-1
2025-07-03 18:08:48.791086,elastic-workbench-pc-visualizer,elastic-workbench-pc-visualizer-1,21,"{'data_quality': 60, 'model_size': 1, 'parallelism': 1}",1.0,-1,46,-1
2025-07-03 18:08:58.785996,elastic-workbench-qr-detector,elastic-workbench-qr-detector-1,32,"{'data_quality': 681, 'parallelism': 1}",1.27,-1,29,-1
2025-07-03 18:08:58.789139,elastic-workbench-cv-analyzer,elastic-workbench-cv-analyzer-1,555,"{'data_quality': 262, 'model_size': 3, 'parallelism': 1}",5.73,-1,1,-1
2025-07-03 18:08:58.791652,elastic-workbench-pc-visualizer,elastic-workbench-pc-visualizer-1,21,"{'data_quality': 60, 'model_size': 1, 'parallelism': 1}",1.0,-1,45,-1
2025-07-03 18:09:08.786758,elastic-workbench-qr-detector,elastic-workbench-qr-detector-1,32,"{'data_quality': 681, 'parallelism': 1}",1.27,-1,29,-1
2025-07-03 18:09:08.789579,elastic-workbench-cv-analyzer,elastic-workbench-cv-analyzer-1,551,"{'data_quality': 262, 'model_size': 3, 'parallelism': 1}",5.73,-1,1,-1
2025-07-03 18:09:08.792145,elastic-workbench-pc-visualizer,elastic-workbench-pc-visualizer-1,22,"{'data_quality': 60, 'model_size': 1, 'parallelism': 1}",1.0,-1,44,-1
2025-07-03 18:09:18.787716,elastic-workbench-qr-detector,elastic-workbench-qr-detector-1,32,"{'data_quality': 681, 'parallelism': 1}",1.27,-1,30,-1
2025-07-03 18:09:18.790621,elastic-workbench-cv-analyzer,elastic-workbench-cv-analyzer-1,629,"{'data_quality': 262, 'model_size': 3, 'parallelism': 1}",5.73,-1,1,-1
2025-07-03 18:09:18.793279,elastic-workbench-pc-visualizer,elastic-workbench-pc-visualizer-1,21,"{'data_quality': 60, 'model_size': 1, 'parallelism': 1}",1.0,-1,46,-1
2025-07-03 18:09:28.788517,elastic-workbench-qr-detector,elastic-workbench-qr-detector-1,30,"{'data_quality': 681, 'parallelism': 1}",1.35,-1,32,-1
2025-07-03 18:09:28.792294,elastic-workbench-cv-analyzer,elastic-workbench-cv-analyzer-1,724,"{'data_quality': 262, 'model_size': 3, 'parallelism': 1}",5.65,-1,1,-1
2025-07-03 18:09:28.794900,elastic-workbench-pc-visualizer,elastic-workbench-pc-visualizer-1,22,"{'data_quality': 60, 'model_size': 1, 'parallelism': 1}",1.0,-1,44,-1
2025-07-03 18:09:38.789259,elastic-workbench-qr-detector,elastic-workbench-qr-detector-1,29,"{'data_quality': 681, 'parallelism': 1}",1.39,-1,33,-1
2025-07-03 18:09:38.792134,elastic-workbench-cv-analyzer,elastic-workbench-cv-analyzer-1,621,"{'data_quality': 262, 'model_size': 3, 'parallelism': 1}",5.61,-1,1,-1
2025-07-03 18:09:38.794726,elastic-workbench-pc-visualizer,elastic-workbench-pc-visualizer-1,20,"{'data_quality': 60, 'model_size': 1, 'parallelism': 1}",1.0,-1,47,-1
2025-07-03 18:09:48.792771,elastic-workbench-qr-detector,elastic-workbench-qr-detector-1,29,"{'data_quality': 681, 'parallelism': 1}",1.43,-1,33,-1
2025-07-03 18:09:48.797085,elastic-workbench-cv-analyzer,elastic-workbench-cv-analyzer-1,590,"{'data_quality': 262, 'model_size': 3, 'parallelism': 1}",5.57,-1,1,-1
2025-07-03 18:09:48.800269,elastic-workbench-pc-visualizer,elastic-workbench-pc-visualizer-1,21,"{'data_quality': 60, 'model_size': 1, 'parallelism': 1}",1.0,-1,45,-1
2025-07-03 18:09:58.790855,elastic-workbench-qr-detector,elastic-workbench-qr-detector-1,57,"{'data_quality': 681, 'parallelism': 1}",1.5,-1,34,-1
2025-07-03 18:09:58.793519,elastic-workbench-cv-analyzer,elastic-workbench-cv-analyzer-1,274,"{'data_quality': 262, 'model_size': 2, 'parallelism': 1}",5.5,-1,2,-1
2025-07-03 18:09:58.796050,elastic-workbench-pc-visualizer,elastic-workbench-pc-visualizer-1,22,"{'data_quality': 60, 'model_size': 1, 'parallelism': 1}",1.0,-1,44,-1
2025-07-03 18:10:08.791272,elastic-workbench-qr-detector,elastic-workbench-qr-detector-1,56,"{'data_quality': 681, 'parallelism': 1}",1.5,-1,34,-1
2025-07-03 18:10:08.794761,elastic-workbench-cv-analyzer,elastic-workbench-cv-analyzer-1,255,"{'data_quality': 262, 'model_size': 2, 'parallelism': 1}",5.5,-1,3,-1
2025-07-03 18:10:08.800283,elastic-workbench-pc-visualizer,elastic-workbench-pc-visualizer-1,21,"{'data_quality': 60, 'model_size': 1, 'parallelism': 1}",1.0,-1,46,-1
2025-07-03 18:10:18.791431,elastic-workbench-qr-detector,elastic-workbench-qr-detector-1,29,"{'data_quality': 681, 'parallelism': 1}",1.46,-1,33,-1
2025-07-03 18:10:18.794465,elastic-workbench-cv-analyzer,elastic-workbench-cv-analyzer-1,308,"{'data_quality': 262, 'model_size': 2, 'parallelism': 1}",5.54,-1,3,-1
2025-07-03 18:10:18.797083,elastic-workbench-pc-visualizer,elastic-workbench-pc-visualizer-1,21,"{'data_quality': 60, 'model_size': 1, 'parallelism': 1}",1.0,-1,46,-1
2025-07-03 18:10:28.792075,elastic-workbench-qr-detector,elastic-workbench-qr-detector-1,57,"{'data_quality': 681, 'parallelism': 1}",1.5,-1,33,-1
2025-07-03 18:10:28.795380,elastic-workbench-cv-analyzer,elastic-workbench-cv-analyzer-1,257,"{'data_quality': 262, 'model_size': 2, 'parallelism': 1}",5.5,-1,3,-1
2025-07-03 18:10:28.798045,elastic-workbench-pc-visualizer,elastic-workbench-pc-visualizer-1,21,"{'data_quality': 60, 'model_size': 1, 'parallelism': 1}",1.0,-1,45,-1
2025-07-03 18:10:38.793002,elastic-workbench-qr-detector,elastic-workbench-qr-detector-1,56,"{'data_quality': 681, 'parallelism': 1}",1.54,-1,34,-1
2025-07-03 18:10:38.795662,elastic-workbench-cv-analyzer,elastic-workbench-cv-analyzer-1,259,"{'data_quality': 262, 'model_size': 2, 'parallelism': 1}",5.46,-1,3,-1
2025-07-03 18:10:38.798201,elastic-workbench-pc-visualizer,elastic-workbench-pc-visualizer-1,21,"{'data_quality': 60, 'model_size': 1, 'parallelism': 1}",1.0,-1,45,-1
2025-07-03 18:10:48.793379,elastic-workbench-qr-detector,elastic-workbench-qr-detector-1,54,"{'data_quality': 681, 'parallelism': 1}",1.54,-1,35,-1
2025-07-03 18:10:48.796577,elastic-workbench-cv-analyzer,elastic-workbench-cv-analyzer-1,298,"{'data_quality': 262, 'model_size': 2, 'parallelism': 1}",5.46,-1,3,-1
2025-07-03 18:10:48.799153,elastic-workbench-pc-visualizer,elastic-workbench-pc-visualizer-1,21,"{'data_quality': 60, 'model_size': 1, 'parallelism': 1}",1.0,-1,46,-1
2025-07-03 18:10:58.795445,elastic-workbench-qr-detector,elastic-workbench-qr-detector-1,50,"{'data_quality': 681, 'parallelism': 1}",1.54,-1,34,-1
2025-07-03 18:10:58.798348,elastic-workbench-cv-analyzer,elastic-workbench-cv-analyzer-1,265,"{'data_quality': 262, 'model_size': 2, 'parallelism': 1}",5.46,-1,3,-1
2025-07-03 18:10:58.801163,elastic-workbench-pc-visualizer,elastic-workbench-pc-visualizer-1,21,"{'data_quality': 60, 'model_size': 1, 'parallelism': 1}",1.0,-1,46,-1
2025-07-03 18:11:08.794008,elastic-workbench-qr-detector,elastic-workbench-qr-detector-1,28,"{'data_quality': 681, 'parallelism': 1}",1.46,-1,34,-1
2025-07-03 18:11:08.796993,elastic-workbench-cv-analyzer,elastic-workbench-cv-analyzer-1,336,"{'data_quality': 262, 'model_size': 2, 'parallelism': 1}",5.54,-1,2,-1
2025-07-03 18:11:08.799693,elastic-workbench-pc-visualizer,elastic-workbench-pc-visualizer-1,21,"{'data_quality': 60, 'model_size': 1, 'parallelism': 1}",1.0,-1,45,-1
2025-07-03 18:11:18.794711,elastic-workbench-qr-detector,elastic-workbench-qr-detector-1,55,"{'data_quality': 681, 'parallelism': 1}",1.5,-1,34,-1
2025-07-03 18:11:18.797760,elastic-workbench-cv-analyzer,elastic-workbench-cv-analyzer-1,273,"{'data_quality': 262, 'model_size': 2, 'parallelism': 1}",5.5,-1,3,-1
2025-07-03 18:11:18.803055,elastic-workbench-pc-visualizer,elastic-workbench-pc-visualizer-1,22,"{'data_quality': 60, 'model_size': 1, 'parallelism': 1}",1.0,-1,44,-1
2025-07-03 18:11:28.794178,elastic-workbench-qr-detector,elastic-workbench-qr-detector-1,50,"{'data_quality': 681, 'parallelism': 1}",1.63,-1,37,-1
2025-07-03 18:11:28.797256,elastic-workbench-cv-analyzer,elastic-workbench-cv-analyzer-1,361,"{'data_quality': 262, 'model_size': 2, 'parallelism': 1}",5.37,-1,2,-1
2025-07-03 18:11:28.799874,elastic-workbench-pc-visualizer,elastic-workbench-pc-visualizer-1,21,"{'data_quality': 60, 'model_size': 1, 'parallelism': 1}",1.0,-1,45,-1
2025-07-03 18:11:38.794676,elastic-workbench-qr-detector,elastic-workbench-qr-detector-1,54,"{'data_quality': 681, 'parallelism': 1}",1.67,-1,36,-1
2025-07-03 18:11:38.797730,elastic-workbench-cv-analyzer,elastic-workbench-cv-analyzer-1,333,"{'data_quality': 262, 'model_size': 2, 'parallelism': 1}",5.33,-1,2,-1
2025-07-03 18:11:38.800449,elastic-workbench-pc-visualizer,elastic-workbench-pc-visualizer-1,21,"{'data_quality': 60, 'model_size': 1, 'parallelism': 1}",1.0,-1,45,-1
2025-07-03 18:11:48.800568,elastic-workbench-qr-detector,elastic-workbench-qr-detector-1,52,"{'data_quality': 681, 'parallelism': 1}",1.67,-1,37,-1
2025-07-03 18:11:48.803843,elastic-workbench-cv-analyzer,elastic-workbench-cv-analyzer-1,311,"{'data_quality': 262, 'model_size': 2, 'parallelism': 1}",5.33,-1,2,-1
2025-07-03 18:11:48.806745,elastic-workbench-pc-visualizer,elastic-workbench-pc-visualizer-1,21,"{'data_quality': 60, 'model_size': 1, 'parallelism': 1}",1.0,-1,46,-1
2025-07-03 18:11:58.795643,elastic-workbench-qr-detector,elastic-workbench-qr-detector-1,54,"{'data_quality': 681, 'parallelism': 1}",1.63,-1,35,-1
2025-07-03 18:11:58.798439,elastic-workbench-cv-analyzer,elastic-workbench-cv-analyzer-1,265,"{'data_quality': 262, 'model_size': 2, 'parallelism': 1}",5.37,-1,2,-1
2025-07-03 18:11:58.801335,elastic-workbench-pc-visualizer,elastic-workbench-pc-visualizer-1,21,"{'data_quality': 60, 'model_size': 1, 'parallelism': 1}",1.0,-1,45,-1
2025-07-03 18:12:08.802613,elastic-workbench-qr-detector,elastic-workbench-qr-detector-1,45,"{'data_quality': 681, 'parallelism': 1}",1.67,-1,38,-1
2025-07-03 18:12:08.805830,elastic-workbench-cv-analyzer,elastic-workbench-cv-analyzer-1,295,"{'data_quality': 262, 'model_size': 2, 'parallelism': 1}",5.33,-1,3,-1
2025-07-03 18:12:08.809307,elastic-workbench-pc-visualizer,elastic-workbench-pc-visualizer-1,21,"{'data_quality': 60, 'model_size': 1, 'parallelism': 1}",1.0,-1,46,-1
2025-07-03 18:12:18.798201,elastic-workbench-qr-detector,elastic-workbench-qr-detector-1,49,"{'data_quality': 681, 'parallelism': 1}",1.58,-1,36,-1
2025-07-03 18:12:18.801109,elastic-workbench-cv-analyzer,elastic-workbench-cv-analyzer-1,228,"{'data_quality': 262, 'model_size': 2, 'parallelism': 1}",5.42,-1,3,-1
2025-07-03 18:12:18.804602,elastic-workbench-pc-visualizer,elastic-workbench-pc-visualizer-1,21,"{'data_quality': 60, 'model_size': 1, 'parallelism': 1}",1.0,-1,46,-1
2025-07-03 18:12:28.797804,elastic-workbench-qr-detector,elastic-workbench-qr-detector-1,57,"{'data_quality': 681, 'parallelism': 1}",1.5,-1,33,-1
2025-07-03 18:12:28.809117,elastic-workbench-cv-analyzer,elastic-workbench-cv-analyzer-1,275,"{'data_quality': 262, 'model_size': 2, 'parallelism': 1}",5.5,-1,3,-1
2025-07-03 18:12:28.811866,elastic-workbench-pc-visualizer,elastic-workbench-pc-visualizer-1,21,"{'data_quality': 60, 'model_size': 1, 'parallelism': 1}",1.0,-1,45,-1
2025-07-03 18:12:38.797408,elastic-workbench-qr-detector,elastic-workbench-qr-detector-1,28,"{'data_quality': 681, 'parallelism': 1}",1.46,-1,34,-1
2025-07-03 18:12:38.800932,elastic-workbench-cv-analyzer,elastic-workbench-cv-analyzer-1,252,"{'data_quality': 262, 'model_size': 2, 'parallelism': 1}",5.54,-1,3,-1
2025-07-03 18:12:38.803804,elastic-workbench-pc-visualizer,elastic-workbench-pc-visualizer-1,20,"{'data_quality': 60, 'model_size': 1, 'parallelism': 1}",1.0,-1,48,-1
2025-07-03 18:12:48.797945,elastic-workbench-qr-detector,elastic-workbench-qr-detector-1,30,"{'data_quality': 681, 'parallelism': 1}",1.42,-1,32,-1
2025-07-03 18:12:48.802887,elastic-workbench-cv-analyzer,elastic-workbench-cv-analyzer-1,483,"{'data_quality': 262, 'model_size': 3, 'parallelism': 1}",5.58,-1,1,-1
2025-07-03 18:12:48.805423,elastic-workbench-pc-visualizer,elastic-workbench-pc-visualizer-1,21,"{'data_quality': 60, 'model_size': 1, 'parallelism': 1}",1.0,-1,46,-1
2025-07-03 18:12:58.798885,elastic-workbench-qr-detector,elastic-workbench-qr-detector-1,27,"{'data_quality': 681, 'parallelism': 1}",1.47,-1,34,-1
2025-07-03 18:12:58.802386,elastic-workbench-cv-analyzer,elastic-workbench-cv-analyzer-1,288,"{'data_quality': 262, 'model_size': 2, 'parallelism': 1}",5.53,-1,3,-1
2025-07-03 18:12:58.805273,elastic-workbench-pc-visualizer,elastic-workbench-pc-visualizer-1,21,"{'data_quality': 60, 'model_size': 1, 'parallelism': 1}",1.0,-1,46,-1
2025-07-03 18:13:08.799160,elastic-workbench-qr-detector,elastic-workbench-qr-detector-1,28,"{'data_quality': 681, 'parallelism': 1}",1.42,-1,33,-1
2025-07-03 18:13:08.802256,elastic-workbench-cv-analyzer,elastic-workbench-cv-analyzer-1,578,"{'data_quality': 262, 'model_size': 3, 'parallelism': 1}",5.58,-1,1,-1
2025-07-03 18:13:08.805158,elastic-workbench-pc-visualizer,elastic-workbench-pc-visualizer-1,21,"{'data_quality': 60, 'model_size': 1, 'parallelism': 1}",1.0,-1,47,-1
2025-07-03 18:13:18.799220,elastic-workbench-qr-detector,elastic-workbench-qr-detector-1,29,"{'data_quality': 681, 'parallelism': 1}",1.38,-1,32,-1
2025-07-03 18:13:18.802207,elastic-workbench-cv-analyzer,elastic-workbench-cv-analyzer-1,529,"{'data_quality': 262, 'model_size': 3, 'parallelism': 1}",5.62,-1,1,-1
2025-07-03 18:13:18.804767,elastic-workbench-pc-visualizer,elastic-workbench-pc-visualizer-1,21,"{'data_quality': 60, 'model_size': 1, 'parallelism': 1}",1.0,-1,45,-1
2025-07-03 18:13:28.800491,elastic-workbench-qr-detector,elastic-workbench-qr-detector-1,28,"{'data_quality': 681, 'parallelism': 1}",1.38,-1,33,-1
2025-07-03 18:13:28.803570,elastic-workbench-cv-analyzer,elastic-workbench-cv-analyzer-1,546,"{'data_quality': 262, 'model_size': 3, 'parallelism': 1}",5.62,-1,1,-1
2025-07-03 18:13:28.806331,elastic-workbench-pc-visualizer,elastic-workbench-pc-visualizer-1,22,"{'data_quality': 60, 'model_size': 1, 'parallelism': 1}",1.0,-1,45,-1
2025-07-03 18:13:38.800194,elastic-workbench-qr-detector,elastic-workbench-qr-detector-1,30,"{'data_quality': 681, 'parallelism': 1}",1.38,-1,31,-1
2025-07-03 18:13:38.808852,elastic-workbench-cv-analyzer,elastic-workbench-cv-analyzer-1,604,"{'data_quality': 262, 'model_size': 3, 'parallelism': 1}",5.62,-1,1,-1
2025-07-03 18:13:38.812074,elastic-workbench-pc-visualizer,elastic-workbench-pc-visualizer-1,21,"{'data_quality': 60, 'model_size': 1, 'parallelism': 1}",1.0,-1,46,-1
2025-07-03 18:13:48.801227,elastic-workbench-qr-detector,elastic-workbench-qr-detector-1,30,"{'data_quality': 681, 'parallelism': 1}",1.34,-1,31,-1
2025-07-03 18:13:48.804846,elastic-workbench-cv-analyzer,elastic-workbench-cv-analyzer-1,600,"{'data_quality': 262, 'model_size': 3, 'parallelism': 1}",5.66,-1,1,-1
2025-07-03 18:13:48.808278,elastic-workbench-pc-visualizer,elastic-workbench-pc-visualizer-1,22,"{'data_quality': 60, 'model_size': 1, 'parallelism': 1}",1.0,-1,44,-1
2025-07-03 18:13:58.801563,elastic-workbench-qr-detector,elastic-workbench-qr-detector-1,30,"{'data_quality': 681, 'parallelism': 1}",1.34,-1,31,-1
2025-07-03 18:13:58.804420,elastic-workbench-cv-analyzer,elastic-workbench-cv-analyzer-1,504,"{'data_quality': 262, 'model_size': 3, 'parallelism': 1}",5.66,-1,1,-1
2025-07-03 18:13:58.807026,elastic-workbench-pc-visualizer,elastic-workbench-pc-visualizer-1,21,"{'data_quality': 60, 'model_size': 1, 'parallelism': 1}",1.0,-1,45,-1
2025-07-03 18:14:08.801684,elastic-workbench-qr-detector,elastic-workbench-qr-detector-1,32,"{'data_quality': 681, 'parallelism': 1}",1.3,-1,29,-1
2025-07-03 18:14:08.804731,elastic-workbench-cv-analyzer,elastic-workbench-cv-analyzer-1,744,"{'data_quality': 262, 'model_size': 3, 'parallelism': 1}",5.7,-1,1,-1
2025-07-03 18:14:08.807581,elastic-workbench-pc-visualizer,elastic-workbench-pc-visualizer-1,21,"{'data_quality': 60, 'model_size': 1, 'parallelism': 1}",1.0,-1,44,-1
2025-07-03 18:14:18.802226,elastic-workbench-qr-detector,elastic-workbench-qr-detector-1,33,"{'data_quality': 681, 'parallelism': 1}",1.26,-1,29,-1
2025-07-03 18:14:18.805510,elastic-workbench-cv-analyzer,elastic-workbench-cv-analyzer-1,529,"{'data_quality': 262, 'model_size': 3, 'parallelism': 1}",5.74,-1,1,-1
2025-07-03 18:14:18.808462,elastic-workbench-pc-visualizer,elastic-workbench-pc-visualizer-1,22,"{'data_quality': 60, 'model_size': 1, 'parallelism': 1}",1.0,-1,44,-1
2025-07-03 18:14:28.802404,elastic-workbench-qr-detector,elastic-workbench-qr-detector-1,32,"{'data_quality': 681, 'parallelism': 1}",1.3,-1,30,-1
2025-07-03 18:14:28.805324,elastic-workbench-cv-analyzer,elastic-workbench-cv-analyzer-1,591,"{'data_quality': 262, 'model_size': 3, 'parallelism': 1}",5.7,-1,1,-1
2025-07-03 18:14:28.807890,elastic-workbench-pc-visualizer,elastic-workbench-pc-visualizer-1,21,"{'data_quality': 60, 'model_size': 1, 'parallelism': 1}",1.0,-1,45,-1
2025-07-03 18:14:38.810440,elastic-workbench-qr-detector,elastic-workbench-qr-detector-1,31,"{'data_quality': 681, 'parallelism': 1}",1.34,-1,31,-1
2025-07-03 18:14:38.829808,elastic-workbench-cv-analyzer,elastic-workbench-cv-analyzer-1,474,"{'data_quality': 262, 'model_size': 3, 'parallelism': 1}",5.66,-1,1,-1
2025-07-03 18:14:38.838485,elastic-workbench-pc-visualizer,elastic-workbench-pc-visualizer-1,21,"{'data_quality': 60, 'model_size': 1, 'parallelism': 1}",1.0,-1,45,-1
2025-07-03 18:14:48.803951,elastic-workbench-qr-detector,elastic-workbench-qr-detector-1,31,"{'data_quality': 681, 'parallelism': 1}",1.34,-1,30,-1
2025-07-03 18:14:48.806866,elastic-workbench-cv-analyzer,elastic-workbench-cv-analyzer-1,635,"{'data_quality': 262, 'model_size': 3, 'parallelism': 1}",5.66,-1,1,-1
2025-07-03 18:14:48.810437,elastic-workbench-pc-visualizer,elastic-workbench-pc-visualizer-1,21,"{'data_quality': 60, 'model_size': 1, 'parallelism': 1}",1.0,-1,45,-1
2025-07-03 18:14:58.804435,elastic-workbench-qr-detector,elastic-workbench-qr-detector-1,31,"{'data_quality': 681, 'parallelism': 1}",1.3,-1,31,-1
2025-07-03 18:14:58.807357,elastic-workbench-cv-analyzer,elastic-workbench-cv-analyzer-1,518,"{'data_quality': 262, 'model_size': 3, 'parallelism': 1}",5.7,-1,1,-1
2025-07-03 18:14:58.810008,elastic-workbench-pc-visualizer,elastic-workbench-pc-visualizer-1,21,"{'data_quality': 60, 'model_size': 1, 'parallelism': 1}",1.0,-1,45,-1
2025-07-03 18:15:08.806646,elastic-workbench-qr-detector,elastic-workbench-qr-detector-1,29,"{'data_quality': 681, 'parallelism': 1}",1.34,-1,32,-1
2025-07-03 18:15:08.809334,elastic-workbench-cv-analyzer,elastic-workbench-cv-analyzer-1,596,"{'data_quality': 262, 'model_size': 3, 'parallelism': 1}",5.66,-1,1,-1
2025-07-03 18:15:08.811980,elastic-workbench-pc-visualizer,elastic-workbench-pc-visualizer-1,22,"{'data_quality': 60, 'model_size': 1, 'parallelism': 1}",1.0,-1,44,-1
2025-07-03 18:15:18.806003,elastic-workbench-qr-detector,elastic-workbench-qr-detector-1,31,"{'data_quality': 681, 'parallelism': 1}",1.34,-1,30,-1
2025-07-03 18:15:18.808945,elastic-workbench-cv-analyzer,elastic-workbench-cv-analyzer-1,666,"{'data_quality': 262, 'model_size': 3, 'parallelism': 1}",5.66,-1,1,-1
2025-07-03 18:15:18.811542,elastic-workbench-pc-visualizer,elastic-workbench-pc-visualizer-1,20,"{'data_quality': 60, 'model_size': 1, 'parallelism': 1}",1.0,-1,49,-1
2025-07-03 18:15:28.806553,elastic-workbench-qr-detector,elastic-workbench-qr-detector-1,30,"{'data_quality': 681, 'parallelism': 1}",1.3,-1,29,-1
2025-07-03 18:15:28.821343,elastic-workbench-cv-analyzer,elastic-workbench-cv-analyzer-1,516,"{'data_quality': 262, 'model_size': 3, 'parallelism': 1}",5.7,-1,1,-1
2025-07-03 18:15:28.824249,elastic-workbench-pc-visualizer,elastic-workbench-pc-visualizer-1,22,"{'data_quality': 60, 'model_size': 1, 'parallelism': 1}",1.0,-1,44,-1
2025-07-03 18:15:38.807397,elastic-workbench-qr-detector,elastic-workbench-qr-detector-1,32,"{'data_quality': 681, 'parallelism': 1}",1.26,-1,29,-1
2025-07-03 18:15:38.810615,elastic-workbench-cv-analyzer,elastic-workbench-cv-analyzer-1,628,"{'data_quality': 262, 'model_size': 3, 'parallelism': 1}",5.74,-1,1,-1
2025-07-03 18:15:38.813347,elastic-workbench-pc-visualizer,elastic-workbench-pc-visualizer-1,22,"{'data_quality': 60, 'model_size': 1, 'parallelism': 1}",1.0,-1,44,-1
2025-07-03 18:15:48.807612,elastic-workbench-qr-detector,elastic-workbench-qr-detector-1,32,"{'data_quality': 681, 'parallelism': 1}",1.26,-1,29,-1
2025-07-03 18:15:48.810578,elastic-workbench-cv-analyzer,elastic-workbench-cv-analyzer-1,659,"{'data_quality': 262, 'model_size': 3, 'parallelism': 1}",5.74,-1,1,-1
2025-07-03 18:15:48.813691,elastic-workbench-pc-visualizer,elastic-workbench-pc-visualizer-1,22,"{'data_quality': 60, 'model_size': 1, 'parallelism': 1}",1.0,-1,44,-1
2025-07-03 18:15:58.807610,elastic-workbench-qr-detector,elastic-workbench-qr-detector-1,32,"{'data_quality': 681, 'parallelism': 1}",1.26,-1,30,-1
2025-07-03 18:15:58.810564,elastic-workbench-cv-analyzer,elastic-workbench-cv-analyzer-1,596,"{'data_quality': 262, 'model_size': 3, 'parallelism': 1}",5.74,-1,1,-1
2025-07-03 18:15:58.813367,elastic-workbench-pc-visualizer,elastic-workbench-pc-visualizer-1,22,"{'data_quality': 60, 'model_size': 1, 'parallelism': 1}",1.0,-1,43,-1
2025-07-03 18:16:08.812279,elastic-workbench-qr-detector,elastic-workbench-qr-detector-1,31,"{'data_quality': 681, 'parallelism': 1}",1.3,-1,31,-1
2025-07-03 18:16:08.822293,elastic-workbench-cv-analyzer,elastic-workbench-cv-analyzer-1,574,"{'data_quality': 262, 'model_size': 3, 'parallelism': 1}",5.7,-1,1,-1
2025-07-03 18:16:08.826604,elastic-workbench-pc-visualizer,elastic-workbench-pc-visualizer-1,22,"{'data_quality': 60, 'model_size': 1, 'parallelism': 1}",1.0,-1,44,-1
2025-07-03 18:16:18.812310,elastic-workbench-qr-detector,elastic-workbench-qr-detector-1,29,"{'data_quality': 681, 'parallelism': 1}",1.42,-1,33,-1
2025-07-03 18:16:18.821771,elastic-workbench-cv-analyzer,elastic-workbench-cv-analyzer-1,258,"{'data_quality': 262, 'model_size': 2, 'parallelism': 1}",5.58,-1,3,-1
2025-07-03 18:16:18.827562,elastic-workbench-pc-visualizer,elastic-workbench-pc-visualizer-1,21,"{'data_quality': 60, 'model_size': 1, 'parallelism': 1}",1.0,-1,45,-1
2025-07-03 18:16:28.811779,elastic-workbench-qr-detector,elastic-workbench-qr-detector-1,56,"{'data_quality': 681, 'parallelism': 1}",1.5,-1,34,-1
2025-07-03 18:16:28.819302,elastic-workbench-cv-analyzer,elastic-workbench-cv-analyzer-1,254,"{'data_quality': 262, 'model_size': 2, 'parallelism': 1}",5.5,-1,3,-1
2025-07-03 18:16:28.822142,elastic-workbench-pc-visualizer,elastic-workbench-pc-visualizer-1,21,"{'data_quality': 60, 'model_size': 1, 'parallelism': 1}",1.0,-1,45,-1
2025-07-03 18:16:38.820316,elastic-workbench-qr-detector,elastic-workbench-qr-detector-1,52,"{'data_quality': 681, 'parallelism': 1}",1.5,-1,34,-1
2025-07-03 18:16:38.827067,elastic-workbench-cv-analyzer,elastic-workbench-cv-analyzer-1,317,"{'data_quality': 262, 'model_size': 2, 'parallelism': 1}",5.5,-1,2,-1
2025-07-03 18:16:38.832466,elastic-workbench-pc-visualizer,elastic-workbench-pc-visualizer-1,21,"{'data_quality': 60, 'model_size': 1, 'parallelism': 1}",1.0,-1,45,-1
2025-07-03 18:16:48.810188,elastic-workbench-qr-detector,elastic-workbench-qr-detector-1,27,"{'data_quality': 681, 'parallelism': 1}",1.46,-1,33,-1
2025-07-03 18:16:48.812981,elastic-workbench-cv-analyzer,elastic-workbench-cv-analyzer-1,244,"{'data_quality': 262, 'model_size': 2, 'parallelism': 1}",5.54,-1,3,-1
2025-07-03 18:16:48.821405,elastic-workbench-pc-visualizer,elastic-workbench-pc-visualizer-1,21,"{'data_quality': 60, 'model_size': 1, 'parallelism': 1}",1.0,-1,45,-1
2025-07-03 18:16:58.811127,elastic-workbench-qr-detector,elastic-workbench-qr-detector-1,30,"{'data_quality': 681, 'parallelism': 1}",1.38,-1,32,-1
2025-07-03 18:16:58.817295,elastic-workbench-cv-analyzer,elastic-workbench-cv-analyzer-1,545,"{'data_quality': 262, 'model_size': 3, 'parallelism': 1}",5.62,-1,1,-1
2025-07-03 18:16:58.826649,elastic-workbench-pc-visualizer,elastic-workbench-pc-visualizer-1,21,"{'data_quality': 60, 'model_size': 1, 'parallelism': 1}",1.0,-1,46,-1
2025-07-03 18:17:08.811548,elastic-workbench-qr-detector,elastic-workbench-qr-detector-1,56,"{'data_quality': 681, 'parallelism': 1}",1.5,-1,35,-1
2025-07-03 18:17:08.818887,elastic-workbench-cv-analyzer,elastic-workbench-cv-analyzer-1,271,"{'data_quality': 262, 'model_size': 2, 'parallelism': 1}",5.5,-1,3,-1
2025-07-03 18:17:08.825529,elastic-workbench-pc-visualizer,elastic-workbench-pc-visualizer-1,21,"{'data_quality': 60, 'model_size': 1, 'parallelism': 1}",1.0,-1,45,-1
2025-07-03 18:17:18.811640,elastic-workbench-qr-detector,elastic-workbench-qr-detector-1,55,"{'data_quality': 681, 'parallelism': 1}",1.58,-1,35,-1
2025-07-03 18:17:18.817294,elastic-workbench-cv-analyzer,elastic-workbench-cv-analyzer-1,254,"{'data_quality': 262, 'model_size': 2, 'parallelism': 1}",5.42,-1,3,-1
2025-07-03 18:17:18.827299,elastic-workbench-pc-visualizer,elastic-workbench-pc-visualizer-1,21,"{'data_quality': 60, 'model_size': 1, 'parallelism': 1}",1.0,-1,45,-1
2025-07-03 18:17:28.812536,elastic-workbench-qr-detector,elastic-workbench-qr-detector-1,54,"{'data_quality': 681, 'parallelism': 1}",1.58,-1,36,-1
2025-07-03 18:17:28.834645,elastic-workbench-cv-analyzer,elastic-workbench-cv-analyzer-1,286,"{'data_quality': 262, 'model_size': 2, 'parallelism': 1}",5.42,-1,3,-1
2025-07-03 18:17:28.837182,elastic-workbench-pc-visualizer,elastic-workbench-pc-visualizer-1,21,"{'data_quality': 60, 'model_size': 1, 'parallelism': 1}",1.0,-1,45,-1
2025-07-03 18:17:38.813064,elastic-workbench-qr-detector,elastic-workbench-qr-detector-1,55,"{'data_quality': 681, 'parallelism': 1}",1.62,-1,35,-1
2025-07-03 18:17:38.822419,elastic-workbench-cv-analyzer,elastic-workbench-cv-analyzer-1,289,"{'data_quality': 262, 'model_size': 2, 'parallelism': 1}",5.38,-1,3,-1
2025-07-03 18:17:38.831087,elastic-workbench-pc-visualizer,elastic-workbench-pc-visualizer-1,21,"{'data_quality': 60, 'model_size': 1, 'parallelism': 1}",1.0,-1,45,-1
2025-07-03 18:17:48.813845,elastic-workbench-qr-detector,elastic-workbench-qr-detector-1,49,"{'data_quality': 681, 'parallelism': 1}",1.66,-1,38,-1
2025-07-03 18:17:48.829720,elastic-workbench-cv-analyzer,elastic-workbench-cv-analyzer-1,368,"{'data_quality': 262, 'model_size': 2, 'parallelism': 1}",5.34,-1,2,-1
2025-07-03 18:17:48.832523,elastic-workbench-pc-visualizer,elastic-workbench-pc-visualizer-1,21,"{'data_quality': 60, 'model_size': 1, 'parallelism': 1}",1.0,-1,45,-1
2025-07-03 18:17:58.817346,elastic-workbench-qr-detector,elastic-workbench-qr-detector-1,49,"{'data_quality': 681, 'parallelism': 1}",1.62,-1,39,-1
2025-07-03 18:17:58.820303,elastic-workbench-cv-analyzer,elastic-workbench-cv-analyzer-1,370,"{'data_quality': 262, 'model_size': 2, 'parallelism': 1}",5.38,-1,2,-1
2025-07-03 18:17:58.822780,elastic-workbench-pc-visualizer,elastic-workbench-pc-visualizer-1,21,"{'data_quality': 60, 'model_size': 1, 'parallelism': 1}",1.0,-1,45,-1
2025-07-03 18:18:08.817647,elastic-workbench-qr-detector,elastic-workbench-qr-detector-1,48,"{'data_quality': 681, 'parallelism': 1}",1.66,-1,39,-1
2025-07-03 18:18:08.823676,elastic-workbench-cv-analyzer,elastic-workbench-cv-analyzer-1,322,"{'data_quality': 262, 'model_size': 2, 'parallelism': 1}",5.34,-1,2,-1
2025-07-03 18:18:08.826606,elastic-workbench-pc-visualizer,elastic-workbench-pc-visualizer-1,22,"{'data_quality': 60, 'model_size': 1, 'parallelism': 1}",1.0,-1,44,-1
2025-07-03 18:18:18.818295,elastic-workbench-qr-detector,elastic-workbench-qr-detector-1,51,"{'data_quality': 681, 'parallelism': 1}",1.62,-1,37,-1
2025-07-03 18:18:18.826458,elastic-workbench-cv-analyzer,elastic-workbench-cv-analyzer-1,328,"{'data_quality': 262, 'model_size': 2, 'parallelism': 1}",5.38,-1,2,-1
2025-07-03 18:18:18.829196,elastic-workbench-pc-visualizer,elastic-workbench-pc-visualizer-1,21,"{'data_quality': 60, 'model_size': 1, 'parallelism': 1}",1.0,-1,45,-1
2025-07-03 18:18:28.818553,elastic-workbench-qr-detector,elastic-workbench-qr-detector-1,53,"{'data_quality': 681, 'parallelism': 1}",1.58,-1,36,-1
2025-07-03 18:18:28.822659,elastic-workbench-cv-analyzer,elastic-workbench-cv-analyzer-1,314,"{'data_quality': 262, 'model_size': 2, 'parallelism': 1}",5.42,-1,2,-1
2025-07-03 18:18:28.825137,elastic-workbench-pc-visualizer,elastic-workbench-pc-visualizer-1,21,"{'data_quality': 60, 'model_size': 1, 'parallelism': 1}",1.0,-1,46,-1
2025-07-03 18:18:38.819431,elastic-workbench-qr-detector,elastic-workbench-qr-detector-1,49,"{'data_quality': 681, 'parallelism': 1}",1.66,-1,37,-1
2025-07-03 18:18:38.832067,elastic-workbench-cv-analyzer,elastic-workbench-cv-analyzer-1,344,"{'data_quality': 262, 'model_size': 2, 'parallelism': 1}",5.34,-1,2,-1
2025-07-03 18:18:38.834910,elastic-workbench-pc-visualizer,elastic-workbench-pc-visualizer-1,21,"{'data_quality': 60, 'model_size': 1, 'parallelism': 1}",1.0,-1,46,-1
2025-07-03 18:18:48.825294,elastic-workbench-qr-detector,elastic-workbench-qr-detector-1,53,"{'data_quality': 681, 'parallelism': 1}",1.62,-1,36,-1
2025-07-03 18:18:48.828056,elastic-workbench-cv-analyzer,elastic-workbench-cv-analyzer-1,278,"{'data_quality': 262, 'model_size': 2, 'parallelism': 1}",5.38,-1,3,-1
2025-07-03 18:18:48.830509,elastic-workbench-pc-visualizer,elastic-workbench-pc-visualizer-1,21,"{'data_quality': 60, 'model_size': 1, 'parallelism': 1}",1.0,-1,46,-1
2025-07-03 18:18:58.820507,elastic-workbench-qr-detector,elastic-workbench-qr-detector-1,52,"{'data_quality': 681, 'parallelism': 1}",1.62,-1,37,-1
2025-07-03 18:18:58.823154,elastic-workbench-cv-analyzer,elastic-workbench-cv-analyzer-1,347,"{'data_quality': 262, 'model_size': 2, 'parallelism': 1}",5.38,-1,2,-1
2025-07-03 18:18:58.828067,elastic-workbench-pc-visualizer,elastic-workbench-pc-visualizer-1,21,"{'data_quality': 60, 'model_size': 1, 'parallelism': 1}",1.0,-1,47,-1
2025-07-03 18:19:08.821043,elastic-workbench-qr-detector,elastic-workbench-qr-detector-1,53,"{'data_quality': 681, 'parallelism': 1}",1.66,-1,36,-1
2025-07-03 18:19:08.823570,elastic-workbench-cv-analyzer,elastic-workbench-cv-analyzer-1,315,"{'data_quality': 262, 'model_size': 2, 'parallelism': 1}",5.34,-1,2,-1
2025-07-03 18:19:08.831622,elastic-workbench-pc-visualizer,elastic-workbench-pc-visualizer-1,21,"{'data_quality': 60, 'model_size': 1, 'parallelism': 1}",1.0,-1,45,-1
2025-07-03 18:19:15.572867,elastic-workbench-qr-detector,elastic-workbench-qr-detector-1,27,"{'data_quality': 550, 'parallelism': 1}",2.67,-1,40,-1
2025-07-03 18:19:15.575720,elastic-workbench-cv-analyzer,elastic-workbench-cv-analyzer-1,527,"{'data_quality': 224, 'model_size': 3, 'parallelism': 1}",2.67,-1,1,-1
2025-07-03 18:19:15.578490,elastic-workbench-pc-visualizer,elastic-workbench-pc-visualizer-1,21,"{'data_quality': 30, 'model_size': 1, 'parallelism': 1}",2.67,-1,47,-1
2025-07-03 18:19:25.570155,elastic-workbench-qr-detector,elastic-workbench-qr-detector-1,27,"{'data_quality': 551, 'parallelism': 1}",1.76,-1,42,-1
2025-07-03 18:19:25.574778,elastic-workbench-cv-analyzer,elastic-workbench-cv-analyzer-1,157,"{'data_quality': 224, 'model_size': 2, 'parallelism': 1}",5.24,-1,4,-1
2025-07-03 18:19:25.577447,elastic-workbench-pc-visualizer,elastic-workbench-pc-visualizer-1,20,"{'data_quality': 40, 'model_size': 1, 'parallelism': 1}",1.0,-1,47,-1
2025-07-03 18:19:35.570680,elastic-workbench-qr-detector,elastic-workbench-qr-detector-1,26,"{'data_quality': 551, 'parallelism': 1}",1.76,-1,41,-1
2025-07-03 18:19:35.575857,elastic-workbench-cv-analyzer,elastic-workbench-cv-analyzer-1,169,"{'data_quality': 224, 'model_size': 2, 'parallelism': 1}",5.24,-1,3,-1
2025-07-03 18:19:35.579845,elastic-workbench-pc-visualizer,elastic-workbench-pc-visualizer-1,20,"{'data_quality': 40, 'model_size': 1, 'parallelism': 1}",1.0,-1,47,-1
2025-07-03 18:19:45.571456,elastic-workbench-qr-detector,elastic-workbench-qr-detector-1,27,"{'data_quality': 551, 'parallelism': 1}",1.74,-1,40,-1
2025-07-03 18:19:45.574235,elastic-workbench-cv-analyzer,elastic-workbench-cv-analyzer-1,131,"{'data_quality': 224, 'model_size': 2, 'parallelism': 1}",5.26,-1,4,-1
2025-07-03 18:19:45.585407,elastic-workbench-pc-visualizer,elastic-workbench-pc-visualizer-1,20,"{'data_quality': 40, 'model_size': 1, 'parallelism': 1}",1.0,-1,47,-1
2025-07-03 18:19:55.571786,elastic-workbench-qr-detector,elastic-workbench-qr-detector-1,27,"{'data_quality': 551, 'parallelism': 1}",1.72,-1,41,-1
2025-07-03 18:19:55.574616,elastic-workbench-cv-analyzer,elastic-workbench-cv-analyzer-1,172,"{'data_quality': 224, 'model_size': 2, 'parallelism': 1}",5.28,-1,4,-1
2025-07-03 18:19:55.577118,elastic-workbench-pc-visualizer,elastic-workbench-pc-visualizer-1,20,"{'data_quality': 40, 'model_size': 1, 'parallelism': 1}",1.0,-1,47,-1
2025-07-03 18:20:05.572408,elastic-workbench-qr-detector,elastic-workbench-qr-detector-1,28,"{'data_quality': 551, 'parallelism': 1}",1.72,-1,39,-1
2025-07-03 18:20:05.575247,elastic-workbench-cv-analyzer,elastic-workbench-cv-analyzer-1,163,"{'data_quality': 224, 'model_size': 2, 'parallelism': 1}",5.28,-1,4,-1
2025-07-03 18:20:05.577871,elastic-workbench-pc-visualizer,elastic-workbench-pc-visualizer-1,20,"{'data_quality': 40, 'model_size': 1, 'parallelism': 1}",1.0,-1,47,-1
2025-07-03 18:20:15.573461,elastic-workbench-qr-detector,elastic-workbench-qr-detector-1,29,"{'data_quality': 551, 'parallelism': 1}",1.69,-1,39,-1
2025-07-03 18:20:15.576442,elastic-workbench-cv-analyzer,elastic-workbench-cv-analyzer-1,233,"{'data_quality': 224, 'model_size': 2, 'parallelism': 1}",5.31,-1,3,-1
2025-07-03 18:20:15.579077,elastic-workbench-pc-visualizer,elastic-workbench-pc-visualizer-1,20,"{'data_quality': 40, 'model_size': 1, 'parallelism': 1}",1.0,-1,48,-1
2025-07-03 18:20:25.576429,elastic-workbench-qr-detector,elastic-workbench-qr-detector-1,29,"{'data_quality': 551, 'parallelism': 1}",1.69,-1,37,-1
2025-07-03 18:20:25.579126,elastic-workbench-cv-analyzer,elastic-workbench-cv-analyzer-1,166,"{'data_quality': 224, 'model_size': 2, 'parallelism': 1}",5.31,-1,4,-1
2025-07-03 18:20:25.581608,elastic-workbench-pc-visualizer,elastic-workbench-pc-visualizer-1,19,"{'data_quality': 40, 'model_size': 1, 'parallelism': 1}",1.0,-1,50,-1
2025-07-03 18:20:35.575192,elastic-workbench-qr-detector,elastic-workbench-qr-detector-1,30,"{'data_quality': 551, 'parallelism': 1}",1.66,-1,36,-1
2025-07-03 18:20:35.578360,elastic-workbench-cv-analyzer,elastic-workbench-cv-analyzer-1,153,"{'data_quality': 224, 'model_size': 2, 'parallelism': 1}",5.34,-1,4,-1
2025-07-03 18:20:35.581001,elastic-workbench-pc-visualizer,elastic-workbench-pc-visualizer-1,19,"{'data_quality': 40, 'model_size': 1, 'parallelism': 1}",1.0,-1,49,-1
2025-07-03 18:20:45.574929,elastic-workbench-qr-detector,elastic-workbench-qr-detector-1,30,"{'data_quality': 551, 'parallelism': 1}",1.64,-1,36,-1
2025-07-03 18:20:45.577714,elastic-workbench-cv-analyzer,elastic-workbench-cv-analyzer-1,167,"{'data_quality': 224, 'model_size': 2, 'parallelism': 1}",5.36,-1,4,-1
2025-07-03 18:20:45.580211,elastic-workbench-pc-visualizer,elastic-workbench-pc-visualizer-1,19,"{'data_quality': 40, 'model_size': 1, 'parallelism': 1}",1.0,-1,48,-1
2025-07-03 18:20:55.582765,elastic-workbench-qr-detector,elastic-workbench-qr-detector-1,29,"{'data_quality': 551, 'parallelism': 1}",1.64,-1,37,-1
2025-07-03 18:20:55.585749,elastic-workbench-cv-analyzer,elastic-workbench-cv-analyzer-1,171,"{'data_quality': 224, 'model_size': 2, 'parallelism': 1}",5.36,-1,4,-1
2025-07-03 18:20:55.588512,elastic-workbench-pc-visualizer,elastic-workbench-pc-visualizer-1,19,"{'data_quality': 40, 'model_size': 1, 'parallelism': 1}",1.0,-1,49,-1
2025-07-03 18:21:05.576752,elastic-workbench-qr-detector,elastic-workbench-qr-detector-1,29,"{'data_quality': 551, 'parallelism': 1}",1.64,-1,36,-1
2025-07-03 18:21:05.579590,elastic-workbench-cv-analyzer,elastic-workbench-cv-analyzer-1,167,"{'data_quality': 224, 'model_size': 2, 'parallelism': 1}",5.36,-1,3,-1
2025-07-03 18:21:05.582169,elastic-workbench-pc-visualizer,elastic-workbench-pc-visualizer-1,19,"{'data_quality': 40, 'model_size': 1, 'parallelism': 1}",1.0,-1,49,-1
2025-07-03 18:21:15.577625,elastic-workbench-qr-detector,elastic-workbench-qr-detector-1,30,"{'data_quality': 551, 'parallelism': 1}",1.62,-1,35,-1
2025-07-03 18:21:15.580138,elastic-workbench-cv-analyzer,elastic-workbench-cv-analyzer-1,131,"{'data_quality': 224, 'model_size': 2, 'parallelism': 1}",5.38,-1,4,-1
2025-07-03 18:21:15.582918,elastic-workbench-pc-visualizer,elastic-workbench-pc-visualizer-1,20,"{'data_quality': 40, 'model_size': 1, 'parallelism': 1}",1.0,-1,48,-1
2025-07-03 18:21:25.581304,elastic-workbench-qr-detector,elastic-workbench-qr-detector-1,30,"{'data_quality': 551, 'parallelism': 1}",1.61,-1,33,-1
2025-07-03 18:21:25.584171,elastic-workbench-cv-analyzer,elastic-workbench-cv-analyzer-1,151,"{'data_quality': 224, 'model_size': 2, 'parallelism': 1}",5.39,-1,3,-1
2025-07-03 18:21:25.588817,elastic-workbench-pc-visualizer,elastic-workbench-pc-visualizer-1,19,"{'data_quality': 40, 'model_size': 1, 'parallelism': 1}",1.0,-1,50,-1
2025-07-03 18:21:35.580153,elastic-workbench-qr-detector,elastic-workbench-qr-detector-1,29,"{'data_quality': 551, 'parallelism': 1}",1.58,-1,33,-1
2025-07-03 18:21:35.583625,elastic-workbench-cv-analyzer,elastic-workbench-cv-analyzer-1,291,"{'data_quality': 224, 'model_size': 3, 'parallelism': 1}",5.42,-1,3,-1
2025-07-03 18:21:35.586217,elastic-workbench-pc-visualizer,elastic-workbench-pc-visualizer-1,20,"{'data_quality': 40, 'model_size': 1, 'parallelism': 1}",1.0,-1,47,-1
2025-07-03 18:21:45.580391,elastic-workbench-qr-detector,elastic-workbench-qr-detector-1,29,"{'data_quality': 551, 'parallelism': 1}",1.57,-1,31,-1
2025-07-03 18:21:45.583055,elastic-workbench-cv-analyzer,elastic-workbench-cv-analyzer-1,365,"{'data_quality': 224, 'model_size': 3, 'parallelism': 1}",5.43,-1,2,-1
2025-07-03 18:21:45.585894,elastic-workbench-pc-visualizer,elastic-workbench-pc-visualizer-1,21,"{'data_quality': 40, 'model_size': 1, 'parallelism': 1}",1.0,-1,46,-1
2025-07-03 18:21:55.581209,elastic-workbench-qr-detector,elastic-workbench-qr-detector-1,27,"{'data_quality': 551, 'parallelism': 1}",1.55,-1,29,-1
2025-07-03 18:21:55.584252,elastic-workbench-cv-analyzer,elastic-workbench-cv-analyzer-1,344,"{'data_quality': 224, 'model_size': 3, 'parallelism': 1}",5.45,-1,2,-1
2025-07-03 18:21:55.587147,elastic-workbench-pc-visualizer,elastic-workbench-pc-visualizer-1,20,"{'data_quality': 40, 'model_size': 1, 'parallelism': 1}",1.0,-1,47,-1
2025-07-03 18:22:05.582119,elastic-workbench-qr-detector,elastic-workbench-qr-detector-1,28,"{'data_quality': 551, 'parallelism': 1}",1.52,-1,29,-1
2025-07-03 18:22:05.584987,elastic-workbench-cv-analyzer,elastic-workbench-cv-analyzer-1,391,"{'data_quality': 224, 'model_size': 3, 'parallelism': 1}",5.48,-1,2,-1
2025-07-03 18:22:05.587792,elastic-workbench-pc-visualizer,elastic-workbench-pc-visualizer-1,20,"{'data_quality': 40, 'model_size': 1, 'parallelism': 1}",1.0,-1,47,-1
2025-07-03 18:22:15.582323,elastic-workbench-qr-detector,elastic-workbench-qr-detector-1,31,"{'data_quality': 551, 'parallelism': 1}",1.51,-1,28,-1
2025-07-03 18:22:15.585507,elastic-workbench-cv-analyzer,elastic-workbench-cv-analyzer-1,354,"{'data_quality': 224, 'model_size': 3, 'parallelism': 1}",5.49,-1,2,-1
2025-07-03 18:22:15.588124,elastic-workbench-pc-visualizer,elastic-workbench-pc-visualizer-1,20,"{'data_quality': 40, 'model_size': 1, 'parallelism': 1}",1.0,-1,47,-1
2025-07-03 18:22:25.582987,elastic-workbench-qr-detector,elastic-workbench-qr-detector-1,31,"{'data_quality': 551, 'parallelism': 1}",1.5,-1,28,-1
2025-07-03 18:22:25.589837,elastic-workbench-cv-analyzer,elastic-workbench-cv-analyzer-1,303,"{'data_quality': 224, 'model_size': 3, 'parallelism': 1}",5.5,-1,2,-1
2025-07-03 18:22:25.592452,elastic-workbench-pc-visualizer,elastic-workbench-pc-visualizer-1,20,"{'data_quality': 40, 'model_size': 1, 'parallelism': 1}",1.0,-1,48,-1
2025-07-03 18:22:35.583641,elastic-workbench-qr-detector,elastic-workbench-qr-detector-1,17,"{'data_quality': 551, 'parallelism': 1}",1.49,-1,28,-1
2025-07-03 18:22:35.586616,elastic-workbench-cv-analyzer,elastic-workbench-cv-analyzer-1,343,"{'data_quality': 224, 'model_size': 3, 'parallelism': 1}",5.51,-1,2,-1
2025-07-03 18:22:35.589279,elastic-workbench-pc-visualizer,elastic-workbench-pc-visualizer-1,21,"{'data_quality': 40, 'model_size': 1, 'parallelism': 1}",1.0,-1,46,-1
2025-07-03 18:22:45.583439,elastic-workbench-qr-detector,elastic-workbench-qr-detector-1,17,"{'data_quality': 551, 'parallelism': 1}",1.48,-1,27,-1
2025-07-03 18:22:45.586253,elastic-workbench-cv-analyzer,elastic-workbench-cv-analyzer-1,379,"{'data_quality': 224, 'model_size': 3, 'parallelism': 1}",5.52,-1,2,-1
2025-07-03 18:22:45.588729,elastic-workbench-pc-visualizer,elastic-workbench-pc-visualizer-1,20,"{'data_quality': 40, 'model_size': 1, 'parallelism': 1}",1.0,-1,47,-1
2025-07-03 18:22:55.584833,elastic-workbench-qr-detector,elastic-workbench-qr-detector-1,18,"{'data_quality': 551, 'parallelism': 1}",1.47,-1,27,-1
2025-07-03 18:22:55.588046,elastic-workbench-cv-analyzer,elastic-workbench-cv-analyzer-1,261,"{'data_quality': 224, 'model_size': 3, 'parallelism': 1}",5.53,-1,2,-1
2025-07-03 18:22:55.590613,elastic-workbench-pc-visualizer,elastic-workbench-pc-visualizer-1,21,"{'data_quality': 40, 'model_size': 1, 'parallelism': 1}",1.0,-1,45,-1
2025-07-03 18:23:05.590899,elastic-workbench-qr-detector,elastic-workbench-qr-detector-1,17,"{'data_quality': 551, 'parallelism': 1}",1.47,-1,27,-1
2025-07-03 18:23:05.594220,elastic-workbench-cv-analyzer,elastic-workbench-cv-analyzer-1,356,"{'data_quality': 224, 'model_size': 3, 'parallelism': 1}",5.53,-1,2,-1
2025-07-03 18:23:05.597354,elastic-workbench-pc-visualizer,elastic-workbench-pc-visualizer-1,21,"{'data_quality': 40, 'model_size': 1, 'parallelism': 1}",1.0,-1,46,-1
2025-07-03 18:23:15.585826,elastic-workbench-qr-detector,elastic-workbench-qr-detector-1,18,"{'data_quality': 551, 'parallelism': 1}",1.47,-1,26,-1
2025-07-03 18:23:15.588832,elastic-workbench-cv-analyzer,elastic-workbench-cv-analyzer-1,362,"{'data_quality': 224, 'model_size': 3, 'parallelism': 1}",5.53,-1,2,-1
2025-07-03 18:23:15.591359,elastic-workbench-pc-visualizer,elastic-workbench-pc-visualizer-1,20,"{'data_quality': 40, 'model_size': 1, 'parallelism': 1}",1.0,-1,48,-1
2025-07-03 18:23:25.586953,elastic-workbench-qr-detector,elastic-workbench-qr-detector-1,17,"{'data_quality': 551, 'parallelism': 1}",1.47,-1,25,-1
2025-07-03 18:23:25.589939,elastic-workbench-cv-analyzer,elastic-workbench-cv-analyzer-1,340,"{'data_quality': 224, 'model_size': 3, 'parallelism': 1}",5.53,-1,2,-1
2025-07-03 18:23:25.592767,elastic-workbench-pc-visualizer,elastic-workbench-pc-visualizer-1,21,"{'data_quality': 40, 'model_size': 1, 'parallelism': 1}",1.0,-1,46,-1
2025-07-03 18:23:35.587167,elastic-workbench-qr-detector,elastic-workbench-qr-detector-1,17,"{'data_quality': 551, 'parallelism': 1}",1.47,-1,26,-1
2025-07-03 18:23:35.597211,elastic-workbench-cv-analyzer,elastic-workbench-cv-analyzer-1,312,"{'data_quality': 224, 'model_size': 3, 'parallelism': 1}",5.53,-1,2,-1
2025-07-03 18:23:35.599896,elastic-workbench-pc-visualizer,elastic-workbench-pc-visualizer-1,21,"{'data_quality': 40, 'model_size': 1, 'parallelism': 1}",1.0,-1,46,-1
2025-07-03 18:23:45.586768,elastic-workbench-qr-detector,elastic-workbench-qr-detector-1,17,"{'data_quality': 551, 'parallelism': 1}",1.46,-1,25,-1
2025-07-03 18:23:45.589593,elastic-workbench-cv-analyzer,elastic-workbench-cv-analyzer-1,366,"{'data_quality': 224, 'model_size': 3, 'parallelism': 1}",5.53,-1,1,-1
2025-07-03 18:23:45.592502,elastic-workbench-pc-visualizer,elastic-workbench-pc-visualizer-1,20,"{'data_quality': 40, 'model_size': 1, 'parallelism': 1}",1.0,-1,47,-1
2025-07-03 18:23:55.587079,elastic-workbench-qr-detector,elastic-workbench-qr-detector-1,31,"{'data_quality': 642, 'parallelism': 1}",1.89,-1,25,-1
2025-07-03 18:23:55.589623,elastic-workbench-cv-analyzer,elastic-workbench-cv-analyzer-1,742,"{'data_quality': 298, 'model_size': 3, 'parallelism': 1}",5.11,-1,1,-1
2025-07-03 18:23:55.592371,elastic-workbench-pc-visualizer,elastic-workbench-pc-visualizer-1,20,"{'data_quality': 60, 'model_size': 1, 'parallelism': 1}",1.0,-1,47,-1
2025-07-03 18:24:05.587894,elastic-workbench-qr-detector,elastic-workbench-qr-detector-1,32,"{'data_quality': 642, 'parallelism': 1}",1.87,-1,24,-1
2025-07-03 18:24:05.591357,elastic-workbench-cv-analyzer,elastic-workbench-cv-analyzer-1,260,"{'data_quality': 298, 'model_size': 2, 'parallelism': 1}",5.13,-1,2,-1
2025-07-03 18:24:05.597280,elastic-workbench-pc-visualizer,elastic-workbench-pc-visualizer-1,20,"{'data_quality': 60, 'model_size': 1, 'parallelism': 1}",1.0,-1,48,-1
2025-07-03 18:24:15.588444,elastic-workbench-qr-detector,elastic-workbench-qr-detector-1,34,"{'data_quality': 642, 'parallelism': 1}",1.85,-1,23,-1
2025-07-03 18:24:15.591392,elastic-workbench-cv-analyzer,elastic-workbench-cv-analyzer-1,520,"{'data_quality': 298, 'model_size': 3, 'parallelism': 1}",5.15,-1,0,-1
2025-07-03 18:24:15.594564,elastic-workbench-pc-visualizer,elastic-workbench-pc-visualizer-1,20,"{'data_quality': 60, 'model_size': 1, 'parallelism': 1}",1.0,-1,47,-1
2025-07-03 18:24:25.590290,elastic-workbench-qr-detector,elastic-workbench-qr-detector-1,34,"{'data_quality': 642, 'parallelism': 1}",1.82,-1,22,-1
2025-07-03 18:24:25.594254,elastic-workbench-cv-analyzer,elastic-workbench-cv-analyzer-1,733,"{'data_quality': 298, 'model_size': 3, 'parallelism': 1}",5.18,-1,1,-1
2025-07-03 18:24:25.597711,elastic-workbench-pc-visualizer,elastic-workbench-pc-visualizer-1,21,"{'data_quality': 60, 'model_size': 1, 'parallelism': 1}",1.0,-1,45,-1
2025-07-03 18:24:35.590239,elastic-workbench-qr-detector,elastic-workbench-qr-detector-1,34,"{'data_quality': 642, 'parallelism': 1}",1.8,-1,22,-1
2025-07-03 18:24:35.592899,elastic-workbench-cv-analyzer,elastic-workbench-cv-analyzer-1,686,"{'data_quality': 298, 'model_size': 3, 'parallelism': 1}",5.2,-1,1,-1
2025-07-03 18:24:35.599138,elastic-workbench-pc-visualizer,elastic-workbench-pc-visualizer-1,21,"{'data_quality': 60, 'model_size': 1, 'parallelism': 1}",1.0,-1,45,-1
2025-07-03 18:24:45.591171,elastic-workbench-qr-detector,elastic-workbench-qr-detector-1,36,"{'data_quality': 642, 'parallelism': 1}",1.79,-1,22,-1
2025-07-03 18:24:45.594085,elastic-workbench-cv-analyzer,elastic-workbench-cv-analyzer-1,704,"{'data_quality': 298, 'model_size': 3, 'parallelism': 1}",5.21,-1,0,-1
2025-07-03 18:24:45.596582,elastic-workbench-pc-visualizer,elastic-workbench-pc-visualizer-1,22,"{'data_quality': 60, 'model_size': 1, 'parallelism': 1}",1.0,-1,45,-1
2025-07-03 18:24:55.591909,elastic-workbench-qr-detector,elastic-workbench-qr-detector-1,37,"{'data_quality': 642, 'parallelism': 1}",1.77,-1,22,-1
2025-07-03 18:24:55.595090,elastic-workbench-cv-analyzer,elastic-workbench-cv-analyzer-1,574,"{'data_quality': 298, 'model_size': 3, 'parallelism': 1}",5.23,-1,1,-1
2025-07-03 18:24:55.597704,elastic-workbench-pc-visualizer,elastic-workbench-pc-visualizer-1,21,"{'data_quality': 60, 'model_size': 1, 'parallelism': 1}",1.0,-1,45,-1
2025-07-03 18:25:05.592279,elastic-workbench-qr-detector,elastic-workbench-qr-detector-1,33,"{'data_quality': 642, 'parallelism': 1}",1.76,-1,21,-1
2025-07-03 18:25:05.596206,elastic-workbench-cv-analyzer,elastic-workbench-cv-analyzer-1,648,"{'data_quality': 298, 'model_size': 3, 'parallelism': 1}",5.24,-1,1,-1
2025-07-03 18:25:05.605460,elastic-workbench-pc-visualizer,elastic-workbench-pc-visualizer-1,20,"{'data_quality': 60, 'model_size': 1, 'parallelism': 1}",1.0,-1,47,-1
2025-07-03 18:25:15.592927,elastic-workbench-qr-detector,elastic-workbench-qr-detector-1,40,"{'data_quality': 642, 'parallelism': 1}",1.74,-1,22,-1
2025-07-03 18:25:15.596054,elastic-workbench-cv-analyzer,elastic-workbench-cv-analyzer-1,532,"{'data_quality': 298, 'model_size': 3, 'parallelism': 1}",5.26,-1,1,-1
2025-07-03 18:25:15.599505,elastic-workbench-pc-visualizer,elastic-workbench-pc-visualizer-1,21,"{'data_quality': 60, 'model_size': 1, 'parallelism': 1}",1.0,-1,45,-1
2025-07-03 18:25:25.594553,elastic-workbench-qr-detector,elastic-workbench-qr-detector-1,37,"{'data_quality': 642, 'parallelism': 1}",1.74,-1,21,-1
2025-07-03 18:25:25.597575,elastic-workbench-cv-analyzer,elastic-workbench-cv-analyzer-1,641,"{'data_quality': 298, 'model_size': 3, 'parallelism': 1}",5.26,-1,1,-1
2025-07-03 18:25:25.600107,elastic-workbench-pc-visualizer,elastic-workbench-pc-visualizer-1,22,"{'data_quality': 60, 'model_size': 1, 'parallelism': 1}",1.0,-1,45,-1
2025-07-03 18:25:35.600441,elastic-workbench-qr-detector,elastic-workbench-qr-detector-1,38,"{'data_quality': 642, 'parallelism': 1}",1.72,-1,22,-1
2025-07-03 18:25:35.604521,elastic-workbench-cv-analyzer,elastic-workbench-cv-analyzer-1,615,"{'data_quality': 298, 'model_size': 3, 'parallelism': 1}",5.28,-1,0,-1
2025-07-03 18:25:35.607286,elastic-workbench-pc-visualizer,elastic-workbench-pc-visualizer-1,21,"{'data_quality': 60, 'model_size': 1, 'parallelism': 1}",1.0,-1,44,-1
2025-07-03 18:25:45.594857,elastic-workbench-qr-detector,elastic-workbench-qr-detector-1,37,"{'data_quality': 642, 'parallelism': 1}",1.73,-1,23,-1
2025-07-03 18:25:45.597534,elastic-workbench-cv-analyzer,elastic-workbench-cv-analyzer-1,557,"{'data_quality': 298, 'model_size': 3, 'parallelism': 1}",5.27,-1,1,-1
2025-07-03 18:25:45.600328,elastic-workbench-pc-visualizer,elastic-workbench-pc-visualizer-1,21,"{'data_quality': 60, 'model_size': 1, 'parallelism': 1}",1.0,-1,45,-1
2025-07-03 18:25:55.596328,elastic-workbench-qr-detector,elastic-workbench-qr-detector-1,35,"{'data_quality': 642, 'parallelism': 1}",1.73,-1,22,-1
2025-07-03 18:25:55.600613,elastic-workbench-cv-analyzer,elastic-workbench-cv-analyzer-1,550,"{'data_quality': 298, 'model_size': 3, 'parallelism': 1}",5.27,-1,1,-1
2025-07-03 18:25:55.609748,elastic-workbench-pc-visualizer,elastic-workbench-pc-visualizer-1,21,"{'data_quality': 60, 'model_size': 1, 'parallelism': 1}",1.0,-1,45,-1
2025-07-03 18:26:05.595844,elastic-workbench-qr-detector,elastic-workbench-qr-detector-1,37,"{'data_quality': 642, 'parallelism': 1}",1.71,-1,24,-1
2025-07-03 18:26:05.599454,elastic-workbench-cv-analyzer,elastic-workbench-cv-analyzer-1,611,"{'data_quality': 298, 'model_size': 3, 'parallelism': 1}",5.29,-1,1,-1
2025-07-03 18:26:05.602079,elastic-workbench-pc-visualizer,elastic-workbench-pc-visualizer-1,21,"{'data_quality': 60, 'model_size': 1, 'parallelism': 1}",1.0,-1,46,-1
2025-07-03 18:26:15.598295,elastic-workbench-qr-detector,elastic-workbench-qr-detector-1,35,"{'data_quality': 642, 'parallelism': 1}",1.73,-1,25,-1
2025-07-03 18:26:15.601679,elastic-workbench-cv-analyzer,elastic-workbench-cv-analyzer-1,780,"{'data_quality': 298, 'model_size': 3, 'parallelism': 1}",5.27,-1,1,-1
2025-07-03 18:26:15.604239,elastic-workbench-pc-visualizer,elastic-workbench-pc-visualizer-1,21,"{'data_quality': 60, 'model_size': 1, 'parallelism': 1}",1.0,-1,45,-1
2025-07-03 18:26:25.597374,elastic-workbench-qr-detector,elastic-workbench-qr-detector-1,36,"{'data_quality': 642, 'parallelism': 1}",1.73,-1,23,-1
2025-07-03 18:26:25.604997,elastic-workbench-cv-analyzer,elastic-workbench-cv-analyzer-1,730,"{'data_quality': 298, 'model_size': 3, 'parallelism': 1}",5.27,-1,1,-1
2025-07-03 18:26:25.610028,elastic-workbench-pc-visualizer,elastic-workbench-pc-visualizer-1,21,"{'data_quality': 60, 'model_size': 1, 'parallelism': 1}",1.0,-1,46,-1
2025-07-03 18:26:35.601177,elastic-workbench-qr-detector,elastic-workbench-qr-detector-1,38,"{'data_quality': 642, 'parallelism': 1}",1.7,-1,23,-1
2025-07-03 18:26:35.604397,elastic-workbench-cv-analyzer,elastic-workbench-cv-analyzer-1,629,"{'data_quality': 298, 'model_size': 3, 'parallelism': 1}",5.3,-1,1,-1
2025-07-03 18:26:35.607080,elastic-workbench-pc-visualizer,elastic-workbench-pc-visualizer-1,22,"{'data_quality': 60, 'model_size': 1, 'parallelism': 1}",1.0,-1,44,-1
2025-07-03 18:26:45.598026,elastic-workbench-qr-detector,elastic-workbench-qr-detector-1,40,"{'data_quality': 642, 'parallelism': 1}",1.69,-1,23,-1
2025-07-03 18:26:45.606117,elastic-workbench-cv-analyzer,elastic-workbench-cv-analyzer-1,547,"{'data_quality': 298, 'model_size': 3, 'parallelism': 1}",5.31,-1,1,-1
2025-07-03 18:26:45.609433,elastic-workbench-pc-visualizer,elastic-workbench-pc-visualizer-1,21,"{'data_quality': 60, 'model_size': 1, 'parallelism': 1}",1.0,-1,45,-1
2025-07-03 18:26:55.602301,elastic-workbench-qr-detector,elastic-workbench-qr-detector-1,39,"{'data_quality': 642, 'parallelism': 1}",1.68,-1,22,-1
2025-07-03 18:26:55.607717,elastic-workbench-cv-analyzer,elastic-workbench-cv-analyzer-1,712,"{'data_quality': 298, 'model_size': 3, 'parallelism': 1}",5.32,-1,1,-1
2025-07-03 18:26:55.611375,elastic-workbench-pc-visualizer,elastic-workbench-pc-visualizer-1,20,"{'data_quality': 60, 'model_size': 1, 'parallelism': 1}",1.0,-1,47,-1
2025-07-03 18:27:05.599260,elastic-workbench-qr-detector,elastic-workbench-qr-detector-1,44,"{'data_quality': 642, 'parallelism': 1}",1.66,-1,23,-1
2025-07-03 18:27:05.602149,elastic-workbench-cv-analyzer,elastic-workbench-cv-analyzer-1,744,"{'data_quality': 298, 'model_size': 3, 'parallelism': 1}",5.34,-1,1,-1
2025-07-03 18:27:05.606607,elastic-workbench-pc-visualizer,elastic-workbench-pc-visualizer-1,22,"{'data_quality': 60, 'model_size': 1, 'parallelism': 1}",1.0,-1,45,-1
2025-07-03 18:27:15.599672,elastic-workbench-qr-detector,elastic-workbench-qr-detector-1,41,"{'data_quality': 642, 'parallelism': 1}",1.67,-1,25,-1
2025-07-03 18:27:15.602548,elastic-workbench-cv-analyzer,elastic-workbench-cv-analyzer-1,721,"{'data_quality': 298, 'model_size': 3, 'parallelism': 1}",5.33,-1,1,-1
2025-07-03 18:27:15.605396,elastic-workbench-pc-visualizer,elastic-workbench-pc-visualizer-1,22,"{'data_quality': 60, 'model_size': 1, 'parallelism': 1}",1.0,-1,45,-1
2025-07-03 18:27:25.603234,elastic-workbench-qr-detector,elastic-workbench-qr-detector-1,39,"{'data_quality': 642, 'parallelism': 1}",1.69,-1,24,-1
2025-07-03 18:27:25.607363,elastic-workbench-cv-analyzer,elastic-workbench-cv-analyzer-1,668,"{'data_quality': 298, 'model_size': 3, 'parallelism': 1}",5.31,-1,1,-1
2025-07-03 18:27:25.610507,elastic-workbench-pc-visualizer,elastic-workbench-pc-visualizer-1,21,"{'data_quality': 60, 'model_size': 1, 'parallelism': 1}",1.0,-1,46,-1
2025-07-03 18:27:35.601914,elastic-workbench-qr-detector,elastic-workbench-qr-detector-1,38,"{'data_quality': 642, 'parallelism': 1}",1.67,-1,24,-1
2025-07-03 18:27:35.604807,elastic-workbench-cv-analyzer,elastic-workbench-cv-analyzer-1,456,"{'data_quality': 298, 'model_size': 3, 'parallelism': 1}",5.33,-1,0,-1
2025-07-03 18:27:35.607368,elastic-workbench-pc-visualizer,elastic-workbench-pc-visualizer-1,22,"{'data_quality': 60, 'model_size': 1, 'parallelism': 1}",1.0,-1,45,-1
2025-07-03 18:27:45.602865,elastic-workbench-qr-detector,elastic-workbench-qr-detector-1,37,"{'data_quality': 642, 'parallelism': 1}",1.67,-1,24,-1
2025-07-03 18:27:45.606223,elastic-workbench-cv-analyzer,elastic-workbench-cv-analyzer-1,572,"{'data_quality': 298, 'model_size': 3, 'parallelism': 1}",5.33,-1,1,-1
2025-07-03 18:27:45.609035,elastic-workbench-pc-visualizer,elastic-workbench-pc-visualizer-1,20,"{'data_quality': 60, 'model_size': 1, 'parallelism': 1}",1.0,-1,49,-1
2025-07-03 18:27:55.605033,elastic-workbench-qr-detector,elastic-workbench-qr-detector-1,39,"{'data_quality': 642, 'parallelism': 1}",1.66,-1,24,-1
2025-07-03 18:27:55.608043,elastic-workbench-cv-analyzer,elastic-workbench-cv-analyzer-1,424,"{'data_quality': 298, 'model_size': 3, 'parallelism': 1}",5.34,-1,0,-1
2025-07-03 18:27:55.610584,elastic-workbench-pc-visualizer,elastic-workbench-pc-visualizer-1,21,"{'data_quality': 60, 'model_size': 1, 'parallelism': 1}",1.0,-1,46,-1
2025-07-03 18:28:05.609849,elastic-workbench-qr-detector,elastic-workbench-qr-detector-1,38,"{'data_quality': 642, 'parallelism': 1}",1.65,-1,23,-1
2025-07-03 18:28:05.612535,elastic-workbench-cv-analyzer,elastic-workbench-cv-analyzer-1,589,"{'data_quality': 298, 'model_size': 3, 'parallelism': 1}",5.35,-1,1,-1
2025-07-03 18:28:05.621255,elastic-workbench-pc-visualizer,elastic-workbench-pc-visualizer-1,21,"{'data_quality': 60, 'model_size': 1, 'parallelism': 1}",1.0,-1,45,-1
2025-07-03 18:28:15.605827,elastic-workbench-qr-detector,elastic-workbench-qr-detector-1,37,"{'data_quality': 642, 'parallelism': 1}",1.63,-1,22,-1
2025-07-03 18:28:15.608428,elastic-workbench-cv-analyzer,elastic-workbench-cv-analyzer-1,559,"{'data_quality': 298, 'model_size': 3, 'parallelism': 1}",5.37,-1,1,-1
2025-07-03 18:28:15.611032,elastic-workbench-pc-visualizer,elastic-workbench-pc-visualizer-1,21,"{'data_quality': 60, 'model_size': 1, 'parallelism': 1}",1.0,-1,45,-1
2025-07-03 18:28:25.606148,elastic-workbench-qr-detector,elastic-workbench-qr-detector-1,38,"{'data_quality': 642, 'parallelism': 1}",1.61,-1,22,-1
2025-07-03 18:28:25.608767,elastic-workbench-cv-analyzer,elastic-workbench-cv-analyzer-1,608,"{'data_quality': 298, 'model_size': 3, 'parallelism': 1}",5.39,-1,1,-1
2025-07-03 18:28:25.611546,elastic-workbench-pc-visualizer,elastic-workbench-pc-visualizer-1,21,"{'data_quality': 60, 'model_size': 1, 'parallelism': 1}",1.0,-1,45,-1
2025-07-03 18:28:35.617066,elastic-workbench-qr-detector,elastic-workbench-qr-detector-1,39,"{'data_quality': 642, 'parallelism': 1}",1.6,-1,23,-1
2025-07-03 18:28:35.620843,elastic-workbench-cv-analyzer,elastic-workbench-cv-analyzer-1,622,"{'data_quality': 298, 'model_size': 3, 'parallelism': 1}",5.4,-1,1,-1
2025-07-03 18:28:35.624254,elastic-workbench-pc-visualizer,elastic-workbench-pc-visualizer-1,21,"{'data_quality': 60, 'model_size': 1, 'parallelism': 1}",1.0,-1,45,-1
2025-07-03 18:28:45.607571,elastic-workbench-qr-detector,elastic-workbench-qr-detector-1,39,"{'data_quality': 642, 'parallelism': 1}",1.61,-1,25,-1
2025-07-03 18:28:45.612738,elastic-workbench-cv-analyzer,elastic-workbench-cv-analyzer-1,599,"{'data_quality': 298, 'model_size': 3, 'parallelism': 1}",5.39,-1,1,-1
2025-07-03 18:28:45.620265,elastic-workbench-pc-visualizer,elastic-workbench-pc-visualizer-1,21,"{'data_quality': 60, 'model_size': 1, 'parallelism': 1}",1.0,-1,46,-1
2025-07-03 18:28:55.609110,elastic-workbench-qr-detector,elastic-workbench-qr-detector-1,40,"{'data_quality': 642, 'parallelism': 1}",1.63,-1,25,-1
2025-07-03 18:28:55.612244,elastic-workbench-cv-analyzer,elastic-workbench-cv-analyzer-1,479,"{'data_quality': 298, 'model_size': 3, 'parallelism': 1}",5.37,-1,1,-1
2025-07-03 18:28:55.620111,elastic-workbench-pc-visualizer,elastic-workbench-pc-visualizer-1,21,"{'data_quality': 60, 'model_size': 1, 'parallelism': 1}",1.0,-1,46,-1
2025-07-03 18:29:05.610076,elastic-workbench-qr-detector,elastic-workbench-qr-detector-1,40,"{'data_quality': 642, 'parallelism': 1}",1.63,-1,27,-1
2025-07-03 18:29:05.612817,elastic-workbench-cv-analyzer,elastic-workbench-cv-analyzer-1,297,"{'data_quality': 298, 'model_size': 2, 'parallelism': 1}",5.37,-1,2,-1
2025-07-03 18:29:05.624645,elastic-workbench-pc-visualizer,elastic-workbench-pc-visualizer-1,21,"{'data_quality': 60, 'model_size': 1, 'parallelism': 1}",1.0,-1,45,-1
2025-07-03 18:29:15.610131,elastic-workbench-qr-detector,elastic-workbench-qr-detector-1,38,"{'data_quality': 642, 'parallelism': 1}",1.65,-1,27,-1
2025-07-03 18:29:15.613237,elastic-workbench-cv-analyzer,elastic-workbench-cv-analyzer-1,336,"{'data_quality': 298, 'model_size': 2, 'parallelism': 1}",5.35,-1,2,-1
2025-07-03 18:29:15.618449,elastic-workbench-pc-visualizer,elastic-workbench-pc-visualizer-1,21,"{'data_quality': 60, 'model_size': 1, 'parallelism': 1}",1.0,-1,45,-1
2025-07-03 18:29:25.610172,elastic-workbench-qr-detector,elastic-workbench-qr-detector-1,40,"{'data_quality': 642, 'parallelism': 1}",1.64,-1,25,-1
2025-07-03 18:29:25.613026,elastic-workbench-cv-analyzer,elastic-workbench-cv-analyzer-1,301,"{'data_quality': 298, 'model_size': 2, 'parallelism': 1}",5.36,-1,2,-1
2025-07-03 18:29:25.621681,elastic-workbench-pc-visualizer,elastic-workbench-pc-visualizer-1,21,"{'data_quality': 60, 'model_size': 1, 'parallelism': 1}",1.0,-1,46,-1
2025-07-03 18:29:35.611546,elastic-workbench-qr-detector,elastic-workbench-qr-detector-1,42,"{'data_quality': 642, 'parallelism': 1}",1.61,-1,24,-1
2025-07-03 18:29:35.617282,elastic-workbench-cv-analyzer,elastic-workbench-cv-analyzer-1,366,"{'data_quality': 298, 'model_size': 2, 'parallelism': 1}",5.39,-1,2,-1
2025-07-03 18:29:35.626547,elastic-workbench-pc-visualizer,elastic-workbench-pc-visualizer-1,20,"{'data_quality': 60, 'model_size': 1, 'parallelism': 1}",1.0,-1,48,-1
2025-07-03 18:29:45.612853,elastic-workbench-qr-detector,elastic-workbench-qr-detector-1,40,"{'data_quality': 642, 'parallelism': 1}",1.59,-1,25,-1
2025-07-03 18:29:45.622334,elastic-workbench-cv-analyzer,elastic-workbench-cv-analyzer-1,584,"{'data_quality': 298, 'model_size': 3, 'parallelism': 1}",5.41,-1,1,-1
2025-07-03 18:29:45.625399,elastic-workbench-pc-visualizer,elastic-workbench-pc-visualizer-1,21,"{'data_quality': 60, 'model_size': 1, 'parallelism': 1}",1.0,-1,46,-1
2025-07-03 18:29:55.613121,elastic-workbench-qr-detector,elastic-workbench-qr-detector-1,38,"{'data_quality': 642, 'parallelism': 1}",1.6,-1,26,-1
2025-07-03 18:29:55.625389,elastic-workbench-cv-analyzer,elastic-workbench-cv-analyzer-1,651,"{'data_quality': 298, 'model_size': 3, 'parallelism': 1}",5.4,-1,1,-1
2025-07-03 18:29:55.634280,elastic-workbench-pc-visualizer,elastic-workbench-pc-visualizer-1,22,"{'data_quality': 60, 'model_size': 1, 'parallelism': 1}",1.0,-1,45,-1
2025-07-03 18:30:05.617989,elastic-workbench-qr-detector,elastic-workbench-qr-detector-1,37,"{'data_quality': 642, 'parallelism': 1}",1.61,-1,26,-1
2025-07-03 18:30:05.622748,elastic-workbench-cv-analyzer,elastic-workbench-cv-analyzer-1,274,"{'data_quality': 298, 'model_size': 2, 'parallelism': 1}",5.39,-1,2,-1
2025-07-03 18:30:05.625181,elastic-workbench-pc-visualizer,elastic-workbench-pc-visualizer-1,20,"{'data_quality': 60, 'model_size': 1, 'parallelism': 1}",1.0,-1,49,-1
2025-07-03 18:30:15.620293,elastic-workbench-qr-detector,elastic-workbench-qr-detector-1,40,"{'data_quality': 642, 'parallelism': 1}",1.6,-1,28,-1
2025-07-03 18:30:15.625427,elastic-workbench-cv-analyzer,elastic-workbench-cv-analyzer-1,281,"{'data_quality': 298, 'model_size': 2, 'parallelism': 1}",5.4,-1,2,-1
2025-07-03 18:30:15.627829,elastic-workbench-pc-visualizer,elastic-workbench-pc-visualizer-1,21,"{'data_quality': 60, 'model_size': 1, 'parallelism': 1}",1.0,-1,45,-1
2025-07-03 18:30:25.621305,elastic-workbench-qr-detector,elastic-workbench-qr-detector-1,40,"{'data_quality': 642, 'parallelism': 1}",1.62,-1,28,-1
2025-07-03 18:30:25.627471,elastic-workbench-cv-analyzer,elastic-workbench-cv-analyzer-1,433,"{'data_quality': 298, 'model_size': 2, 'parallelism': 1}",5.38,-1,1,-1
2025-07-03 18:30:25.630163,elastic-workbench-pc-visualizer,elastic-workbench-pc-visualizer-1,22,"{'data_quality': 60, 'model_size': 1, 'parallelism': 1}",1.0,-1,45,-1
2025-07-03 18:30:35.618288,elastic-workbench-qr-detector,elastic-workbench-qr-detector-1,40,"{'data_quality': 642, 'parallelism': 1}",1.62,-1,28,-1
2025-07-03 18:30:35.623412,elastic-workbench-cv-analyzer,elastic-workbench-cv-analyzer-1,338,"{'data_quality': 298, 'model_size': 2, 'parallelism': 1}",5.38,-1,2,-1
2025-07-03 18:30:35.626461,elastic-workbench-pc-visualizer,elastic-workbench-pc-visualizer-1,21,"{'data_quality': 60, 'model_size': 1, 'parallelism': 1}",1.0,-1,45,-1
2025-07-03 18:30:45.618300,elastic-workbench-qr-detector,elastic-workbench-qr-detector-1,40,"{'data_quality': 642, 'parallelism': 1}",1.62,-1,28,-1
2025-07-03 18:30:45.623723,elastic-workbench-cv-analyzer,elastic-workbench-cv-analyzer-1,399,"{'data_quality': 298, 'model_size': 2, 'parallelism': 1}",5.38,-1,2,-1
2025-07-03 18:30:45.627988,elastic-workbench-pc-visualizer,elastic-workbench-pc-visualizer-1,21,"{'data_quality': 60, 'model_size': 1, 'parallelism': 1}",1.0,-1,47,-1
2025-07-03 18:30:55.624405,elastic-workbench-qr-detector,elastic-workbench-qr-detector-1,43,"{'data_quality': 642, 'parallelism': 1}",1.61,-1,29,-1
2025-07-03 18:30:55.626939,elastic-workbench-cv-analyzer,elastic-workbench-cv-analyzer-1,340,"{'data_quality': 298, 'model_size': 2, 'parallelism': 1}",5.39,-1,2,-1
2025-07-03 18:30:55.629392,elastic-workbench-pc-visualizer,elastic-workbench-pc-visualizer-1,21,"{'data_quality': 60, 'model_size': 1, 'parallelism': 1}",1.0,-1,46,-1
2025-07-03 18:31:05.625635,elastic-workbench-qr-detector,elastic-workbench-qr-detector-1,45,"{'data_quality': 670, 'parallelism': 1}",1.67,-1,29,-1
2025-07-03 18:31:05.628459,elastic-workbench-cv-analyzer,elastic-workbench-cv-analyzer-1,523,"{'data_quality': 243, 'model_size': 3, 'parallelism': 1}",5.33,-1,1,-1
2025-07-03 18:31:05.630982,elastic-workbench-pc-visualizer,elastic-workbench-pc-visualizer-1,20,"{'data_quality': 59, 'model_size': 1, 'parallelism': 1}",1.0,-1,47,-1
2025-07-03 18:31:15.621376,elastic-workbench-qr-detector,elastic-workbench-qr-detector-1,44,"{'data_quality': 670, 'parallelism': 1}",1.67,-1,29,-1
2025-07-03 18:31:15.627549,elastic-workbench-cv-analyzer,elastic-workbench-cv-analyzer-1,597,"{'data_quality': 243, 'model_size': 3, 'parallelism': 1}",5.33,-1,1,-1
2025-07-03 18:31:15.630582,elastic-workbench-pc-visualizer,elastic-workbench-pc-visualizer-1,22,"{'data_quality': 59, 'model_size': 1, 'parallelism': 1}",1.0,-1,45,-1
2025-07-03 18:31:25.620827,elastic-workbench-qr-detector,elastic-workbench-qr-detector-1,45,"{'data_quality': 670, 'parallelism': 1}",1.66,-1,30,-1
2025-07-03 18:31:25.623537,elastic-workbench-cv-analyzer,elastic-workbench-cv-analyzer-1,485,"{'data_quality': 243, 'model_size': 3, 'parallelism': 1}",5.34,-1,1,-1
2025-07-03 18:31:25.626296,elastic-workbench-pc-visualizer,elastic-workbench-pc-visualizer-1,21,"{'data_quality': 59, 'model_size': 1, 'parallelism': 1}",1.0,-1,45,-1
2025-07-03 18:31:35.625114,elastic-workbench-qr-detector,elastic-workbench-qr-detector-1,45,"{'data_quality': 670, 'parallelism': 1}",1.67,-1,31,-1
2025-07-03 18:31:35.631703,elastic-workbench-cv-analyzer,elastic-workbench-cv-analyzer-1,518,"{'data_quality': 243, 'model_size': 3, 'parallelism': 1}",5.33,-1,1,-1
2025-07-03 18:31:35.638173,elastic-workbench-pc-visualizer,elastic-workbench-pc-visualizer-1,21,"{'data_quality': 59, 'model_size': 1, 'parallelism': 1}",1.0,-1,45,-1
2025-07-03 18:31:45.622311,elastic-workbench-qr-detector,elastic-workbench-qr-detector-1,43,"{'data_quality': 670, 'parallelism': 1}",1.69,-1,33,-1
2025-07-03 18:31:45.626265,elastic-workbench-cv-analyzer,elastic-workbench-cv-analyzer-1,469,"{'data_quality': 243, 'model_size': 3, 'parallelism': 1}",5.31,-1,1,-1
2025-07-03 18:31:45.629057,elastic-workbench-pc-visualizer,elastic-workbench-pc-visualizer-1,22,"{'data_quality': 59, 'model_size': 1, 'parallelism': 1}",1.0,-1,44,-1
2025-07-03 18:31:55.629906,elastic-workbench-qr-detector,elastic-workbench-qr-detector-1,41,"{'data_quality': 670, 'parallelism': 1}",1.71,-1,33,-1
2025-07-03 18:31:55.632659,elastic-workbench-cv-analyzer,elastic-workbench-cv-analyzer-1,482,"{'data_quality': 243, 'model_size': 3, 'parallelism': 1}",5.29,-1,1,-1
2025-07-03 18:31:55.636034,elastic-workbench-pc-visualizer,elastic-workbench-pc-visualizer-1,21,"{'data_quality': 59, 'model_size': 1, 'parallelism': 1}",1.0,-1,46,-1
2025-07-03 18:32:05.624099,elastic-workbench-qr-detector,elastic-workbench-qr-detector-1,41,"{'data_quality': 670, 'parallelism': 1}",1.71,-1,33,-1
2025-07-03 18:32:05.626729,elastic-workbench-cv-analyzer,elastic-workbench-cv-analyzer-1,592,"{'data_quality': 243, 'model_size': 3, 'parallelism': 1}",5.29,-1,1,-1
2025-07-03 18:32:05.632245,elastic-workbench-pc-visualizer,elastic-workbench-pc-visualizer-1,21,"{'data_quality': 59, 'model_size': 1, 'parallelism': 1}",1.0,-1,46,-1
2025-07-03 18:32:15.627370,elastic-workbench-qr-detector,elastic-workbench-qr-detector-1,43,"{'data_quality': 670, 'parallelism': 1}",1.71,-1,32,-1
2025-07-03 18:32:15.629891,elastic-workbench-cv-analyzer,elastic-workbench-cv-analyzer-1,483,"{'data_quality': 243, 'model_size': 3, 'parallelism': 1}",5.29,-1,1,-1
2025-07-03 18:32:15.632676,elastic-workbench-pc-visualizer,elastic-workbench-pc-visualizer-1,20,"{'data_quality': 59, 'model_size': 1, 'parallelism': 1}",1.0,-1,47,-1
2025-07-03 18:32:25.627464,elastic-workbench-qr-detector,elastic-workbench-qr-detector-1,43,"{'data_quality': 670, 'parallelism': 1}",1.69,-1,31,-1
2025-07-03 18:32:25.631411,elastic-workbench-cv-analyzer,elastic-workbench-cv-analyzer-1,487,"{'data_quality': 243, 'model_size': 3, 'parallelism': 1}",5.31,-1,1,-1
2025-07-03 18:32:25.634103,elastic-workbench-pc-visualizer,elastic-workbench-pc-visualizer-1,21,"{'data_quality': 59, 'model_size': 1, 'parallelism': 1}",1.0,-1,45,-1
2025-07-03 18:32:35.625007,elastic-workbench-qr-detector,elastic-workbench-qr-detector-1,46,"{'data_quality': 670, 'parallelism': 1}",1.67,-1,32,-1
2025-07-03 18:32:35.627930,elastic-workbench-cv-analyzer,elastic-workbench-cv-analyzer-1,622,"{'data_quality': 243, 'model_size': 3, 'parallelism': 1}",5.33,-1,1,-1
2025-07-03 18:32:35.635228,elastic-workbench-pc-visualizer,elastic-workbench-pc-visualizer-1,21,"{'data_quality': 59, 'model_size': 1, 'parallelism': 1}",1.0,-1,46,-1
2025-07-03 18:32:45.629543,elastic-workbench-qr-detector,elastic-workbench-qr-detector-1,45,"{'data_quality': 670, 'parallelism': 1}",1.68,-1,32,-1
2025-07-03 18:32:45.632735,elastic-workbench-cv-analyzer,elastic-workbench-cv-analyzer-1,671,"{'data_quality': 243, 'model_size': 3, 'parallelism': 1}",5.32,-1,1,-1
2025-07-03 18:32:45.635210,elastic-workbench-pc-visualizer,elastic-workbench-pc-visualizer-1,22,"{'data_quality': 59, 'model_size': 1, 'parallelism': 1}",1.0,-1,45,-1
2025-07-03 18:32:55.626449,elastic-workbench-qr-detector,elastic-workbench-qr-detector-1,44,"{'data_quality': 670, 'parallelism': 1}",1.68,-1,33,-1
2025-07-03 18:32:55.628980,elastic-workbench-cv-analyzer,elastic-workbench-cv-analyzer-1,456,"{'data_quality': 243, 'model_size': 3, 'parallelism': 1}",5.32,-1,0,-1
2025-07-03 18:32:55.631645,elastic-workbench-pc-visualizer,elastic-workbench-pc-visualizer-1,21,"{'data_quality': 59, 'model_size': 1, 'parallelism': 1}",1.0,-1,45,-1
2025-07-03 18:33:05.632710,elastic-workbench-qr-detector,elastic-workbench-qr-detector-1,45,"{'data_quality': 670, 'parallelism': 1}",1.69,-1,32,-1
2025-07-03 18:33:05.636264,elastic-workbench-cv-analyzer,elastic-workbench-cv-analyzer-1,476,"{'data_quality': 243, 'model_size': 3, 'parallelism': 1}",5.31,-1,1,-1
2025-07-03 18:33:05.639175,elastic-workbench-pc-visualizer,elastic-workbench-pc-visualizer-1,21,"{'data_quality': 59, 'model_size': 1, 'parallelism': 1}",1.0,-1,45,-1
2025-07-03 18:33:15.632781,elastic-workbench-qr-detector,elastic-workbench-qr-detector-1,43,"{'data_quality': 670, 'parallelism': 1}",1.67,-1,31,-1
2025-07-03 18:33:15.635608,elastic-workbench-cv-analyzer,elastic-workbench-cv-analyzer-1,577,"{'data_quality': 243, 'model_size': 3, 'parallelism': 1}",5.33,-1,1,-1
2025-07-03 18:33:15.638071,elastic-workbench-pc-visualizer,elastic-workbench-pc-visualizer-1,20,"{'data_quality': 59, 'model_size': 1, 'parallelism': 1}",1.0,-1,46,-1
2025-07-03 18:33:25.634387,elastic-workbench-qr-detector,elastic-workbench-qr-detector-1,46,"{'data_quality': 670, 'parallelism': 1}",1.65,-1,34,-1
2025-07-03 18:33:25.640206,elastic-workbench-cv-analyzer,elastic-workbench-cv-analyzer-1,510,"{'data_quality': 243, 'model_size': 3, 'parallelism': 1}",5.35,-1,1,-1
2025-07-03 18:33:25.642880,elastic-workbench-pc-visualizer,elastic-workbench-pc-visualizer-1,21,"{'data_quality': 59, 'model_size': 1, 'parallelism': 1}",1.0,-1,46,-1
2025-07-03 18:33:35.629759,elastic-workbench-qr-detector,elastic-workbench-qr-detector-1,45,"{'data_quality': 670, 'parallelism': 1}",1.7,-1,37,-1
2025-07-03 18:33:35.632189,elastic-workbench-cv-analyzer,elastic-workbench-cv-analyzer-1,495,"{'data_quality': 243, 'model_size': 3, 'parallelism': 1}",5.3,-1,1,-1
2025-07-03 18:33:35.634485,elastic-workbench-pc-visualizer,elastic-workbench-pc-visualizer-1,21,"{'data_quality': 59, 'model_size': 1, 'parallelism': 1}",1.0,-1,45,-1
2025-07-03 18:33:45.631653,elastic-workbench-qr-detector,elastic-workbench-qr-detector-1,42,"{'data_quality': 670, 'parallelism': 1}",1.75,-1,39,-1
2025-07-03 18:33:45.637111,elastic-workbench-cv-analyzer,elastic-workbench-cv-analyzer-1,351,"{'data_quality': 243, 'model_size': 2, 'parallelism': 1}",5.25,-1,2,-1
2025-07-03 18:33:45.640014,elastic-workbench-pc-visualizer,elastic-workbench-pc-visualizer-1,22,"{'data_quality': 59, 'model_size': 1, 'parallelism': 1}",1.0,-1,45,-1
2025-07-03 18:33:55.638381,elastic-workbench-qr-detector,elastic-workbench-qr-detector-1,41,"{'data_quality': 670, 'parallelism': 1}",1.78,-1,40,-1
2025-07-03 18:33:55.641023,elastic-workbench-cv-analyzer,elastic-workbench-cv-analyzer-1,338,"{'data_quality': 243, 'model_size': 2, 'parallelism': 1}",5.22,-1,2,-1
2025-07-03 18:33:55.643771,elastic-workbench-pc-visualizer,elastic-workbench-pc-visualizer-1,22,"{'data_quality': 59, 'model_size': 1, 'parallelism': 1}",1.0,-1,43,-1
2025-07-03 18:34:05.634538,elastic-workbench-qr-detector,elastic-workbench-qr-detector-1,42,"{'data_quality': 670, 'parallelism': 1}",1.79,-1,42,-1
2025-07-03 18:34:05.643909,elastic-workbench-cv-analyzer,elastic-workbench-cv-analyzer-1,352,"{'data_quality': 243, 'model_size': 2, 'parallelism': 1}",5.21,-1,2,-1
2025-07-03 18:34:05.646839,elastic-workbench-pc-visualizer,elastic-workbench-pc-visualizer-1,22,"{'data_quality': 59, 'model_size': 1, 'parallelism': 1}",1.0,-1,44,-1
2025-07-03 18:34:15.635353,elastic-workbench-qr-detector,elastic-workbench-qr-detector-1,39,"{'data_quality': 670, 'parallelism': 1}",1.82,-1,41,-1
2025-07-03 18:34:15.643425,elastic-workbench-cv-analyzer,elastic-workbench-cv-analyzer-1,332,"{'data_quality': 243, 'model_size': 2, 'parallelism': 1}",5.18,-1,2,-1
2025-07-03 18:34:15.645834,elastic-workbench-pc-visualizer,elastic-workbench-pc-visualizer-1,21,"{'data_quality': 59, 'model_size': 1, 'parallelism': 1}",1.0,-1,44,-1
2025-07-03 18:34:25.633897,elastic-workbench-qr-detector,elastic-workbench-qr-detector-1,41,"{'data_quality': 670, 'parallelism': 1}",1.8,-1,41,-1
2025-07-03 18:34:25.636910,elastic-workbench-cv-analyzer,elastic-workbench-cv-analyzer-1,267,"{'data_quality': 243, 'model_size': 2, 'parallelism': 1}",5.2,-1,2,-1
2025-07-03 18:34:25.640864,elastic-workbench-pc-visualizer,elastic-workbench-pc-visualizer-1,21,"{'data_quality': 59, 'model_size': 1, 'parallelism': 1}",1.0,-1,45,-1
2025-07-03 18:34:35.642298,elastic-workbench-qr-detector,elastic-workbench-qr-detector-1,41,"{'data_quality': 670, 'parallelism': 1}",1.8,-1,40,-1
2025-07-03 18:34:35.646390,elastic-workbench-cv-analyzer,elastic-workbench-cv-analyzer-1,323,"{'data_quality': 243, 'model_size': 2, 'parallelism': 1}",5.2,-1,2,-1
2025-07-03 18:34:35.649559,elastic-workbench-pc-visualizer,elastic-workbench-pc-visualizer-1,21,"{'data_quality': 59, 'model_size': 1, 'parallelism': 1}",1.0,-1,46,-1
2025-07-03 18:34:45.635295,elastic-workbench-qr-detector,elastic-workbench-qr-detector-1,41,"{'data_quality': 670, 'parallelism': 1}",1.78,-1,39,-1
2025-07-03 18:34:45.637825,elastic-workbench-cv-analyzer,elastic-workbench-cv-analyzer-1,387,"{'data_quality': 243, 'model_size': 2, 'parallelism': 1}",5.22,-1,1,-1
2025-07-03 18:34:45.640941,elastic-workbench-pc-visualizer,elastic-workbench-pc-visualizer-1,21,"{'data_quality': 59, 'model_size': 1, 'parallelism': 1}",1.0,-1,45,-1
2025-07-03 18:34:55.637343,elastic-workbench-qr-detector,elastic-workbench-qr-detector-1,41,"{'data_quality': 670, 'parallelism': 1}",1.77,-1,38,-1
2025-07-03 18:34:55.639844,elastic-workbench-cv-analyzer,elastic-workbench-cv-analyzer-1,268,"{'data_quality': 243, 'model_size': 2, 'parallelism': 1}",5.23,-1,3,-1
2025-07-03 18:34:55.642306,elastic-workbench-pc-visualizer,elastic-workbench-pc-visualizer-1,21,"{'data_quality': 59, 'model_size': 1, 'parallelism': 1}",1.0,-1,45,-1
2025-07-03 18:35:05.636496,elastic-workbench-qr-detector,elastic-workbench-qr-detector-1,43,"{'data_quality': 670, 'parallelism': 1}",1.75,-1,36,-1
2025-07-03 18:35:05.640406,elastic-workbench-cv-analyzer,elastic-workbench-cv-analyzer-1,249,"{'data_quality': 243, 'model_size': 2, 'parallelism': 1}",5.25,-1,3,-1
2025-07-03 18:35:05.643171,elastic-workbench-pc-visualizer,elastic-workbench-pc-visualizer-1,20,"{'data_quality': 59, 'model_size': 1, 'parallelism': 1}",1.0,-1,47,-1
2025-07-03 18:35:15.635194,elastic-workbench-qr-detector,elastic-workbench-qr-detector-1,43,"{'data_quality': 670, 'parallelism': 1}",1.71,-1,35,-1
2025-07-03 18:35:15.640267,elastic-workbench-cv-analyzer,elastic-workbench-cv-analyzer-1,284,"{'data_quality': 243, 'model_size': 2, 'parallelism': 1}",5.29,-1,3,-1
2025-07-03 18:35:15.643383,elastic-workbench-pc-visualizer,elastic-workbench-pc-visualizer-1,22,"{'data_quality': 59, 'model_size': 1, 'parallelism': 1}",1.0,-1,45,-1
2025-07-03 18:35:25.636087,elastic-workbench-qr-detector,elastic-workbench-qr-detector-1,45,"{'data_quality': 670, 'parallelism': 1}",1.7,-1,34,-1
2025-07-03 18:35:25.644778,elastic-workbench-cv-analyzer,elastic-workbench-cv-analyzer-1,207,"{'data_quality': 243, 'model_size': 2, 'parallelism': 1}",5.3,-1,3,-1
2025-07-03 18:35:25.651514,elastic-workbench-pc-visualizer,elastic-workbench-pc-visualizer-1,21,"{'data_quality': 59, 'model_size': 1, 'parallelism': 1}",1.0,-1,45,-1
2025-07-03 18:35:35.639042,elastic-workbench-qr-detector,elastic-workbench-qr-detector-1,46,"{'data_quality': 670, 'parallelism': 1}",1.68,-1,34,-1
2025-07-03 18:35:35.641813,elastic-workbench-cv-analyzer,elastic-workbench-cv-analyzer-1,467,"{'data_quality': 243, 'model_size': 3, 'parallelism': 1}",5.32,-1,1,-1
2025-07-03 18:35:35.645242,elastic-workbench-pc-visualizer,elastic-workbench-pc-visualizer-1,22,"{'data_quality': 59, 'model_size': 1, 'parallelism': 1}",1.0,-1,44,-1
2025-07-03 18:35:45.641546,elastic-workbench-qr-detector,elastic-workbench-qr-detector-1,43,"{'data_quality': 670, 'parallelism': 1}",1.68,-1,33,-1
2025-07-03 18:35:45.648045,elastic-workbench-cv-analyzer,elastic-workbench-cv-analyzer-1,555,"{'data_quality': 243, 'model_size': 3, 'parallelism': 1}",5.32,-1,1,-1
2025-07-03 18:35:45.650537,elastic-workbench-pc-visualizer,elastic-workbench-pc-visualizer-1,22,"{'data_quality': 59, 'model_size': 1, 'parallelism': 1}",1.0,-1,44,-1
2025-07-03 18:35:55.642367,elastic-workbench-qr-detector,elastic-workbench-qr-detector-1,45,"{'data_quality': 670, 'parallelism': 1}",1.66,-1,32,-1
2025-07-03 18:35:55.645150,elastic-workbench-cv-analyzer,elastic-workbench-cv-analyzer-1,426,"{'data_quality': 243, 'model_size': 3, 'parallelism': 1}",5.34,-1,1,-1
2025-07-03 18:35:55.649857,elastic-workbench-pc-visualizer,elastic-workbench-pc-visualizer-1,21,"{'data_quality': 59, 'model_size': 1, 'parallelism': 1}",1.0,-1,45,-1
2025-07-03 18:36:05.644915,elastic-workbench-qr-detector,elastic-workbench-qr-detector-1,45,"{'data_quality': 670, 'parallelism': 1}",1.64,-1,30,-1
2025-07-03 18:36:05.648906,elastic-workbench-cv-analyzer,elastic-workbench-cv-analyzer-1,513,"{'data_quality': 243, 'model_size': 3, 'parallelism': 1}",5.36,-1,1,-1
2025-07-03 18:36:05.651541,elastic-workbench-pc-visualizer,elastic-workbench-pc-visualizer-1,22,"{'data_quality': 59, 'model_size': 1, 'parallelism': 1}",1.0,-1,45,-1
2025-07-03 18:36:15.647299,elastic-workbench-qr-detector,elastic-workbench-qr-detector-1,43,"{'data_quality': 670, 'parallelism': 1}",1.61,-1,28,-1
2025-07-03 18:36:15.652203,elastic-workbench-cv-analyzer,elastic-workbench-cv-analyzer-1,506,"{'data_quality': 243, 'model_size': 3, 'parallelism': 1}",5.39,-1,1,-1
2025-07-03 18:36:15.655525,elastic-workbench-pc-visualizer,elastic-workbench-pc-visualizer-1,21,"{'data_quality': 59, 'model_size': 1, 'parallelism': 1}",1.0,-1,46,-1
2025-07-03 18:36:25.645610,elastic-workbench-qr-detector,elastic-workbench-qr-detector-1,44,"{'data_quality': 670, 'parallelism': 1}",1.57,-1,27,-1
2025-07-03 18:36:25.651926,elastic-workbench-cv-analyzer,elastic-workbench-cv-analyzer-1,408,"{'data_quality': 243, 'model_size': 3, 'parallelism': 1}",5.43,-1,2,-1
2025-07-03 18:36:25.654435,elastic-workbench-pc-visualizer,elastic-workbench-pc-visualizer-1,21,"{'data_quality': 59, 'model_size': 1, 'parallelism': 1}",1.0,-1,47,-1
2025-07-03 18:36:35.649051,elastic-workbench-qr-detector,elastic-workbench-qr-detector-1,46,"{'data_quality': 670, 'parallelism': 1}",1.55,-1,28,-1
2025-07-03 18:36:35.654734,elastic-workbench-cv-analyzer,elastic-workbench-cv-analyzer-1,455,"{'data_quality': 243, 'model_size': 3, 'parallelism': 1}",5.45,-1,2,-1
2025-07-03 18:36:35.658474,elastic-workbench-pc-visualizer,elastic-workbench-pc-visualizer-1,22,"{'data_quality': 59, 'model_size': 1, 'parallelism': 1}",1.0,-1,44,-1
2025-07-03 18:36:45.648609,elastic-workbench-qr-detector,elastic-workbench-qr-detector-1,45,"{'data_quality': 670, 'parallelism': 1}",1.57,-1,28,-1
2025-07-03 18:36:45.651432,elastic-workbench-cv-analyzer,elastic-workbench-cv-analyzer-1,444,"{'data_quality': 243, 'model_size': 3, 'parallelism': 1}",5.43,-1,2,-1
2025-07-03 18:36:45.654282,elastic-workbench-pc-visualizer,elastic-workbench-pc-visualizer-1,22,"{'data_quality': 59, 'model_size': 1, 'parallelism': 1}",1.0,-1,45,-1
2025-07-03 18:36:55.652362,elastic-workbench-qr-detector,elastic-workbench-qr-detector-1,46,"{'data_quality': 670, 'parallelism': 1}",1.56,-1,28,-1
2025-07-03 18:36:55.655423,elastic-workbench-cv-analyzer,elastic-workbench-cv-analyzer-1,464,"{'data_quality': 243, 'model_size': 3, 'parallelism': 1}",5.44,-1,2,-1
2025-07-03 18:36:55.658444,elastic-workbench-pc-visualizer,elastic-workbench-pc-visualizer-1,21,"{'data_quality': 59, 'model_size': 1, 'parallelism': 1}",1.0,-1,45,-1
2025-07-03 18:37:05.651053,elastic-workbench-qr-detector,elastic-workbench-qr-detector-1,48,"{'data_quality': 670, 'parallelism': 1}",1.56,-1,28,-1
2025-07-03 18:37:05.658810,elastic-workbench-cv-analyzer,elastic-workbench-cv-analyzer-1,515,"{'data_quality': 243, 'model_size': 3, 'parallelism': 1}",5.44,-1,1,-1
2025-07-03 18:37:05.661556,elastic-workbench-pc-visualizer,elastic-workbench-pc-visualizer-1,21,"{'data_quality': 59, 'model_size': 1, 'parallelism': 1}",1.0,-1,45,-1
2025-07-03 18:37:15.653651,elastic-workbench-qr-detector,elastic-workbench-qr-detector-1,45,"{'data_quality': 670, 'parallelism': 1}",1.56,-1,28,-1
2025-07-03 18:37:15.656297,elastic-workbench-cv-analyzer,elastic-workbench-cv-analyzer-1,459,"{'data_quality': 243, 'model_size': 3, 'parallelism': 1}",5.44,-1,2,-1
2025-07-03 18:37:15.659171,elastic-workbench-pc-visualizer,elastic-workbench-pc-visualizer-1,21,"{'data_quality': 59, 'model_size': 1, 'parallelism': 1}",1.0,-1,46,-1
2025-07-03 18:37:25.651668,elastic-workbench-qr-detector,elastic-workbench-qr-detector-1,48,"{'data_quality': 670, 'parallelism': 1}",1.55,-1,28,-1
2025-07-03 18:37:25.654692,elastic-workbench-cv-analyzer,elastic-workbench-cv-analyzer-1,493,"{'data_quality': 243, 'model_size': 3, 'parallelism': 1}",5.45,-1,1,-1
2025-07-03 18:37:25.657289,elastic-workbench-pc-visualizer,elastic-workbench-pc-visualizer-1,21,"{'data_quality': 59, 'model_size': 1, 'parallelism': 1}",1.0,-1,45,-1
2025-07-03 18:37:35.651428,elastic-workbench-qr-detector,elastic-workbench-qr-detector-1,51,"{'data_quality': 670, 'parallelism': 1}",1.55,-1,28,-1
2025-07-03 18:37:35.655464,elastic-workbench-cv-analyzer,elastic-workbench-cv-analyzer-1,503,"{'data_quality': 243, 'model_size': 3, 'parallelism': 1}",5.45,-1,1,-1
2025-07-03 18:37:35.659317,elastic-workbench-pc-visualizer,elastic-workbench-pc-visualizer-1,22,"{'data_quality': 59, 'model_size': 1, 'parallelism': 1}",1.0,-1,45,-1
2025-07-03 18:37:45.652312,elastic-workbench-qr-detector,elastic-workbench-qr-detector-1,46,"{'data_quality': 670, 'parallelism': 1}",1.55,-1,27,-1
2025-07-03 18:37:45.654939,elastic-workbench-cv-analyzer,elastic-workbench-cv-analyzer-1,660,"{'data_quality': 243, 'model_size': 3, 'parallelism': 1}",5.45,-1,1,-1
2025-07-03 18:37:45.657828,elastic-workbench-pc-visualizer,elastic-workbench-pc-visualizer-1,21,"{'data_quality': 59, 'model_size': 1, 'parallelism': 1}",1.0,-1,45,-1
2025-07-03 18:37:55.652760,elastic-workbench-qr-detector,elastic-workbench-qr-detector-1,46,"{'data_quality': 670, 'parallelism': 1}",1.53,-1,27,-1
2025-07-03 18:37:55.655706,elastic-workbench-cv-analyzer,elastic-workbench-cv-analyzer-1,487,"{'data_quality': 243, 'model_size': 3, 'parallelism': 1}",5.47,-1,1,-1
2025-07-03 18:37:55.658362,elastic-workbench-pc-visualizer,elastic-workbench-pc-visualizer-1,21,"{'data_quality': 59, 'model_size': 1, 'parallelism': 1}",1.0,-1,45,-1
2025-07-03 18:38:05.655012,elastic-workbench-qr-detector,elastic-workbench-qr-detector-1,48,"{'data_quality': 670, 'parallelism': 1}",1.53,-1,27,-1
2025-07-03 18:38:05.657985,elastic-workbench-cv-analyzer,elastic-workbench-cv-analyzer-1,418,"{'data_quality': 243, 'model_size': 3, 'parallelism': 1}",5.47,-1,1,-1
2025-07-03 18:38:05.660567,elastic-workbench-pc-visualizer,elastic-workbench-pc-visualizer-1,21,"{'data_quality': 59, 'model_size': 1, 'parallelism': 1}",1.0,-1,45,-1
2025-07-03 18:38:15.655356,elastic-workbench-qr-detector,elastic-workbench-qr-detector-1,46,"{'data_quality': 670, 'parallelism': 1}",1.52,-1,27,-1
2025-07-03 18:38:15.658112,elastic-workbench-cv-analyzer,elastic-workbench-cv-analyzer-1,386,"{'data_quality': 243, 'model_size': 3, 'parallelism': 1}",5.48,-1,1,-1
2025-07-03 18:38:15.665926,elastic-workbench-pc-visualizer,elastic-workbench-pc-visualizer-1,21,"{'data_quality': 59, 'model_size': 1, 'parallelism': 1}",1.0,-1,46,-1
2025-07-03 18:38:25.655973,elastic-workbench-qr-detector,elastic-workbench-qr-detector-1,46,"{'data_quality': 670, 'parallelism': 1}",1.52,-1,28,-1
2025-07-03 18:38:25.659012,elastic-workbench-cv-analyzer,elastic-workbench-cv-analyzer-1,383,"{'data_quality': 243, 'model_size': 3, 'parallelism': 1}",5.48,-1,2,-1
2025-07-03 18:38:25.661638,elastic-workbench-pc-visualizer,elastic-workbench-pc-visualizer-1,21,"{'data_quality': 59, 'model_size': 1, 'parallelism': 1}",1.0,-1,45,-1
2025-07-03 18:38:35.656278,elastic-workbench-qr-detector,elastic-workbench-qr-detector-1,47,"{'data_quality': 670, 'parallelism': 1}",1.53,-1,28,-1
2025-07-03 18:38:35.658940,elastic-workbench-cv-analyzer,elastic-workbench-cv-analyzer-1,372,"{'data_quality': 243, 'model_size': 3, 'parallelism': 1}",5.47,-1,1,-1
2025-07-03 18:38:35.662048,elastic-workbench-pc-visualizer,elastic-workbench-pc-visualizer-1,21,"{'data_quality': 59, 'model_size': 1, 'parallelism': 1}",1.0,-1,46,-1
2025-07-03 18:38:45.657387,elastic-workbench-qr-detector,elastic-workbench-qr-detector-1,46,"{'data_quality': 670, 'parallelism': 1}",1.53,-1,27,-1
2025-07-03 18:38:45.661176,elastic-workbench-cv-analyzer,elastic-workbench-cv-analyzer-1,515,"{'data_quality': 243, 'model_size': 3, 'parallelism': 1}",5.47,-1,1,-1
2025-07-03 18:38:45.663875,elastic-workbench-pc-visualizer,elastic-workbench-pc-visualizer-1,22,"{'data_quality': 59, 'model_size': 1, 'parallelism': 1}",1.0,-1,45,-1
2025-07-03 18:38:55.658635,elastic-workbench-qr-detector,elastic-workbench-qr-detector-1,46,"{'data_quality': 670, 'parallelism': 1}",1.51,-1,27,-1
2025-07-03 18:38:55.661511,elastic-workbench-cv-analyzer,elastic-workbench-cv-analyzer-1,281,"{'data_quality': 243, 'model_size': 3, 'parallelism': 1}",5.49,-1,2,-1
2025-07-03 18:38:55.664157,elastic-workbench-pc-visualizer,elastic-workbench-pc-visualizer-1,21,"{'data_quality': 59, 'model_size': 1, 'parallelism': 1}",1.0,-1,46,-1
2025-07-03 18:39:05.657764,elastic-workbench-qr-detector,elastic-workbench-qr-detector-1,50,"{'data_quality': 670, 'parallelism': 1}",1.51,-1,27,-1
2025-07-03 18:39:05.660821,elastic-workbench-cv-analyzer,elastic-workbench-cv-analyzer-1,366,"{'data_quality': 243, 'model_size': 3, 'parallelism': 1}",5.49,-1,1,-1
2025-07-03 18:39:05.663566,elastic-workbench-pc-visualizer,elastic-workbench-pc-visualizer-1,21,"{'data_quality': 59, 'model_size': 1, 'parallelism': 1}",1.0,-1,45,-1
2025-07-03 18:39:15.658089,elastic-workbench-qr-detector,elastic-workbench-qr-detector-1,49,"{'data_quality': 670, 'parallelism': 1}",1.51,-1,27,-1
2025-07-03 18:39:15.660947,elastic-workbench-cv-analyzer,elastic-workbench-cv-analyzer-1,465,"{'data_quality': 243, 'model_size': 3, 'parallelism': 1}",5.49,-1,1,-1
2025-07-03 18:39:15.663751,elastic-workbench-pc-visualizer,elastic-workbench-pc-visualizer-1,21,"{'data_quality': 59, 'model_size': 1, 'parallelism': 1}",1.0,-1,46,-1
2025-07-03 18:39:25.659058,elastic-workbench-qr-detector,elastic-workbench-qr-detector-1,49,"{'data_quality': 670, 'parallelism': 1}",1.5,-1,26,-1
2025-07-03 18:39:25.661997,elastic-workbench-cv-analyzer,elastic-workbench-cv-analyzer-1,551,"{'data_quality': 243, 'model_size': 3, 'parallelism': 1}",5.5,-1,1,-1
2025-07-03 18:39:25.664541,elastic-workbench-pc-visualizer,elastic-workbench-pc-visualizer-1,21,"{'data_quality': 59, 'model_size': 1, 'parallelism': 1}",1.0,-1,45,-1
2025-07-03 18:39:35.659549,elastic-workbench-qr-detector,elastic-workbench-qr-detector-1,25,"{'data_quality': 670, 'parallelism': 1}",1.48,-1,26,-1
2025-07-03 18:39:35.666568,elastic-workbench-cv-analyzer,elastic-workbench-cv-analyzer-1,477,"{'data_quality': 243, 'model_size': 3, 'parallelism': 1}",5.52,-1,1,-1
2025-07-03 18:39:35.673513,elastic-workbench-pc-visualizer,elastic-workbench-pc-visualizer-1,21,"{'data_quality': 59, 'model_size': 1, 'parallelism': 1}",1.0,-1,46,-1
2025-07-03 18:39:45.659472,elastic-workbench-qr-detector,elastic-workbench-qr-detector-1,25,"{'data_quality': 670, 'parallelism': 1}",1.48,-1,27,-1
2025-07-03 18:39:45.662260,elastic-workbench-cv-analyzer,elastic-workbench-cv-analyzer-1,432,"{'data_quality': 243, 'model_size': 3, 'parallelism': 1}",5.52,-1,2,-1
2025-07-03 18:39:45.665427,elastic-workbench-pc-visualizer,elastic-workbench-pc-visualizer-1,21,"{'data_quality': 59, 'model_size': 1, 'parallelism': 1}",1.0,-1,46,-1
2025-07-03 18:39:55.660218,elastic-workbench-qr-detector,elastic-workbench-qr-detector-1,25,"{'data_quality': 670, 'parallelism': 1}",1.49,-1,29,-1
2025-07-03 18:39:55.663054,elastic-workbench-cv-analyzer,elastic-workbench-cv-analyzer-1,344,"{'data_quality': 243, 'model_size': 3, 'parallelism': 1}",5.51,-1,1,-1
2025-07-03 18:39:55.665694,elastic-workbench-pc-visualizer,elastic-workbench-pc-visualizer-1,21,"{'data_quality': 59, 'model_size': 1, 'parallelism': 1}",1.0,-1,44,-1
2025-07-03 18:40:05.660619,elastic-workbench-qr-detector,elastic-workbench-qr-detector-1,45,"{'data_quality': 670, 'parallelism': 1}",1.52,-1,30,-1
2025-07-03 18:40:05.663556,elastic-workbench-cv-analyzer,elastic-workbench-cv-analyzer-1,585,"{'data_quality': 243, 'model_size': 3, 'parallelism': 1}",5.48,-1,1,-1
2025-07-03 18:40:05.666854,elastic-workbench-pc-visualizer,elastic-workbench-pc-visualizer-1,21,"{'data_quality': 59, 'model_size': 1, 'parallelism': 1}",1.0,-1,45,-1
2025-07-03 18:40:15.661756,elastic-workbench-qr-detector,elastic-workbench-qr-detector-1,45,"{'data_quality': 670, 'parallelism': 1}",1.54,-1,31,-1
2025-07-03 18:40:15.664719,elastic-workbench-cv-analyzer,elastic-workbench-cv-analyzer-1,451,"{'data_quality': 243, 'model_size': 3, 'parallelism': 1}",5.46,-1,1,-1
2025-07-03 18:40:15.667264,elastic-workbench-pc-visualizer,elastic-workbench-pc-visualizer-1,20,"{'data_quality': 59, 'model_size': 1, 'parallelism': 1}",1.0,-1,47,-1
2025-07-03 18:40:25.662207,elastic-workbench-qr-detector,elastic-workbench-qr-detector-1,45,"{'data_quality': 670, 'parallelism': 1}",1.55,-1,31,-1
2025-07-03 18:40:25.665253,elastic-workbench-cv-analyzer,elastic-workbench-cv-analyzer-1,494,"{'data_quality': 243, 'model_size': 3, 'parallelism': 1}",5.45,-1,1,-1
2025-07-03 18:40:25.668201,elastic-workbench-pc-visualizer,elastic-workbench-pc-visualizer-1,21,"{'data_quality': 59, 'model_size': 1, 'parallelism': 1}",1.0,-1,45,-1
2025-07-03 18:40:35.662703,elastic-workbench-qr-detector,elastic-workbench-qr-detector-1,47,"{'data_quality': 670, 'parallelism': 1}",1.55,-1,31,-1
2025-07-03 18:40:35.665682,elastic-workbench-cv-analyzer,elastic-workbench-cv-analyzer-1,532,"{'data_quality': 243, 'model_size': 3, 'parallelism': 1}",5.45,-1,1,-1
2025-07-03 18:40:35.675069,elastic-workbench-pc-visualizer,elastic-workbench-pc-visualizer-1,21,"{'data_quality': 59, 'model_size': 1, 'parallelism': 1}",1.0,-1,45,-1
2025-07-03 18:40:45.663701,elastic-workbench-qr-detector,elastic-workbench-qr-detector-1,45,"{'data_quality': 670, 'parallelism': 1}",1.55,-1,33,-1
2025-07-03 18:40:45.667051,elastic-workbench-cv-analyzer,elastic-workbench-cv-analyzer-1,513,"{'data_quality': 243, 'model_size': 3, 'parallelism': 1}",5.45,-1,1,-1
2025-07-03 18:40:45.669666,elastic-workbench-pc-visualizer,elastic-workbench-pc-visualizer-1,21,"{'data_quality': 59, 'model_size': 1, 'parallelism': 1}",1.0,-1,45,-1
2025-07-03 18:40:55.663977,elastic-workbench-qr-detector,elastic-workbench-qr-detector-1,46,"{'data_quality': 670, 'parallelism': 1}",1.58,-1,33,-1
2025-07-03 18:40:55.666883,elastic-workbench-cv-analyzer,elastic-workbench-cv-analyzer-1,536,"{'data_quality': 243, 'model_size': 3, 'parallelism': 1}",5.42,-1,1,-1
2025-07-03 18:40:55.669505,elastic-workbench-pc-visualizer,elastic-workbench-pc-visualizer-1,21,"{'data_quality': 59, 'model_size': 1, 'parallelism': 1}",1.0,-1,45,-1
2025-07-03 18:41:05.664226,elastic-workbench-qr-detector,elastic-workbench-qr-detector-1,48,"{'data_quality': 670, 'parallelism': 1}",1.58,-1,34,-1
2025-07-03 18:41:05.673566,elastic-workbench-cv-analyzer,elastic-workbench-cv-analyzer-1,450,"{'data_quality': 243, 'model_size': 3, 'parallelism': 1}",5.42,-1,1,-1
2025-07-03 18:41:05.676568,elastic-workbench-pc-visualizer,elastic-workbench-pc-visualizer-1,21,"{'data_quality': 59, 'model_size': 1, 'parallelism': 1}",1.0,-1,45,-1
2025-07-03 18:41:15.664546,elastic-workbench-qr-detector,elastic-workbench-qr-detector-1,47,"{'data_quality': 670, 'parallelism': 1}",1.6,-1,36,-1
2025-07-03 18:41:15.667601,elastic-workbench-cv-analyzer,elastic-workbench-cv-analyzer-1,454,"{'data_quality': 243, 'model_size': 3, 'parallelism': 1}",5.4,-1,1,-1
2025-07-03 18:41:15.670186,elastic-workbench-pc-visualizer,elastic-workbench-pc-visualizer-1,20,"{'data_quality': 59, 'model_size': 1, 'parallelism': 1}",1.0,-1,48,-1
2025-07-03 18:41:25.664989,elastic-workbench-qr-detector,elastic-workbench-qr-detector-1,46,"{'data_quality': 670, 'parallelism': 1}",1.63,-1,37,-1
2025-07-03 18:41:25.668695,elastic-workbench-cv-analyzer,elastic-workbench-cv-analyzer-1,273,"{'data_quality': 243, 'model_size': 2, 'parallelism': 1}",5.37,-1,3,-1
2025-07-03 18:41:25.672346,elastic-workbench-pc-visualizer,elastic-workbench-pc-visualizer-1,21,"{'data_quality': 59, 'model_size': 1, 'parallelism': 1}",1.0,-1,46,-1
2025-07-03 18:41:35.666419,elastic-workbench-qr-detector,elastic-workbench-qr-detector-1,47,"{'data_quality': 670, 'parallelism': 1}",1.64,-1,38,-1
2025-07-03 18:41:35.669376,elastic-workbench-cv-analyzer,elastic-workbench-cv-analyzer-1,297,"{'data_quality': 243, 'model_size': 2, 'parallelism': 1}",5.36,-1,3,-1
2025-07-03 18:41:35.671953,elastic-workbench-pc-visualizer,elastic-workbench-pc-visualizer-1,21,"{'data_quality': 59, 'model_size': 1, 'parallelism': 1}",1.0,-1,45,-1
2025-07-03 18:41:45.667169,elastic-workbench-qr-detector,elastic-workbench-qr-detector-1,44,"{'data_quality': 670, 'parallelism': 1}",1.66,-1,38,-1
2025-07-03 18:41:45.672069,elastic-workbench-cv-analyzer,elastic-workbench-cv-analyzer-1,242,"{'data_quality': 243, 'model_size': 2, 'parallelism': 1}",5.34,-1,3,-1
2025-07-03 18:41:45.674704,elastic-workbench-pc-visualizer,elastic-workbench-pc-visualizer-1,21,"{'data_quality': 59, 'model_size': 1, 'parallelism': 1}",1.0,-1,45,-1
2025-07-03 18:41:55.667177,elastic-workbench-qr-detector,elastic-workbench-qr-detector-1,44,"{'data_quality': 670, 'parallelism': 1}",1.66,-1,37,-1
2025-07-03 18:41:55.670173,elastic-workbench-cv-analyzer,elastic-workbench-cv-analyzer-1,310,"{'data_quality': 243, 'model_size': 2, 'parallelism': 1}",5.34,-1,3,-1
2025-07-03 18:41:55.677305,elastic-workbench-pc-visualizer,elastic-workbench-pc-visualizer-1,22,"{'data_quality': 59, 'model_size': 1, 'parallelism': 1}",1.0,-1,44,-1
2025-07-03 18:42:05.668786,elastic-workbench-qr-detector,elastic-workbench-qr-detector-1,45,"{'data_quality': 670, 'parallelism': 1}",1.64,-1,37,-1
2025-07-03 18:42:05.671818,elastic-workbench-cv-analyzer,elastic-workbench-cv-analyzer-1,259,"{'data_quality': 243, 'model_size': 2, 'parallelism': 1}",5.36,-1,3,-1
2025-07-03 18:42:05.674718,elastic-workbench-pc-visualizer,elastic-workbench-pc-visualizer-1,21,"{'data_quality': 59, 'model_size': 1, 'parallelism': 1}",1.0,-1,45,-1
2025-07-03 18:42:15.671633,elastic-workbench-qr-detector,elastic-workbench-qr-detector-1,45,"{'data_quality': 670, 'parallelism': 1}",1.64,-1,37,-1
2025-07-03 18:42:15.674629,elastic-workbench-cv-analyzer,elastic-workbench-cv-analyzer-1,222,"{'data_quality': 243, 'model_size': 2, 'parallelism': 1}",5.36,-1,3,-1
2025-07-03 18:42:15.677241,elastic-workbench-pc-visualizer,elastic-workbench-pc-visualizer-1,21,"{'data_quality': 59, 'model_size': 1, 'parallelism': 1}",1.0,-1,47,-1
2025-07-03 18:42:25.668404,elastic-workbench-qr-detector,elastic-workbench-qr-detector-1,44,"{'data_quality': 670, 'parallelism': 1}",1.64,-1,36,-1
2025-07-03 18:42:25.678144,elastic-workbench-cv-analyzer,elastic-workbench-cv-analyzer-1,230,"{'data_quality': 243, 'model_size': 2, 'parallelism': 1}",5.36,-1,3,-1
2025-07-03 18:42:25.681038,elastic-workbench-pc-visualizer,elastic-workbench-pc-visualizer-1,21,"{'data_quality': 59, 'model_size': 1, 'parallelism': 1}",1.0,-1,45,-1
2025-07-03 18:42:35.669158,elastic-workbench-qr-detector,elastic-workbench-qr-detector-1,47,"{'data_quality': 670, 'parallelism': 1}",1.62,-1,36,-1
2025-07-03 18:42:35.672349,elastic-workbench-cv-analyzer,elastic-workbench-cv-analyzer-1,278,"{'data_quality': 243, 'model_size': 2, 'parallelism': 1}",5.38,-1,3,-1
2025-07-03 18:42:35.674949,elastic-workbench-pc-visualizer,elastic-workbench-pc-visualizer-1,21,"{'data_quality': 59, 'model_size': 1, 'parallelism': 1}",1.0,-1,46,-1
2025-07-03 18:42:45.669478,elastic-workbench-qr-detector,elastic-workbench-qr-detector-1,46,"{'data_quality': 670, 'parallelism': 1}",1.62,-1,36,-1
2025-07-03 18:42:45.672503,elastic-workbench-cv-analyzer,elastic-workbench-cv-analyzer-1,244,"{'data_quality': 243, 'model_size': 2, 'parallelism': 1}",5.38,-1,3,-1
2025-07-03 18:42:45.675372,elastic-workbench-pc-visualizer,elastic-workbench-pc-visualizer-1,22,"{'data_quality': 59, 'model_size': 1, 'parallelism': 1}",1.0,-1,44,-1
2025-07-03 18:42:55.670123,elastic-workbench-qr-detector,elastic-workbench-qr-detector-1,48,"{'data_quality': 670, 'parallelism': 1}",1.62,-1,39,-1
2025-07-03 18:42:55.672946,elastic-workbench-cv-analyzer,elastic-workbench-cv-analyzer-1,279,"{'data_quality': 243, 'model_size': 2, 'parallelism': 1}",5.38,-1,3,-1
2025-07-03 18:42:55.675527,elastic-workbench-pc-visualizer,elastic-workbench-pc-visualizer-1,20,"{'data_quality': 59, 'model_size': 1, 'parallelism': 1}",1.0,-1,47,-1
2025-07-03 18:43:05.670841,elastic-workbench-qr-detector,elastic-workbench-qr-detector-1,45,"{'data_quality': 670, 'parallelism': 1}",1.67,-1,39,-1
2025-07-03 18:43:05.673814,elastic-workbench-cv-analyzer,elastic-workbench-cv-analyzer-1,273,"{'data_quality': 243, 'model_size': 2, 'parallelism': 1}",5.33,-1,3,-1
2025-07-03 18:43:05.676393,elastic-workbench-pc-visualizer,elastic-workbench-pc-visualizer-1,21,"{'data_quality': 59, 'model_size': 1, 'parallelism': 1}",1.0,-1,45,-1
2025-07-03 18:43:15.671157,elastic-workbench-qr-detector,elastic-workbench-qr-detector-1,46,"{'data_quality': 670, 'parallelism': 1}",1.67,-1,40,-1
2025-07-03 18:43:15.674461,elastic-workbench-cv-analyzer,elastic-workbench-cv-analyzer-1,278,"{'data_quality': 243, 'model_size': 2, 'parallelism': 1}",5.33,-1,3,-1
2025-07-03 18:43:15.677075,elastic-workbench-pc-visualizer,elastic-workbench-pc-visualizer-1,21,"{'data_quality': 59, 'model_size': 1, 'parallelism': 1}",1.0,-1,46,-1
2025-07-03 18:43:25.676990,elastic-workbench-qr-detector,elastic-workbench-qr-detector-1,45,"{'data_quality': 670, 'parallelism': 1}",1.69,-1,40,-1
2025-07-03 18:43:25.680523,elastic-workbench-cv-analyzer,elastic-workbench-cv-analyzer-1,266,"{'data_quality': 243, 'model_size': 2, 'parallelism': 1}",5.31,-1,3,-1
2025-07-03 18:43:25.683183,elastic-workbench-pc-visualizer,elastic-workbench-pc-visualizer-1,21,"{'data_quality': 59, 'model_size': 1, 'parallelism': 1}",1.0,-1,45,-1
2025-07-03 18:43:35.672343,elastic-workbench-qr-detector,elastic-workbench-qr-detector-1,46,"{'data_quality': 670, 'parallelism': 1}",1.69,-1,40,-1
2025-07-03 18:43:35.675727,elastic-workbench-cv-analyzer,elastic-workbench-cv-analyzer-1,282,"{'data_quality': 243, 'model_size': 2, 'parallelism': 1}",5.31,-1,3,-1
2025-07-03 18:43:35.678369,elastic-workbench-pc-visualizer,elastic-workbench-pc-visualizer-1,21,"{'data_quality': 59, 'model_size': 1, 'parallelism': 1}",1.0,-1,45,-1
2025-07-03 18:43:45.672515,elastic-workbench-qr-detector,elastic-workbench-qr-detector-1,43,"{'data_quality': 670, 'parallelism': 1}",1.7,-1,41,-1
2025-07-03 18:43:45.675249,elastic-workbench-cv-analyzer,elastic-workbench-cv-analyzer-1,271,"{'data_quality': 243, 'model_size': 2, 'parallelism': 1}",5.3,-1,3,-1
2025-07-03 18:43:45.677917,elastic-workbench-pc-visualizer,elastic-workbench-pc-visualizer-1,21,"{'data_quality': 59, 'model_size': 1, 'parallelism': 1}",1.0,-1,45,-1
2025-07-03 18:43:55.673016,elastic-workbench-qr-detector,elastic-workbench-qr-detector-1,45,"{'data_quality': 670, 'parallelism': 1}",1.7,-1,42,-1
2025-07-03 18:43:55.676311,elastic-workbench-cv-analyzer,elastic-workbench-cv-analyzer-1,252,"{'data_quality': 243, 'model_size': 2, 'parallelism': 1}",5.3,-1,3,-1
2025-07-03 18:43:55.679062,elastic-workbench-pc-visualizer,elastic-workbench-pc-visualizer-1,22,"{'data_quality': 59, 'model_size': 1, 'parallelism': 1}",1.0,-1,45,-1
2025-07-03 18:44:05.673568,elastic-workbench-qr-detector,elastic-workbench-qr-detector-1,48,"{'data_quality': 670, 'parallelism': 1}",1.72,-1,40,-1
2025-07-03 18:44:05.676569,elastic-workbench-cv-analyzer,elastic-workbench-cv-analyzer-1,238,"{'data_quality': 243, 'model_size': 2, 'parallelism': 1}",5.28,-1,3,-1
2025-07-03 18:44:05.679294,elastic-workbench-pc-visualizer,elastic-workbench-pc-visualizer-1,21,"{'data_quality': 59, 'model_size': 1, 'parallelism': 1}",1.0,-1,46,-1
2025-07-03 18:44:15.674150,elastic-workbench-qr-detector,elastic-workbench-qr-detector-1,44,"{'data_quality': 670, 'parallelism': 1}",1.74,-1,42,-1
2025-07-03 18:44:15.677013,elastic-workbench-cv-analyzer,elastic-workbench-cv-analyzer-1,253,"{'data_quality': 243, 'model_size': 2, 'parallelism': 1}",5.26,-1,3,-1
2025-07-03 18:44:15.679628,elastic-workbench-pc-visualizer,elastic-workbench-pc-visualizer-1,21,"{'data_quality': 59, 'model_size': 1, 'parallelism': 1}",1.0,-1,45,-1
2025-07-03 18:44:25.674554,elastic-workbench-qr-detector,elastic-workbench-qr-detector-1,46,"{'data_quality': 670, 'parallelism': 1}",1.74,-1,42,-1
2025-07-03 18:44:25.677546,elastic-workbench-cv-analyzer,elastic-workbench-cv-analyzer-1,278,"{'data_quality': 243, 'model_size': 2, 'parallelism': 1}",5.26,-1,3,-1
2025-07-03 18:44:25.680180,elastic-workbench-pc-visualizer,elastic-workbench-pc-visualizer-1,22,"{'data_quality': 59, 'model_size': 1, 'parallelism': 1}",1.0,-1,44,-1
2025-07-03 18:44:35.675852,elastic-workbench-qr-detector,elastic-workbench-qr-detector-1,47,"{'data_quality': 670, 'parallelism': 1}",1.79,-1,42,-1
2025-07-03 18:44:35.678862,elastic-workbench-cv-analyzer,elastic-workbench-cv-analyzer-1,311,"{'data_quality': 243, 'model_size': 2, 'parallelism': 1}",5.21,-1,3,-1
2025-07-03 18:44:35.681509,elastic-workbench-pc-visualizer,elastic-workbench-pc-visualizer-1,21,"{'data_quality': 59, 'model_size': 1, 'parallelism': 1}",1.0,-1,45,-1
2025-07-03 18:44:45.676022,elastic-workbench-qr-detector,elastic-workbench-qr-detector-1,46,"{'data_quality': 670, 'parallelism': 1}",1.83,-1,42,-1
2025-07-03 18:44:45.678936,elastic-workbench-cv-analyzer,elastic-workbench-cv-analyzer-1,253,"{'data_quality': 243, 'model_size': 2, 'parallelism': 1}",5.17,-1,3,-1
2025-07-03 18:44:45.683391,elastic-workbench-pc-visualizer,elastic-workbench-pc-visualizer-1,21,"{'data_quality': 59, 'model_size': 1, 'parallelism': 1}",1.0,-1,45,-1
2025-07-03 18:44:55.676928,elastic-workbench-qr-detector,elastic-workbench-qr-detector-1,43,"{'data_quality': 670, 'parallelism': 1}",1.89,-1,44,-1
2025-07-03 18:44:55.679838,elastic-workbench-cv-analyzer,elastic-workbench-cv-analyzer-1,277,"{'data_quality': 243, 'model_size': 2, 'parallelism': 1}",5.11,-1,2,-1
2025-07-03 18:44:55.683287,elastic-workbench-pc-visualizer,elastic-workbench-pc-visualizer-1,21,"{'data_quality': 59, 'model_size': 1, 'parallelism': 1}",1.0,-1,45,-1
2025-07-03 18:45:05.677424,elastic-workbench-qr-detector,elastic-workbench-qr-detector-1,43,"{'data_quality': 670, 'parallelism': 1}",1.92,-1,45,-1
2025-07-03 18:45:05.680064,elastic-workbench-cv-analyzer,elastic-workbench-cv-analyzer-1,327,"{'data_quality': 243, 'model_size': 2, 'parallelism': 1}",5.08,-1,2,-1
2025-07-03 18:45:05.682464,elastic-workbench-pc-visualizer,elastic-workbench-pc-visualizer-1,21,"{'data_quality': 59, 'model_size': 1, 'parallelism': 1}",1.0,-1,46,-1
2025-07-03 18:45:15.678486,elastic-workbench-qr-detector,elastic-workbench-qr-detector-1,43,"{'data_quality': 670, 'parallelism': 1}",1.93,-1,46,-1
2025-07-03 18:45:15.681590,elastic-workbench-cv-analyzer,elastic-workbench-cv-analyzer-1,282,"{'data_quality': 243, 'model_size': 2, 'parallelism': 1}",5.07,-1,3,-1
2025-07-03 18:45:15.688549,elastic-workbench-pc-visualizer,elastic-workbench-pc-visualizer-1,21,"{'data_quality': 59, 'model_size': 1, 'parallelism': 1}",1.0,-1,45,-1
2025-07-03 18:45:25.678909,elastic-workbench-qr-detector,elastic-workbench-qr-detector-1,41,"{'data_quality': 670, 'parallelism': 1}",1.97,-1,47,-1
2025-07-03 18:45:25.681910,elastic-workbench-cv-analyzer,elastic-workbench-cv-analyzer-1,138,"{'data_quality': 243, 'model_size': 1, 'parallelism': 1}",5.03,-1,5,-1
2025-07-03 18:45:25.684620,elastic-workbench-pc-visualizer,elastic-workbench-pc-visualizer-1,21,"{'data_quality': 59, 'model_size': 1, 'parallelism': 1}",1.0,-1,45,-1
2025-07-03 18:45:35.679887,elastic-workbench-qr-detector,elastic-workbench-qr-detector-1,40,"{'data_quality': 670, 'parallelism': 1}",1.99,-1,48,-1
2025-07-03 18:45:35.682736,elastic-workbench-cv-analyzer,elastic-workbench-cv-analyzer-1,168,"{'data_quality': 243, 'model_size': 1, 'parallelism': 1}",5.01,-1,5,-1
2025-07-03 18:45:35.685568,elastic-workbench-pc-visualizer,elastic-workbench-pc-visualizer-1,21,"{'data_quality': 59, 'model_size': 1, 'parallelism': 1}",1.0,-1,47,-1
2025-07-03 18:45:45.683337,elastic-workbench-qr-detector,elastic-workbench-qr-detector-1,41,"{'data_quality': 670, 'parallelism': 1}",2.01,-1,47,-1
2025-07-03 18:45:45.686246,elastic-workbench-cv-analyzer,elastic-workbench-cv-analyzer-1,144,"{'data_quality': 243, 'model_size': 1, 'parallelism': 1}",4.99,-1,5,-1
2025-07-03 18:45:45.688865,elastic-workbench-pc-visualizer,elastic-workbench-pc-visualizer-1,21,"{'data_quality': 59, 'model_size': 1, 'parallelism': 1}",1.0,-1,46,-1
2025-07-03 18:45:55.684536,elastic-workbench-qr-detector,elastic-workbench-qr-detector-1,39,"{'data_quality': 670, 'parallelism': 1}",2.03,-1,49,-1
2025-07-03 18:45:55.688443,elastic-workbench-cv-analyzer,elastic-workbench-cv-analyzer-1,156,"{'data_quality': 243, 'model_size': 1, 'parallelism': 1}",4.97,-1,5,-1
2025-07-03 18:45:55.691261,elastic-workbench-pc-visualizer,elastic-workbench-pc-visualizer-1,20,"{'data_quality': 59, 'model_size': 1, 'parallelism': 1}",1.0,-1,48,-1
2025-07-03 18:46:05.682187,elastic-workbench-qr-detector,elastic-workbench-qr-detector-1,39,"{'data_quality': 670, 'parallelism': 1}",2.07,-1,49,-1
2025-07-03 18:46:05.685086,elastic-workbench-cv-analyzer,elastic-workbench-cv-analyzer-1,148,"{'data_quality': 243, 'model_size': 1, 'parallelism': 1}",4.93,-1,6,-1
2025-07-03 18:46:05.687687,elastic-workbench-pc-visualizer,elastic-workbench-pc-visualizer-1,21,"{'data_quality': 59, 'model_size': 1, 'parallelism': 1}",1.0,-1,45,-1
2025-07-03 18:46:15.685317,elastic-workbench-qr-detector,elastic-workbench-qr-detector-1,38,"{'data_quality': 670, 'parallelism': 1}",2.12,-1,51,-1
2025-07-03 18:46:15.690381,elastic-workbench-cv-analyzer,elastic-workbench-cv-analyzer-1,182,"{'data_quality': 243, 'model_size': 1, 'parallelism': 1}",4.88,-1,5,-1
2025-07-03 18:46:15.693239,elastic-workbench-pc-visualizer,elastic-workbench-pc-visualizer-1,21,"{'data_quality': 59, 'model_size': 1, 'parallelism': 1}",1.0,-1,45,-1
2025-07-03 18:46:25.682426,elastic-workbench-qr-detector,elastic-workbench-qr-detector-1,37,"{'data_quality': 670, 'parallelism': 1}",2.16,-1,52,-1
2025-07-03 18:46:25.685244,elastic-workbench-cv-analyzer,elastic-workbench-cv-analyzer-1,164,"{'data_quality': 243, 'model_size': 1, 'parallelism': 1}",4.84,-1,5,-1
2025-07-03 18:46:25.687722,elastic-workbench-pc-visualizer,elastic-workbench-pc-visualizer-1,20,"{'data_quality': 59, 'model_size': 1, 'parallelism': 1}",1.0,-1,48,-1
2025-07-03 18:46:35.682899,elastic-workbench-qr-detector,elastic-workbench-qr-detector-1,36,"{'data_quality': 670, 'parallelism': 1}",2.22,-1,54,-1
2025-07-03 18:46:35.685491,elastic-workbench-cv-analyzer,elastic-workbench-cv-analyzer-1,176,"{'data_quality': 243, 'model_size': 1, 'parallelism': 1}",4.78,-1,5,-1
2025-07-03 18:46:35.688304,elastic-workbench-pc-visualizer,elastic-workbench-pc-visualizer-1,20,"{'data_quality': 59, 'model_size': 1, 'parallelism': 1}",1.0,-1,48,-1
2025-07-03 18:46:45.684003,elastic-workbench-qr-detector,elastic-workbench-qr-detector-1,37,"{'data_quality': 679, 'parallelism': 1}",2.32,-1,53,-1
2025-07-03 18:46:45.686940,elastic-workbench-cv-analyzer,elastic-workbench-cv-analyzer-1,307,"{'data_quality': 132, 'model_size': 3, 'parallelism': 1}",4.68,-1,2,-1
2025-07-03 18:46:45.689632,elastic-workbench-pc-visualizer,elastic-workbench-pc-visualizer-1,21,"{'data_quality': 40, 'model_size': 1, 'parallelism': 1}",1.0,-1,45,-1
2025-07-03 18:46:55.684315,elastic-workbench-qr-detector,elastic-workbench-qr-detector-1,36,"{'data_quality': 679, 'parallelism': 1}",2.37,-1,54,-1
2025-07-03 18:46:55.687260,elastic-workbench-cv-analyzer,elastic-workbench-cv-analyzer-1,127,"{'data_quality': 132, 'model_size': 2, 'parallelism': 1}",4.63,-1,6,-1
2025-07-03 18:46:55.689852,elastic-workbench-pc-visualizer,elastic-workbench-pc-visualizer-1,21,"{'data_quality': 40, 'model_size': 1, 'parallelism': 1}",1.0,-1,45,-1
2025-07-03 18:47:05.685873,elastic-workbench-qr-detector,elastic-workbench-qr-detector-1,35,"{'data_quality': 679, 'parallelism': 1}",2.44,-1,55,-1
2025-07-03 18:47:05.688792,elastic-workbench-cv-analyzer,elastic-workbench-cv-analyzer-1,128,"{'data_quality': 132, 'model_size': 2, 'parallelism': 1}",4.56,-1,6,-1
2025-07-03 18:47:05.691717,elastic-workbench-pc-visualizer,elastic-workbench-pc-visualizer-1,21,"{'data_quality': 40, 'model_size': 1, 'parallelism': 1}",1.0,-1,46,-1
2025-07-03 18:47:15.686329,elastic-workbench-qr-detector,elastic-workbench-qr-detector-1,35,"{'data_quality': 679, 'parallelism': 1}",2.45,-1,56,-1
2025-07-03 18:47:15.689239,elastic-workbench-cv-analyzer,elastic-workbench-cv-analyzer-1,153,"{'data_quality': 132, 'model_size': 2, 'parallelism': 1}",4.55,-1,6,-1
2025-07-03 18:47:15.691809,elastic-workbench-pc-visualizer,elastic-workbench-pc-visualizer-1,21,"{'data_quality': 40, 'model_size': 1, 'parallelism': 1}",1.0,-1,45,-1
2025-07-03 18:47:25.686630,elastic-workbench-qr-detector,elastic-workbench-qr-detector-1,54,"{'data_quality': 679, 'parallelism': 1}",2.51,-1,55,-1
2025-07-03 18:47:25.689529,elastic-workbench-cv-analyzer,elastic-workbench-cv-analyzer-1,133,"{'data_quality': 132, 'model_size': 2, 'parallelism': 1}",4.49,-1,7,-1
2025-07-03 18:47:25.692152,elastic-workbench-pc-visualizer,elastic-workbench-pc-visualizer-1,20,"{'data_quality': 40, 'model_size': 1, 'parallelism': 1}",1.0,-1,47,-1
2025-07-03 18:47:35.687814,elastic-workbench-qr-detector,elastic-workbench-qr-detector-1,50,"{'data_quality': 679, 'parallelism': 1}",2.52,-1,57,-1
2025-07-03 18:47:35.690715,elastic-workbench-cv-analyzer,elastic-workbench-cv-analyzer-1,160,"{'data_quality': 132, 'model_size': 2, 'parallelism': 1}",4.48,-1,6,-1
2025-07-03 18:47:35.699176,elastic-workbench-pc-visualizer,elastic-workbench-pc-visualizer-1,20,"{'data_quality': 40, 'model_size': 1, 'parallelism': 1}",1.0,-1,47,-1
2025-07-03 18:47:45.688838,elastic-workbench-qr-detector,elastic-workbench-qr-detector-1,49,"{'data_quality': 679, 'parallelism': 1}",2.59,-1,59,-1
2025-07-03 18:47:45.691778,elastic-workbench-cv-analyzer,elastic-workbench-cv-analyzer-1,161,"{'data_quality': 132, 'model_size': 2, 'parallelism': 1}",4.41,-1,5,-1
2025-07-03 18:47:45.694375,elastic-workbench-pc-visualizer,elastic-workbench-pc-visualizer-1,21,"{'data_quality': 40, 'model_size': 1, 'parallelism': 1}",1.0,-1,47,-1
2025-07-03 18:47:55.689416,elastic-workbench-qr-detector,elastic-workbench-qr-detector-1,47,"{'data_quality': 679, 'parallelism': 1}",2.66,-1,61,-1
2025-07-03 18:47:55.692264,elastic-workbench-cv-analyzer,elastic-workbench-cv-analyzer-1,182,"{'data_quality': 132, 'model_size': 2, 'parallelism': 1}",4.34,-1,5,-1
2025-07-03 18:47:55.694782,elastic-workbench-pc-visualizer,elastic-workbench-pc-visualizer-1,20,"{'data_quality': 40, 'model_size': 1, 'parallelism': 1}",1.0,-1,47,-1
2025-07-03 18:48:05.694054,elastic-workbench-qr-detector,elastic-workbench-qr-detector-1,46,"{'data_quality': 679, 'parallelism': 1}",2.74,-1,63,-1
2025-07-03 18:48:05.697054,elastic-workbench-cv-analyzer,elastic-workbench-cv-analyzer-1,175,"{'data_quality': 132, 'model_size': 2, 'parallelism': 1}",4.26,-1,5,-1
2025-07-03 18:48:05.700239,elastic-workbench-pc-visualizer,elastic-workbench-pc-visualizer-1,21,"{'data_quality': 40, 'model_size': 1, 'parallelism': 1}",1.0,-1,46,-1
2025-07-03 18:48:15.690423,elastic-workbench-qr-detector,elastic-workbench-qr-detector-1,45,"{'data_quality': 679, 'parallelism': 1}",2.75,-1,63,-1
2025-07-03 18:48:15.693395,elastic-workbench-cv-analyzer,elastic-workbench-cv-analyzer-1,185,"{'data_quality': 132, 'model_size': 2, 'parallelism': 1}",4.25,-1,4,-1
2025-07-03 18:48:15.695977,elastic-workbench-pc-visualizer,elastic-workbench-pc-visualizer-1,21,"{'data_quality': 40, 'model_size': 1, 'parallelism': 1}",1.0,-1,46,-1
2025-07-03 18:48:25.691241,elastic-workbench-qr-detector,elastic-workbench-qr-detector-1,46,"{'data_quality': 679, 'parallelism': 1}",2.77,-1,63,-1
2025-07-03 18:48:25.694155,elastic-workbench-cv-analyzer,elastic-workbench-cv-analyzer-1,174,"{'data_quality': 132, 'model_size': 2, 'parallelism': 1}",4.23,-1,5,-1
2025-07-03 18:48:25.696731,elastic-workbench-pc-visualizer,elastic-workbench-pc-visualizer-1,21,"{'data_quality': 40, 'model_size': 1, 'parallelism': 1}",1.0,-1,46,-1
2025-07-03 18:48:35.692834,elastic-workbench-qr-detector,elastic-workbench-qr-detector-1,46,"{'data_quality': 679, 'parallelism': 1}",2.82,-1,63,-1
2025-07-03 18:48:35.697936,elastic-workbench-cv-analyzer,elastic-workbench-cv-analyzer-1,180,"{'data_quality': 132, 'model_size': 2, 'parallelism': 1}",4.18,-1,5,-1
2025-07-03 18:48:35.700814,elastic-workbench-pc-visualizer,elastic-workbench-pc-visualizer-1,21,"{'data_quality': 40, 'model_size': 1, 'parallelism': 1}",1.0,-1,46,-1
2025-07-03 18:48:45.691925,elastic-workbench-qr-detector,elastic-workbench-qr-detector-1,45,"{'data_quality': 679, 'parallelism': 1}",2.87,-1,65,-1
2025-07-03 18:48:45.694982,elastic-workbench-cv-analyzer,elastic-workbench-cv-analyzer-1,199,"{'data_quality': 132, 'model_size': 2, 'parallelism': 1}",4.13,-1,4,-1
2025-07-03 18:48:45.697909,elastic-workbench-pc-visualizer,elastic-workbench-pc-visualizer-1,20,"{'data_quality': 40, 'model_size': 1, 'parallelism': 1}",1.0,-1,48,-1
2025-07-03 18:48:55.693376,elastic-workbench-qr-detector,elastic-workbench-qr-detector-1,42,"{'data_quality': 679, 'parallelism': 1}",2.95,-1,69,-1
2025-07-03 18:48:55.696017,elastic-workbench-cv-analyzer,elastic-workbench-cv-analyzer-1,178,"{'data_quality': 132, 'model_size': 2, 'parallelism': 1}",4.05,-1,5,-1
2025-07-03 18:48:55.698930,elastic-workbench-pc-visualizer,elastic-workbench-pc-visualizer-1,19,"{'data_quality': 40, 'model_size': 1, 'parallelism': 1}",1.0,-1,50,-1
2025-07-03 18:49:05.694294,elastic-workbench-qr-detector,elastic-workbench-qr-detector-1,41,"{'data_quality': 679, 'parallelism': 1}",3.01,-1,70,-1
2025-07-03 18:49:05.697182,elastic-workbench-cv-analyzer,elastic-workbench-cv-analyzer-1,96,"{'data_quality': 132, 'model_size': 1, 'parallelism': 1}",3.99,-1,8,-1
2025-07-03 18:49:05.699705,elastic-workbench-pc-visualizer,elastic-workbench-pc-visualizer-1,21,"{'data_quality': 40, 'model_size': 1, 'parallelism': 1}",1.0,-1,46,-1
2025-07-03 18:49:15.694699,elastic-workbench-qr-detector,elastic-workbench-qr-detector-1,43,"{'data_quality': 679, 'parallelism': 1}",3.07,-1,69,-1
2025-07-03 18:49:15.697546,elastic-workbench-cv-analyzer,elastic-workbench-cv-analyzer-1,93,"{'data_quality': 132, 'model_size': 1, 'parallelism': 1}",3.93,-1,9,-1
2025-07-03 18:49:15.700502,elastic-workbench-pc-visualizer,elastic-workbench-pc-visualizer-1,20,"{'data_quality': 40, 'model_size': 1, 'parallelism': 1}",1.0,-1,48,-1
2025-07-03 18:49:25.701519,elastic-workbench-qr-detector,elastic-workbench-qr-detector-1,39,"{'data_quality': 679, 'parallelism': 1}",3.21,-1,75,-1
2025-07-03 18:49:25.704758,elastic-workbench-cv-analyzer,elastic-workbench-cv-analyzer-1,95,"{'data_quality': 132, 'model_size': 1, 'parallelism': 1}",3.79,-1,8,-1
2025-07-03 18:49:25.707865,elastic-workbench-pc-visualizer,elastic-workbench-pc-visualizer-1,21,"{'data_quality': 40, 'model_size': 1, 'parallelism': 1}",1.0,-1,45,-1
2025-07-03 18:49:35.695657,elastic-workbench-qr-detector,elastic-workbench-qr-detector-1,37,"{'data_quality': 679, 'parallelism': 1}",3.32,-1,77,-1
2025-07-03 18:49:35.700978,elastic-workbench-cv-analyzer,elastic-workbench-cv-analyzer-1,94,"{'data_quality': 132, 'model_size': 1, 'parallelism': 1}",3.68,-1,8,-1
2025-07-03 18:49:35.703455,elastic-workbench-pc-visualizer,elastic-workbench-pc-visualizer-1,20,"{'data_quality': 40, 'model_size': 1, 'parallelism': 1}",1.0,-1,47,-1
2025-07-03 18:49:45.696891,elastic-workbench-qr-detector,elastic-workbench-qr-detector-1,36,"{'data_quality': 679, 'parallelism': 1}",3.44,-1,81,-1
2025-07-03 18:49:45.703187,elastic-workbench-cv-analyzer,elastic-workbench-cv-analyzer-1,106,"{'data_quality': 132, 'model_size': 1, 'parallelism': 1}",3.56,-1,8,-1
2025-07-03 18:49:45.705673,elastic-workbench-pc-visualizer,elastic-workbench-pc-visualizer-1,21,"{'data_quality': 40, 'model_size': 1, 'parallelism': 1}",1.0,-1,46,-1
2025-07-03 18:49:55.697359,elastic-workbench-qr-detector,elastic-workbench-qr-detector-1,43,"{'data_quality': 678, 'parallelism': 1}",3.61,-1,90,-1
2025-07-03 18:49:55.703144,elastic-workbench-cv-analyzer,elastic-workbench-cv-analyzer-1,111,"{'data_quality': 132, 'model_size': 1, 'parallelism': 1}",3.39,-1,8,-1
2025-07-03 18:49:55.706049,elastic-workbench-pc-visualizer,elastic-workbench-pc-visualizer-1,21,"{'data_quality': 40, 'model_size': 1, 'parallelism': 1}",1.0,-1,47,-1
2025-07-03 18:50:05.701350,elastic-workbench-qr-detector,elastic-workbench-qr-detector-1,37,"{'data_quality': 658, 'parallelism': 1}",3.18,-1,79,-1
2025-07-03 18:50:05.705213,elastic-workbench-cv-analyzer,elastic-workbench-cv-analyzer-1,89,"{'data_quality': 128, 'model_size': 1, 'parallelism': 1}",3.82,-1,9,-1
2025-07-03 18:50:05.708134,elastic-workbench-pc-visualizer,elastic-workbench-pc-visualizer-1,21,"{'data_quality': 40, 'model_size': 1, 'parallelism': 1}",1.0,-1,46,-1
2025-07-03 18:50:15.698591,elastic-workbench-qr-detector,elastic-workbench-qr-detector-1,35,"{'data_quality': 658, 'parallelism': 1}",3.2,-1,81,-1
2025-07-03 18:50:15.701759,elastic-workbench-cv-analyzer,elastic-workbench-cv-analyzer-1,93,"{'data_quality': 128, 'model_size': 1, 'parallelism': 1}",3.8,-1,9,-1
2025-07-03 18:50:15.704789,elastic-workbench-pc-visualizer,elastic-workbench-pc-visualizer-1,21,"{'data_quality': 40, 'model_size': 1, 'parallelism': 1}",1.0,-1,46,-1
2025-07-03 18:50:25.699409,elastic-workbench-qr-detector,elastic-workbench-qr-detector-1,34,"{'data_quality': 658, 'parallelism': 1}",3.21,-1,84,-1
2025-07-03 18:50:25.702413,elastic-workbench-cv-analyzer,elastic-workbench-cv-analyzer-1,99,"{'data_quality': 128, 'model_size': 1, 'parallelism': 1}",3.79,-1,8,-1
2025-07-03 18:50:25.705306,elastic-workbench-pc-visualizer,elastic-workbench-pc-visualizer-1,20,"{'data_quality': 40, 'model_size': 1, 'parallelism': 1}",1.0,-1,47,-1
2025-07-03 18:50:35.703306,elastic-workbench-qr-detector,elastic-workbench-qr-detector-1,37,"{'data_quality': 658, 'parallelism': 1}",3.19,-1,78,-1
2025-07-03 18:50:35.710073,elastic-workbench-cv-analyzer,elastic-workbench-cv-analyzer-1,79,"{'data_quality': 128, 'model_size': 1, 'parallelism': 1}",3.81,-1,9,-1
2025-07-03 18:50:35.712704,elastic-workbench-pc-visualizer,elastic-workbench-pc-visualizer-1,21,"{'data_quality': 40, 'model_size': 1, 'parallelism': 1}",1.0,-1,45,-1
2025-07-03 18:50:45.699667,elastic-workbench-qr-detector,elastic-workbench-qr-detector-1,35,"{'data_quality': 658, 'parallelism': 1}",3.24,-1,83,-1
2025-07-03 18:50:45.702543,elastic-workbench-cv-analyzer,elastic-workbench-cv-analyzer-1,75,"{'data_quality': 128, 'model_size': 1, 'parallelism': 1}",3.76,-1,9,-1
2025-07-03 18:50:45.705192,elastic-workbench-pc-visualizer,elastic-workbench-pc-visualizer-1,20,"{'data_quality': 40, 'model_size': 1, 'parallelism': 1}",1.0,-1,47,-1
2025-07-03 18:50:55.701167,elastic-workbench-qr-detector,elastic-workbench-qr-detector-1,34,"{'data_quality': 658, 'parallelism': 1}",3.33,-1,85,-1
2025-07-03 18:50:55.704138,elastic-workbench-cv-analyzer,elastic-workbench-cv-analyzer-1,100,"{'data_quality': 128, 'model_size': 1, 'parallelism': 1}",3.67,-1,8,-1
2025-07-03 18:50:55.707175,elastic-workbench-pc-visualizer,elastic-workbench-pc-visualizer-1,21,"{'data_quality': 40, 'model_size': 1, 'parallelism': 1}",1.0,-1,47,-1
2025-07-03 18:51:05.701856,elastic-workbench-qr-detector,elastic-workbench-qr-detector-1,34,"{'data_quality': 658, 'parallelism': 1}",3.3,-1,85,-1
2025-07-03 18:51:05.704533,elastic-workbench-cv-analyzer,elastic-workbench-cv-analyzer-1,79,"{'data_quality': 128, 'model_size': 1, 'parallelism': 1}",3.7,-1,9,-1
2025-07-03 18:51:05.713802,elastic-workbench-pc-visualizer,elastic-workbench-pc-visualizer-1,19,"{'data_quality': 40, 'model_size': 1, 'parallelism': 1}",1.0,-1,49,-1
2025-07-03 18:51:15.703193,elastic-workbench-qr-detector,elastic-workbench-qr-detector-1,34,"{'data_quality': 658, 'parallelism': 1}",3.28,-1,85,-1
2025-07-03 18:51:15.706140,elastic-workbench-cv-analyzer,elastic-workbench-cv-analyzer-1,83,"{'data_quality': 128, 'model_size': 1, 'parallelism': 1}",3.72,-1,9,-1
2025-07-03 18:51:15.708736,elastic-workbench-pc-visualizer,elastic-workbench-pc-visualizer-1,21,"{'data_quality': 40, 'model_size': 1, 'parallelism': 1}",1.0,-1,46,-1
2025-07-03 18:51:25.703727,elastic-workbench-qr-detector,elastic-workbench-qr-detector-1,35,"{'data_quality': 658, 'parallelism': 1}",3.22,-1,84,-1
2025-07-03 18:51:25.706998,elastic-workbench-cv-analyzer,elastic-workbench-cv-analyzer-1,101,"{'data_quality': 128, 'model_size': 1, 'parallelism': 1}",3.78,-1,8,-1
2025-07-03 18:51:25.712447,elastic-workbench-pc-visualizer,elastic-workbench-pc-visualizer-1,20,"{'data_quality': 40, 'model_size': 1, 'parallelism': 1}",1.0,-1,48,-1
2025-07-03 18:51:35.709175,elastic-workbench-qr-detector,elastic-workbench-qr-detector-1,35,"{'data_quality': 658, 'parallelism': 1}",3.23,-1,83,-1
2025-07-03 18:51:35.712029,elastic-workbench-cv-analyzer,elastic-workbench-cv-analyzer-1,92,"{'data_quality': 128, 'model_size': 1, 'parallelism': 1}",3.77,-1,8,-1
2025-07-03 18:51:35.718765,elastic-workbench-pc-visualizer,elastic-workbench-pc-visualizer-1,21,"{'data_quality': 40, 'model_size': 1, 'parallelism': 1}",1.0,-1,47,-1
2025-07-03 18:51:45.705678,elastic-workbench-qr-detector,elastic-workbench-qr-detector-1,35,"{'data_quality': 658, 'parallelism': 1}",3.28,-1,83,-1
2025-07-03 18:51:45.708535,elastic-workbench-cv-analyzer,elastic-workbench-cv-analyzer-1,92,"{'data_quality': 128, 'model_size': 1, 'parallelism': 1}",3.72,-1,9,-1
2025-07-03 18:51:45.711061,elastic-workbench-pc-visualizer,elastic-workbench-pc-visualizer-1,21,"{'data_quality': 40, 'model_size': 1, 'parallelism': 1}",1.0,-1,45,-1
2025-07-03 18:51:55.706152,elastic-workbench-qr-detector,elastic-workbench-qr-detector-1,36,"{'data_quality': 658, 'parallelism': 1}",3.25,-1,80,-1
2025-07-03 18:51:55.708774,elastic-workbench-cv-analyzer,elastic-workbench-cv-analyzer-1,64,"{'data_quality': 128, 'model_size': 1, 'parallelism': 1}",3.75,-1,9,-1
2025-07-03 18:51:55.711658,elastic-workbench-pc-visualizer,elastic-workbench-pc-visualizer-1,21,"{'data_quality': 40, 'model_size': 1, 'parallelism': 1}",1.0,-1,46,-1
2025-07-03 18:52:05.712421,elastic-workbench-qr-detector,elastic-workbench-qr-detector-1,37,"{'data_quality': 658, 'parallelism': 1}",3.19,-1,79,-1
2025-07-03 18:52:05.721185,elastic-workbench-cv-analyzer,elastic-workbench-cv-analyzer-1,73,"{'data_quality': 128, 'model_size': 1, 'parallelism': 1}",3.81,-1,8,-1
2025-07-03 18:52:05.724226,elastic-workbench-pc-visualizer,elastic-workbench-pc-visualizer-1,20,"{'data_quality': 40, 'model_size': 1, 'parallelism': 1}",1.0,-1,47,-1
2025-07-03 18:52:15.707041,elastic-workbench-qr-detector,elastic-workbench-qr-detector-1,37,"{'data_quality': 658, 'parallelism': 1}",3.13,-1,78,-1
2025-07-03 18:52:15.710007,elastic-workbench-cv-analyzer,elastic-workbench-cv-analyzer-1,160,"{'data_quality': 128, 'model_size': 2, 'parallelism': 1}",3.87,-1,5,-1
2025-07-03 18:52:15.712838,elastic-workbench-pc-visualizer,elastic-workbench-pc-visualizer-1,20,"{'data_quality': 40, 'model_size': 1, 'parallelism': 1}",1.0,-1,48,-1
2025-07-03 18:52:25.707955,elastic-workbench-qr-detector,elastic-workbench-qr-detector-1,36,"{'data_quality': 658, 'parallelism': 1}",3.18,-1,81,-1
2025-07-03 18:52:25.710853,elastic-workbench-cv-analyzer,elastic-workbench-cv-analyzer-1,92,"{'data_quality': 128, 'model_size': 1, 'parallelism': 1}",3.82,-1,9,-1
2025-07-03 18:52:25.713465,elastic-workbench-pc-visualizer,elastic-workbench-pc-visualizer-1,20,"{'data_quality': 40, 'model_size': 1, 'parallelism': 1}",1.0,-1,48,-1
2025-07-03 18:52:35.708644,elastic-workbench-qr-detector,elastic-workbench-qr-detector-1,35,"{'data_quality': 658, 'parallelism': 1}",3.26,-1,81,-1
2025-07-03 18:52:35.711590,elastic-workbench-cv-analyzer,elastic-workbench-cv-analyzer-1,76,"{'data_quality': 128, 'model_size': 1, 'parallelism': 1}",3.74,-1,10,-1
2025-07-03 18:52:35.718291,elastic-workbench-pc-visualizer,elastic-workbench-pc-visualizer-1,21,"{'data_quality': 40, 'model_size': 1, 'parallelism': 1}",1.0,-1,46,-1
2025-07-03 18:52:45.710527,elastic-workbench-qr-detector,elastic-workbench-qr-detector-1,35,"{'data_quality': 658, 'parallelism': 1}",3.3,-1,83,-1
2025-07-03 18:52:45.713460,elastic-workbench-cv-analyzer,elastic-workbench-cv-analyzer-1,104,"{'data_quality': 128, 'model_size': 1, 'parallelism': 1}",3.7,-1,8,-1
2025-07-03 18:52:45.719613,elastic-workbench-pc-visualizer,elastic-workbench-pc-visualizer-1,20,"{'data_quality': 40, 'model_size': 1, 'parallelism': 1}",1.0,-1,47,-1
2025-07-03 18:52:55.712344,elastic-workbench-qr-detector,elastic-workbench-qr-detector-1,36,"{'data_quality': 658, 'parallelism': 1}",3.23,-1,81,-1
2025-07-03 18:52:55.718605,elastic-workbench-cv-analyzer,elastic-workbench-cv-analyzer-1,86,"{'data_quality': 128, 'model_size': 1, 'parallelism': 1}",3.77,-1,9,-1
2025-07-03 18:52:55.726591,elastic-workbench-pc-visualizer,elastic-workbench-pc-visualizer-1,20,"{'data_quality': 40, 'model_size': 1, 'parallelism': 1}",1.0,-1,47,-1
2025-07-03 18:53:05.710292,elastic-workbench-qr-detector,elastic-workbench-qr-detector-1,37,"{'data_quality': 658, 'parallelism': 1}",3.17,-1,78,-1
2025-07-03 18:53:05.713559,elastic-workbench-cv-analyzer,elastic-workbench-cv-analyzer-1,84,"{'data_quality': 128, 'model_size': 1, 'parallelism': 1}",3.83,-1,8,-1
2025-07-03 18:53:05.725829,elastic-workbench-pc-visualizer,elastic-workbench-pc-visualizer-1,21,"{'data_quality': 40, 'model_size': 1, 'parallelism': 1}",1.0,-1,46,-1
2025-07-03 18:53:15.711428,elastic-workbench-qr-detector,elastic-workbench-qr-detector-1,37,"{'data_quality': 658, 'parallelism': 1}",3.1,-1,77,-1
2025-07-03 18:53:15.717995,elastic-workbench-cv-analyzer,elastic-workbench-cv-analyzer-1,151,"{'data_quality': 128, 'model_size': 2, 'parallelism': 1}",3.9,-1,5,-1
2025-07-03 18:53:15.722852,elastic-workbench-pc-visualizer,elastic-workbench-pc-visualizer-1,20,"{'data_quality': 40, 'model_size': 1, 'parallelism': 1}",1.0,-1,46,-1
2025-07-03 18:53:25.712008,elastic-workbench-qr-detector,elastic-workbench-qr-detector-1,37,"{'data_quality': 658, 'parallelism': 1}",3.07,-1,78,-1
2025-07-03 18:53:25.718680,elastic-workbench-cv-analyzer,elastic-workbench-cv-analyzer-1,170,"{'data_quality': 128, 'model_size': 2, 'parallelism': 1}",3.93,-1,5,-1
2025-07-03 18:53:25.725676,elastic-workbench-pc-visualizer,elastic-workbench-pc-visualizer-1,21,"{'data_quality': 40, 'model_size': 1, 'parallelism': 1}",1.0,-1,46,-1
2025-07-03 18:53:35.712900,elastic-workbench-qr-detector,elastic-workbench-qr-detector-1,37,"{'data_quality': 658, 'parallelism': 1}",3.04,-1,76,-1
2025-07-03 18:53:35.722347,elastic-workbench-cv-analyzer,elastic-workbench-cv-analyzer-1,178,"{'data_quality': 128, 'model_size': 2, 'parallelism': 1}",3.96,-1,5,-1
2025-07-03 18:53:35.724870,elastic-workbench-pc-visualizer,elastic-workbench-pc-visualizer-1,20,"{'data_quality': 40, 'model_size': 1, 'parallelism': 1}",1.0,-1,47,-1
2025-07-03 18:53:45.717320,elastic-workbench-qr-detector,elastic-workbench-qr-detector-1,38,"{'data_quality': 658, 'parallelism': 1}",3.01,-1,76,-1
2025-07-03 18:53:45.728116,elastic-workbench-cv-analyzer,elastic-workbench-cv-analyzer-1,143,"{'data_quality': 128, 'model_size': 2, 'parallelism': 1}",3.99,-1,6,-1
2025-07-03 18:53:45.731488,elastic-workbench-pc-visualizer,elastic-workbench-pc-visualizer-1,20,"{'data_quality': 40, 'model_size': 1, 'parallelism': 1}",1.0,-1,47,-1
2025-07-03 18:53:55.714382,elastic-workbench-qr-detector,elastic-workbench-qr-detector-1,39,"{'data_quality': 658, 'parallelism': 1}",2.95,-1,75,-1
2025-07-03 18:53:55.723419,elastic-workbench-cv-analyzer,elastic-workbench-cv-analyzer-1,168,"{'data_quality': 128, 'model_size': 2, 'parallelism': 1}",4.05,-1,5,-1
2025-07-03 18:53:55.726499,elastic-workbench-pc-visualizer,elastic-workbench-pc-visualizer-1,20,"{'data_quality': 40, 'model_size': 1, 'parallelism': 1}",1.0,-1,47,-1
2025-07-03 18:54:05.714941,elastic-workbench-qr-detector,elastic-workbench-qr-detector-1,40,"{'data_quality': 658, 'parallelism': 1}",2.96,-1,74,-1
2025-07-03 18:54:05.719747,elastic-workbench-cv-analyzer,elastic-workbench-cv-analyzer-1,143,"{'data_quality': 128, 'model_size': 2, 'parallelism': 1}",4.04,-1,6,-1
2025-07-03 18:54:05.722712,elastic-workbench-pc-visualizer,elastic-workbench-pc-visualizer-1,21,"{'data_quality': 40, 'model_size': 1, 'parallelism': 1}",1.0,-1,46,-1
2025-07-03 18:54:15.716305,elastic-workbench-qr-detector,elastic-workbench-qr-detector-1,42,"{'data_quality': 658, 'parallelism': 1}",2.86,-1,69,-1
2025-07-03 18:54:15.720538,elastic-workbench-cv-analyzer,elastic-workbench-cv-analyzer-1,194,"{'data_quality': 128, 'model_size': 2, 'parallelism': 1}",4.14,-1,4,-1
2025-07-03 18:54:15.723074,elastic-workbench-pc-visualizer,elastic-workbench-pc-visualizer-1,20,"{'data_quality': 40, 'model_size': 1, 'parallelism': 1}",1.0,-1,47,-1
2025-07-03 18:54:25.717675,elastic-workbench-qr-detector,elastic-workbench-qr-detector-1,42,"{'data_quality': 658, 'parallelism': 1}",2.83,-1,70,-1
2025-07-03 18:54:25.731341,elastic-workbench-cv-analyzer,elastic-workbench-cv-analyzer-1,133,"{'data_quality': 128, 'model_size': 2, 'parallelism': 1}",4.17,-1,6,-1
2025-07-03 18:54:25.734988,elastic-workbench-pc-visualizer,elastic-workbench-pc-visualizer-1,21,"{'data_quality': 40, 'model_size': 1, 'parallelism': 1}",1.0,-1,46,-1
2025-07-03 18:54:35.722118,elastic-workbench-qr-detector,elastic-workbench-qr-detector-1,39,"{'data_quality': 658, 'parallelism': 1}",2.84,-1,72,-1
2025-07-03 18:54:35.729656,elastic-workbench-cv-analyzer,elastic-workbench-cv-analyzer-1,139,"{'data_quality': 128, 'model_size': 2, 'parallelism': 1}",4.16,-1,6,-1
2025-07-03 18:54:35.732473,elastic-workbench-pc-visualizer,elastic-workbench-pc-visualizer-1,20,"{'data_quality': 40, 'model_size': 1, 'parallelism': 1}",1.0,-1,48,-1
2025-07-03 18:54:45.728921,elastic-workbench-qr-detector,elastic-workbench-qr-detector-1,44,"{'data_quality': 658, 'parallelism': 1}",2.74,-1,66,-1
2025-07-03 18:54:45.734945,elastic-workbench-cv-analyzer,elastic-workbench-cv-analyzer-1,156,"{'data_quality': 128, 'model_size': 2, 'parallelism': 1}",4.26,-1,5,-1
2025-07-03 18:54:45.737441,elastic-workbench-pc-visualizer,elastic-workbench-pc-visualizer-1,21,"{'data_quality': 40, 'model_size': 1, 'parallelism': 1}",1.0,-1,46,-1
2025-07-03 18:54:55.723670,elastic-workbench-qr-detector,elastic-workbench-qr-detector-1,44,"{'data_quality': 658, 'parallelism': 1}",2.68,-1,66,-1
2025-07-03 18:54:55.737595,elastic-workbench-cv-analyzer,elastic-workbench-cv-analyzer-1,138,"{'data_quality': 128, 'model_size': 2, 'parallelism': 1}",4.32,-1,6,-1
2025-07-03 18:54:55.746014,elastic-workbench-pc-visualizer,elastic-workbench-pc-visualizer-1,21,"{'data_quality': 40, 'model_size': 1, 'parallelism': 1}",1.0,-1,45,-1
2025-07-03 18:55:05.735507,elastic-workbench-qr-detector,elastic-workbench-qr-detector-1,44,"{'data_quality': 658, 'parallelism': 1}",2.63,-1,65,-1
2025-07-03 18:55:05.738211,elastic-workbench-cv-analyzer,elastic-workbench-cv-analyzer-1,137,"{'data_quality': 128, 'model_size': 2, 'parallelism': 1}",4.37,-1,6,-1
2025-07-03 18:55:05.741584,elastic-workbench-pc-visualizer,elastic-workbench-pc-visualizer-1,21,"{'data_quality': 40, 'model_size': 1, 'parallelism': 1}",1.0,-1,46,-1
2025-07-03 18:55:15.734476,elastic-workbench-qr-detector,elastic-workbench-qr-detector-1,46,"{'data_quality': 658, 'parallelism': 1}",2.57,-1,63,-1
2025-07-03 18:55:15.737316,elastic-workbench-cv-analyzer,elastic-workbench-cv-analyzer-1,150,"{'data_quality': 128, 'model_size': 2, 'parallelism': 1}",4.43,-1,5,-1
2025-07-03 18:55:15.740872,elastic-workbench-pc-visualizer,elastic-workbench-pc-visualizer-1,21,"{'data_quality': 40, 'model_size': 1, 'parallelism': 1}",1.0,-1,46,-1
2025-07-03 18:55:25.735379,elastic-workbench-qr-detector,elastic-workbench-qr-detector-1,46,"{'data_quality': 658, 'parallelism': 1}",2.51,-1,62,-1
2025-07-03 18:55:25.741865,elastic-workbench-cv-analyzer,elastic-workbench-cv-analyzer-1,133,"{'data_quality': 128, 'model_size': 2, 'parallelism': 1}",4.49,-1,6,-1
2025-07-03 18:55:25.746479,elastic-workbench-pc-visualizer,elastic-workbench-pc-visualizer-1,21,"{'data_quality': 40, 'model_size': 1, 'parallelism': 1}",1.0,-1,45,-1
2025-07-03 18:55:35.734029,elastic-workbench-qr-detector,elastic-workbench-qr-detector-1,32,"{'data_quality': 658, 'parallelism': 1}",2.48,-1,61,-1
2025-07-03 18:55:35.736635,elastic-workbench-cv-analyzer,elastic-workbench-cv-analyzer-1,134,"{'data_quality': 128, 'model_size': 2, 'parallelism': 1}",4.52,-1,6,-1
2025-07-03 18:55:35.739432,elastic-workbench-pc-visualizer,elastic-workbench-pc-visualizer-1,21,"{'data_quality': 40, 'model_size': 1, 'parallelism': 1}",1.0,-1,45,-1
2025-07-03 18:55:45.731298,elastic-workbench-qr-detector,elastic-workbench-qr-detector-1,31,"{'data_quality': 658, 'parallelism': 1}",2.42,-1,63,-1
2025-07-03 18:55:45.737827,elastic-workbench-cv-analyzer,elastic-workbench-cv-analyzer-1,122,"{'data_quality': 128, 'model_size': 2, 'parallelism': 1}",4.58,-1,6,-1
2025-07-03 18:55:45.740527,elastic-workbench-pc-visualizer,elastic-workbench-pc-visualizer-1,19,"{'data_quality': 40, 'model_size': 1, 'parallelism': 1}",1.0,-1,48,-1
2025-07-03 18:55:55.732636,elastic-workbench-qr-detector,elastic-workbench-qr-detector-1,33,"{'data_quality': 658, 'parallelism': 1}",2.37,-1,58,-1
2025-07-03 18:55:55.737352,elastic-workbench-cv-analyzer,elastic-workbench-cv-analyzer-1,129,"{'data_quality': 128, 'model_size': 2, 'parallelism': 1}",4.63,-1,5,-1
2025-07-03 18:55:55.741319,elastic-workbench-pc-visualizer,elastic-workbench-pc-visualizer-1,20,"{'data_quality': 40, 'model_size': 1, 'parallelism': 1}",1.0,-1,48,-1
2025-07-03 18:56:05.732370,elastic-workbench-qr-detector,elastic-workbench-qr-detector-1,33,"{'data_quality': 658, 'parallelism': 1}",2.34,-1,58,-1
2025-07-03 18:56:05.738574,elastic-workbench-cv-analyzer,elastic-workbench-cv-analyzer-1,122,"{'data_quality': 128, 'model_size': 2, 'parallelism': 1}",4.66,-1,5,-1
2025-07-03 18:56:05.744172,elastic-workbench-pc-visualizer,elastic-workbench-pc-visualizer-1,20,"{'data_quality': 40, 'model_size': 1, 'parallelism': 1}",1.0,-1,48,-1
2025-07-03 18:56:15.733046,elastic-workbench-qr-detector,elastic-workbench-qr-detector-1,33,"{'data_quality': 658, 'parallelism': 1}",2.29,-1,58,-1
2025-07-03 18:56:15.739455,elastic-workbench-cv-analyzer,elastic-workbench-cv-analyzer-1,116,"{'data_quality': 128, 'model_size': 2, 'parallelism': 1}",4.71,-1,6,-1
2025-07-03 18:56:15.744859,elastic-workbench-pc-visualizer,elastic-workbench-pc-visualizer-1,20,"{'data_quality': 40, 'model_size': 1, 'parallelism': 1}",1.0,-1,48,-1
2025-07-03 18:56:25.733004,elastic-workbench-qr-detector,elastic-workbench-qr-detector-1,34,"{'data_quality': 658, 'parallelism': 1}",2.21,-1,56,-1
2025-07-03 18:56:25.737740,elastic-workbench-cv-analyzer,elastic-workbench-cv-analyzer-1,111,"{'data_quality': 128, 'model_size': 2, 'parallelism': 1}",4.79,-1,6,-1
2025-07-03 18:56:25.740686,elastic-workbench-pc-visualizer,elastic-workbench-pc-visualizer-1,21,"{'data_quality': 40, 'model_size': 1, 'parallelism': 1}",1.0,-1,46,-1
2025-07-03 18:56:35.740806,elastic-workbench-qr-detector,elastic-workbench-qr-detector-1,35,"{'data_quality': 658, 'parallelism': 1}",2.15,-1,54,-1
2025-07-03 18:56:35.743914,elastic-workbench-cv-analyzer,elastic-workbench-cv-analyzer-1,231,"{'data_quality': 128, 'model_size': 3, 'parallelism': 1}",4.85,-1,4,-1
2025-07-03 18:56:35.746498,elastic-workbench-pc-visualizer,elastic-workbench-pc-visualizer-1,20,"{'data_quality': 40, 'model_size': 1, 'parallelism': 1}",1.0,-1,48,-1
2025-07-03 18:56:45.741054,elastic-workbench-qr-detector,elastic-workbench-qr-detector-1,36,"{'data_quality': 658, 'parallelism': 1}",2.08,-1,51,-1
2025-07-03 18:56:45.743880,elastic-workbench-cv-analyzer,elastic-workbench-cv-analyzer-1,247,"{'data_quality': 128, 'model_size': 3, 'parallelism': 1}",4.92,-1,3,-1
2025-07-03 18:56:45.746425,elastic-workbench-pc-visualizer,elastic-workbench-pc-visualizer-1,21,"{'data_quality': 40, 'model_size': 1, 'parallelism': 1}",1.0,-1,46,-1
2025-07-03 18:56:55.743408,elastic-workbench-qr-detector,elastic-workbench-qr-detector-1,37,"{'data_quality': 658, 'parallelism': 1}",2.02,-1,49,-1
2025-07-03 18:56:55.749021,elastic-workbench-cv-analyzer,elastic-workbench-cv-analyzer-1,208,"{'data_quality': 128, 'model_size': 3, 'parallelism': 1}",4.98,-1,4,-1
2025-07-03 18:56:55.751947,elastic-workbench-pc-visualizer,elastic-workbench-pc-visualizer-1,21,"{'data_quality': 40, 'model_size': 1, 'parallelism': 1}",1.0,-1,46,-1
2025-07-03 18:57:05.746820,elastic-workbench-qr-detector,elastic-workbench-qr-detector-1,36,"{'data_quality': 658, 'parallelism': 1}",1.97,-1,49,-1
2025-07-03 18:57:05.749688,elastic-workbench-cv-analyzer,elastic-workbench-cv-analyzer-1,274,"{'data_quality': 128, 'model_size': 3, 'parallelism': 1}",5.03,-1,3,-1
2025-07-03 18:57:05.752547,elastic-workbench-pc-visualizer,elastic-workbench-pc-visualizer-1,21,"{'data_quality': 40, 'model_size': 1, 'parallelism': 1}",1.0,-1,47,-1
2025-07-03 18:57:15.740509,elastic-workbench-qr-detector,elastic-workbench-qr-detector-1,47,"{'data_quality': 709, 'parallelism': 1}",2.0,-1,41,-1
2025-07-03 18:57:15.743880,elastic-workbench-cv-analyzer,elastic-workbench-cv-analyzer-1,263,"{'data_quality': 219, 'model_size': 2, 'parallelism': 1}",5.0,-1,3,-1
2025-07-03 18:57:15.748760,elastic-workbench-pc-visualizer,elastic-workbench-pc-visualizer-1,21,"{'data_quality': 40, 'model_size': 1, 'parallelism': 1}",1.0,-1,46,-1
2025-07-03 18:57:25.745700,elastic-workbench-qr-detector,elastic-workbench-qr-detector-1,49,"{'data_quality': 709, 'parallelism': 1}",1.96,-1,39,-1
2025-07-03 18:57:25.751442,elastic-workbench-cv-analyzer,elastic-workbench-cv-analyzer-1,194,"{'data_quality': 219, 'model_size': 2, 'parallelism': 1}",5.04,-1,4,-1
2025-07-03 18:57:25.756733,elastic-workbench-pc-visualizer,elastic-workbench-pc-visualizer-1,21,"{'data_quality': 40, 'model_size': 1, 'parallelism': 1}",1.0,-1,46,-1
2025-07-03 18:57:35.744369,elastic-workbench-qr-detector,elastic-workbench-qr-detector-1,51,"{'data_quality': 709, 'parallelism': 1}",1.91,-1,38,-1
2025-07-03 18:57:35.749061,elastic-workbench-cv-analyzer,elastic-workbench-cv-analyzer-1,206,"{'data_quality': 219, 'model_size': 2, 'parallelism': 1}",5.09,-1,4,-1
2025-07-03 18:57:35.754088,elastic-workbench-pc-visualizer,elastic-workbench-pc-visualizer-1,21,"{'data_quality': 40, 'model_size': 1, 'parallelism': 1}",1.0,-1,46,-1
2025-07-03 18:57:45.751609,elastic-workbench-qr-detector,elastic-workbench-qr-detector-1,52,"{'data_quality': 709, 'parallelism': 1}",1.83,-1,37,-1
2025-07-03 18:57:45.756943,elastic-workbench-cv-analyzer,elastic-workbench-cv-analyzer-1,206,"{'data_quality': 219, 'model_size': 2, 'parallelism': 1}",5.17,-1,4,-1
2025-07-03 18:57:45.760501,elastic-workbench-pc-visualizer,elastic-workbench-pc-visualizer-1,21,"{'data_quality': 40, 'model_size': 1, 'parallelism': 1}",1.0,-1,46,-1
2025-07-03 18:57:55.743193,elastic-workbench-qr-detector,elastic-workbench-qr-detector-1,55,"{'data_quality': 709, 'parallelism': 1}",1.75,-1,36,-1
2025-07-03 18:57:55.746166,elastic-workbench-cv-analyzer,elastic-workbench-cv-analyzer-1,182,"{'data_quality': 219, 'model_size': 2, 'parallelism': 1}",5.25,-1,4,-1
2025-07-03 18:57:55.750295,elastic-workbench-pc-visualizer,elastic-workbench-pc-visualizer-1,21,"{'data_quality': 40, 'model_size': 1, 'parallelism': 1}",1.0,-1,46,-1
2025-07-03 18:58:05.755022,elastic-workbench-qr-detector,elastic-workbench-qr-detector-1,54,"{'data_quality': 709, 'parallelism': 1}",1.72,-1,35,-1
2025-07-03 18:58:05.757735,elastic-workbench-cv-analyzer,elastic-workbench-cv-analyzer-1,226,"{'data_quality': 219, 'model_size': 2, 'parallelism': 1}",5.28,-1,3,-1
2025-07-03 18:58:05.765691,elastic-workbench-pc-visualizer,elastic-workbench-pc-visualizer-1,20,"{'data_quality': 40, 'model_size': 1, 'parallelism': 1}",1.0,-1,47,-1
2025-07-03 18:58:15.745416,elastic-workbench-qr-detector,elastic-workbench-qr-detector-1,56,"{'data_quality': 709, 'parallelism': 1}",1.68,-1,34,-1
2025-07-03 18:58:15.749264,elastic-workbench-cv-analyzer,elastic-workbench-cv-analyzer-1,206,"{'data_quality': 219, 'model_size': 2, 'parallelism': 1}",5.32,-1,3,-1
2025-07-03 18:58:15.751848,elastic-workbench-pc-visualizer,elastic-workbench-pc-visualizer-1,20,"{'data_quality': 40, 'model_size': 1, 'parallelism': 1}",1.0,-1,47,-1
2025-07-03 18:58:25.756982,elastic-workbench-qr-detector,elastic-workbench-qr-detector-1,61,"{'data_quality': 709, 'parallelism': 1}",1.6,-1,32,-1
2025-07-03 18:58:25.760773,elastic-workbench-cv-analyzer,elastic-workbench-cv-analyzer-1,204,"{'data_quality': 219, 'model_size': 2, 'parallelism': 1}",5.4,-1,3,-1
2025-07-03 18:58:25.767699,elastic-workbench-pc-visualizer,elastic-workbench-pc-visualizer-1,20,"{'data_quality': 40, 'model_size': 1, 'parallelism': 1}",1.0,-1,48,-1
2025-07-03 18:58:35.750731,elastic-workbench-qr-detector,elastic-workbench-qr-detector-1,60,"{'data_quality': 709, 'parallelism': 1}",1.57,-1,32,-1
2025-07-03 18:58:35.753652,elastic-workbench-cv-analyzer,elastic-workbench-cv-analyzer-1,165,"{'data_quality': 219, 'model_size': 2, 'parallelism': 1}",5.43,-1,4,-1
2025-07-03 18:58:35.756508,elastic-workbench-pc-visualizer,elastic-workbench-pc-visualizer-1,20,"{'data_quality': 40, 'model_size': 1, 'parallelism': 1}",1.0,-1,48,-1
2025-07-03 18:58:45.751043,elastic-workbench-qr-detector,elastic-workbench-qr-detector-1,59,"{'data_quality': 709, 'parallelism': 1}",1.53,-1,32,-1
2025-07-03 18:58:45.757829,elastic-workbench-cv-analyzer,elastic-workbench-cv-analyzer-1,167,"{'data_quality': 219, 'model_size': 2, 'parallelism': 1}",5.47,-1,3,-1
2025-07-03 18:58:45.761418,elastic-workbench-pc-visualizer,elastic-workbench-pc-visualizer-1,21,"{'data_quality': 40, 'model_size': 1, 'parallelism': 1}",1.0,-1,47,-1
2025-07-03 18:58:55.766599,elastic-workbench-qr-detector,elastic-workbench-qr-detector-1,63,"{'data_quality': 709, 'parallelism': 1}",1.5,-1,30,-1
2025-07-03 18:58:55.770172,elastic-workbench-cv-analyzer,elastic-workbench-cv-analyzer-1,207,"{'data_quality': 219, 'model_size': 2, 'parallelism': 1}",5.5,-1,3,-1
2025-07-03 18:58:55.772933,elastic-workbench-pc-visualizer,elastic-workbench-pc-visualizer-1,20,"{'data_quality': 40, 'model_size': 1, 'parallelism': 1}",1.0,-1,47,-1
2025-07-03 18:59:05.756568,elastic-workbench-qr-detector,elastic-workbench-qr-detector-1,32,"{'data_quality': 709, 'parallelism': 1}",1.46,-1,30,-1
2025-07-03 18:59:05.759182,elastic-workbench-cv-analyzer,elastic-workbench-cv-analyzer-1,214,"{'data_quality': 219, 'model_size': 2, 'parallelism': 1}",5.54,-1,3,-1
2025-07-03 18:59:05.761977,elastic-workbench-pc-visualizer,elastic-workbench-pc-visualizer-1,21,"{'data_quality': 40, 'model_size': 1, 'parallelism': 1}",1.0,-1,46,-1
2025-07-03 18:59:15.756417,elastic-workbench-qr-detector,elastic-workbench-qr-detector-1,30,"{'data_quality': 709, 'parallelism': 1}",1.43,-1,31,-1
2025-07-03 18:59:15.760026,elastic-workbench-cv-analyzer,elastic-workbench-cv-analyzer-1,321,"{'data_quality': 219, 'model_size': 3, 'parallelism': 1}",5.57,-1,2,-1
2025-07-03 18:59:15.767351,elastic-workbench-pc-visualizer,elastic-workbench-pc-visualizer-1,21,"{'data_quality': 40, 'model_size': 1, 'parallelism': 1}",1.0,-1,46,-1
2025-07-03 18:59:25.760350,elastic-workbench-qr-detector,elastic-workbench-qr-detector-1,35,"{'data_quality': 709, 'parallelism': 1}",1.36,-1,28,-1
2025-07-03 18:59:25.763705,elastic-workbench-cv-analyzer,elastic-workbench-cv-analyzer-1,405,"{'data_quality': 219, 'model_size': 3, 'parallelism': 1}",5.61,-1,1,-1
2025-07-03 18:59:25.766986,elastic-workbench-pc-visualizer,elastic-workbench-pc-visualizer-1,21,"{'data_quality': 40, 'model_size': 1, 'parallelism': 1}",1.03,-1,46,-1
2025-07-03 18:59:35.761838,elastic-workbench-qr-detector,elastic-workbench-qr-detector-1,34,"{'data_quality': 709, 'parallelism': 1}",1.36,-1,29,-1
2025-07-03 18:59:35.764470,elastic-workbench-cv-analyzer,elastic-workbench-cv-analyzer-1,455,"{'data_quality': 219, 'model_size': 3, 'parallelism': 1}",5.61,-1,1,-1
2025-07-03 18:59:35.767204,elastic-workbench-pc-visualizer,elastic-workbench-pc-visualizer-1,21,"{'data_quality': 40, 'model_size': 1, 'parallelism': 1}",1.03,-1,46,-1
2025-07-03 18:59:45.760696,elastic-workbench-qr-detector,elastic-workbench-qr-detector-1,37,"{'data_quality': 709, 'parallelism': 1}",1.3,-1,26,-1
2025-07-03 18:59:45.764931,elastic-workbench-cv-analyzer,elastic-workbench-cv-analyzer-1,491,"{'data_quality': 219, 'model_size': 3, 'parallelism': 1}",5.59,-1,1,-1
2025-07-03 18:59:45.771507,elastic-workbench-pc-visualizer,elastic-workbench-pc-visualizer-1,20,"{'data_quality': 40, 'model_size': 1, 'parallelism': 1}",1.11,-1,46,-1
2025-07-03 18:59:55.762094,elastic-workbench-qr-detector,elastic-workbench-qr-detector-1,50,"{'data_quality': 737, 'parallelism': 1}",1.0,-1,19,-1
2025-07-03 18:59:55.765754,elastic-workbench-cv-analyzer,elastic-workbench-cv-analyzer-1,464,"{'data_quality': 268, 'model_size': 3, 'parallelism': 1}",6.0,-1,1,-1
2025-07-03 18:59:55.768310,elastic-workbench-pc-visualizer,elastic-workbench-pc-visualizer-1,19,"{'data_quality': 40, 'model_size': 1, 'parallelism': 1}",1.0,-1,49,-1
2025-07-03 19:00:05.761947,elastic-workbench-qr-detector,elastic-workbench-qr-detector-1,51,"{'data_quality': 737, 'parallelism': 1}",1.0,-1,19,-1
2025-07-03 19:00:05.768308,elastic-workbench-cv-analyzer,elastic-workbench-cv-analyzer-1,373,"{'data_quality': 268, 'model_size': 3, 'parallelism': 1}",6.0,-1,0,-1
2025-07-03 19:00:05.771662,elastic-workbench-pc-visualizer,elastic-workbench-pc-visualizer-1,19,"{'data_quality': 40, 'model_size': 1, 'parallelism': 1}",1.0,-1,49,-1
2025-07-03 19:00:15.765513,elastic-workbench-qr-detector,elastic-workbench-qr-detector-1,53,"{'data_quality': 737, 'parallelism': 1}",1.0,-1,18,-1
2025-07-03 19:00:15.768295,elastic-workbench-cv-analyzer,elastic-workbench-cv-analyzer-1,481,"{'data_quality': 268, 'model_size': 3, 'parallelism': 1}",6.0,-1,1,-1
2025-07-03 19:00:15.771441,elastic-workbench-pc-visualizer,elastic-workbench-pc-visualizer-1,21,"{'data_quality': 40, 'model_size': 1, 'parallelism': 1}",1.0,-1,45,-1
2025-07-03 19:00:25.766095,elastic-workbench-qr-detector,elastic-workbench-qr-detector-1,51,"{'data_quality': 737, 'parallelism': 1}",1.0,-1,19,-1
2025-07-03 19:00:25.772870,elastic-workbench-cv-analyzer,elastic-workbench-cv-analyzer-1,459,"{'data_quality': 268, 'model_size': 3, 'parallelism': 1}",6.0,-1,1,-1
2025-07-03 19:00:25.779455,elastic-workbench-pc-visualizer,elastic-workbench-pc-visualizer-1,21,"{'data_quality': 40, 'model_size': 1, 'parallelism': 1}",1.0,-1,45,-1
2025-07-03 19:00:35.764440,elastic-workbench-qr-detector,elastic-workbench-qr-detector-1,50,"{'data_quality': 737, 'parallelism': 1}",1.0,-1,19,-1
2025-07-03 19:00:35.767342,elastic-workbench-cv-analyzer,elastic-workbench-cv-analyzer-1,535,"{'data_quality': 268, 'model_size': 3, 'parallelism': 1}",6.0,-1,1,-1
2025-07-03 19:00:35.770080,elastic-workbench-pc-visualizer,elastic-workbench-pc-visualizer-1,21,"{'data_quality': 40, 'model_size': 1, 'parallelism': 1}",1.0,-1,45,-1
2025-07-03 19:00:45.765912,elastic-workbench-qr-detector,elastic-workbench-qr-detector-1,53,"{'data_quality': 737, 'parallelism': 1}",1.0,-1,18,-1
2025-07-03 19:00:45.769340,elastic-workbench-cv-analyzer,elastic-workbench-cv-analyzer-1,479,"{'data_quality': 268, 'model_size': 3, 'parallelism': 1}",6.0,-1,1,-1
2025-07-03 19:00:45.774554,elastic-workbench-pc-visualizer,elastic-workbench-pc-visualizer-1,21,"{'data_quality': 40, 'model_size': 1, 'parallelism': 1}",1.0,-1,45,-1
2025-07-03 19:00:55.768696,elastic-workbench-qr-detector,elastic-workbench-qr-detector-1,52,"{'data_quality': 737, 'parallelism': 1}",1.0,-1,18,-1
2025-07-03 19:00:55.771546,elastic-workbench-cv-analyzer,elastic-workbench-cv-analyzer-1,578,"{'data_quality': 268, 'model_size': 3, 'parallelism': 1}",6.0,-1,1,-1
2025-07-03 19:00:55.774631,elastic-workbench-pc-visualizer,elastic-workbench-pc-visualizer-1,21,"{'data_quality': 40, 'model_size': 1, 'parallelism': 1}",1.0,-1,46,-1
2025-07-03 19:01:05.768850,elastic-workbench-qr-detector,elastic-workbench-qr-detector-1,51,"{'data_quality': 737, 'parallelism': 1}",1.0,-1,19,-1
2025-07-03 19:01:05.772519,elastic-workbench-cv-analyzer,elastic-workbench-cv-analyzer-1,493,"{'data_quality': 268, 'model_size': 3, 'parallelism': 1}",6.0,-1,1,-1
2025-07-03 19:01:05.776091,elastic-workbench-pc-visualizer,elastic-workbench-pc-visualizer-1,20,"{'data_quality': 40, 'model_size': 1, 'parallelism': 1}",1.0,-1,47,-1
2025-07-03 19:01:15.772715,elastic-workbench-qr-detector,elastic-workbench-qr-detector-1,53,"{'data_quality': 737, 'parallelism': 1}",1.0,-1,18,-1
2025-07-03 19:01:15.775601,elastic-workbench-cv-analyzer,elastic-workbench-cv-analyzer-1,665,"{'data_quality': 268, 'model_size': 3, 'parallelism': 1}",6.0,-1,1,-1
2025-07-03 19:01:15.778492,elastic-workbench-pc-visualizer,elastic-workbench-pc-visualizer-1,21,"{'data_quality': 40, 'model_size': 1, 'parallelism': 1}",1.0,-1,45,-1
2025-07-03 19:01:25.768033,elastic-workbench-qr-detector,elastic-workbench-qr-detector-1,51,"{'data_quality': 737, 'parallelism': 1}",1.0,-1,18,-1
2025-07-03 19:01:25.771366,elastic-workbench-cv-analyzer,elastic-workbench-cv-analyzer-1,570,"{'data_quality': 268, 'model_size': 3, 'parallelism': 1}",6.0,-1,1,-1
2025-07-03 19:01:25.773950,elastic-workbench-pc-visualizer,elastic-workbench-pc-visualizer-1,21,"{'data_quality': 40, 'model_size': 1, 'parallelism': 1}",1.0,-1,46,-1
2025-07-03 19:01:35.772362,elastic-workbench-qr-detector,elastic-workbench-qr-detector-1,50,"{'data_quality': 737, 'parallelism': 1}",1.0,-1,20,-1
2025-07-03 19:01:35.777539,elastic-workbench-cv-analyzer,elastic-workbench-cv-analyzer-1,574,"{'data_quality': 268, 'model_size': 3, 'parallelism': 1}",5.57,-1,0,-1
2025-07-03 19:01:35.780383,elastic-workbench-pc-visualizer,elastic-workbench-pc-visualizer-1,21,"{'data_quality': 40, 'model_size': 1, 'parallelism': 1}",1.43,-1,45,-1
2025-07-03 19:01:45.768922,elastic-workbench-qr-detector,elastic-workbench-qr-detector-1,52,"{'data_quality': 737, 'parallelism': 1}",1.0,-1,18,-1
2025-07-03 19:01:45.771686,elastic-workbench-cv-analyzer,elastic-workbench-cv-analyzer-1,634,"{'data_quality': 268, 'model_size': 3, 'parallelism': 1}",6.0,-1,1,-1
2025-07-03 19:01:45.774627,elastic-workbench-pc-visualizer,elastic-workbench-pc-visualizer-1,20,"{'data_quality': 40, 'model_size': 1, 'parallelism': 1}",1.0,-1,46,-1
2025-07-03 19:01:55.769776,elastic-workbench-qr-detector,elastic-workbench-qr-detector-1,49,"{'data_quality': 737, 'parallelism': 1}",1.0,-1,19,-1
2025-07-03 19:01:55.772752,elastic-workbench-cv-analyzer,elastic-workbench-cv-analyzer-1,578,"{'data_quality': 268, 'model_size': 3, 'parallelism': 1}",6.0,-1,1,-1
2025-07-03 19:01:55.775308,elastic-workbench-pc-visualizer,elastic-workbench-pc-visualizer-1,21,"{'data_quality': 40, 'model_size': 1, 'parallelism': 1}",1.0,-1,45,-1
2025-07-03 19:02:05.774703,elastic-workbench-qr-detector,elastic-workbench-qr-detector-1,53,"{'data_quality': 737, 'parallelism': 1}",1.0,-1,18,-1
2025-07-03 19:02:05.779661,elastic-workbench-cv-analyzer,elastic-workbench-cv-analyzer-1,482,"{'data_quality': 268, 'model_size': 3, 'parallelism': 1}",6.0,-1,1,-1
2025-07-03 19:02:05.782527,elastic-workbench-pc-visualizer,elastic-workbench-pc-visualizer-1,20,"{'data_quality': 40, 'model_size': 1, 'parallelism': 1}",1.0,-1,47,-1
2025-07-03 19:02:15.771384,elastic-workbench-qr-detector,elastic-workbench-qr-detector-1,53,"{'data_quality': 737, 'parallelism': 1}",1.0,-1,18,-1
2025-07-03 19:02:15.774241,elastic-workbench-cv-analyzer,elastic-workbench-cv-analyzer-1,579,"{'data_quality': 268, 'model_size': 3, 'parallelism': 1}",6.0,-1,1,-1
2025-07-03 19:02:15.776764,elastic-workbench-pc-visualizer,elastic-workbench-pc-visualizer-1,22,"{'data_quality': 40, 'model_size': 1, 'parallelism': 1}",1.0,-1,45,-1
2025-07-03 19:02:25.777627,elastic-workbench-qr-detector,elastic-workbench-qr-detector-1,50,"{'data_quality': 737, 'parallelism': 1}",1.0,-1,19,-1
2025-07-03 19:02:25.780426,elastic-workbench-cv-analyzer,elastic-workbench-cv-analyzer-1,601,"{'data_quality': 268, 'model_size': 3, 'parallelism': 1}",6.0,-1,1,-1
2025-07-03 19:02:25.783268,elastic-workbench-pc-visualizer,elastic-workbench-pc-visualizer-1,21,"{'data_quality': 40, 'model_size': 1, 'parallelism': 1}",1.0,-1,46,-1
2025-07-03 19:02:35.772396,elastic-workbench-qr-detector,elastic-workbench-qr-detector-1,51,"{'data_quality': 737, 'parallelism': 1}",1.0,-1,18,-1
2025-07-03 19:02:35.775299,elastic-workbench-cv-analyzer,elastic-workbench-cv-analyzer-1,409,"{'data_quality': 268, 'model_size': 3, 'parallelism': 1}",6.0,-1,1,-1
2025-07-03 19:02:35.778437,elastic-workbench-pc-visualizer,elastic-workbench-pc-visualizer-1,21,"{'data_quality': 40, 'model_size': 1, 'parallelism': 1}",1.0,-1,45,-1
2025-07-03 19:02:45.772920,elastic-workbench-qr-detector,elastic-workbench-qr-detector-1,51,"{'data_quality': 737, 'parallelism': 1}",1.0,-1,19,-1
2025-07-03 19:02:45.775794,elastic-workbench-cv-analyzer,elastic-workbench-cv-analyzer-1,508,"{'data_quality': 268, 'model_size': 3, 'parallelism': 1}",6.0,-1,1,-1
2025-07-03 19:02:45.778541,elastic-workbench-pc-visualizer,elastic-workbench-pc-visualizer-1,20,"{'data_quality': 40, 'model_size': 1, 'parallelism': 1}",1.0,-1,46,-1
2025-07-03 19:02:55.773237,elastic-workbench-qr-detector,elastic-workbench-qr-detector-1,50,"{'data_quality': 737, 'parallelism': 1}",1.0,-1,19,-1
2025-07-03 19:02:55.776093,elastic-workbench-cv-analyzer,elastic-workbench-cv-analyzer-1,563,"{'data_quality': 268, 'model_size': 3, 'parallelism': 1}",6.0,-1,1,-1
2025-07-03 19:02:55.778654,elastic-workbench-pc-visualizer,elastic-workbench-pc-visualizer-1,21,"{'data_quality': 40, 'model_size': 1, 'parallelism': 1}",1.0,-1,45,-1
2025-07-03 19:03:05.774691,elastic-workbench-qr-detector,elastic-workbench-qr-detector-1,50,"{'data_quality': 737, 'parallelism': 1}",1.0,-1,19,-1
2025-07-03 19:03:05.777592,elastic-workbench-cv-analyzer,elastic-workbench-cv-analyzer-1,451,"{'data_quality': 268, 'model_size': 3, 'parallelism': 1}",6.0,-1,1,-1
2025-07-03 19:03:05.780556,elastic-workbench-pc-visualizer,elastic-workbench-pc-visualizer-1,21,"{'data_quality': 40, 'model_size': 1, 'parallelism': 1}",1.0,-1,47,-1
2025-07-03 19:03:15.776239,elastic-workbench-qr-detector,elastic-workbench-qr-detector-1,47,"{'data_quality': 737, 'parallelism': 1}",1.0,-1,20,-1
2025-07-03 19:03:15.784386,elastic-workbench-cv-analyzer,elastic-workbench-cv-analyzer-1,584,"{'data_quality': 268, 'model_size': 3, 'parallelism': 1}",5.61,-1,1,-1
2025-07-03 19:03:15.790046,elastic-workbench-pc-visualizer,elastic-workbench-pc-visualizer-1,21,"{'data_quality': 40, 'model_size': 1, 'parallelism': 1}",1.39,-1,45,-1
2025-07-03 19:03:25.774947,elastic-workbench-qr-detector,elastic-workbench-qr-detector-1,50,"{'data_quality': 737, 'parallelism': 1}",1.0,-1,20,-1
2025-07-03 19:03:25.777826,elastic-workbench-cv-analyzer,elastic-workbench-cv-analyzer-1,772,"{'data_quality': 268, 'model_size': 3, 'parallelism': 1}",5.61,-1,1,-1
2025-07-03 19:03:25.780384,elastic-workbench-pc-visualizer,elastic-workbench-pc-visualizer-1,21,"{'data_quality': 40, 'model_size': 1, 'parallelism': 1}",1.39,-1,45,-1
2025-07-03 19:03:35.775383,elastic-workbench-qr-detector,elastic-workbench-qr-detector-1,50,"{'data_quality': 737, 'parallelism': 1}",1.0,-1,19,-1
2025-07-03 19:03:35.785137,elastic-workbench-cv-analyzer,elastic-workbench-cv-analyzer-1,409,"{'data_quality': 268, 'model_size': 3, 'parallelism': 1}",6.0,-1,1,-1
2025-07-03 19:03:35.787926,elastic-workbench-pc-visualizer,elastic-workbench-pc-visualizer-1,22,"{'data_quality': 40, 'model_size': 1, 'parallelism': 1}",1.0,-1,45,-1
2025-07-03 19:03:45.778590,elastic-workbench-qr-detector,elastic-workbench-qr-detector-1,49,"{'data_quality': 737, 'parallelism': 1}",1.0,-1,19,-1
2025-07-03 19:03:45.784789,elastic-workbench-cv-analyzer,elastic-workbench-cv-analyzer-1,685,"{'data_quality': 268, 'model_size': 3, 'parallelism': 1}",5.63,-1,1,-1
2025-07-03 19:03:45.787751,elastic-workbench-pc-visualizer,elastic-workbench-pc-visualizer-1,21,"{'data_quality': 40, 'model_size': 1, 'parallelism': 1}",1.37,-1,45,-1
2025-07-03 19:03:55.777571,elastic-workbench-qr-detector,elastic-workbench-qr-detector-1,49,"{'data_quality': 737, 'parallelism': 1}",1.0,-1,20,-1
2025-07-03 19:03:55.780242,elastic-workbench-cv-analyzer,elastic-workbench-cv-analyzer-1,631,"{'data_quality': 268, 'model_size': 3, 'parallelism': 1}",5.63,-1,1,-1
2025-07-03 19:03:55.783084,elastic-workbench-pc-visualizer,elastic-workbench-pc-visualizer-1,21,"{'data_quality': 40, 'model_size': 1, 'parallelism': 1}",1.37,-1,45,-1
2025-07-03 19:04:05.777264,elastic-workbench-qr-detector,elastic-workbench-qr-detector-1,52,"{'data_quality': 737, 'parallelism': 1}",1.0,-1,19,-1
2025-07-03 19:04:05.780397,elastic-workbench-cv-analyzer,elastic-workbench-cv-analyzer-1,623,"{'data_quality': 268, 'model_size': 3, 'parallelism': 1}",5.63,-1,1,-1
2025-07-03 19:04:05.782934,elastic-workbench-pc-visualizer,elastic-workbench-pc-visualizer-1,21,"{'data_quality': 40, 'model_size': 1, 'parallelism': 1}",1.37,-1,46,-1
2025-07-03 19:04:15.781335,elastic-workbench-qr-detector,elastic-workbench-qr-detector-1,49,"{'data_quality': 737, 'parallelism': 1}",1.0,-1,20,-1
2025-07-03 19:04:15.785146,elastic-workbench-cv-analyzer,elastic-workbench-cv-analyzer-1,508,"{'data_quality': 268, 'model_size': 3, 'parallelism': 1}",5.63,-1,1,-1
2025-07-03 19:04:15.793541,elastic-workbench-pc-visualizer,elastic-workbench-pc-visualizer-1,20,"{'data_quality': 40, 'model_size': 1, 'parallelism': 1}",1.37,-1,46,-1
2025-07-03 19:04:25.778026,elastic-workbench-qr-detector,elastic-workbench-qr-detector-1,46,"{'data_quality': 737, 'parallelism': 1}",1.0,-1,21,-1
2025-07-03 19:04:25.781003,elastic-workbench-cv-analyzer,elastic-workbench-cv-analyzer-1,710,"{'data_quality': 268, 'model_size': 3, 'parallelism': 1}",5.63,-1,1,-1
2025-07-03 19:04:25.783837,elastic-workbench-pc-visualizer,elastic-workbench-pc-visualizer-1,21,"{'data_quality': 40, 'model_size': 1, 'parallelism': 1}",1.37,-1,47,-1
2025-07-03 19:04:35.778724,elastic-workbench-qr-detector,elastic-workbench-qr-detector-1,48,"{'data_quality': 737, 'parallelism': 1}",1.0,-1,19,-1
2025-07-03 19:04:35.782504,elastic-workbench-cv-analyzer,elastic-workbench-cv-analyzer-1,481,"{'data_quality': 268, 'model_size': 3, 'parallelism': 1}",5.63,-1,1,-1
2025-07-03 19:04:35.785236,elastic-workbench-pc-visualizer,elastic-workbench-pc-visualizer-1,20,"{'data_quality': 40, 'model_size': 1, 'parallelism': 1}",1.37,-1,46,-1
2025-07-03 19:04:45.779086,elastic-workbench-qr-detector,elastic-workbench-qr-detector-1,49,"{'data_quality': 737, 'parallelism': 1}",1.0,-1,19,-1
2025-07-03 19:04:45.782094,elastic-workbench-cv-analyzer,elastic-workbench-cv-analyzer-1,665,"{'data_quality': 268, 'model_size': 3, 'parallelism': 1}",5.63,-1,1,-1
2025-07-03 19:04:45.784842,elastic-workbench-pc-visualizer,elastic-workbench-pc-visualizer-1,21,"{'data_quality': 40, 'model_size': 1, 'parallelism': 1}",1.37,-1,46,-1
2025-07-03 19:04:55.779424,elastic-workbench-qr-detector,elastic-workbench-qr-detector-1,48,"{'data_quality': 737, 'parallelism': 1}",1.0,-1,19,-1
2025-07-03 19:04:55.782511,elastic-workbench-cv-analyzer,elastic-workbench-cv-analyzer-1,598,"{'data_quality': 268, 'model_size': 3, 'parallelism': 1}",5.63,-1,1,-1
2025-07-03 19:04:55.785156,elastic-workbench-pc-visualizer,elastic-workbench-pc-visualizer-1,21,"{'data_quality': 40, 'model_size': 1, 'parallelism': 1}",1.37,-1,45,-1
2025-07-03 19:05:05.780545,elastic-workbench-qr-detector,elastic-workbench-qr-detector-1,48,"{'data_quality': 737, 'parallelism': 1}",1.0,-1,20,-1
2025-07-03 19:05:05.789975,elastic-workbench-cv-analyzer,elastic-workbench-cv-analyzer-1,635,"{'data_quality': 268, 'model_size': 3, 'parallelism': 1}",5.63,-1,1,-1
2025-07-03 19:05:05.792703,elastic-workbench-pc-visualizer,elastic-workbench-pc-visualizer-1,21,"{'data_quality': 40, 'model_size': 1, 'parallelism': 1}",1.37,-1,46,-1
2025-07-03 19:05:15.781768,elastic-workbench-qr-detector,elastic-workbench-qr-detector-1,51,"{'data_quality': 737, 'parallelism': 1}",1.0,-1,19,-1
2025-07-03 19:05:15.784853,elastic-workbench-cv-analyzer,elastic-workbench-cv-analyzer-1,522,"{'data_quality': 268, 'model_size': 3, 'parallelism': 1}",6.0,-1,1,-1
2025-07-03 19:05:15.787490,elastic-workbench-pc-visualizer,elastic-workbench-pc-visualizer-1,19,"{'data_quality': 40, 'model_size': 1, 'parallelism': 1}",1.0,-1,48,-1
2025-07-03 19:05:25.782280,elastic-workbench-qr-detector,elastic-workbench-qr-detector-1,49,"{'data_quality': 737, 'parallelism': 1}",1.01,-1,19,-1
2025-07-03 19:05:25.785015,elastic-workbench-cv-analyzer,elastic-workbench-cv-analyzer-1,424,"{'data_quality': 268, 'model_size': 3, 'parallelism': 1}",5.99,-1,0,-1
2025-07-03 19:05:25.787497,elastic-workbench-pc-visualizer,elastic-workbench-pc-visualizer-1,21,"{'data_quality': 40, 'model_size': 1, 'parallelism': 1}",1.0,-1,46,-1
2025-07-03 19:05:35.782464,elastic-workbench-qr-detector,elastic-workbench-qr-detector-1,47,"{'data_quality': 737, 'parallelism': 1}",1.02,-1,20,-1
2025-07-03 19:05:35.785051,elastic-workbench-cv-analyzer,elastic-workbench-cv-analyzer-1,521,"{'data_quality': 268, 'model_size': 3, 'parallelism': 1}",5.98,-1,1,-1
2025-07-03 19:05:35.787449,elastic-workbench-pc-visualizer,elastic-workbench-pc-visualizer-1,21,"{'data_quality': 40, 'model_size': 1, 'parallelism': 1}",1.0,-1,45,-1
2025-07-03 19:05:45.789337,elastic-workbench-qr-detector,elastic-workbench-qr-detector-1,49,"{'data_quality': 737, 'parallelism': 1}",1.0,-1,20,-1
2025-07-03 19:05:45.793297,elastic-workbench-cv-analyzer,elastic-workbench-cv-analyzer-1,699,"{'data_quality': 268, 'model_size': 3, 'parallelism': 1}",5.7,-1,1,-1
2025-07-03 19:05:45.796105,elastic-workbench-pc-visualizer,elastic-workbench-pc-visualizer-1,21,"{'data_quality': 40, 'model_size': 1, 'parallelism': 1}",1.3,-1,45,-1
2025-07-03 19:05:55.784108,elastic-workbench-qr-detector,elastic-workbench-qr-detector-1,50,"{'data_quality': 737, 'parallelism': 1}",1.0,-1,19,-1
2025-07-03 19:05:55.787182,elastic-workbench-cv-analyzer,elastic-workbench-cv-analyzer-1,479,"{'data_quality': 268, 'model_size': 3, 'parallelism': 1}",6.0,-1,1,-1
2025-07-03 19:05:55.789740,elastic-workbench-pc-visualizer,elastic-workbench-pc-visualizer-1,21,"{'data_quality': 40, 'model_size': 1, 'parallelism': 1}",1.0,-1,45,-1
2025-07-03 19:06:05.784673,elastic-workbench-qr-detector,elastic-workbench-qr-detector-1,51,"{'data_quality': 737, 'parallelism': 1}",1.0,-1,19,-1
2025-07-03 19:06:05.787285,elastic-workbench-cv-analyzer,elastic-workbench-cv-analyzer-1,559,"{'data_quality': 268, 'model_size': 3, 'parallelism': 1}",6.0,-1,1,-1
2025-07-03 19:06:05.789994,elastic-workbench-pc-visualizer,elastic-workbench-pc-visualizer-1,21,"{'data_quality': 40, 'model_size': 1, 'parallelism': 1}",1.0,-1,45,-1
2025-07-03 19:06:15.785677,elastic-workbench-qr-detector,elastic-workbench-qr-detector-1,50,"{'data_quality': 737, 'parallelism': 1}",1.03,-1,19,-1
2025-07-03 19:06:15.788788,elastic-workbench-cv-analyzer,elastic-workbench-cv-analyzer-1,260,"{'data_quality': 268, 'model_size': 2, 'parallelism': 1}",5.97,-1,2,-1
2025-07-03 19:06:15.791579,elastic-workbench-pc-visualizer,elastic-workbench-pc-visualizer-1,21,"{'data_quality': 40, 'model_size': 1, 'parallelism': 1}",1.0,-1,46,-1
2025-07-03 19:06:25.785692,elastic-workbench-qr-detector,elastic-workbench-qr-detector-1,51,"{'data_quality': 737, 'parallelism': 1}",1.03,-1,18,-1
2025-07-03 19:06:25.789021,elastic-workbench-cv-analyzer,elastic-workbench-cv-analyzer-1,211,"{'data_quality': 268, 'model_size': 2, 'parallelism': 1}",5.97,-1,3,-1
2025-07-03 19:06:25.791987,elastic-workbench-pc-visualizer,elastic-workbench-pc-visualizer-1,21,"{'data_quality': 40, 'model_size': 1, 'parallelism': 1}",1.0,-1,46,-1
2025-07-03 19:06:35.786036,elastic-workbench-qr-detector,elastic-workbench-qr-detector-1,53,"{'data_quality': 737, 'parallelism': 1}",1.03,-1,18,-1
2025-07-03 19:06:35.788896,elastic-workbench-cv-analyzer,elastic-workbench-cv-analyzer-1,215,"{'data_quality': 268, 'model_size': 2, 'parallelism': 1}",5.97,-1,3,-1
2025-07-03 19:06:35.798007,elastic-workbench-pc-visualizer,elastic-workbench-pc-visualizer-1,21,"{'data_quality': 40, 'model_size': 1, 'parallelism': 1}",1.0,-1,46,-1
2025-07-03 19:06:45.788536,elastic-workbench-qr-detector,elastic-workbench-qr-detector-1,49,"{'data_quality': 737, 'parallelism': 1}",1.04,-1,20,-1
2025-07-03 19:06:45.791584,elastic-workbench-cv-analyzer,elastic-workbench-cv-analyzer-1,205,"{'data_quality': 268, 'model_size': 2, 'parallelism': 1}",5.96,-1,3,-1
2025-07-03 19:06:45.794068,elastic-workbench-pc-visualizer,elastic-workbench-pc-visualizer-1,21,"{'data_quality': 40, 'model_size': 1, 'parallelism': 1}",1.0,-1,47,-1
2025-07-03 19:06:55.787302,elastic-workbench-qr-detector,elastic-workbench-qr-detector-1,45,"{'data_quality': 737, 'parallelism': 1}",1.11,-1,21,-1
2025-07-03 19:06:55.790402,elastic-workbench-cv-analyzer,elastic-workbench-cv-analyzer-1,225,"{'data_quality': 268, 'model_size': 2, 'parallelism': 1}",5.89,-1,3,-1
2025-07-03 19:06:55.793049,elastic-workbench-pc-visualizer,elastic-workbench-pc-visualizer-1,21,"{'data_quality': 40, 'model_size': 1, 'parallelism': 1}",1.0,-1,46,-1
2025-07-03 19:07:05.790349,elastic-workbench-qr-detector,elastic-workbench-qr-detector-1,46,"{'data_quality': 737, 'parallelism': 1}",1.11,-1,21,-1
2025-07-03 19:07:05.793361,elastic-workbench-cv-analyzer,elastic-workbench-cv-analyzer-1,238,"{'data_quality': 268, 'model_size': 2, 'parallelism': 1}",5.89,-1,2,-1
2025-07-03 19:07:05.796019,elastic-workbench-pc-visualizer,elastic-workbench-pc-visualizer-1,19,"{'data_quality': 40, 'model_size': 1, 'parallelism': 1}",1.0,-1,49,-1
2025-07-03 19:07:15.793739,elastic-workbench-qr-detector,elastic-workbench-qr-detector-1,46,"{'data_quality': 737, 'parallelism': 1}",1.14,-1,21,-1
2025-07-03 19:07:15.798558,elastic-workbench-cv-analyzer,elastic-workbench-cv-analyzer-1,249,"{'data_quality': 268, 'model_size': 2, 'parallelism': 1}",5.86,-1,3,-1
2025-07-03 19:07:15.801800,elastic-workbench-pc-visualizer,elastic-workbench-pc-visualizer-1,21,"{'data_quality': 40, 'model_size': 1, 'parallelism': 1}",1.0,-1,47,-1
2025-07-03 19:07:25.789157,elastic-workbench-qr-detector,elastic-workbench-qr-detector-1,44,"{'data_quality': 737, 'parallelism': 1}",1.11,-1,21,-1
2025-07-03 19:07:25.792305,elastic-workbench-cv-analyzer,elastic-workbench-cv-analyzer-1,207,"{'data_quality': 268, 'model_size': 2, 'parallelism': 1}",5.89,-1,3,-1
2025-07-03 19:07:25.794928,elastic-workbench-pc-visualizer,elastic-workbench-pc-visualizer-1,20,"{'data_quality': 40, 'model_size': 1, 'parallelism': 1}",1.0,-1,47,-1
2025-07-03 19:07:35.790132,elastic-workbench-qr-detector,elastic-workbench-qr-detector-1,41,"{'data_quality': 737, 'parallelism': 1}",1.18,-1,23,-1
2025-07-03 19:07:35.792913,elastic-workbench-cv-analyzer,elastic-workbench-cv-analyzer-1,257,"{'data_quality': 268, 'model_size': 2, 'parallelism': 1}",5.82,-1,3,-1
2025-07-03 19:07:35.795399,elastic-workbench-pc-visualizer,elastic-workbench-pc-visualizer-1,21,"{'data_quality': 40, 'model_size': 1, 'parallelism': 1}",1.0,-1,46,-1
2025-07-03 19:07:45.791871,elastic-workbench-qr-detector,elastic-workbench-qr-detector-1,44,"{'data_quality': 737, 'parallelism': 1}",1.19,-1,22,-1
2025-07-03 19:07:45.794838,elastic-workbench-cv-analyzer,elastic-workbench-cv-analyzer-1,233,"{'data_quality': 268, 'model_size': 2, 'parallelism': 1}",5.81,-1,2,-1
2025-07-03 19:07:45.797505,elastic-workbench-pc-visualizer,elastic-workbench-pc-visualizer-1,21,"{'data_quality': 40, 'model_size': 1, 'parallelism': 1}",1.0,-1,45,-1
2025-07-03 19:07:55.791697,elastic-workbench-qr-detector,elastic-workbench-qr-detector-1,43,"{'data_quality': 737, 'parallelism': 1}",1.19,-1,22,-1
2025-07-03 19:07:55.794292,elastic-workbench-cv-analyzer,elastic-workbench-cv-analyzer-1,268,"{'data_quality': 268, 'model_size': 2, 'parallelism': 1}",5.81,-1,3,-1
2025-07-03 19:07:55.797226,elastic-workbench-pc-visualizer,elastic-workbench-pc-visualizer-1,21,"{'data_quality': 40, 'model_size': 1, 'parallelism': 1}",1.0,-1,45,-1
2025-07-03 19:08:05.791830,elastic-workbench-qr-detector,elastic-workbench-qr-detector-1,43,"{'data_quality': 737, 'parallelism': 1}",1.23,-1,23,-1
2025-07-03 19:08:05.795042,elastic-workbench-cv-analyzer,elastic-workbench-cv-analyzer-1,279,"{'data_quality': 268, 'model_size': 2, 'parallelism': 1}",5.77,-1,2,-1
2025-07-03 19:08:05.797598,elastic-workbench-pc-visualizer,elastic-workbench-pc-visualizer-1,20,"{'data_quality': 40, 'model_size': 1, 'parallelism': 1}",1.0,-1,46,-1
2025-07-03 19:08:15.792592,elastic-workbench-qr-detector,elastic-workbench-qr-detector-1,40,"{'data_quality': 737, 'parallelism': 1}",1.27,-1,24,-1
2025-07-03 19:08:15.804856,elastic-workbench-cv-analyzer,elastic-workbench-cv-analyzer-1,250,"{'data_quality': 268, 'model_size': 2, 'parallelism': 1}",5.73,-1,2,-1
2025-07-03 19:08:15.808727,elastic-workbench-pc-visualizer,elastic-workbench-pc-visualizer-1,21,"{'data_quality': 40, 'model_size': 1, 'parallelism': 1}",1.0,-1,46,-1
2025-07-03 19:08:25.793515,elastic-workbench-qr-detector,elastic-workbench-qr-detector-1,41,"{'data_quality': 737, 'parallelism': 1}",1.23,-1,23,-1
2025-07-03 19:08:25.796397,elastic-workbench-cv-analyzer,elastic-workbench-cv-analyzer-1,240,"{'data_quality': 268, 'model_size': 2, 'parallelism': 1}",5.77,-1,3,-1
2025-07-03 19:08:25.798997,elastic-workbench-pc-visualizer,elastic-workbench-pc-visualizer-1,21,"{'data_quality': 40, 'model_size': 1, 'parallelism': 1}",1.0,-1,46,-1
2025-07-03 19:08:35.795491,elastic-workbench-qr-detector,elastic-workbench-qr-detector-1,42,"{'data_quality': 737, 'parallelism': 1}",1.23,-1,23,-1
2025-07-03 19:08:35.800367,elastic-workbench-cv-analyzer,elastic-workbench-cv-analyzer-1,261,"{'data_quality': 268, 'model_size': 2, 'parallelism': 1}",5.77,-1,2,-1
2025-07-03 19:08:35.803018,elastic-workbench-pc-visualizer,elastic-workbench-pc-visualizer-1,20,"{'data_quality': 40, 'model_size': 1, 'parallelism': 1}",1.0,-1,48,-1
2025-07-03 19:08:45.795931,elastic-workbench-qr-detector,elastic-workbench-qr-detector-1,40,"{'data_quality': 737, 'parallelism': 1}",1.24,-1,24,-1
2025-07-03 19:08:45.799129,elastic-workbench-cv-analyzer,elastic-workbench-cv-analyzer-1,248,"{'data_quality': 268, 'model_size': 2, 'parallelism': 1}",5.76,-1,2,-1
2025-07-03 19:08:45.801944,elastic-workbench-pc-visualizer,elastic-workbench-pc-visualizer-1,20,"{'data_quality': 40, 'model_size': 1, 'parallelism': 1}",1.0,-1,46,-1
2025-07-03 19:08:55.800625,elastic-workbench-qr-detector,elastic-workbench-qr-detector-1,40,"{'data_quality': 737, 'parallelism': 1}",1.24,-1,24,-1
2025-07-03 19:08:55.806261,elastic-workbench-cv-analyzer,elastic-workbench-cv-analyzer-1,262,"{'data_quality': 268, 'model_size': 2, 'parallelism': 1}",5.76,-1,3,-1
2025-07-03 19:08:55.808865,elastic-workbench-pc-visualizer,elastic-workbench-pc-visualizer-1,20,"{'data_quality': 40, 'model_size': 1, 'parallelism': 1}",1.0,-1,47,-1
2025-07-03 19:09:05.796354,elastic-workbench-qr-detector,elastic-workbench-qr-detector-1,41,"{'data_quality': 737, 'parallelism': 1}",1.21,-1,23,-1
2025-07-03 19:09:05.799100,elastic-workbench-cv-analyzer,elastic-workbench-cv-analyzer-1,251,"{'data_quality': 268, 'model_size': 2, 'parallelism': 1}",5.79,-1,2,-1
2025-07-03 19:09:05.801593,elastic-workbench-pc-visualizer,elastic-workbench-pc-visualizer-1,21,"{'data_quality': 40, 'model_size': 1, 'parallelism': 1}",1.0,-1,46,-1
2025-07-03 19:09:15.796554,elastic-workbench-qr-detector,elastic-workbench-qr-detector-1,42,"{'data_quality': 737, 'parallelism': 1}",1.21,-1,23,-1
2025-07-03 19:09:15.799374,elastic-workbench-cv-analyzer,elastic-workbench-cv-analyzer-1,219,"{'data_quality': 268, 'model_size': 2, 'parallelism': 1}",5.79,-1,2,-1
2025-07-03 19:09:15.808041,elastic-workbench-pc-visualizer,elastic-workbench-pc-visualizer-1,20,"{'data_quality': 40, 'model_size': 1, 'parallelism': 1}",1.0,-1,48,-1
2025-07-03 19:09:25.796871,elastic-workbench-qr-detector,elastic-workbench-qr-detector-1,41,"{'data_quality': 737, 'parallelism': 1}",1.21,-1,23,-1
2025-07-03 19:09:25.799988,elastic-workbench-cv-analyzer,elastic-workbench-cv-analyzer-1,229,"{'data_quality': 268, 'model_size': 2, 'parallelism': 1}",5.79,-1,3,-1
2025-07-03 19:09:25.802609,elastic-workbench-pc-visualizer,elastic-workbench-pc-visualizer-1,19,"{'data_quality': 40, 'model_size': 1, 'parallelism': 1}",1.0,-1,49,-1
2025-07-03 19:09:35.797897,elastic-workbench-qr-detector,elastic-workbench-qr-detector-1,39,"{'data_quality': 737, 'parallelism': 1}",1.28,-1,25,-1
2025-07-03 19:09:35.800750,elastic-workbench-cv-analyzer,elastic-workbench-cv-analyzer-1,239,"{'data_quality': 268, 'model_size': 2, 'parallelism': 1}",5.72,-1,2,-1
2025-07-03 19:09:35.803303,elastic-workbench-pc-visualizer,elastic-workbench-pc-visualizer-1,20,"{'data_quality': 40, 'model_size': 1, 'parallelism': 1}",1.0,-1,47,-1
2025-07-03 19:09:45.799579,elastic-workbench-qr-detector,elastic-workbench-qr-detector-1,38,"{'data_quality': 737, 'parallelism': 1}",1.32,-1,25,-1
2025-07-03 19:09:45.802786,elastic-workbench-cv-analyzer,elastic-workbench-cv-analyzer-1,231,"{'data_quality': 268, 'model_size': 2, 'parallelism': 1}",5.68,-1,3,-1
2025-07-03 19:09:45.817320,elastic-workbench-pc-visualizer,elastic-workbench-pc-visualizer-1,20,"{'data_quality': 40, 'model_size': 1, 'parallelism': 1}",1.0,-1,47,-1
2025-07-03 19:09:55.799408,elastic-workbench-qr-detector,elastic-workbench-qr-detector-1,37,"{'data_quality': 737, 'parallelism': 1}",1.36,-1,26,-1
2025-07-03 19:09:55.802295,elastic-workbench-cv-analyzer,elastic-workbench-cv-analyzer-1,263,"{'data_quality': 268, 'model_size': 2, 'parallelism': 1}",5.64,-1,3,-1
2025-07-03 19:09:55.804817,elastic-workbench-pc-visualizer,elastic-workbench-pc-visualizer-1,20,"{'data_quality': 40, 'model_size': 1, 'parallelism': 1}",1.0,-1,47,-1
2025-07-03 19:10:05.803368,elastic-workbench-qr-detector,elastic-workbench-qr-detector-1,36,"{'data_quality': 737, 'parallelism': 1}",1.44,-1,27,-1
2025-07-03 19:10:05.806459,elastic-workbench-cv-analyzer,elastic-workbench-cv-analyzer-1,240,"{'data_quality': 268, 'model_size': 2, 'parallelism': 1}",5.56,-1,3,-1
2025-07-03 19:10:05.809048,elastic-workbench-pc-visualizer,elastic-workbench-pc-visualizer-1,21,"{'data_quality': 40, 'model_size': 1, 'parallelism': 1}",1.0,-1,46,-1
2025-07-03 19:10:15.802953,elastic-workbench-qr-detector,elastic-workbench-qr-detector-1,35,"{'data_quality': 737, 'parallelism': 1}",1.44,-1,28,-1
2025-07-03 19:10:15.809224,elastic-workbench-cv-analyzer,elastic-workbench-cv-analyzer-1,320,"{'data_quality': 268, 'model_size': 2, 'parallelism': 1}",5.56,-1,3,-1
2025-07-03 19:10:15.817870,elastic-workbench-pc-visualizer,elastic-workbench-pc-visualizer-1,20,"{'data_quality': 40, 'model_size': 1, 'parallelism': 1}",1.0,-1,48,-1
2025-07-03 19:10:25.801883,elastic-workbench-qr-detector,elastic-workbench-qr-detector-1,36,"{'data_quality': 737, 'parallelism': 1}",1.4,-1,27,-1
2025-07-03 19:10:25.804796,elastic-workbench-cv-analyzer,elastic-workbench-cv-analyzer-1,261,"{'data_quality': 268, 'model_size': 2, 'parallelism': 1}",5.6,-1,3,-1
2025-07-03 19:10:25.807365,elastic-workbench-pc-visualizer,elastic-workbench-pc-visualizer-1,21,"{'data_quality': 40, 'model_size': 1, 'parallelism': 1}",1.0,-1,45,-1
2025-07-03 19:10:35.802019,elastic-workbench-qr-detector,elastic-workbench-qr-detector-1,34,"{'data_quality': 737, 'parallelism': 1}",1.44,-1,28,-1
2025-07-03 19:10:35.805603,elastic-workbench-cv-analyzer,elastic-workbench-cv-analyzer-1,324,"{'data_quality': 268, 'model_size': 2, 'parallelism': 1}",5.56,-1,2,-1
2025-07-03 19:10:35.808302,elastic-workbench-pc-visualizer,elastic-workbench-pc-visualizer-1,21,"{'data_quality': 40, 'model_size': 1, 'parallelism': 1}",1.0,-1,46,-1
2025-07-03 19:10:45.802033,elastic-workbench-qr-detector,elastic-workbench-qr-detector-1,34,"{'data_quality': 737, 'parallelism': 1}",1.49,-1,29,-1
2025-07-03 19:10:45.805129,elastic-workbench-cv-analyzer,elastic-workbench-cv-analyzer-1,275,"{'data_quality': 268, 'model_size': 2, 'parallelism': 1}",5.51,-1,3,-1
2025-07-03 19:10:45.808865,elastic-workbench-pc-visualizer,elastic-workbench-pc-visualizer-1,20,"{'data_quality': 40, 'model_size': 1, 'parallelism': 1}",1.0,-1,47,-1
2025-07-03 19:10:55.802542,elastic-workbench-qr-detector,elastic-workbench-qr-detector-1,33,"{'data_quality': 737, 'parallelism': 1}",1.49,-1,29,-1
2025-07-03 19:10:55.805485,elastic-workbench-cv-analyzer,elastic-workbench-cv-analyzer-1,301,"{'data_quality': 268, 'model_size': 2, 'parallelism': 1}",5.51,-1,3,-1
2025-07-03 19:10:55.808468,elastic-workbench-pc-visualizer,elastic-workbench-pc-visualizer-1,21,"{'data_quality': 40, 'model_size': 1, 'parallelism': 1}",1.0,-1,46,-1
2025-07-03 19:11:05.803286,elastic-workbench-qr-detector,elastic-workbench-qr-detector-1,33,"{'data_quality': 737, 'parallelism': 1}",1.49,-1,29,-1
2025-07-03 19:11:05.806207,elastic-workbench-cv-analyzer,elastic-workbench-cv-analyzer-1,268,"{'data_quality': 268, 'model_size': 2, 'parallelism': 1}",5.51,-1,3,-1
2025-07-03 19:11:05.808842,elastic-workbench-pc-visualizer,elastic-workbench-pc-visualizer-1,21,"{'data_quality': 40, 'model_size': 1, 'parallelism': 1}",1.0,-1,46,-1
2025-07-03 19:11:15.804630,elastic-workbench-qr-detector,elastic-workbench-qr-detector-1,35,"{'data_quality': 737, 'parallelism': 1}",1.41,-1,27,-1
2025-07-03 19:11:15.807595,elastic-workbench-cv-analyzer,elastic-workbench-cv-analyzer-1,310,"{'data_quality': 268, 'model_size': 2, 'parallelism': 1}",5.59,-1,3,-1
2025-07-03 19:11:15.810171,elastic-workbench-pc-visualizer,elastic-workbench-pc-visualizer-1,21,"{'data_quality': 40, 'model_size': 1, 'parallelism': 1}",1.0,-1,46,-1
2025-07-03 19:11:25.804401,elastic-workbench-qr-detector,elastic-workbench-qr-detector-1,33,"{'data_quality': 737, 'parallelism': 1}",1.46,-1,28,-1
2025-07-03 19:11:25.807322,elastic-workbench-cv-analyzer,elastic-workbench-cv-analyzer-1,390,"{'data_quality': 268, 'model_size': 2, 'parallelism': 1}",5.54,-1,2,-1
2025-07-03 19:11:25.810333,elastic-workbench-pc-visualizer,elastic-workbench-pc-visualizer-1,20,"{'data_quality': 40, 'model_size': 1, 'parallelism': 1}",1.0,-1,48,-1
2025-07-03 19:11:35.805504,elastic-workbench-qr-detector,elastic-workbench-qr-detector-1,65,"{'data_quality': 737, 'parallelism': 1}",1.58,-1,29,-1
2025-07-03 19:11:35.808415,elastic-workbench-cv-analyzer,elastic-workbench-cv-analyzer-1,317,"{'data_quality': 268, 'model_size': 2, 'parallelism': 1}",5.42,-1,2,-1
2025-07-03 19:11:35.810994,elastic-workbench-pc-visualizer,elastic-workbench-pc-visualizer-1,21,"{'data_quality': 40, 'model_size': 1, 'parallelism': 1}",1.0,-1,46,-1
2025-07-03 19:11:45.806869,elastic-workbench-qr-detector,elastic-workbench-qr-detector-1,63,"{'data_quality': 737, 'parallelism': 1}",1.62,-1,31,-1
2025-07-03 19:11:45.816265,elastic-workbench-cv-analyzer,elastic-workbench-cv-analyzer-1,261,"{'data_quality': 268, 'model_size': 2, 'parallelism': 1}",5.38,-1,3,-1
2025-07-03 19:11:45.821158,elastic-workbench-pc-visualizer,elastic-workbench-pc-visualizer-1,21,"{'data_quality': 40, 'model_size': 1, 'parallelism': 1}",1.0,-1,45,-1
2025-07-03 19:11:55.809878,elastic-workbench-qr-detector,elastic-workbench-qr-detector-1,65,"{'data_quality': 737, 'parallelism': 1}",1.63,-1,30,-1
2025-07-03 19:11:55.812775,elastic-workbench-cv-analyzer,elastic-workbench-cv-analyzer-1,303,"{'data_quality': 268, 'model_size': 2, 'parallelism': 1}",5.37,-1,2,-1
2025-07-03 19:11:55.817074,elastic-workbench-pc-visualizer,elastic-workbench-pc-visualizer-1,21,"{'data_quality': 40, 'model_size': 1, 'parallelism': 1}",1.0,-1,46,-1
2025-07-03 19:12:05.810386,elastic-workbench-qr-detector,elastic-workbench-qr-detector-1,65,"{'data_quality': 737, 'parallelism': 1}",1.59,-1,28,-1
2025-07-03 19:12:05.818272,elastic-workbench-cv-analyzer,elastic-workbench-cv-analyzer-1,274,"{'data_quality': 268, 'model_size': 2, 'parallelism': 1}",5.41,-1,3,-1
2025-07-03 19:12:05.831587,elastic-workbench-pc-visualizer,elastic-workbench-pc-visualizer-1,22,"{'data_quality': 40, 'model_size': 1, 'parallelism': 1}",1.0,-1,44,-1
2025-07-03 19:12:15.811178,elastic-workbench-qr-detector,elastic-workbench-qr-detector-1,63,"{'data_quality': 737, 'parallelism': 1}",1.63,-1,30,-1
2025-07-03 19:12:15.821271,elastic-workbench-cv-analyzer,elastic-workbench-cv-analyzer-1,327,"{'data_quality': 268, 'model_size': 2, 'parallelism': 1}",5.37,-1,2,-1
2025-07-03 19:12:15.823631,elastic-workbench-pc-visualizer,elastic-workbench-pc-visualizer-1,21,"{'data_quality': 40, 'model_size': 1, 'parallelism': 1}",1.0,-1,45,-1
2025-07-03 19:12:25.811845,elastic-workbench-qr-detector,elastic-workbench-qr-detector-1,66,"{'data_quality': 737, 'parallelism': 1}",1.55,-1,29,-1
2025-07-03 19:12:25.824379,elastic-workbench-cv-analyzer,elastic-workbench-cv-analyzer-1,303,"{'data_quality': 268, 'model_size': 2, 'parallelism': 1}",5.45,-1,3,-1
2025-07-03 19:12:25.827686,elastic-workbench-pc-visualizer,elastic-workbench-pc-visualizer-1,21,"{'data_quality': 40, 'model_size': 1, 'parallelism': 1}",1.0,-1,45,-1
2025-07-03 19:12:35.811947,elastic-workbench-qr-detector,elastic-workbench-qr-detector-1,34,"{'data_quality': 737, 'parallelism': 1}",1.47,-1,28,-1
2025-07-03 19:12:35.821070,elastic-workbench-cv-analyzer,elastic-workbench-cv-analyzer-1,273,"{'data_quality': 268, 'model_size': 2, 'parallelism': 1}",5.53,-1,3,-1
2025-07-03 19:12:35.826567,elastic-workbench-pc-visualizer,elastic-workbench-pc-visualizer-1,21,"{'data_quality': 40, 'model_size': 1, 'parallelism': 1}",1.0,-1,46,-1
2025-07-03 19:12:45.812669,elastic-workbench-qr-detector,elastic-workbench-qr-detector-1,35,"{'data_quality': 737, 'parallelism': 1}",1.43,-1,27,-1
2025-07-03 19:12:45.824280,elastic-workbench-cv-analyzer,elastic-workbench-cv-analyzer-1,261,"{'data_quality': 268, 'model_size': 2, 'parallelism': 1}",5.57,-1,2,-1
2025-07-03 19:12:45.830341,elastic-workbench-pc-visualizer,elastic-workbench-pc-visualizer-1,21,"{'data_quality': 40, 'model_size': 1, 'parallelism': 1}",1.0,-1,46,-1
2025-07-03 19:12:55.813519,elastic-workbench-qr-detector,elastic-workbench-qr-detector-1,36,"{'data_quality': 737, 'parallelism': 1}",1.4,-1,27,-1
2025-07-03 19:12:55.822476,elastic-workbench-cv-analyzer,elastic-workbench-cv-analyzer-1,248,"{'data_quality': 268, 'model_size': 2, 'parallelism': 1}",5.6,-1,3,-1
2025-07-03 19:12:55.825168,elastic-workbench-pc-visualizer,elastic-workbench-pc-visualizer-1,20,"{'data_quality': 40, 'model_size': 1, 'parallelism': 1}",1.0,-1,49,-1
2025-07-03 19:13:05.823296,elastic-workbench-qr-detector,elastic-workbench-qr-detector-1,35,"{'data_quality': 737, 'parallelism': 1}",1.44,-1,28,-1
2025-07-03 19:13:05.827974,elastic-workbench-cv-analyzer,elastic-workbench-cv-analyzer-1,245,"{'data_quality': 268, 'model_size': 2, 'parallelism': 1}",5.56,-1,2,-1
2025-07-03 19:13:05.831621,elastic-workbench-pc-visualizer,elastic-workbench-pc-visualizer-1,19,"{'data_quality': 40, 'model_size': 1, 'parallelism': 1}",1.0,-1,48,-1
2025-07-03 19:13:15.819554,elastic-workbench-qr-detector,elastic-workbench-qr-detector-1,35,"{'data_quality': 737, 'parallelism': 1}",1.4,-1,27,-1
2025-07-03 19:13:15.823433,elastic-workbench-cv-analyzer,elastic-workbench-cv-analyzer-1,228,"{'data_quality': 268, 'model_size': 2, 'parallelism': 1}",5.6,-1,3,-1
2025-07-03 19:13:15.826169,elastic-workbench-pc-visualizer,elastic-workbench-pc-visualizer-1,19,"{'data_quality': 40, 'model_size': 1, 'parallelism': 1}",1.0,-1,50,-1
2025-07-03 19:13:25.815488,elastic-workbench-qr-detector,elastic-workbench-qr-detector-1,37,"{'data_quality': 737, 'parallelism': 1}",1.37,-1,27,-1
2025-07-03 19:13:25.820861,elastic-workbench-cv-analyzer,elastic-workbench-cv-analyzer-1,321,"{'data_quality': 268, 'model_size': 2, 'parallelism': 1}",5.63,-1,2,-1
2025-07-03 19:13:25.828249,elastic-workbench-pc-visualizer,elastic-workbench-pc-visualizer-1,21,"{'data_quality': 40, 'model_size': 1, 'parallelism': 1}",1.0,-1,46,-1
2025-07-03 19:13:35.821407,elastic-workbench-qr-detector,elastic-workbench-qr-detector-1,37,"{'data_quality': 737, 'parallelism': 1}",1.37,-1,25,-1
2025-07-03 19:13:35.824347,elastic-workbench-cv-analyzer,elastic-workbench-cv-analyzer-1,221,"{'data_quality': 268, 'model_size': 2, 'parallelism': 1}",5.63,-1,3,-1
2025-07-03 19:13:35.827155,elastic-workbench-pc-visualizer,elastic-workbench-pc-visualizer-1,20,"{'data_quality': 40, 'model_size': 1, 'parallelism': 1}",1.0,-1,47,-1
2025-07-03 19:13:45.821926,elastic-workbench-qr-detector,elastic-workbench-qr-detector-1,36,"{'data_quality': 737, 'parallelism': 1}",1.37,-1,26,-1
2025-07-03 19:13:45.827718,elastic-workbench-cv-analyzer,elastic-workbench-cv-analyzer-1,271,"{'data_quality': 268, 'model_size': 2, 'parallelism': 1}",5.63,-1,3,-1
2025-07-03 19:13:45.832987,elastic-workbench-pc-visualizer,elastic-workbench-pc-visualizer-1,20,"{'data_quality': 40, 'model_size': 1, 'parallelism': 1}",1.0,-1,48,-1
2025-07-03 19:13:55.827301,elastic-workbench-qr-detector,elastic-workbench-qr-detector-1,38,"{'data_quality': 737, 'parallelism': 1}",1.33,-1,26,-1
2025-07-03 19:13:55.832881,elastic-workbench-cv-analyzer,elastic-workbench-cv-analyzer-1,240,"{'data_quality': 268, 'model_size': 2, 'parallelism': 1}",5.67,-1,3,-1
2025-07-03 19:13:55.835817,elastic-workbench-pc-visualizer,elastic-workbench-pc-visualizer-1,20,"{'data_quality': 40, 'model_size': 1, 'parallelism': 1}",1.0,-1,47,-1
2025-07-03 19:14:05.822248,elastic-workbench-qr-detector,elastic-workbench-qr-detector-1,39,"{'data_quality': 737, 'parallelism': 1}",1.33,-1,24,-1
2025-07-03 19:14:05.825873,elastic-workbench-cv-analyzer,elastic-workbench-cv-analyzer-1,221,"{'data_quality': 268, 'model_size': 2, 'parallelism': 1}",5.67,-1,2,-1
2025-07-03 19:14:05.830364,elastic-workbench-pc-visualizer,elastic-workbench-pc-visualizer-1,20,"{'data_quality': 40, 'model_size': 1, 'parallelism': 1}",1.0,-1,47,-1
2025-07-03 19:14:15.823823,elastic-workbench-qr-detector,elastic-workbench-qr-detector-1,39,"{'data_quality': 737, 'parallelism': 1}",1.3,-1,25,-1
2025-07-03 19:14:15.830776,elastic-workbench-cv-analyzer,elastic-workbench-cv-analyzer-1,262,"{'data_quality': 268, 'model_size': 2, 'parallelism': 1}",5.7,-1,3,-1
2025-07-03 19:14:15.834248,elastic-workbench-pc-visualizer,elastic-workbench-pc-visualizer-1,20,"{'data_quality': 40, 'model_size': 1, 'parallelism': 1}",1.0,-1,48,-1
2025-07-03 19:14:25.829298,elastic-workbench-qr-detector,elastic-workbench-qr-detector-1,40,"{'data_quality': 737, 'parallelism': 1}",1.26,-1,24,-1
2025-07-03 19:14:25.837195,elastic-workbench-cv-analyzer,elastic-workbench-cv-analyzer-1,212,"{'data_quality': 268, 'model_size': 2, 'parallelism': 1}",5.74,-1,3,-1
2025-07-03 19:14:25.839924,elastic-workbench-pc-visualizer,elastic-workbench-pc-visualizer-1,20,"{'data_quality': 40, 'model_size': 1, 'parallelism': 1}",1.0,-1,47,-1
2025-07-03 19:14:35.828718,elastic-workbench-qr-detector,elastic-workbench-qr-detector-1,39,"{'data_quality': 737, 'parallelism': 1}",1.3,-1,25,-1
2025-07-03 19:14:35.833276,elastic-workbench-cv-analyzer,elastic-workbench-cv-analyzer-1,342,"{'data_quality': 268, 'model_size': 2, 'parallelism': 1}",5.7,-1,2,-1
2025-07-03 19:14:35.836012,elastic-workbench-pc-visualizer,elastic-workbench-pc-visualizer-1,21,"{'data_quality': 40, 'model_size': 1, 'parallelism': 1}",1.0,-1,46,-1
2025-07-03 19:14:45.824322,elastic-workbench-qr-detector,elastic-workbench-qr-detector-1,37,"{'data_quality': 737, 'parallelism': 1}",1.34,-1,26,-1
2025-07-03 19:14:45.826957,elastic-workbench-cv-analyzer,elastic-workbench-cv-analyzer-1,344,"{'data_quality': 268, 'model_size': 2, 'parallelism': 1}",5.66,-1,2,-1
2025-07-03 19:14:45.829580,elastic-workbench-pc-visualizer,elastic-workbench-pc-visualizer-1,21,"{'data_quality': 40, 'model_size': 1, 'parallelism': 1}",1.0,-1,47,-1
2025-07-03 19:14:55.826946,elastic-workbench-qr-detector,elastic-workbench-qr-detector-1,37,"{'data_quality': 737, 'parallelism': 1}",1.34,-1,26,-1
2025-07-03 19:14:55.829944,elastic-workbench-cv-analyzer,elastic-workbench-cv-analyzer-1,269,"{'data_quality': 268, 'model_size': 2, 'parallelism': 1}",5.66,-1,3,-1
2025-07-03 19:14:55.836759,elastic-workbench-pc-visualizer,elastic-workbench-pc-visualizer-1,20,"{'data_quality': 40, 'model_size': 1, 'parallelism': 1}",1.0,-1,48,-1
2025-07-03 19:15:05.827472,elastic-workbench-qr-detector,elastic-workbench-qr-detector-1,39,"{'data_quality': 737, 'parallelism': 1}",1.31,-1,25,-1
2025-07-03 19:15:05.830420,elastic-workbench-cv-analyzer,elastic-workbench-cv-analyzer-1,296,"{'data_quality': 268, 'model_size': 2, 'parallelism': 1}",5.69,-1,2,-1
2025-07-03 19:15:05.832908,elastic-workbench-pc-visualizer,elastic-workbench-pc-visualizer-1,20,"{'data_quality': 40, 'model_size': 1, 'parallelism': 1}",1.0,-1,47,-1
2025-07-03 19:15:15.826768,elastic-workbench-qr-detector,elastic-workbench-qr-detector-1,36,"{'data_quality': 737, 'parallelism': 1}",1.34,-1,26,-1
2025-07-03 19:15:15.832478,elastic-workbench-cv-analyzer,elastic-workbench-cv-analyzer-1,317,"{'data_quality': 268, 'model_size': 2, 'parallelism': 1}",5.66,-1,2,-1
2025-07-03 19:15:15.835286,elastic-workbench-pc-visualizer,elastic-workbench-pc-visualizer-1,20,"{'data_quality': 40, 'model_size': 1, 'parallelism': 1}",1.0,-1,48,-1
2025-07-03 19:15:25.833297,elastic-workbench-qr-detector,elastic-workbench-qr-detector-1,36,"{'data_quality': 737, 'parallelism': 1}",1.35,-1,26,-1
2025-07-03 19:15:25.841313,elastic-workbench-cv-analyzer,elastic-workbench-cv-analyzer-1,279,"{'data_quality': 268, 'model_size': 2, 'parallelism': 1}",5.65,-1,2,-1
2025-07-03 19:15:25.844367,elastic-workbench-pc-visualizer,elastic-workbench-pc-visualizer-1,21,"{'data_quality': 40, 'model_size': 1, 'parallelism': 1}",1.0,-1,46,-1
2025-07-03 19:15:35.826418,elastic-workbench-qr-detector,elastic-workbench-qr-detector-1,38,"{'data_quality': 737, 'parallelism': 1}",1.31,-1,25,-1
2025-07-03 19:15:35.829800,elastic-workbench-cv-analyzer,elastic-workbench-cv-analyzer-1,208,"{'data_quality': 268, 'model_size': 2, 'parallelism': 1}",5.69,-1,2,-1
2025-07-03 19:15:35.832644,elastic-workbench-pc-visualizer,elastic-workbench-pc-visualizer-1,21,"{'data_quality': 40, 'model_size': 1, 'parallelism': 1}",1.0,-1,46,-1
2025-07-03 19:15:45.827999,elastic-workbench-qr-detector,elastic-workbench-qr-detector-1,39,"{'data_quality': 737, 'parallelism': 1}",1.27,-1,24,-1
2025-07-03 19:15:45.830725,elastic-workbench-cv-analyzer,elastic-workbench-cv-analyzer-1,221,"{'data_quality': 268, 'model_size': 2, 'parallelism': 1}",5.73,-1,3,-1
2025-07-03 19:15:45.833482,elastic-workbench-pc-visualizer,elastic-workbench-pc-visualizer-1,20,"{'data_quality': 40, 'model_size': 1, 'parallelism': 1}",1.0,-1,47,-1
2025-07-03 19:15:55.827274,elastic-workbench-qr-detector,elastic-workbench-qr-detector-1,40,"{'data_quality': 737, 'parallelism': 1}",1.27,-1,24,-1
2025-07-03 19:15:55.830123,elastic-workbench-cv-analyzer,elastic-workbench-cv-analyzer-1,242,"{'data_quality': 268, 'model_size': 2, 'parallelism': 1}",5.73,-1,3,-1
2025-07-03 19:15:55.832807,elastic-workbench-pc-visualizer,elastic-workbench-pc-visualizer-1,20,"{'data_quality': 40, 'model_size': 1, 'parallelism': 1}",1.0,-1,47,-1
2025-07-03 19:16:05.827976,elastic-workbench-qr-detector,elastic-workbench-qr-detector-1,39,"{'data_quality': 737, 'parallelism': 1}",1.28,-1,24,-1
2025-07-03 19:16:05.836668,elastic-workbench-cv-analyzer,elastic-workbench-cv-analyzer-1,247,"{'data_quality': 268, 'model_size': 2, 'parallelism': 1}",5.72,-1,3,-1
2025-07-03 19:16:05.841041,elastic-workbench-pc-visualizer,elastic-workbench-pc-visualizer-1,19,"{'data_quality': 40, 'model_size': 1, 'parallelism': 1}",1.0,-1,50,-1
2025-07-03 19:16:15.828261,elastic-workbench-qr-detector,elastic-workbench-qr-detector-1,38,"{'data_quality': 737, 'parallelism': 1}",1.31,-1,24,-1
2025-07-03 19:16:15.831278,elastic-workbench-cv-analyzer,elastic-workbench-cv-analyzer-1,206,"{'data_quality': 268, 'model_size': 2, 'parallelism': 1}",5.69,-1,3,-1
2025-07-03 19:16:15.834143,elastic-workbench-pc-visualizer,elastic-workbench-pc-visualizer-1,21,"{'data_quality': 40, 'model_size': 1, 'parallelism': 1}",1.0,-1,46,-1
2025-07-03 19:16:25.830437,elastic-workbench-qr-detector,elastic-workbench-qr-detector-1,34,"{'data_quality': 737, 'parallelism': 1}",1.43,-1,28,-1
2025-07-03 19:16:25.833823,elastic-workbench-cv-analyzer,elastic-workbench-cv-analyzer-1,289,"{'data_quality': 268, 'model_size': 2, 'parallelism': 1}",5.57,-1,3,-1
2025-07-03 19:16:25.837458,elastic-workbench-pc-visualizer,elastic-workbench-pc-visualizer-1,21,"{'data_quality': 40, 'model_size': 1, 'parallelism': 1}",1.0,-1,45,-1
2025-07-03 19:16:35.834294,elastic-workbench-qr-detector,elastic-workbench-qr-detector-1,68,"{'data_quality': 737, 'parallelism': 1}",1.51,-1,28,-1
2025-07-03 19:16:35.838577,elastic-workbench-cv-analyzer,elastic-workbench-cv-analyzer-1,242,"{'data_quality': 268, 'model_size': 2, 'parallelism': 1}",5.49,-1,3,-1
2025-07-03 19:16:35.843991,elastic-workbench-pc-visualizer,elastic-workbench-pc-visualizer-1,21,"{'data_quality': 40, 'model_size': 1, 'parallelism': 1}",1.0,-1,45,-1
2025-07-03 19:16:45.832733,elastic-workbench-qr-detector,elastic-workbench-qr-detector-1,66,"{'data_quality': 737, 'parallelism': 1}",1.51,-1,29,-1
2025-07-03 19:16:45.837430,elastic-workbench-cv-analyzer,elastic-workbench-cv-analyzer-1,229,"{'data_quality': 268, 'model_size': 2, 'parallelism': 1}",5.49,-1,3,-1
2025-07-03 19:16:45.839870,elastic-workbench-pc-visualizer,elastic-workbench-pc-visualizer-1,21,"{'data_quality': 40, 'model_size': 1, 'parallelism': 1}",1.0,-1,46,-1
2025-07-03 19:16:55.833478,elastic-workbench-qr-detector,elastic-workbench-qr-detector-1,35,"{'data_quality': 737, 'parallelism': 1}",1.47,-1,28,-1
2025-07-03 19:16:55.838545,elastic-workbench-cv-analyzer,elastic-workbench-cv-analyzer-1,218,"{'data_quality': 268, 'model_size': 2, 'parallelism': 1}",5.53,-1,3,-1
2025-07-03 19:16:55.841998,elastic-workbench-pc-visualizer,elastic-workbench-pc-visualizer-1,20,"{'data_quality': 40, 'model_size': 1, 'parallelism': 1}",1.0,-1,48,-1
2025-07-03 19:17:05.831820,elastic-workbench-qr-detector,elastic-workbench-qr-detector-1,37,"{'data_quality': 737, 'parallelism': 1}",1.4,-1,26,-1
2025-07-03 19:17:05.837657,elastic-workbench-cv-analyzer,elastic-workbench-cv-analyzer-1,261,"{'data_quality': 268, 'model_size': 2, 'parallelism': 1}",5.6,-1,3,-1
2025-07-03 19:17:05.840484,elastic-workbench-pc-visualizer,elastic-workbench-pc-visualizer-1,21,"{'data_quality': 40, 'model_size': 1, 'parallelism': 1}",1.0,-1,45,-1
2025-07-03 19:17:15.834333,elastic-workbench-qr-detector,elastic-workbench-qr-detector-1,68,"{'data_quality': 737, 'parallelism': 1}",1.51,-1,28,-1
2025-07-03 19:17:15.840019,elastic-workbench-cv-analyzer,elastic-workbench-cv-analyzer-1,314,"{'data_quality': 268, 'model_size': 2, 'parallelism': 1}",5.49,-1,2,-1
2025-07-03 19:17:15.843752,elastic-workbench-pc-visualizer,elastic-workbench-pc-visualizer-1,21,"{'data_quality': 40, 'model_size': 1, 'parallelism': 1}",1.0,-1,45,-1
2025-07-03 19:17:25.833133,elastic-workbench-qr-detector,elastic-workbench-qr-detector-1,66,"{'data_quality': 737, 'parallelism': 1}",1.6,-1,30,-1
2025-07-03 19:17:25.835898,elastic-workbench-cv-analyzer,elastic-workbench-cv-analyzer-1,341,"{'data_quality': 268, 'model_size': 2, 'parallelism': 1}",5.4,-1,2,-1
2025-07-03 19:17:25.838445,elastic-workbench-pc-visualizer,elastic-workbench-pc-visualizer-1,20,"{'data_quality': 40, 'model_size': 1, 'parallelism': 1}",1.0,-1,46,-1
2025-07-03 19:17:35.839048,elastic-workbench-qr-detector,elastic-workbench-qr-detector-1,65,"{'data_quality': 737, 'parallelism': 1}",1.6,-1,29,-1
2025-07-03 19:17:35.844131,elastic-workbench-cv-analyzer,elastic-workbench-cv-analyzer-1,268,"{'data_quality': 268, 'model_size': 2, 'parallelism': 1}",5.4,-1,3,-1
2025-07-03 19:17:35.850337,elastic-workbench-pc-visualizer,elastic-workbench-pc-visualizer-1,21,"{'data_quality': 40, 'model_size': 1, 'parallelism': 1}",1.0,-1,46,-1
2025-07-03 19:17:45.834568,elastic-workbench-qr-detector,elastic-workbench-qr-detector-1,61,"{'data_quality': 737, 'parallelism': 1}",1.64,-1,31,-1
2025-07-03 19:17:45.838259,elastic-workbench-cv-analyzer,elastic-workbench-cv-analyzer-1,376,"{'data_quality': 268, 'model_size': 2, 'parallelism': 1}",5.36,-1,2,-1
2025-07-03 19:17:45.840695,elastic-workbench-pc-visualizer,elastic-workbench-pc-visualizer-1,21,"{'data_quality': 40, 'model_size': 1, 'parallelism': 1}",1.0,-1,46,-1
2025-07-03 19:17:55.841180,elastic-workbench-qr-detector,elastic-workbench-qr-detector-1,61,"{'data_quality': 737, 'parallelism': 1}",1.69,-1,32,-1
2025-07-03 19:17:55.843892,elastic-workbench-cv-analyzer,elastic-workbench-cv-analyzer-1,296,"{'data_quality': 268, 'model_size': 2, 'parallelism': 1}",5.31,-1,2,-1
2025-07-03 19:17:55.846862,elastic-workbench-pc-visualizer,elastic-workbench-pc-visualizer-1,21,"{'data_quality': 40, 'model_size': 1, 'parallelism': 1}",1.0,-1,46,-1
2025-07-03 19:18:05.836154,elastic-workbench-qr-detector,elastic-workbench-qr-detector-1,61,"{'data_quality': 737, 'parallelism': 1}",1.65,-1,31,-1
2025-07-03 19:18:05.841473,elastic-workbench-cv-analyzer,elastic-workbench-cv-analyzer-1,306,"{'data_quality': 268, 'model_size': 2, 'parallelism': 1}",5.35,-1,3,-1
2025-07-03 19:18:05.844026,elastic-workbench-pc-visualizer,elastic-workbench-pc-visualizer-1,21,"{'data_quality': 40, 'model_size': 1, 'parallelism': 1}",1.0,-1,45,-1
2025-07-03 19:18:15.838913,elastic-workbench-qr-detector,elastic-workbench-qr-detector-1,63,"{'data_quality': 737, 'parallelism': 1}",1.69,-1,31,-1
2025-07-03 19:18:15.841673,elastic-workbench-cv-analyzer,elastic-workbench-cv-analyzer-1,256,"{'data_quality': 268, 'model_size': 2, 'parallelism': 1}",5.31,-1,3,-1
2025-07-03 19:18:15.844254,elastic-workbench-pc-visualizer,elastic-workbench-pc-visualizer-1,21,"{'data_quality': 40, 'model_size': 1, 'parallelism': 1}",1.0,-1,46,-1
2025-07-03 19:18:25.838796,elastic-workbench-qr-detector,elastic-workbench-qr-detector-1,64,"{'data_quality': 737, 'parallelism': 1}",1.65,-1,30,-1
2025-07-03 19:18:25.846045,elastic-workbench-cv-analyzer,elastic-workbench-cv-analyzer-1,342,"{'data_quality': 268, 'model_size': 2, 'parallelism': 1}",5.35,-1,2,-1
2025-07-03 19:18:25.848767,elastic-workbench-pc-visualizer,elastic-workbench-pc-visualizer-1,20,"{'data_quality': 40, 'model_size': 1, 'parallelism': 1}",1.0,-1,47,-1
2025-07-03 19:18:35.840299,elastic-workbench-qr-detector,elastic-workbench-qr-detector-1,64,"{'data_quality': 737, 'parallelism': 1}",1.61,-1,30,-1
2025-07-03 19:18:35.846431,elastic-workbench-cv-analyzer,elastic-workbench-cv-analyzer-1,294,"{'data_quality': 268, 'model_size': 2, 'parallelism': 1}",5.39,-1,3,-1
2025-07-03 19:18:35.849169,elastic-workbench-pc-visualizer,elastic-workbench-pc-visualizer-1,21,"{'data_quality': 40, 'model_size': 1, 'parallelism': 1}",1.0,-1,45,-1
2025-07-03 19:18:45.839078,elastic-workbench-qr-detector,elastic-workbench-qr-detector-1,61,"{'data_quality': 737, 'parallelism': 1}",1.7,-1,31,-1
2025-07-03 19:18:45.842364,elastic-workbench-cv-analyzer,elastic-workbench-cv-analyzer-1,316,"{'data_quality': 268, 'model_size': 2, 'parallelism': 1}",5.3,-1,2,-1
2025-07-03 19:18:45.846059,elastic-workbench-pc-visualizer,elastic-workbench-pc-visualizer-1,21,"{'data_quality': 40, 'model_size': 1, 'parallelism': 1}",1.0,-1,45,-1
2025-07-03 19:18:55.842433,elastic-workbench-qr-detector,elastic-workbench-qr-detector-1,63,"{'data_quality': 737, 'parallelism': 1}",1.66,-1,30,-1
2025-07-03 19:18:55.844998,elastic-workbench-cv-analyzer,elastic-workbench-cv-analyzer-1,345,"{'data_quality': 268, 'model_size': 2, 'parallelism': 1}",5.34,-1,2,-1
2025-07-03 19:18:55.847435,elastic-workbench-pc-visualizer,elastic-workbench-pc-visualizer-1,21,"{'data_quality': 40, 'model_size': 1, 'parallelism': 1}",1.0,-1,46,-1
2025-07-03 19:19:05.844306,elastic-workbench-qr-detector,elastic-workbench-qr-detector-1,63,"{'data_quality': 737, 'parallelism': 1}",1.66,-1,30,-1
2025-07-03 19:19:05.847431,elastic-workbench-cv-analyzer,elastic-workbench-cv-analyzer-1,292,"{'data_quality': 268, 'model_size': 2, 'parallelism': 1}",5.34,-1,3,-1
2025-07-03 19:19:05.850425,elastic-workbench-pc-visualizer,elastic-workbench-pc-visualizer-1,22,"{'data_quality': 40, 'model_size': 1, 'parallelism': 1}",1.0,-1,45,-1
2025-07-03 19:19:15.842295,elastic-workbench-qr-detector,elastic-workbench-qr-detector-1,60,"{'data_quality': 737, 'parallelism': 1}",1.71,-1,31,-1
2025-07-03 19:19:15.845080,elastic-workbench-cv-analyzer,elastic-workbench-cv-analyzer-1,289,"{'data_quality': 268, 'model_size': 2, 'parallelism': 1}",5.29,-1,3,-1
2025-07-03 19:19:15.850457,elastic-workbench-pc-visualizer,elastic-workbench-pc-visualizer-1,21,"{'data_quality': 40, 'model_size': 1, 'parallelism': 1}",1.0,-1,44,-1
